provinsi,kab_kota,kecamatan,desa_kelurahan,tps,suara_A,suara_B,suara_C,suara_sah
JAWA TENGAH,KOTA SEMARANG,BANYUMANIK,BANYUMANIK,3374111005001,17,101,82,200
JAWA TENGAH,KOTA SEMARANG,BANYUMANIK,BANYUMANIK,3374111005002,24,89,52,165
JAWA TENGAH,KOTA SEMARANG,BANYUMANIK,BANYUMANIK,3374111005003,28,131,68,227
JAWA TENGAH,KOTA SEMARANG,BANYUMANIK,BANYUMANIK,3374111005004,23,96,110,229
JAWA TENGAH,KOTA SEMARANG,BANYUMANIK,BANYUMANIK,3374111005005,46,90,115,251
JAWA TENGAH,KOTA SEMARANG,BANYUMANIK,BANYUMANIK,3374111005006,24,91,129,244
JAWA TENGAH,KOTA SEMARANG,BANYUMANIK,BANYUMANIK,3374111005007,35,111,89,235
JAWA TENGAH,KOTA SEMARANG,BANYUMANIK,BANYUMANIK,3374111005008,57,116,68,241
JAWA TENGAH,KOTA SEMARANG,BANYUMANIK,BANYUMANIK,3374111005009,42,132,95,269
JAWA TENGAH,KOTA SEMARANG,BANYUMANIK,BANYUMANIK,3374111005010,45,120,80,245
JAWA TENGAH,KOTA SEMARANG,BANYUMANIK,BANYUMANIK,3374111005011,46,131,83,260
JAWA TENGAH,KOTA SEMARANG,BANYUMANIK,BANYUMANIK,3374111005012,50,106,81,237
JAWA TENGAH,KOTA SEMARANG,BANYUMANIK,BANYUMANIK,3374111005013,54,108,78,240
JAWA TENGAH,KOTA SEMARANG,BANYUMANIK,BANYUMANIK,3374111005014,68,107,71,246
JAWA TENGAH,KOTA SEMARANG,BANYUMANIK,BANYUMANIK,3374111005015,27,134,72,233
JAWA TENGAH,KOTA SEMARANG,BANYUMANIK,BANYUMANIK,3374111005016,14,107,104,225
JAWA TENGAH,KOTA SEMARANG,BANYUMANIK,BANYUMANIK,3374111005017,13,120,85,218
JAWA TENGAH,KOTA SEMARANG,BANYUMANIK,BANYUMANIK,3374111005018,28,106,86,220
JAWA TENGAH,KOTA SEMARANG,BANYUMANIK,BANYUMANIK,3374111005019,42,121,96,259
JAWA TENGAH,KOTA SEMARANG,BANYUMANIK,BANYUMANIK,3374111005020,36,132,80,248
JAWA TENGAH,KOTA SEMARANG,BANYUMANIK,BANYUMANIK,3374111005021,21,122,93,236
JAWA TENGAH,KOTA SEMARANG,BANYUMANIK,BANYUMANIK,3374111005022,22,133,91,246
JAWA TENGAH,KOTA SEMARANG,BANYUMANIK,BANYUMANIK,3374111005023,24,106,86,216
JAWA TENGAH,KOTA SEMARANG,BANYUMANIK,BANYUMANIK,3374111005024,21,130,103,254
JAWA TENGAH,KOTA SEMARANG,BANYUMANIK,BANYUMANIK,3374111005025,45,71,44,160
JAWA TENGAH,KOTA SEMARANG,BANYUMANIK,BANYUMANIK,3374111005026,52,45,49,146
JAWA TENGAH,KOTA SEMARANG,BANYUMANIK,BANYUMANIK,3374111005027,32,128,64,224
JAWA TENGAH,KOTA SEMARANG,BANYUMANIK,BANYUMANIK,3374111005028,46,127,67,240
JAWA TENGAH,KOTA SEMARANG,BANYUMANIK,BANYUMANIK,3374111005029,31,140,77,248
JAWA TENGAH,KOTA SEMARANG,BANYUMANIK,BANYUMANIK,3374111005030,69,92,68,229
JAWA TENGAH,KOTA SEMARANG,BANYUMANIK,BANYUMANIK,3374111005033,64,96,71,231
JAWA TENGAH,KOTA SEMARANG,BANYUMANIK,GEDAWANG,3374111002001,32,134,70,236
JAWA TENGAH,KOTA SEMARANG,BANYUMANIK,GEDAWANG,3374111002003,9,105,72,186
JAWA TENGAH,KOTA SEMARANG,BANYUMANIK,GEDAWANG,3374111002004,30,118,99,247
JAWA TENGAH,KOTA SEMARANG,BANYUMANIK,GEDAWANG,3374111002005,17,97,80,194
JAWA TENGAH,KOTA SEMARANG,BANYUMANIK,GEDAWANG,3374111002007,28,125,69,222
JAWA TENGAH,KOTA SEMARANG,BANYUMANIK,GEDAWANG,3374111002009,61,111,101,273
JAWA TENGAH,KOTA SEMARANG,BANYUMANIK,GEDAWANG,3374111002011,25,78,41,144
JAWA TENGAH,KOTA SEMARANG,BANYUMANIK,GEDAWANG,3374111002012,83,98,62,243
JAWA TENGAH,KOTA SEMARANG,BANYUMANIK,GEDAWANG,3374111002014,101,70,66,237
JAWA TENGAH,KOTA SEMARANG,BANYUMANIK,GEDAWANG,3374111002015,23,101,62,186
JAWA TENGAH,KOTA SEMARANG,BANYUMANIK,GEDAWANG,3374111002016,73,100,76,249
JAWA TENGAH,KOTA SEMARANG,BANYUMANIK,GEDAWANG,3374111002017,39,99,34,172
JAWA TENGAH,KOTA SEMARANG,BANYUMANIK,GEDAWANG,3374111002019,29,75,37,141
JAWA TENGAH,KOTA SEMARANG,BANYUMANIK,GEDAWANG,3374111002020,31,100,50,181
JAWA TENGAH,KOTA SEMARANG,BANYUMANIK,GEDAWANG,3374111002021,77,101,59,237
JAWA TENGAH,KOTA SEMARANG,BANYUMANIK,GEDAWANG,3374111002022,81,114,41,236
JAWA TENGAH,KOTA SEMARANG,BANYUMANIK,GEDAWANG,3374111002024,39,76,28,143
JAWA TENGAH,KOTA SEMARANG,BANYUMANIK,GEDAWANG,3374111002025,24,89,104,217
JAWA TENGAH,KOTA SEMARANG,BANYUMANIK,GEDAWANG,3374111002026,40,86,77,203
JAWA TENGAH,KOTA SEMARANG,BANYUMANIK,GEDAWANG,3374111002028,57,107,60,224
JAWA TENGAH,KOTA SEMARANG,BANYUMANIK,GEDAWANG,3374111002030,40,103,47,190
JAWA TENGAH,KOTA SEMARANG,BANYUMANIK,JABUNGAN,3374111003002,52,132,72,256
JAWA TENGAH,KOTA SEMARANG,BANYUMANIK,JABUNGAN,3374111003003,38,129,86,253
JAWA TENGAH,KOTA SEMARANG,BANYUMANIK,JABUNGAN,3374111003004,44,136,38,218
JAWA TENGAH,KOTA SEMARANG,BANYUMANIK,JABUNGAN,3374111003005,24,105,72,201
JAWA TENGAH,KOTA SEMARANG,BANYUMANIK,JABUNGAN,3374111003006,14,86,49,149
JAWA TENGAH,KOTA SEMARANG,BANYUMANIK,JABUNGAN,3374111003007,138,5,143,286
JAWA TENGAH,KOTA SEMARANG,BANYUMANIK,JABUNGAN,3374111003008,16,114,130,260
JAWA TENGAH,KOTA SEMARANG,BANYUMANIK,JABUNGAN,3374111003009,12,99,87,198
JAWA TENGAH,KOTA SEMARANG,BANYUMANIK,JABUNGAN,3374111003011,25,78,41,144
JAWA TENGAH,KOTA SEMARANG,BANYUMANIK,JABUNGAN,3374111003012,36,72,36,144
JAWA TENGAH,KOTA SEMARANG,BANYUMANIK,JABUNGAN,3374111003013,38,73,66,177
JAWA TENGAH,KOTA SEMARANG,BANYUMANIK,NGESREP,3374111008001,20,72,72,164
JAWA TENGAH,KOTA SEMARANG,BANYUMANIK,NGESREP,3374111008002,30,119,73,222
JAWA TENGAH,KOTA SEMARANG,BANYUMANIK,NGESREP,3374111008003,19,114,85,218
JAWA TENGAH,KOTA SEMARANG,BANYUMANIK,NGESREP,3374111008004,28,106,93,227
JAWA TENGAH,KOTA SEMARANG,BANYUMANIK,NGESREP,3374111008007,39,87,81,207
JAWA TENGAH,KOTA SEMARANG,BANYUMANIK,NGESREP,3374111008008,22,129,87,238
JAWA TENGAH,KOTA SEMARANG,BANYUMANIK,NGESREP,3374111008010,46,89,82,217
JAWA TENGAH,KOTA SEMARANG,BANYUMANIK,NGESREP,3374111008011,33,88,87,208
JAWA TENGAH,KOTA SEMARANG,BANYUMANIK,NGESREP,3374111008012,25,100,99,224
JAWA TENGAH,KOTA SEMARANG,BANYUMANIK,NGESREP,3374111008014,25,109,93,227
JAWA TENGAH,KOTA SEMARANG,BANYUMANIK,NGESREP,3374111008015,28,119,87,234
JAWA TENGAH,KOTA SEMARANG,BANYUMANIK,NGESREP,3374111008016,33,102,92,227
JAWA TENGAH,KOTA SEMARANG,BANYUMANIK,NGESREP,3374111008017,28,70,72,170
JAWA TENGAH,KOTA SEMARANG,BANYUMANIK,NGESREP,3374111008019,17,134,65,216
JAWA TENGAH,KOTA SEMARANG,BANYUMANIK,NGESREP,3374111008022,28,117,85,230
JAWA TENGAH,KOTA SEMARANG,BANYUMANIK,NGESREP,3374111008023,27,85,100,212
JAWA TENGAH,KOTA SEMARANG,BANYUMANIK,NGESREP,3374111008025,58,89,70,217
JAWA TENGAH,KOTA SEMARANG,BANYUMANIK,NGESREP,3374111008026,66,88,73,227
JAWA TENGAH,KOTA SEMARANG,BANYUMANIK,NGESREP,3374111008030,44,103,78,225
JAWA TENGAH,KOTA SEMARANG,BANYUMANIK,NGESREP,3374111008031,14,104,115,233
JAWA TENGAH,KOTA SEMARANG,BANYUMANIK,NGESREP,3374111008032,26,93,73,192
JAWA TENGAH,KOTA SEMARANG,BANYUMANIK,NGESREP,3374111008033,43,101,77,221
JAWA TENGAH,KOTA SEMARANG,BANYUMANIK,NGESREP,3374111008034,33,104,93,230
JAWA TENGAH,KOTA SEMARANG,BANYUMANIK,NGESREP,3374111008035,26,116,45,187
JAWA TENGAH,KOTA SEMARANG,BANYUMANIK,NGESREP,3374111008039,16,97,113,226
JAWA TENGAH,KOTA SEMARANG,BANYUMANIK,PADANGSARI,3374111010001,60,116,62,238
JAWA TENGAH,KOTA SEMARANG,BANYUMANIK,PADANGSARI,3374111010004,89,109,72,270
JAWA TENGAH,KOTA SEMARANG,BANYUMANIK,PADANGSARI,3374111010008,13,112,77,202
JAWA TENGAH,KOTA SEMARANG,BANYUMANIK,PADANGSARI,3374111010010,76,101,74,251
JAWA TENGAH,KOTA SEMARANG,BANYUMANIK,PADANGSARI,3374111010011,58,122,53,233
JAWA TENGAH,KOTA SEMARANG,BANYUMANIK,PADANGSARI,3374111010012,49,113,88,250
JAWA TENGAH,KOTA SEMARANG,BANYUMANIK,PADANGSARI,3374111010014,70,96,74,240
JAWA TENGAH,KOTA SEMARANG,BANYUMANIK,PADANGSARI,3374111010015,56,91,70,217
JAWA TENGAH,KOTA SEMARANG,BANYUMANIK,PADANGSARI,3374111010017,46,73,73,192
JAWA TENGAH,KOTA SEMARANG,BANYUMANIK,PADANGSARI,3374111010020,50,106,82,238
JAWA TENGAH,KOTA SEMARANG,BANYUMANIK,PADANGSARI,3374111010021,47,95,79,221
JAWA TENGAH,KOTA SEMARANG,BANYUMANIK,PADANGSARI,3374111010025,59,89,88,236
JAWA TENGAH,KOTA SEMARANG,BANYUMANIK,PADANGSARI,3374111010026,43,122,59,224
JAWA TENGAH,KOTA SEMARANG,BANYUMANIK,PADANGSARI,3374111010027,39,93,99,231
JAWA TENGAH,KOTA SEMARANG,BANYUMANIK,PADANGSARI,3374111010028,50,118,75,243
JAWA TENGAH,KOTA SEMARANG,BANYUMANIK,PADANGSARI,3374111010029,37,114,87,238
JAWA TENGAH,KOTA SEMARANG,BANYUMANIK,PADANGSARI,3374111010032,85,89,72,246
JAWA TENGAH,KOTA SEMARANG,BANYUMANIK,PADANGSARI,3374111010033,65,96,83,244
JAWA TENGAH,KOTA SEMARANG,BANYUMANIK,PEDALANGAN,3374111004001,47,92,72,211
JAWA TENGAH,KOTA SEMARANG,BANYUMANIK,PEDALANGAN,3374111004005,65,112,76,253
JAWA TENGAH,KOTA SEMARANG,BANYUMANIK,PEDALANGAN,3374111004006,58,118,63,239
JAWA TENGAH,KOTA SEMARANG,BANYUMANIK,PEDALANGAN,3374111004009,37,114,98,249
JAWA TENGAH,KOTA SEMARANG,BANYUMANIK,PEDALANGAN,3374111004010,53,111,61,225
JAWA TENGAH,KOTA SEMARANG,BANYUMANIK,PEDALANGAN,3374111004028,35,78,73,186
JAWA TENGAH,KOTA SEMARANG,BANYUMANIK,PEDALANGAN,3374111004031,87,104,54,245
JAWA TENGAH,KOTA SEMARANG,BANYUMANIK,PUDAKPAYUNG,3374111001002,34,123,100,257
JAWA TENGAH,KOTA SEMARANG,BANYUMANIK,PUDAKPAYUNG,3374111001003,51,91,102,244
JAWA TENGAH,KOTA SEMARANG,BANYUMANIK,PUDAKPAYUNG,3374111001008,27,68,45,140
JAWA TENGAH,KOTA SEMARANG,BANYUMANIK,PUDAKPAYUNG,3374111001009,23,114,125,262
JAWA TENGAH,KOTA SEMARANG,BANYUMANIK,PUDAKPAYUNG,3374111001012,15,104,131,250
JAWA TENGAH,KOTA SEMARANG,BANYUMANIK,PUDAKPAYUNG,3374111001013,42,79,70,191
JAWA TENGAH,KOTA SEMARANG,BANYUMANIK,PUDAKPAYUNG,3374111001014,24,108,110,242
JAWA TENGAH,KOTA SEMARANG,BANYUMANIK,PUDAKPAYUNG,3374111001017,44,109,113,266
JAWA TENGAH,KOTA SEMARANG,BANYUMANIK,PUDAKPAYUNG,3374111001019,14,100,87,201
JAWA TENGAH,KOTA SEMARANG,BANYUMANIK,PUDAKPAYUNG,3374111001021,25,95,95,215
JAWA TENGAH,KOTA SEMARANG,BANYUMANIK,PUDAKPAYUNG,3374111001023,15,112,83,210
JAWA TENGAH,KOTA SEMARANG,BANYUMANIK,PUDAKPAYUNG,3374111001024,30,100,106,236
JAWA TENGAH,KOTA SEMARANG,BANYUMANIK,PUDAKPAYUNG,3374111001027,52,102,71,225
JAWA TENGAH,KOTA SEMARANG,BANYUMANIK,PUDAKPAYUNG,3374111001028,40,101,100,241
JAWA TENGAH,KOTA SEMARANG,BANYUMANIK,PUDAKPAYUNG,3374111001029,19,84,78,181
JAWA TENGAH,KOTA SEMARANG,BANYUMANIK,PUDAKPAYUNG,3374111001033,49,135,51,235
JAWA TENGAH,KOTA SEMARANG,BANYUMANIK,PUDAKPAYUNG,3374111001034,65,97,80,242
JAWA TENGAH,KOTA SEMARANG,BANYUMANIK,PUDAKPAYUNG,3374111001035,44,68,65,177
JAWA TENGAH,KOTA SEMARANG,BANYUMANIK,PUDAKPAYUNG,3374111001038,30,118,92,240
JAWA TENGAH,KOTA SEMARANG,BANYUMANIK,PUDAKPAYUNG,3374111001040,43,117,96,256
JAWA TENGAH,KOTA SEMARANG,BANYUMANIK,PUDAKPAYUNG,3374111001043,18,91,49,158
JAWA TENGAH,KOTA SEMARANG,BANYUMANIK,PUDAKPAYUNG,3374111001044,14,81,68,163
JAWA TENGAH,KOTA SEMARANG,BANYUMANIK,PUDAKPAYUNG,3374111001045,33,138,7,178
JAWA TENGAH,KOTA SEMARANG,BANYUMANIK,PUDAKPAYUNG,3374111001046,35,146,8,189
JAWA TENGAH,KOTA SEMARANG,BANYUMANIK,PUDAKPAYUNG,3374111001048,40,82,69,191
JAWA TENGAH,KOTA SEMARANG,BANYUMANIK,PUDAKPAYUNG,3374111001049,45,64,69,178
JAWA TENGAH,KOTA SEMARANG,BANYUMANIK,PUDAKPAYUNG,3374111001050,34,84,56,174
JAWA TENGAH,KOTA SEMARANG,BANYUMANIK,PUDAKPAYUNG,3374111001051,66,115,54,235
JAWA TENGAH,KOTA SEMARANG,BANYUMANIK,PUDAKPAYUNG,3374111001054,67,110,92,269
JAWA TENGAH,KOTA SEMARANG,BANYUMANIK,PUDAKPAYUNG,3374111001055,46,100,86,232
JAWA TENGAH,KOTA SEMARANG,BANYUMANIK,PUDAKPAYUNG,3374111001058,39,88,70,197
JAWA TENGAH,KOTA SEMARANG,BANYUMANIK,PUDAKPAYUNG,3374111001062,51,146,74,271
JAWA TENGAH,KOTA SEMARANG,BANYUMANIK,PUDAKPAYUNG,3374111001063,33,112,76,221
JAWA TENGAH,KOTA SEMARANG,BANYUMANIK,SRONDOL KULON,3374111006001,40,156,24,220
JAWA TENGAH,KOTA SEMARANG,BANYUMANIK,SRONDOL KULON,3374111006003,16,100,89,205
JAWA TENGAH,KOTA SEMARANG,BANYUMANIK,SRONDOL KULON,3374111006004,23,106,85,214
JAWA TENGAH,KOTA SEMARANG,BANYUMANIK,SRONDOL KULON,3374111006005,20,115,67,202
JAWA TENGAH,KOTA SEMARANG,BANYUMANIK,SRONDOL KULON,3374111006007,29,92,106,227
JAWA TENGAH,KOTA SEMARANG,BANYUMANIK,SRONDOL KULON,3374111006008,29,113,104,246
JAWA TENGAH,KOTA SEMARANG,BANYUMANIK,SRONDOL KULON,3374111006010,43,124,106,273
JAWA TENGAH,KOTA SEMARANG,BANYUMANIK,SRONDOL KULON,3374111006011,43,94,109,246
JAWA TENGAH,KOTA SEMARANG,BANYUMANIK,SRONDOL KULON,3374111006013,41,117,79,237
JAWA TENGAH,KOTA SEMARANG,BANYUMANIK,SRONDOL KULON,3374111006014,33,138,78,249
JAWA TENGAH,KOTA SEMARANG,BANYUMANIK,SRONDOL KULON,3374111006015,48,104,60,212
JAWA TENGAH,KOTA SEMARANG,BANYUMANIK,SRONDOL KULON,3374111006016,11,165,5,181
JAWA TENGAH,KOTA SEMARANG,BANYUMANIK,SRONDOL KULON,3374111006017,72,86,64,222
JAWA TENGAH,KOTA SEMARANG,BANYUMANIK,SRONDOL KULON,3374111006018,32,100,81,213
JAWA TENGAH,KOTA SEMARANG,BANYUMANIK,SRONDOL KULON,3374111006019,38,89,64,191
JAWA TENGAH,KOTA SEMARANG,BANYUMANIK,SRONDOL KULON,3374111006020,47,88,64,199
JAWA TENGAH,KOTA SEMARANG,BANYUMANIK,SRONDOL KULON,3374111006021,30,80,78,188
JAWA TENGAH,KOTA SEMARANG,BANYUMANIK,SRONDOL KULON,3374111006022,18,118,96,232
JAWA TENGAH,KOTA SEMARANG,BANYUMANIK,SRONDOL KULON,3374111006024,18,122,98,238
JAWA TENGAH,KOTA SEMARANG,BANYUMANIK,SRONDOL KULON,3374111006026,37,90,118,245
JAWA TENGAH,KOTA SEMARANG,BANYUMANIK,SRONDOL KULON,3374111006027,29,79,110,218
JAWA TENGAH,KOTA SEMARANG,BANYUMANIK,SRONDOL KULON,3374111006029,59,84,93,236
JAWA TENGAH,KOTA SEMARANG,BANYUMANIK,SRONDOL KULON,3374111006031,49,112,62,223
JAWA TENGAH,KOTA SEMARANG,BANYUMANIK,SRONDOL KULON,3374111006032,56,82,97,235
JAWA TENGAH,KOTA SEMARANG,BANYUMANIK,SRONDOL KULON,3374111006033,23,118,97,238
JAWA TENGAH,KOTA SEMARANG,BANYUMANIK,SRONDOL KULON,3374111006034,20,111,90,221
JAWA TENGAH,KOTA SEMARANG,BANYUMANIK,SRONDOL WETAN,3374111007001,72,98,70,240
JAWA TENGAH,KOTA SEMARANG,BANYUMANIK,SRONDOL WETAN,3374111007002,47,101,94,242
JAWA TENGAH,KOTA SEMARANG,BANYUMANIK,SRONDOL WETAN,3374111007003,83,109,64,256
JAWA TENGAH,KOTA SEMARANG,BANYUMANIK,SRONDOL WETAN,3374111007004,72,91,80,243
JAWA TENGAH,KOTA SEMARANG,BANYUMANIK,SRONDOL WETAN,3374111007005,15,64,83,162
JAWA TENGAH,KOTA SEMARANG,BANYUMANIK,SRONDOL WETAN,3374111007006,69,138,53,260
JAWA TENGAH,KOTA SEMARANG,BANYUMANIK,SRONDOL WETAN,3374111007009,56,97,88,241
JAWA TENGAH,KOTA SEMARANG,BANYUMANIK,SRONDOL WETAN,3374111007010,49,108,74,231
JAWA TENGAH,KOTA SEMARANG,BANYUMANIK,SRONDOL WETAN,3374111007014,41,106,102,249
JAWA TENGAH,KOTA SEMARANG,BANYUMANIK,SRONDOL WETAN,3374111007015,36,109,96,241
JAWA TENGAH,KOTA SEMARANG,BANYUMANIK,SRONDOL WETAN,3374111007016,20,127,107,254
JAWA TENGAH,KOTA SEMARANG,BANYUMANIK,SRONDOL WETAN,3374111007017,28,94,108,230
JAWA TENGAH,KOTA SEMARANG,BANYUMANIK,SRONDOL WETAN,3374111007018,13,136,78,227
JAWA TENGAH,KOTA SEMARANG,BANYUMANIK,SRONDOL WETAN,3374111007019,26,101,102,229
JAWA TENGAH,KOTA SEMARANG,BANYUMANIK,SRONDOL WETAN,3374111007020,35,100,82,217
JAWA TENGAH,KOTA SEMARANG,BANYUMANIK,SRONDOL WETAN,3374111007021,50,83,73,206
JAWA TENGAH,KOTA SEMARANG,BANYUMANIK,SRONDOL WETAN,3374111007023,56,84,78,218
JAWA TENGAH,KOTA SEMARANG,BANYUMANIK,SRONDOL WETAN,3374111007026,76,94,79,249
JAWA TENGAH,KOTA SEMARANG,BANYUMANIK,SRONDOL WETAN,3374111007027,49,79,64,192
JAWA TENGAH,KOTA SEMARANG,BANYUMANIK,SRONDOL WETAN,3374111007028,52,90,86,228
JAWA TENGAH,KOTA SEMARANG,BANYUMANIK,SRONDOL WETAN,3374111007030,37,109,71,217
JAWA TENGAH,KOTA SEMARANG,BANYUMANIK,SRONDOL WETAN,3374111007031,45,85,94,224
JAWA TENGAH,KOTA SEMARANG,BANYUMANIK,SRONDOL WETAN,3374111007032,46,83,68,197
JAWA TENGAH,KOTA SEMARANG,BANYUMANIK,SRONDOL WETAN,3374111007033,62,102,61,225
JAWA TENGAH,KOTA SEMARANG,BANYUMANIK,SRONDOL WETAN,3374111007034,60,87,56,203
JAWA TENGAH,KOTA SEMARANG,BANYUMANIK,SRONDOL WETAN,3374111007035,34,127,87,248
JAWA TENGAH,KOTA SEMARANG,BANYUMANIK,SRONDOL WETAN,3374111007036,52,116,55,223
JAWA TENGAH,KOTA SEMARANG,BANYUMANIK,SRONDOL WETAN,3374111007040,59,94,68,221
JAWA TENGAH,KOTA SEMARANG,BANYUMANIK,SRONDOL WETAN,3374111007043,42,78,84,204
JAWA TENGAH,KOTA SEMARANG,BANYUMANIK,SRONDOL WETAN,3374111007045,41,116,84,241
JAWA TENGAH,KOTA SEMARANG,BANYUMANIK,SRONDOL WETAN,3374111007047,46,90,61,197
JAWA TENGAH,KOTA SEMARANG,BANYUMANIK,SRONDOL WETAN,3374111007048,37,71,58,166
JAWA TENGAH,KOTA SEMARANG,BANYUMANIK,SRONDOL WETAN,3374111007049,51,83,88,222
JAWA TENGAH,KOTA SEMARANG,BANYUMANIK,SRONDOL WETAN,3374111007050,58,91,64,213
JAWA TENGAH,KOTA SEMARANG,BANYUMANIK,SRONDOL WETAN,3374111007051,64,94,79,237
JAWA TENGAH,KOTA SEMARANG,BANYUMANIK,SRONDOL WETAN,3374111007052,64,71,65,200
JAWA TENGAH,KOTA SEMARANG,BANYUMANIK,SRONDOL WETAN,3374111007053,56,106,64,226
JAWA TENGAH,KOTA SEMARANG,BANYUMANIK,SRONDOL WETAN,3374111007054,45,114,77,236
JAWA TENGAH,KOTA SEMARANG,BANYUMANIK,SRONDOL WETAN,3374111007055,61,69,45,175
JAWA TENGAH,KOTA SEMARANG,BANYUMANIK,SRONDOL WETAN,3374111007057,43,74,56,173
JAWA TENGAH,KOTA SEMARANG,BANYUMANIK,SRONDOL WETAN,3374111007059,98,84,47,229
JAWA TENGAH,KOTA SEMARANG,BANYUMANIK,SUMURBOTO,3374111011001,32,109,95,236
JAWA TENGAH,KOTA SEMARANG,BANYUMANIK,SUMURBOTO,3374111011002,41,112,79,232
JAWA TENGAH,KOTA SEMARANG,BANYUMANIK,SUMURBOTO,3374111011004,52,113,89,254
JAWA TENGAH,KOTA SEMARANG,BANYUMANIK,SUMURBOTO,3374111011005,38,111,130,279
JAWA TENGAH,KOTA SEMARANG,BANYUMANIK,SUMURBOTO,3374111011006,67,91,105,263
JAWA TENGAH,KOTA SEMARANG,BANYUMANIK,SUMURBOTO,3374111011007,39,112,96,247
JAWA TENGAH,KOTA SEMARANG,BANYUMANIK,SUMURBOTO,3374111011008,46,115,86,247
JAWA TENGAH,KOTA SEMARANG,BANYUMANIK,SUMURBOTO,3374111011009,41,124,103,268
JAWA TENGAH,KOTA SEMARANG,BANYUMANIK,SUMURBOTO,3374111011011,52,101,85,238
JAWA TENGAH,KOTA SEMARANG,BANYUMANIK,SUMURBOTO,3374111011012,35,99,69,203
JAWA TENGAH,KOTA SEMARANG,BANYUMANIK,SUMURBOTO,3374111011013,35,99,88,222
JAWA TENGAH,KOTA SEMARANG,BANYUMANIK,SUMURBOTO,3374111011014,61,101,77,239
JAWA TENGAH,KOTA SEMARANG,BANYUMANIK,SUMURBOTO,3374111011019,38,76,69,183
JAWA TENGAH,KOTA SEMARANG,BANYUMANIK,SUMURBOTO,3374111011020,40,60,51,151
JAWA TENGAH,KOTA SEMARANG,BANYUMANIK,SUMURBOTO,3374111011021,22,97,108,227
JAWA TENGAH,KOTA SEMARANG,BANYUMANIK,SUMURBOTO,3374111011023,42,72,109,223
JAWA TENGAH,KOTA SEMARANG,BANYUMANIK,SUMURBOTO,3374111011024,45,99,89,233
JAWA TENGAH,KOTA SEMARANG,BANYUMANIK,TINJOMOYO,3374111009001,20,123,110,253
JAWA TENGAH,KOTA SEMARANG,BANYUMANIK,TINJOMOYO,3374111009002,29,122,111,262
JAWA TENGAH,KOTA SEMARANG,BANYUMANIK,TINJOMOYO,3374111009004,27,108,105,240
JAWA TENGAH,KOTA SEMARANG,BANYUMANIK,TINJOMOYO,3374111009005,34,100,97,231
JAWA TENGAH,KOTA SEMARANG,BANYUMANIK,TINJOMOYO,3374111009006,47,128,56,231
JAWA TENGAH,KOTA SEMARANG,BANYUMANIK,TINJOMOYO,3374111009007,28,120,96,244
JAWA TENGAH,KOTA SEMARANG,BANYUMANIK,TINJOMOYO,3374111009009,18,98,94,210
JAWA TENGAH,KOTA SEMARANG,BANYUMANIK,TINJOMOYO,3374111009010,22,90,95,207
JAWA TENGAH,KOTA SEMARANG,BANYUMANIK,TINJOMOYO,3374111009012,42,100,74,216
JAWA TENGAH,KOTA SEMARANG,BANYUMANIK,TINJOMOYO,3374111009016,13,119,97,229
JAWA TENGAH,KOTA SEMARANG,BANYUMANIK,TINJOMOYO,3374111009017,13,86,90,189
JAWA TENGAH,KOTA SEMARANG,BANYUMANIK,TINJOMOYO,3374111009019,36,95,90,221
JAWA TENGAH,KOTA SEMARANG,BANYUMANIK,TINJOMOYO,3374111009022,40,113,87,240
JAWA TENGAH,KOTA SEMARANG,BANYUMANIK,TINJOMOYO,3374111009024,18,139,85,242
JAWA TENGAH,KOTA SEMARANG,BANYUMANIK,TINJOMOYO,3374111009026,27,119,91,237
JAWA TENGAH,KOTA SEMARANG,CANDISARI,CANDI,3374081001003,8,103,96,207
JAWA TENGAH,KOTA SEMARANG,CANDISARI,CANDI,3374081001010,25,47,79,151
JAWA TENGAH,KOTA SEMARANG,CANDISARI,CANDI,3374081001012,24,103,86,213
JAWA TENGAH,KOTA SEMARANG,CANDISARI,CANDI,3374081001013,27,94,78,199
JAWA TENGAH,KOTA SEMARANG,CANDISARI,CANDI,3374081001020,14,103,121,238
JAWA TENGAH,KOTA SEMARANG,CANDISARI,CANDI,3374081001021,30,116,101,247
JAWA TENGAH,KOTA SEMARANG,CANDISARI,CANDI,3374081001022,20,129,98,247
JAWA TENGAH,KOTA SEMARANG,CANDISARI,CANDI,3374081001023,17,108,124,249
JAWA TENGAH,KOTA SEMARANG,CANDISARI,CANDI,3374081001026,10,61,87,158
JAWA TENGAH,KOTA SEMARANG,CANDISARI,CANDI,3374081001027,28,110,91,229
JAWA TENGAH,KOTA SEMARANG,CANDISARI,CANDI,3374081001029,15,141,88,244
JAWA TENGAH,KOTA SEMARANG,CANDISARI,CANDI,3374081001031,28,126,91,245
JAWA TENGAH,KOTA SEMARANG,CANDISARI,JATINGALEH,3374081002001,25,75,126,226
JAWA TENGAH,KOTA SEMARANG,CANDISARI,JATINGALEH,3374081002002,41,54,59,154
JAWA TENGAH,KOTA SEMARANG,CANDISARI,JATINGALEH,3374081002004,36,79,124,239
JAWA TENGAH,KOTA SEMARANG,CANDISARI,JATINGALEH,3374081002005,37,123,72,232
JAWA TENGAH,KOTA SEMARANG,CANDISARI,JATINGALEH,3374081002007,31,108,81,220
JAWA TENGAH,KOTA SEMARANG,CANDISARI,JATINGALEH,3374081002008,35,112,94,241
JAWA TENGAH,KOTA SEMARANG,CANDISARI,JATINGALEH,3374081002009,34,108,87,229
JAWA TENGAH,KOTA SEMARANG,CANDISARI,JATINGALEH,3374081002010,17,99,116,232
JAWA TENGAH,KOTA SEMARANG,CANDISARI,JATINGALEH,3374081002011,8,115,106,229
JAWA TENGAH,KOTA SEMARANG,CANDISARI,JATINGALEH,3374081002012,27,112,72,211
JAWA TENGAH,KOTA SEMARANG,CANDISARI,JATINGALEH,3374081002014,40,163,26,229
JAWA TENGAH,KOTA SEMARANG,CANDISARI,JATINGALEH,3374081002015,45,148,28,221
JAWA TENGAH,KOTA SEMARANG,CANDISARI,JATINGALEH,3374081002016,15,137,9,161
JAWA TENGAH,KOTA SEMARANG,CANDISARI,JATINGALEH,3374081002017,21,111,102,234
JAWA TENGAH,KOTA SEMARANG,CANDISARI,JATINGALEH,3374081002018,37,121,68,226
JAWA TENGAH,KOTA SEMARANG,CANDISARI,JATINGALEH,3374081002019,10,136,81,227
JAWA TENGAH,KOTA SEMARANG,CANDISARI,JATINGALEH,3374081002020,15,101,98,214
JAWA TENGAH,KOTA SEMARANG,CANDISARI,JATINGALEH,3374081002021,50,120,56,226
JAWA TENGAH,KOTA SEMARANG,CANDISARI,JATINGALEH,3374081002022,47,147,47,241
JAWA TENGAH,KOTA SEMARANG,CANDISARI,JATINGALEH,3374081002023,54,129,27,210
JAWA TENGAH,KOTA SEMARANG,CANDISARI,JATINGALEH,3374081002026,47,95,87,229
JAWA TENGAH,KOTA SEMARANG,CANDISARI,JATINGALEH,3374081002027,13,103,89,205
JAWA TENGAH,KOTA SEMARANG,CANDISARI,JATINGALEH,3374081002029,29,95,107,231
JAWA TENGAH,KOTA SEMARANG,CANDISARI,JATINGALEH,3374081002030,23,141,28,192
JAWA TENGAH,KOTA SEMARANG,CANDISARI,JOMBLANG,3374081004001,43,93,80,216
JAWA TENGAH,KOTA SEMARANG,CANDISARI,JOMBLANG,3374081004002,21,102,113,236
JAWA TENGAH,KOTA SEMARANG,CANDISARI,JOMBLANG,3374081004003,17,87,114,218
JAWA TENGAH,KOTA SEMARANG,CANDISARI,JOMBLANG,3374081004004,26,101,119,246
JAWA TENGAH,KOTA SEMARANG,CANDISARI,JOMBLANG,3374081004005,27,112,105,244
JAWA TENGAH,KOTA SEMARANG,CANDISARI,JOMBLANG,3374081004006,32,122,94,248
JAWA TENGAH,KOTA SEMARANG,CANDISARI,JOMBLANG,3374081004007,23,115,104,242
JAWA TENGAH,KOTA SEMARANG,CANDISARI,JOMBLANG,3374081004008,16,114,74,204
JAWA TENGAH,KOTA SEMARANG,CANDISARI,JOMBLANG,3374081004009,9,120,91,220
JAWA TENGAH,KOTA SEMARANG,CANDISARI,JOMBLANG,3374081004010,58,99,71,228
JAWA TENGAH,KOTA SEMARANG,CANDISARI,JOMBLANG,3374081004011,29,108,96,233
JAWA TENGAH,KOTA SEMARANG,CANDISARI,JOMBLANG,3374081004013,35,68,122,225
JAWA TENGAH,KOTA SEMARANG,CANDISARI,JOMBLANG,3374081004014,61,93,96,250
JAWA TENGAH,KOTA SEMARANG,CANDISARI,JOMBLANG,3374081004015,33,85,106,224
JAWA TENGAH,KOTA SEMARANG,CANDISARI,JOMBLANG,3374081004016,26,106,87,219
JAWA TENGAH,KOTA SEMARANG,CANDISARI,JOMBLANG,3374081004020,12,94,135,241
JAWA TENGAH,KOTA SEMARANG,CANDISARI,JOMBLANG,3374081004021,26,74,57,157
JAWA TENGAH,KOTA SEMARANG,CANDISARI,JOMBLANG,3374081004022,27,99,105,231
JAWA TENGAH,KOTA SEMARANG,CANDISARI,JOMBLANG,3374081004024,18,72,92,182
JAWA TENGAH,KOTA SEMARANG,CANDISARI,JOMBLANG,3374081004025,21,123,88,232
JAWA TENGAH,KOTA SEMARANG,CANDISARI,JOMBLANG,3374081004026,23,87,51,161
JAWA TENGAH,KOTA SEMARANG,CANDISARI,JOMBLANG,3374081004027,12,125,93,230
JAWA TENGAH,KOTA SEMARANG,CANDISARI,JOMBLANG,3374081004029,10,110,106,226
JAWA TENGAH,KOTA SEMARANG,CANDISARI,JOMBLANG,3374081004031,20,81,114,215
JAWA TENGAH,KOTA SEMARANG,CANDISARI,JOMBLANG,3374081004032,13,98,71,182
JAWA TENGAH,KOTA SEMARANG,CANDISARI,JOMBLANG,3374081004033,14,98,100,212
JAWA TENGAH,KOTA SEMARANG,CANDISARI,JOMBLANG,3374081004034,9,115,85,209
JAWA TENGAH,KOTA SEMARANG,CANDISARI,JOMBLANG,3374081004038,8,76,93,177
JAWA TENGAH,KOTA SEMARANG,CANDISARI,JOMBLANG,3374081004039,6,96,130,232
JAWA TENGAH,KOTA SEMARANG,CANDISARI,JOMBLANG,3374081004040,28,129,95,252
JAWA TENGAH,KOTA SEMARANG,CANDISARI,JOMBLANG,3374081004041,14,106,122,242
JAWA TENGAH,KOTA SEMARANG,CANDISARI,JOMBLANG,3374081004042,17,115,104,236
JAWA TENGAH,KOTA SEMARANG,CANDISARI,JOMBLANG,3374081004043,13,104,105,222
JAWA TENGAH,KOTA SEMARANG,CANDISARI,JOMBLANG,3374081004044,25,111,104,240
JAWA TENGAH,KOTA SEMARANG,CANDISARI,JOMBLANG,3374081004045,13,112,121,246
JAWA TENGAH,KOTA SEMARANG,CANDISARI,JOMBLANG,3374081004048,29,68,69,166
JAWA TENGAH,KOTA SEMARANG,CANDISARI,JOMBLANG,3374081004049,12,50,102,164
JAWA TENGAH,KOTA SEMARANG,CANDISARI,JOMBLANG,3374081004050,38,135,80,253
JAWA TENGAH,KOTA SEMARANG,CANDISARI,JOMBLANG,3374081004051,38,102,108,248
JAWA TENGAH,KOTA SEMARANG,CANDISARI,JOMBLANG,3374081004053,28,84,61,173
JAWA TENGAH,KOTA SEMARANG,CANDISARI,JOMBLANG,3374081004054,24,159,37,220
JAWA TENGAH,KOTA SEMARANG,CANDISARI,JOMBLANG,3374081004055,41,159,27,227
JAWA TENGAH,KOTA SEMARANG,CANDISARI,KALIWIRU,3374081003002,22,116,85,223
JAWA TENGAH,KOTA SEMARANG,CANDISARI,KALIWIRU,3374081003003,20,73,95,188
JAWA TENGAH,KOTA SEMARANG,CANDISARI,KALIWIRU,3374081003004,17,82,119,218
JAWA TENGAH,KOTA SEMARANG,CANDISARI,KALIWIRU,3374081003005,23,75,107,205
JAWA TENGAH,KOTA SEMARANG,CANDISARI,KALIWIRU,3374081003008,26,94,56,176
JAWA TENGAH,KOTA SEMARANG,CANDISARI,KALIWIRU,3374081003009,15,111,95,221
JAWA TENGAH,KOTA SEMARANG,CANDISARI,KARANGANYAR GUNUNG,3374081005001,5,138,105,248
JAWA TENGAH,KOTA SEMARANG,CANDISARI,KARANGANYAR GUNUNG,3374081005002,17,101,105,223
JAWA TENGAH,KOTA SEMARANG,CANDISARI,KARANGANYAR GUNUNG,3374081005003,15,79,132,226
JAWA TENGAH,KOTA SEMARANG,CANDISARI,KARANGANYAR GUNUNG,3374081005004,23,88,93,204
JAWA TENGAH,KOTA SEMARANG,CANDISARI,KARANGANYAR GUNUNG,3374081005005,14,116,93,223
JAWA TENGAH,KOTA SEMARANG,CANDISARI,KARANGANYAR GUNUNG,3374081005006,14,109,93,216
JAWA TENGAH,KOTA SEMARANG,CANDISARI,KARANGANYAR GUNUNG,3374081005007,5,109,82,196
JAWA TENGAH,KOTA SEMARANG,CANDISARI,KARANGANYAR GUNUNG,3374081005008,8,90,89,187
JAWA TENGAH,KOTA SEMARANG,CANDISARI,KARANGANYAR GUNUNG,3374081005009,19,96,75,190
JAWA TENGAH,KOTA SEMARANG,CANDISARI,KARANGANYAR GUNUNG,3374081005010,19,135,84,238
JAWA TENGAH,KOTA SEMARANG,CANDISARI,KARANGANYAR GUNUNG,3374081005011,20,88,93,201
JAWA TENGAH,KOTA SEMARANG,CANDISARI,KARANGANYAR GUNUNG,3374081005012,12,124,90,226
JAWA TENGAH,KOTA SEMARANG,CANDISARI,KARANGANYAR GUNUNG,3374081005013,29,104,86,219
JAWA TENGAH,KOTA SEMARANG,CANDISARI,KARANGANYAR GUNUNG,3374081005014,29,96,95,220
JAWA TENGAH,KOTA SEMARANG,CANDISARI,KARANGANYAR GUNUNG,3374081005015,21,124,95,240
JAWA TENGAH,KOTA SEMARANG,CANDISARI,KARANGANYAR GUNUNG,3374081005016,10,130,97,237
JAWA TENGAH,KOTA SEMARANG,CANDISARI,KARANGANYAR GUNUNG,3374081005017,24,104,107,235
JAWA TENGAH,KOTA SEMARANG,CANDISARI,KARANGANYAR GUNUNG,3374081005018,33,90,110,233
JAWA TENGAH,KOTA SEMARANG,CANDISARI,KARANGANYAR GUNUNG,3374081005019,35,108,107,250
JAWA TENGAH,KOTA SEMARANG,CANDISARI,KARANGANYAR GUNUNG,3374081005021,15,96,118,229
JAWA TENGAH,KOTA SEMARANG,CANDISARI,KARANGANYAR GUNUNG,3374081005022,29,87,97,213
JAWA TENGAH,KOTA SEMARANG,CANDISARI,KARANGANYAR GUNUNG,3374081005023,32,106,101,239
JAWA TENGAH,KOTA SEMARANG,CANDISARI,KARANGANYAR GUNUNG,3374081005024,13,117,91,221
JAWA TENGAH,KOTA SEMARANG,CANDISARI,KARANGANYAR GUNUNG,3374081005025,25,124,94,243
JAWA TENGAH,KOTA SEMARANG,CANDISARI,KARANGANYAR GUNUNG,3374081005026,22,85,64,171
JAWA TENGAH,KOTA SEMARANG,CANDISARI,KARANGANYAR GUNUNG,3374081005027,16,86,120,222
JAWA TENGAH,KOTA SEMARANG,CANDISARI,KARANGANYAR GUNUNG,3374081005028,22,130,71,223
JAWA TENGAH,KOTA SEMARANG,CANDISARI,KARANGANYAR GUNUNG,3374081005029,30,127,90,247
JAWA TENGAH,KOTA SEMARANG,CANDISARI,KARANGANYAR GUNUNG,3374081005030,13,91,108,212
JAWA TENGAH,KOTA SEMARANG,CANDISARI,TEGALSARI,3374081006001,22,128,85,235
JAWA TENGAH,KOTA SEMARANG,CANDISARI,TEGALSARI,3374081006002,37,101,102,240
JAWA TENGAH,KOTA SEMARANG,CANDISARI,TEGALSARI,3374081006003,24,118,103,245
JAWA TENGAH,KOTA SEMARANG,CANDISARI,TEGALSARI,3374081006004,26,84,118,228
JAWA TENGAH,KOTA SEMARANG,CANDISARI,TEGALSARI,3374081006006,24,87,130,241
JAWA TENGAH,KOTA SEMARANG,CANDISARI,TEGALSARI,3374081006007,21,118,90,229
JAWA TENGAH,KOTA SEMARANG,CANDISARI,TEGALSARI,3374081006008,20,92,106,218
JAWA TENGAH,KOTA SEMARANG,CANDISARI,TEGALSARI,3374081006009,15,110,110,235
JAWA TENGAH,KOTA SEMARANG,CANDISARI,TEGALSARI,3374081006010,17,89,85,191
JAWA TENGAH,KOTA SEMARANG,CANDISARI,TEGALSARI,3374081006014,24,75,79,178
JAWA TENGAH,KOTA SEMARANG,CANDISARI,TEGALSARI,3374081006015,16,68,89,173
JAWA TENGAH,KOTA SEMARANG,CANDISARI,TEGALSARI,3374081006016,48,88,99,235
JAWA TENGAH,KOTA SEMARANG,CANDISARI,TEGALSARI,3374081006018,37,106,94,237
JAWA TENGAH,KOTA SEMARANG,CANDISARI,TEGALSARI,3374081006020,18,69,69,156
JAWA TENGAH,KOTA SEMARANG,CANDISARI,TEGALSARI,3374081006021,22,101,90,213
JAWA TENGAH,KOTA SEMARANG,CANDISARI,TEGALSARI,3374081006022,16,67,77,160
JAWA TENGAH,KOTA SEMARANG,CANDISARI,TEGALSARI,3374081006023,26,105,108,239
JAWA TENGAH,KOTA SEMARANG,CANDISARI,TEGALSARI,3374081006024,18,102,117,237
JAWA TENGAH,KOTA SEMARANG,CANDISARI,TEGALSARI,3374081006025,7,102,99,208
JAWA TENGAH,KOTA SEMARANG,CANDISARI,TEGALSARI,3374081006026,26,94,116,236
JAWA TENGAH,KOTA SEMARANG,CANDISARI,TEGALSARI,3374081006028,19,106,103,228
JAWA TENGAH,KOTA SEMARANG,CANDISARI,TEGALSARI,3374081006030,21,144,91,256
JAWA TENGAH,KOTA SEMARANG,CANDISARI,TEGALSARI,3374081006031,25,32,50,107
JAWA TENGAH,KOTA SEMARANG,CANDISARI,TEGALSARI,3374081006032,21,106,99,226
JAWA TENGAH,KOTA SEMARANG,CANDISARI,TEGALSARI,3374081006033,38,89,100,227
JAWA TENGAH,KOTA SEMARANG,CANDISARI,TEGALSARI,3374081006035,18,124,91,233
JAWA TENGAH,KOTA SEMARANG,CANDISARI,TEGALSARI,3374081006037,32,93,88,213
JAWA TENGAH,KOTA SEMARANG,CANDISARI,WONOTINGAL,3374081007003,38,84,83,205
JAWA TENGAH,KOTA SEMARANG,CANDISARI,WONOTINGAL,3374081007005,37,110,72,219
JAWA TENGAH,KOTA SEMARANG,CANDISARI,WONOTINGAL,3374081007014,16,103,106,225
JAWA TENGAH,KOTA SEMARANG,CANDISARI,WONOTINGAL,3374081007018,27,91,66,184
JAWA TENGAH,KOTA SEMARANG,CANDISARI,WONOTINGAL,3374081007019,13,127,95,235
JAWA TENGAH,KOTA SEMARANG,CANDISARI,WONOTINGAL,3374081007021,29,96,111,236
JAWA TENGAH,KOTA SEMARANG,CANDISARI,WONOTINGAL,3374081007022,20,78,108,206
JAWA TENGAH,KOTA SEMARANG,GAJAHMUNGKUR,BENDAN DHUWUR,3374091002002,45,88,85,218
JAWA TENGAH,KOTA SEMARANG,GAJAHMUNGKUR,BENDAN DHUWUR,3374091002003,30,103,107,240
JAWA TENGAH,KOTA SEMARANG,GAJAHMUNGKUR,BENDAN DHUWUR,3374091002006,22,140,73,235
JAWA TENGAH,KOTA SEMARANG,GAJAHMUNGKUR,BENDAN DHUWUR,3374091002008,25,81,68,174
JAWA TENGAH,KOTA SEMARANG,GAJAHMUNGKUR,BENDAN DHUWUR,3374091002009,18,77,82,177
JAWA TENGAH,KOTA SEMARANG,GAJAHMUNGKUR,BENDAN DHUWUR,3374091002010,39,99,88,226
JAWA TENGAH,KOTA SEMARANG,GAJAHMUNGKUR,BENDAN NGISOR,3374091003001,60,87,68,215
JAWA TENGAH,KOTA SEMARANG,GAJAHMUNGKUR,BENDAN NGISOR,3374091003007,73,105,61,239
JAWA TENGAH,KOTA SEMARANG,GAJAHMUNGKUR,BENDAN NGISOR,3374091003008,37,95,84,216
JAWA TENGAH,KOTA SEMARANG,GAJAHMUNGKUR,BENDAN NGISOR,3374091003009,66,109,67,242
JAWA TENGAH,KOTA SEMARANG,GAJAHMUNGKUR,BENDAN NGISOR,3374091003013,27,66,56,149
JAWA TENGAH,KOTA SEMARANG,GAJAHMUNGKUR,BENDAN NGISOR,3374091003014,34,110,88,232
JAWA TENGAH,KOTA SEMARANG,GAJAHMUNGKUR,BENDAN NGISOR,3374091003015,24,74,72,170
JAWA TENGAH,KOTA SEMARANG,GAJAHMUNGKUR,BENDAN NGISOR,3374091003016,15,63,94,172
JAWA TENGAH,KOTA SEMARANG,GAJAHMUNGKUR,BENDUNGAN,3374091008001,24,86,101,211
JAWA TENGAH,KOTA SEMARANG,GAJAHMUNGKUR,BENDUNGAN,3374091008004,31,88,86,205
JAWA TENGAH,KOTA SEMARANG,GAJAHMUNGKUR,BENDUNGAN,3374091008005,27,101,101,229
JAWA TENGAH,KOTA SEMARANG,GAJAHMUNGKUR,BENDUNGAN,3374091008008,18,82,75,175
JAWA TENGAH,KOTA SEMARANG,GAJAHMUNGKUR,BENDUNGAN,3374091008010,25,92,112,229
JAWA TENGAH,KOTA SEMARANG,GAJAHMUNGKUR,BENDUNGAN,3374091008011,15,137,86,238
JAWA TENGAH,KOTA SEMARANG,GAJAHMUNGKUR,GAJAHMUNGKUR,3374091005004,14,98,98,210
JAWA TENGAH,KOTA SEMARANG,GAJAHMUNGKUR,GAJAHMUNGKUR,3374091005005,19,100,92,211
JAWA TENGAH,KOTA SEMARANG,GAJAHMUNGKUR,GAJAHMUNGKUR,3374091005009,21,92,102,215
JAWA TENGAH,KOTA SEMARANG,GAJAHMUNGKUR,GAJAHMUNGKUR,3374091005011,23,98,92,213
JAWA TENGAH,KOTA SEMARANG,GAJAHMUNGKUR,GAJAHMUNGKUR,3374091005013,11,103,102,216
JAWA TENGAH,KOTA SEMARANG,GAJAHMUNGKUR,GAJAHMUNGKUR,3374091005014,25,95,90,210
JAWA TENGAH,KOTA SEMARANG,GAJAHMUNGKUR,GAJAHMUNGKUR,3374091005019,20,131,86,237
JAWA TENGAH,KOTA SEMARANG,GAJAHMUNGKUR,GAJAHMUNGKUR,3374091005020,30,96,99,225
JAWA TENGAH,KOTA SEMARANG,GAJAHMUNGKUR,GAJAHMUNGKUR,3374091005021,10,106,101,217
JAWA TENGAH,KOTA SEMARANG,GAJAHMUNGKUR,GAJAHMUNGKUR,3374091005022,26,96,96,218
JAWA TENGAH,KOTA SEMARANG,GAJAHMUNGKUR,GAJAHMUNGKUR,3374091005024,19,109,113,241
JAWA TENGAH,KOTA SEMARANG,GAJAHMUNGKUR,GAJAHMUNGKUR,3374091005026,29,88,45,162
JAWA TENGAH,KOTA SEMARANG,GAJAHMUNGKUR,GAJAHMUNGKUR,3374091005029,57,94,89,240
JAWA TENGAH,KOTA SEMARANG,GAJAHMUNGKUR,GAJAHMUNGKUR,3374091005032,35,100,98,233
JAWA TENGAH,KOTA SEMARANG,GAJAHMUNGKUR,GAJAHMUNGKUR,3374091005034,23,114,88,225
JAWA TENGAH,KOTA SEMARANG,GAJAHMUNGKUR,GAJAHMUNGKUR,3374091005036,29,133,86,248
JAWA TENGAH,KOTA SEMARANG,GAJAHMUNGKUR,GAJAHMUNGKUR,3374091005037,27,105,61,193
JAWA TENGAH,KOTA SEMARANG,GAJAHMUNGKUR,GAJAHMUNGKUR,3374091005038,29,80,60,169
JAWA TENGAH,KOTA SEMARANG,GAJAHMUNGKUR,GAJAHMUNGKUR,3374091005040,51,83,88,222
JAWA TENGAH,KOTA SEMARANG,GAJAHMUNGKUR,GAJAHMUNGKUR,3374091005042,33,116,97,246
JAWA TENGAH,KOTA SEMARANG,GAJAHMUNGKUR,KARANGREJO,3374091001001,26,82,78,186
JAWA TENGAH,KOTA SEMARANG,GAJAHMUNGKUR,KARANGREJO,3374091001005,34,86,55,175
JAWA TENGAH,KOTA SEMARANG,GAJAHMUNGKUR,KARANGREJO,3374091001010,23,111,64,198
JAWA TENGAH,KOTA SEMARANG,GAJAHMUNGKUR,KARANGREJO,3374091001013,25,96,113,234
JAWA TENGAH,KOTA SEMARANG,GAJAHMUNGKUR,KARANGREJO,3374091001014,16,90,64,170
JAWA TENGAH,KOTA SEMARANG,GAJAHMUNGKUR,KARANGREJO,3374091001015,30,52,59,141
JAWA TENGAH,KOTA SEMARANG,GAJAHMUNGKUR,KARANGREJO,3374091001018,37,80,124,241
JAWA TENGAH,KOTA SEMARANG,GAJAHMUNGKUR,KARANGREJO,3374091001020,36,68,58,162
JAWA TENGAH,KOTA SEMARANG,GAJAHMUNGKUR,KARANGREJO,3374091001021,19,87,116,222
JAWA TENGAH,KOTA SEMARANG,GAJAHMUNGKUR,LEMPONGSARI,3374091006001,30,114,99,243
JAWA TENGAH,KOTA SEMARANG,GAJAHMUNGKUR,LEMPONGSARI,3374091006002,25,95,82,202
JAWA TENGAH,KOTA SEMARANG,GAJAHMUNGKUR,LEMPONGSARI,3374091006003,24,78,128,230
JAWA TENGAH,KOTA SEMARANG,GAJAHMUNGKUR,LEMPONGSARI,3374091006004,25,111,117,253
JAWA TENGAH,KOTA SEMARANG,GAJAHMUNGKUR,LEMPONGSARI,3374091006005,29,118,117,264
JAWA TENGAH,KOTA SEMARANG,GAJAHMUNGKUR,LEMPONGSARI,3374091006008,34,73,79,186
JAWA TENGAH,KOTA SEMARANG,GAJAHMUNGKUR,LEMPONGSARI,3374091006009,13,54,117,184
JAWA TENGAH,KOTA SEMARANG,GAJAHMUNGKUR,LEMPONGSARI,3374091006010,28,114,104,246
JAWA TENGAH,KOTA SEMARANG,GAJAHMUNGKUR,LEMPONGSARI,3374091006011,19,76,172,267
JAWA TENGAH,KOTA SEMARANG,GAJAHMUNGKUR,LEMPONGSARI,3374091006013,15,78,96,189
JAWA TENGAH,KOTA SEMARANG,GAJAHMUNGKUR,LEMPONGSARI,3374091006014,18,57,95,170
JAWA TENGAH,KOTA SEMARANG,GAJAHMUNGKUR,PETOMPON,3374091007001,37,86,73,196
JAWA TENGAH,KOTA SEMARANG,GAJAHMUNGKUR,PETOMPON,3374091007002,39,79,103,221
JAWA TENGAH,KOTA SEMARANG,GAJAHMUNGKUR,PETOMPON,3374091007003,28,84,116,228
JAWA TENGAH,KOTA SEMARANG,GAJAHMUNGKUR,PETOMPON,3374091007004,40,113,73,226
JAWA TENGAH,KOTA SEMARANG,GAJAHMUNGKUR,PETOMPON,3374091007005,23,66,68,157
JAWA TENGAH,KOTA SEMARANG,GAJAHMUNGKUR,PETOMPON,3374091007006,42,95,94,231
JAWA TENGAH,KOTA SEMARANG,GAJAHMUNGKUR,PETOMPON,3374091007008,33,115,88,236
JAWA TENGAH,KOTA SEMARANG,GAJAHMUNGKUR,PETOMPON,3374091007009,33,81,103,217
JAWA TENGAH,KOTA SEMARANG,GAJAHMUNGKUR,PETOMPON,3374091007010,14,76,133,223
JAWA TENGAH,KOTA SEMARANG,GAJAHMUNGKUR,PETOMPON,3374091007012,29,81,55,165
JAWA TENGAH,KOTA SEMARANG,GAJAHMUNGKUR,PETOMPON,3374091007015,41,72,72,185
JAWA TENGAH,KOTA SEMARANG,GAJAHMUNGKUR,PETOMPON,3374091007017,39,125,83,247
JAWA TENGAH,KOTA SEMARANG,GAJAHMUNGKUR,PETOMPON,3374091007018,18,90,113,221
JAWA TENGAH,KOTA SEMARANG,GAJAHMUNGKUR,SAMPANGAN,3374091004001,29,125,87,241
JAWA TENGAH,KOTA SEMARANG,GAJAHMUNGKUR,SAMPANGAN,3374091004002,59,94,89,242
JAWA TENGAH,KOTA SEMARANG,GAJAHMUNGKUR,SAMPANGAN,3374091004003,49,93,90,232
JAWA TENGAH,KOTA SEMARANG,GAJAHMUNGKUR,SAMPANGAN,3374091004004,56,90,65,211
JAWA TENGAH,KOTA SEMARANG,GAJAHMUNGKUR,SAMPANGAN,3374091004005,45,94,55,194
JAWA TENGAH,KOTA SEMARANG,GAJAHMUNGKUR,SAMPANGAN,3374091004006,65,80,72,217
JAWA TENGAH,KOTA SEMARANG,GAJAHMUNGKUR,SAMPANGAN,3374091004008,43,110,67,220
JAWA TENGAH,KOTA SEMARANG,GAJAHMUNGKUR,SAMPANGAN,3374091004010,30,79,95,204
JAWA TENGAH,KOTA SEMARANG,GAJAHMUNGKUR,SAMPANGAN,3374091004011,39,140,44,223
JAWA TENGAH,KOTA SEMARANG,GAJAHMUNGKUR,SAMPANGAN,3374091004012,58,103,64,225
JAWA TENGAH,KOTA SEMARANG,GAJAHMUNGKUR,SAMPANGAN,3374091004013,49,77,61,187
JAWA TENGAH,KOTA SEMARANG,GAJAHMUNGKUR,SAMPANGAN,3374091004015,47,115,76,238
JAWA TENGAH,KOTA SEMARANG,GAJAHMUNGKUR,SAMPANGAN,3374091004017,29,144,74,247
JAWA TENGAH,KOTA SEMARANG,GAJAHMUNGKUR,SAMPANGAN,3374091004019,43,115,91,249
JAWA TENGAH,KOTA SEMARANG,GAJAHMUNGKUR,SAMPANGAN,3374091004021,31,68,67,166
JAWA TENGAH,KOTA SEMARANG,GAJAHMUNGKUR,SAMPANGAN,3374091004028,58,121,80,259
JAWA TENGAH,KOTA SEMARANG,GAJAHMUNGKUR,SAMPANGAN,3374091004030,37,73,64,174
JAWA TENGAH,KOTA SEMARANG,GAYAMSARI,GAYAMSARI,3374041007001,14,91,91,196
JAWA TENGAH,KOTA SEMARANG,GAYAMSARI,GAYAMSARI,3374041007002,21,94,74,189
JAWA TENGAH,KOTA SEMARANG,GAYAMSARI,GAYAMSARI,3374041007003,48,76,102,226
JAWA TENGAH,KOTA SEMARANG,GAYAMSARI,GAYAMSARI,3374041007004,39,81,92,212
JAWA TENGAH,KOTA SEMARANG,GAYAMSARI,GAYAMSARI,3374041007006,38,107,90,235
JAWA TENGAH,KOTA SEMARANG,GAYAMSARI,GAYAMSARI,3374041007007,38,92,88,218
JAWA TENGAH,KOTA SEMARANG,GAYAMSARI,GAYAMSARI,3374041007008,33,86,79,198
JAWA TENGAH,KOTA SEMARANG,GAYAMSARI,GAYAMSARI,3374041007010,28,117,85,230
JAWA TENGAH,KOTA SEMARANG,GAYAMSARI,GAYAMSARI,3374041007011,14,113,99,226
JAWA TENGAH,KOTA SEMARANG,GAYAMSARI,GAYAMSARI,3374041007012,29,135,77,241
JAWA TENGAH,KOTA SEMARANG,GAYAMSARI,GAYAMSARI,3374041007014,27,124,86,237
JAWA TENGAH,KOTA SEMARANG,GAYAMSARI,GAYAMSARI,3374041007019,28,92,77,197
JAWA TENGAH,KOTA SEMARANG,GAYAMSARI,GAYAMSARI,3374041007020,28,90,78,196
JAWA TENGAH,KOTA SEMARANG,GAYAMSARI,GAYAMSARI,3374041007021,35,111,60,206
JAWA TENGAH,KOTA SEMARANG,GAYAMSARI,GAYAMSARI,3374041007022,62,102,67,231
JAWA TENGAH,KOTA SEMARANG,GAYAMSARI,GAYAMSARI,3374041007023,21,131,92,244
JAWA TENGAH,KOTA SEMARANG,GAYAMSARI,GAYAMSARI,3374041007024,36,117,81,234
JAWA TENGAH,KOTA SEMARANG,GAYAMSARI,GAYAMSARI,3374041007026,16,116,93,225
JAWA TENGAH,KOTA SEMARANG,GAYAMSARI,GAYAMSARI,3374041007028,26,111,93,230
JAWA TENGAH,KOTA SEMARANG,GAYAMSARI,GAYAMSARI,3374041007030,22,100,105,227
JAWA TENGAH,KOTA SEMARANG,GAYAMSARI,GAYAMSARI,3374041007032,11,87,115,213
JAWA TENGAH,KOTA SEMARANG,GAYAMSARI,KALIGAWE,3374041002001,19,130,88,237
JAWA TENGAH,KOTA SEMARANG,GAYAMSARI,KALIGAWE,3374041002003,16,96,87,199
JAWA TENGAH,KOTA SEMARANG,GAYAMSARI,KALIGAWE,3374041002005,5,102,112,219
JAWA TENGAH,KOTA SEMARANG,GAYAMSARI,KALIGAWE,3374041002006,24,97,93,214
JAWA TENGAH,KOTA SEMARANG,GAYAMSARI,KALIGAWE,3374041002007,19,98,87,204
JAWA TENGAH,KOTA SEMARANG,GAYAMSARI,KALIGAWE,3374041002010,18,98,100,216
JAWA TENGAH,KOTA SEMARANG,GAYAMSARI,KALIGAWE,3374041002013,10,130,109,249
JAWA TENGAH,KOTA SEMARANG,GAYAMSARI,KALIGAWE,3374041002014,16,110,99,225
JAWA TENGAH,KOTA SEMARANG,GAYAMSARI,KALIGAWE,3374041002015,19,64,95,178
JAWA TENGAH,KOTA SEMARANG,GAYAMSARI,KALIGAWE,3374041002016,26,94,112,232
JAWA TENGAH,KOTA SEMARANG,GAYAMSARI,KALIGAWE,3374041002017,6,104,111,221
JAWA TENGAH,KOTA SEMARANG,GAYAMSARI,KALIGAWE,3374041002019,21,103,85,209
JAWA TENGAH,KOTA SEMARANG,GAYAMSARI,KALIGAWE,3374041002021,24,113,79,216
JAWA TENGAH,KOTA SEMARANG,GAYAMSARI,KALIGAWE,3374041002022,11,100,50,161
JAWA TENGAH,KOTA SEMARANG,GAYAMSARI,KALIGAWE,3374041002025,20,105,93,218
JAWA TENGAH,KOTA SEMARANG,GAYAMSARI,KALIGAWE,3374041002028,4,98,89,191
JAWA TENGAH,KOTA SEMARANG,GAYAMSARI,PANDEAN LAMPER,3374041006004,21,114,98,233
JAWA TENGAH,KOTA SEMARANG,GAYAMSARI,PANDEAN LAMPER,3374041006008,35,93,66,194
JAWA TENGAH,KOTA SEMARANG,GAYAMSARI,PANDEAN LAMPER,3374041006009,4,64,78,146
JAWA TENGAH,KOTA SEMARANG,GAYAMSARI,PANDEAN LAMPER,3374041006019,58,87,85,230
JAWA TENGAH,KOTA SEMARANG,GAYAMSARI,PANDEAN LAMPER,3374041006028,33,82,86,201
JAWA TENGAH,KOTA SEMARANG,GAYAMSARI,SAMBIREJO,3374041004002,29,112,83,224
JAWA TENGAH,KOTA SEMARANG,GAYAMSARI,SAMBIREJO,3374041004003,20,106,82,208
JAWA TENGAH,KOTA SEMARANG,GAYAMSARI,SAMBIREJO,3374041004004,24,119,96,239
JAWA TENGAH,KOTA SEMARANG,GAYAMSARI,SAMBIREJO,3374041004006,22,122,98,242
JAWA TENGAH,KOTA SEMARANG,GAYAMSARI,SAMBIREJO,3374041004007,14,101,109,224
JAWA TENGAH,KOTA SEMARANG,GAYAMSARI,SAMBIREJO,3374041004009,28,103,105,236
JAWA TENGAH,KOTA SEMARANG,GAYAMSARI,SAMBIREJO,3374041004010,22,102,106,230
JAWA TENGAH,KOTA SEMARANG,GAYAMSARI,SAMBIREJO,3374041004011,23,101,114,238
JAWA TENGAH,KOTA SEMARANG,GAYAMSARI,SAMBIREJO,3374041004012,18,111,96,225
JAWA TENGAH,KOTA SEMARANG,GAYAMSARI,SAMBIREJO,3374041004014,32,114,83,229
JAWA TENGAH,KOTA SEMARANG,GAYAMSARI,SAMBIREJO,3374041004015,42,105,73,220
JAWA TENGAH,KOTA SEMARANG,GAYAMSARI,SAMBIREJO,3374041004017,21,113,106,240
JAWA TENGAH,KOTA SEMARANG,GAYAMSARI,SAMBIREJO,3374041004018,14,89,111,214
JAWA TENGAH,KOTA SEMARANG,GAYAMSARI,SAMBIREJO,3374041004019,11,125,71,207
JAWA TENGAH,KOTA SEMARANG,GAYAMSARI,SAMBIREJO,3374041004020,34,127,81,242
JAWA TENGAH,KOTA SEMARANG,GAYAMSARI,SAMBIREJO,3374041004021,17,69,93,179
JAWA TENGAH,KOTA SEMARANG,GAYAMSARI,SAMBIREJO,3374041004022,14,93,90,197
JAWA TENGAH,KOTA SEMARANG,GAYAMSARI,SAWAH BESAR,3374041003001,22,117,100,239
JAWA TENGAH,KOTA SEMARANG,GAYAMSARI,SAWAH BESAR,3374041003004,14,124,93,231
JAWA TENGAH,KOTA SEMARANG,GAYAMSARI,SAWAH BESAR,3374041003005,18,99,83,200
JAWA TENGAH,KOTA SEMARANG,GAYAMSARI,SAWAH BESAR,3374041003006,20,97,116,233
JAWA TENGAH,KOTA SEMARANG,GAYAMSARI,SAWAH BESAR,3374041003007,48,96,92,236
JAWA TENGAH,KOTA SEMARANG,GAYAMSARI,SAWAH BESAR,3374041003008,21,144,94,259
JAWA TENGAH,KOTA SEMARANG,GAYAMSARI,SAWAH BESAR,3374041003009,36,89,112,237
JAWA TENGAH,KOTA SEMARANG,GAYAMSARI,SAWAH BESAR,3374041003010,16,91,123,230
JAWA TENGAH,KOTA SEMARANG,GAYAMSARI,SAWAH BESAR,3374041003011,19,91,135,245
JAWA TENGAH,KOTA SEMARANG,GAYAMSARI,SAWAH BESAR,3374041003012,23,114,110,247
JAWA TENGAH,KOTA SEMARANG,GAYAMSARI,SAWAH BESAR,3374041003013,15,134,79,228
JAWA TENGAH,KOTA SEMARANG,GAYAMSARI,SAWAH BESAR,3374041003014,17,107,98,222
JAWA TENGAH,KOTA SEMARANG,GAYAMSARI,SAWAH BESAR,3374041003015,15,130,96,241
JAWA TENGAH,KOTA SEMARANG,GAYAMSARI,SAWAH BESAR,3374041003016,16,108,93,217
JAWA TENGAH,KOTA SEMARANG,GAYAMSARI,SAWAH BESAR,3374041003017,9,108,105,222
JAWA TENGAH,KOTA SEMARANG,GAYAMSARI,SAWAH BESAR,3374041003018,18,108,84,210
JAWA TENGAH,KOTA SEMARANG,GAYAMSARI,SAWAH BESAR,3374041003021,15,152,73,240
JAWA TENGAH,KOTA SEMARANG,GAYAMSARI,SAWAH BESAR,3374041003022,18,108,103,229
JAWA TENGAH,KOTA SEMARANG,GAYAMSARI,SAWAH BESAR,3374041003023,15,120,88,223
JAWA TENGAH,KOTA SEMARANG,GAYAMSARI,SAWAH BESAR,3374041003025,13,111,66,190
JAWA TENGAH,KOTA SEMARANG,GAYAMSARI,SIWALAN,3374041005005,23,92,109,224
JAWA TENGAH,KOTA SEMARANG,GAYAMSARI,SIWALAN,3374041005006,16,112,99,227
JAWA TENGAH,KOTA SEMARANG,GAYAMSARI,SIWALAN,3374041005007,17,111,92,220
JAWA TENGAH,KOTA SEMARANG,GAYAMSARI,SIWALAN,3374041005010,10,125,61,196
JAWA TENGAH,KOTA SEMARANG,GAYAMSARI,SIWALAN,3374041005012,13,100,75,188
JAWA TENGAH,KOTA SEMARANG,GAYAMSARI,SIWALAN,3374041005018,22,122,106,250
JAWA TENGAH,KOTA SEMARANG,GAYAMSARI,SIWALAN,3374041005020,12,121,106,239
JAWA TENGAH,KOTA SEMARANG,GAYAMSARI,SIWALAN,3374041005021,18,95,103,216
JAWA TENGAH,KOTA SEMARANG,GAYAMSARI,TAMBAKREJO,3374041001001,21,62,60,143
JAWA TENGAH,KOTA SEMARANG,GAYAMSARI,TAMBAKREJO,3374041001002,20,115,94,229
JAWA TENGAH,KOTA SEMARANG,GAYAMSARI,TAMBAKREJO,3374041001003,31,90,43,164
JAWA TENGAH,KOTA SEMARANG,GAYAMSARI,TAMBAKREJO,3374041001004,54,87,44,185
JAWA TENGAH,KOTA SEMARANG,GAYAMSARI,TAMBAKREJO,3374041001005,26,108,116,250
JAWA TENGAH,KOTA SEMARANG,GAYAMSARI,TAMBAKREJO,3374041001006,24,110,88,222
JAWA TENGAH,KOTA SEMARANG,GAYAMSARI,TAMBAKREJO,3374041001007,12,127,87,226
JAWA TENGAH,KOTA SEMARANG,GAYAMSARI,TAMBAKREJO,3374041001008,17,108,75,200
JAWA TENGAH,KOTA SEMARANG,GAYAMSARI,TAMBAKREJO,3374041001009,33,96,89,218
JAWA TENGAH,KOTA SEMARANG,GAYAMSARI,TAMBAKREJO,3374041001010,7,100,119,226
JAWA TENGAH,KOTA SEMARANG,GAYAMSARI,TAMBAKREJO,3374041001011,28,117,92,237
JAWA TENGAH,KOTA SEMARANG,GAYAMSARI,TAMBAKREJO,3374041001012,10,127,88,225
JAWA TENGAH,KOTA SEMARANG,GAYAMSARI,TAMBAKREJO,3374041001013,12,107,105,224
JAWA TENGAH,KOTA SEMARANG,GAYAMSARI,TAMBAKREJO,3374041001014,25,100,94,219
JAWA TENGAH,KOTA SEMARANG,GAYAMSARI,TAMBAKREJO,3374041001015,13,118,96,227
JAWA TENGAH,KOTA SEMARANG,GAYAMSARI,TAMBAKREJO,3374041001016,5,129,88,222
JAWA TENGAH,KOTA SEMARANG,GAYAMSARI,TAMBAKREJO,3374041001017,10,121,102,233
JAWA TENGAH,KOTA SEMARANG,GAYAMSARI,TAMBAKREJO,3374041001018,8,129,109,246
JAWA TENGAH,KOTA SEMARANG,GAYAMSARI,TAMBAKREJO,3374041001019,13,143,103,259
JAWA TENGAH,KOTA SEMARANG,GAYAMSARI,TAMBAKREJO,3374041001020,13,132,97,242
JAWA TENGAH,KOTA SEMARANG,GAYAMSARI,TAMBAKREJO,3374041001021,18,117,106,241
JAWA TENGAH,KOTA SEMARANG,GAYAMSARI,TAMBAKREJO,3374041001022,12,122,87,221
JAWA TENGAH,KOTA SEMARANG,GAYAMSARI,TAMBAKREJO,3374041001023,15,87,123,225
JAWA TENGAH,KOTA SEMARANG,GAYAMSARI,TAMBAKREJO,3374041001025,29,142,74,245
JAWA TENGAH,KOTA SEMARANG,GAYAMSARI,TAMBAKREJO,3374041001026,17,155,73,245
JAWA TENGAH,KOTA SEMARANG,GENUK,BANGETAYU KULON,3374051010001,24,127,122,273
JAWA TENGAH,KOTA SEMARANG,GENUK,BANGETAYU KULON,3374051010003,25,127,111,263
JAWA TENGAH,KOTA SEMARANG,GENUK,BANGETAYU KULON,3374051010004,39,93,83,215
JAWA TENGAH,KOTA SEMARANG,GENUK,BANGETAYU KULON,3374051010005,12,143,96,251
JAWA TENGAH,KOTA SEMARANG,GENUK,BANGETAYU KULON,3374051010007,23,124,92,239
JAWA TENGAH,KOTA SEMARANG,GENUK,BANGETAYU KULON,3374051010008,23,104,99,226
JAWA TENGAH,KOTA SEMARANG,GENUK,BANGETAYU KULON,3374051010009,24,151,76,251
JAWA TENGAH,KOTA SEMARANG,GENUK,BANGETAYU KULON,3374051010010,32,98,96,226
JAWA TENGAH,KOTA SEMARANG,GENUK,BANGETAYU KULON,3374051010011,15,114,100,229
JAWA TENGAH,KOTA SEMARANG,GENUK,BANGETAYU KULON,3374051010012,47,127,81,255
JAWA TENGAH,KOTA SEMARANG,GENUK,BANGETAYU KULON,3374051010013,32,154,83,269
JAWA TENGAH,KOTA SEMARANG,GENUK,BANGETAYU KULON,3374051010014,35,133,77,245
JAWA TENGAH,KOTA SEMARANG,GENUK,BANGETAYU KULON,3374051010015,29,84,83,196
JAWA TENGAH,KOTA SEMARANG,GENUK,BANGETAYU KULON,3374051010016,30,113,66,209
JAWA TENGAH,KOTA SEMARANG,GENUK,BANGETAYU KULON,3374051010017,22,113,53,188
JAWA TENGAH,KOTA SEMARANG,GENUK,BANGETAYU KULON,3374051010018,24,128,59,211
JAWA TENGAH,KOTA SEMARANG,GENUK,BANGETAYU KULON,3374051010020,17,124,106,247
JAWA TENGAH,KOTA SEMARANG,GENUK,BANGETAYU KULON,3374051010021,16,142,82,240
JAWA TENGAH,KOTA SEMARANG,GENUK,BANGETAYU KULON,3374051010022,27,158,70,255
JAWA TENGAH,KOTA SEMARANG,GENUK,BANGETAYU KULON,3374051010023,15,129,90,234
JAWA TENGAH,KOTA SEMARANG,GENUK,BANGETAYU KULON,3374051010024,17,148,64,229
JAWA TENGAH,KOTA SEMARANG,GENUK,BANGETAYU KULON,3374051010025,16,128,104,248
JAWA TENGAH,KOTA SEMARANG,GENUK,BANGETAYU KULON,3374051010026,9,92,97,198
JAWA TENGAH,KOTA SEMARANG,GENUK,BANGETAYU KULON,3374051010027,38,126,74,238
JAWA TENGAH,KOTA SEMARANG,GENUK,BANGETAYU KULON,3374051010028,20,89,85,194
JAWA TENGAH,KOTA SEMARANG,GENUK,BANGETAYU KULON,3374051010029,31,132,94,257
JAWA TENGAH,KOTA SEMARANG,GENUK,BANGETAYU KULON,3374051010030,11,102,96,209
JAWA TENGAH,KOTA SEMARANG,GENUK,BANGETAYU KULON,3374051010031,33,90,85,208
JAWA TENGAH,KOTA SEMARANG,GENUK,BANGETAYU KULON,3374051010032,29,105,114,248
JAWA TENGAH,KOTA SEMARANG,GENUK,BANGETAYU KULON,3374051010033,26,106,55,187
JAWA TENGAH,KOTA SEMARANG,GENUK,BANGETAYU KULON,3374051010036,51,171,53,275
JAWA TENGAH,KOTA SEMARANG,GENUK,BANGETAYU KULON,3374051010037,21,137,72,230
JAWA TENGAH,KOTA SEMARANG,GENUK,BANGETAYU KULON,3374051010038,34,140,100,274
JAWA TENGAH,KOTA SEMARANG,GENUK,BANGETAYU KULON,3374051010039,24,141,56,221
JAWA TENGAH,KOTA SEMARANG,GENUK,BANGETAYU KULON,3374051010041,24,110,95,229
JAWA TENGAH,KOTA SEMARANG,GENUK,BANGETAYU KULON,3374051010042,27,103,71,201
JAWA TENGAH,KOTA SEMARANG,GENUK,BANGETAYU KULON,3374051010043,15,129,125,269
JAWA TENGAH,KOTA SEMARANG,GENUK,BANGETAYU KULON,3374051010044,24,108,97,229
JAWA TENGAH,KOTA SEMARANG,GENUK,BANGETAYU KULON,3374051010045,9,107,73,189
JAWA TENGAH,KOTA SEMARANG,GENUK,BANGETAYU KULON,3374051010046,46,127,100,273
JAWA TENGAH,KOTA SEMARANG,GENUK,BANGETAYU KULON,3374051010047,18,146,92,256
JAWA TENGAH,KOTA SEMARANG,GENUK,BANGETAYU KULON,3374051010048,18,137,98,253
JAWA TENGAH,KOTA SEMARANG,GENUK,BANGETAYU KULON,3374051010049,12,102,98,212
JAWA TENGAH,KOTA SEMARANG,GENUK,BANGETAYU WETAN,3374051011001,46,119,59,224
JAWA TENGAH,KOTA SEMARANG,GENUK,BANGETAYU WETAN,3374051011002,28,132,77,237
JAWA TENGAH,KOTA SEMARANG,GENUK,BANGETAYU WETAN,3374051011003,54,112,55,221
JAWA TENGAH,KOTA SEMARANG,GENUK,BANGETAYU WETAN,3374051011004,39,128,72,239
JAWA TENGAH,KOTA SEMARANG,GENUK,BANGETAYU WETAN,3374051011005,48,121,72,241
JAWA TENGAH,KOTA SEMARANG,GENUK,BANGETAYU WETAN,3374051011006,24,129,59,212
JAWA TENGAH,KOTA SEMARANG,GENUK,BANGETAYU WETAN,3374051011007,25,131,93,249
JAWA TENGAH,KOTA SEMARANG,GENUK,BANGETAYU WETAN,3374051011008,30,127,86,243
JAWA TENGAH,KOTA SEMARANG,GENUK,BANGETAYU WETAN,3374051011010,39,112,84,235
JAWA TENGAH,KOTA SEMARANG,GENUK,BANGETAYU WETAN,3374051011011,34,128,87,249
JAWA TENGAH,KOTA SEMARANG,GENUK,BANGETAYU WETAN,3374051011012,49,98,84,231
JAWA TENGAH,KOTA SEMARANG,GENUK,BANGETAYU WETAN,3374051011013,20,137,84,241
JAWA TENGAH,KOTA SEMARANG,GENUK,BANGETAYU WETAN,3374051011014,19,134,88,241
JAWA TENGAH,KOTA SEMARANG,GENUK,BANGETAYU WETAN,3374051011015,31,129,81,241
JAWA TENGAH,KOTA SEMARANG,GENUK,BANGETAYU WETAN,3374051011016,28,145,63,236
JAWA TENGAH,KOTA SEMARANG,GENUK,BANGETAYU WETAN,3374051011017,17,148,72,237
JAWA TENGAH,KOTA SEMARANG,GENUK,BANGETAYU WETAN,3374051011018,31,136,69,236
JAWA TENGAH,KOTA SEMARANG,GENUK,BANGETAYU WETAN,3374051011019,35,108,78,221
JAWA TENGAH,KOTA SEMARANG,GENUK,BANGETAYU WETAN,3374051011020,47,135,70,252
JAWA TENGAH,KOTA SEMARANG,GENUK,BANGETAYU WETAN,3374051011021,47,129,74,250
JAWA TENGAH,KOTA SEMARANG,GENUK,BANGETAYU WETAN,3374051011022,24,146,78,248
JAWA TENGAH,KOTA SEMARANG,GENUK,BANGETAYU WETAN,3374051011023,23,122,129,274
JAWA TENGAH,KOTA SEMARANG,GENUK,BANGETAYU WETAN,3374051011024,34,141,67,242
JAWA TENGAH,KOTA SEMARANG,GENUK,BANGETAYU WETAN,3374051011025,24,152,82,258
JAWA TENGAH,KOTA SEMARANG,GENUK,BANGETAYU WETAN,3374051011026,11,130,120,261
JAWA TENGAH,KOTA SEMARANG,GENUK,BANGETAYU WETAN,3374051011028,30,143,65,238
JAWA TENGAH,KOTA SEMARANG,GENUK,BANGETAYU WETAN,3374051011029,43,134,68,245
JAWA TENGAH,KOTA SEMARANG,GENUK,BANGETAYU WETAN,3374051011030,31,133,78,242
JAWA TENGAH,KOTA SEMARANG,GENUK,BANGETAYU WETAN,3374051011031,27,143,72,242
JAWA TENGAH,KOTA SEMARANG,GENUK,BANGETAYU WETAN,3374051011032,13,111,106,230
JAWA TENGAH,KOTA SEMARANG,GENUK,BANGETAYU WETAN,3374051011033,8,98,108,214
JAWA TENGAH,KOTA SEMARANG,GENUK,BANGETAYU WETAN,3374051011034,41,130,96,267
JAWA TENGAH,KOTA SEMARANG,GENUK,BANGETAYU WETAN,3374051011035,40,123,80,243
JAWA TENGAH,KOTA SEMARANG,GENUK,BANGETAYU WETAN,3374051011036,18,140,98,256
JAWA TENGAH,KOTA SEMARANG,GENUK,BANGETAYU WETAN,3374051011037,36,145,72,253
JAWA TENGAH,KOTA SEMARANG,GENUK,BANGETAYU WETAN,3374051011038,48,102,90,240
JAWA TENGAH,KOTA SEMARANG,GENUK,BANGETAYU WETAN,3374051011039,44,131,92,267
JAWA TENGAH,KOTA SEMARANG,GENUK,BANJARDOWO,3374051005001,57,98,64,219
JAWA TENGAH,KOTA SEMARANG,GENUK,BANJARDOWO,3374051005002,13,135,79,227
JAWA TENGAH,KOTA SEMARANG,GENUK,BANJARDOWO,3374051005003,20,164,67,251
JAWA TENGAH,KOTA SEMARANG,GENUK,BANJARDOWO,3374051005004,54,128,62,244
JAWA TENGAH,KOTA SEMARANG,GENUK,BANJARDOWO,3374051005005,27,129,83,239
JAWA TENGAH,KOTA SEMARANG,GENUK,BANJARDOWO,3374051005006,26,123,99,248
JAWA TENGAH,KOTA SEMARANG,GENUK,BANJARDOWO,3374051005007,22,150,92,264
JAWA TENGAH,KOTA SEMARANG,GENUK,BANJARDOWO,3374051005008,52,127,67,246
JAWA TENGAH,KOTA SEMARANG,GENUK,BANJARDOWO,3374051005009,27,144,94,265
JAWA TENGAH,KOTA SEMARANG,GENUK,BANJARDOWO,3374051005010,27,162,60,249
JAWA TENGAH,KOTA SEMARANG,GENUK,BANJARDOWO,3374051005011,30,112,96,238
JAWA TENGAH,KOTA SEMARANG,GENUK,BANJARDOWO,3374051005012,23,156,62,241
JAWA TENGAH,KOTA SEMARANG,GENUK,BANJARDOWO,3374051005013,29,100,84,213
JAWA TENGAH,KOTA SEMARANG,GENUK,BANJARDOWO,3374051005014,34,111,91,236
JAWA TENGAH,KOTA SEMARANG,GENUK,BANJARDOWO,3374051005015,58,122,77,257
JAWA TENGAH,KOTA SEMARANG,GENUK,BANJARDOWO,3374051005016,60,98,71,229
JAWA TENGAH,KOTA SEMARANG,GENUK,BANJARDOWO,3374051005018,60,114,54,228
JAWA TENGAH,KOTA SEMARANG,GENUK,BANJARDOWO,3374051005019,37,154,47,238
JAWA TENGAH,KOTA SEMARANG,GENUK,BANJARDOWO,3374051005020,47,131,56,234
JAWA TENGAH,KOTA SEMARANG,GENUK,BANJARDOWO,3374051005021,57,94,55,206
JAWA TENGAH,KOTA SEMARANG,GENUK,BANJARDOWO,3374051005022,48,95,72,215
JAWA TENGAH,KOTA SEMARANG,GENUK,BANJARDOWO,3374051005023,32,122,68,222
JAWA TENGAH,KOTA SEMARANG,GENUK,BANJARDOWO,3374051005024,34,123,61,218
JAWA TENGAH,KOTA SEMARANG,GENUK,BANJARDOWO,3374051005025,23,141,58,222
JAWA TENGAH,KOTA SEMARANG,GENUK,BANJARDOWO,3374051005026,11,126,57,194
JAWA TENGAH,KOTA SEMARANG,GENUK,BANJARDOWO,3374051005028,17,129,60,206
JAWA TENGAH,KOTA SEMARANG,GENUK,BANJARDOWO,3374051005029,15,128,102,245
JAWA TENGAH,KOTA SEMARANG,GENUK,GEBANGSARI,3374051006001,38,122,62,222
JAWA TENGAH,KOTA SEMARANG,GENUK,GEBANGSARI,3374051006002,51,92,69,212
JAWA TENGAH,KOTA SEMARANG,GENUK,GEBANGSARI,3374051006003,30,100,62,192
JAWA TENGAH,KOTA SEMARANG,GENUK,GEBANGSARI,3374051006004,44,96,73,213
JAWA TENGAH,KOTA SEMARANG,GENUK,GEBANGSARI,3374051006005,31,72,80,183
JAWA TENGAH,KOTA SEMARANG,GENUK,GEBANGSARI,3374051006006,41,105,67,213
JAWA TENGAH,KOTA SEMARANG,GENUK,GEBANGSARI,3374051006008,33,94,78,205
JAWA TENGAH,KOTA SEMARANG,GENUK,GEBANGSARI,3374051006009,39,92,76,207
JAWA TENGAH,KOTA SEMARANG,GENUK,GEBANGSARI,3374051006010,17,102,77,196
JAWA TENGAH,KOTA SEMARANG,GENUK,GEBANGSARI,3374051006011,19,104,93,216
JAWA TENGAH,KOTA SEMARANG,GENUK,GEBANGSARI,3374051006012,24,117,80,221
JAWA TENGAH,KOTA SEMARANG,GENUK,GEBANGSARI,3374051006013,81,72,71,224
JAWA TENGAH,KOTA SEMARANG,GENUK,GEBANGSARI,3374051006014,19,86,88,193
JAWA TENGAH,KOTA SEMARANG,GENUK,GENUKSARI,3374051004001,37,115,87,239
JAWA TENGAH,KOTA SEMARANG,GENUK,GENUKSARI,3374051004002,37,129,64,230
JAWA TENGAH,KOTA SEMARANG,GENUK,GENUKSARI,3374051004003,48,125,63,236
JAWA TENGAH,KOTA SEMARANG,GENUK,GENUKSARI,3374051004004,33,105,83,221
JAWA TENGAH,KOTA SEMARANG,GENUK,GENUKSARI,3374051004005,28,147,72,247
JAWA TENGAH,KOTA SEMARANG,GENUK,GENUKSARI,3374051004006,9,145,87,241
JAWA TENGAH,KOTA SEMARANG,GENUK,GENUKSARI,3374051004007,32,133,73,238
JAWA TENGAH,KOTA SEMARANG,GENUK,GENUKSARI,3374051004008,7,149,89,245
JAWA TENGAH,KOTA SEMARANG,GENUK,GENUKSARI,3374051004009,22,144,76,242
JAWA TENGAH,KOTA SEMARANG,GENUK,GENUKSARI,3374051004010,4,126,80,210
JAWA TENGAH,KOTA SEMARANG,GENUK,GENUKSARI,3374051004011,25,115,79,219
JAWA TENGAH,KOTA SEMARANG,GENUK,GENUKSARI,3374051004012,32,135,67,234
JAWA TENGAH,KOTA SEMARANG,GENUK,GENUKSARI,3374051004013,49,124,66,239
JAWA TENGAH,KOTA SEMARANG,GENUK,GENUKSARI,3374051004014,38,117,79,234
JAWA TENGAH,KOTA SEMARANG,GENUK,GENUKSARI,3374051004016,25,138,80,243
JAWA TENGAH,KOTA SEMARANG,GENUK,GENUKSARI,3374051004017,26,161,68,255
JAWA TENGAH,KOTA SEMARANG,GENUK,GENUKSARI,3374051004018,47,71,64,182
JAWA TENGAH,KOTA SEMARANG,GENUK,GENUKSARI,3374051004019,46,130,55,231
JAWA TENGAH,KOTA SEMARANG,GENUK,GENUKSARI,3374051004020,24,137,56,217
JAWA TENGAH,KOTA SEMARANG,GENUK,GENUKSARI,3374051004022,26,125,109,260
JAWA TENGAH,KOTA SEMARANG,GENUK,GENUKSARI,3374051004023,10,94,63,167
JAWA TENGAH,KOTA SEMARANG,GENUK,GENUKSARI,3374051004024,28,147,80,255
JAWA TENGAH,KOTA SEMARANG,GENUK,GENUKSARI,3374051004025,17,150,102,269
JAWA TENGAH,KOTA SEMARANG,GENUK,GENUKSARI,3374051004026,20,142,81,243
JAWA TENGAH,KOTA SEMARANG,GENUK,GENUKSARI,3374051004027,23,132,84,239
JAWA TENGAH,KOTA SEMARANG,GENUK,GENUKSARI,3374051004028,19,143,83,245
JAWA TENGAH,KOTA SEMARANG,GENUK,GENUKSARI,3374051004029,19,133,83,235
JAWA TENGAH,KOTA SEMARANG,GENUK,GENUKSARI,3374051004030,23,141,94,258
JAWA TENGAH,KOTA SEMARANG,GENUK,GENUKSARI,3374051004031,23,154,87,264
JAWA TENGAH,KOTA SEMARANG,GENUK,GENUKSARI,3374051004032,22,109,91,222
JAWA TENGAH,KOTA SEMARANG,GENUK,GENUKSARI,3374051004034,34,126,89,249
JAWA TENGAH,KOTA SEMARANG,GENUK,GENUKSARI,3374051004035,30,125,84,239
JAWA TENGAH,KOTA SEMARANG,GENUK,GENUKSARI,3374051004036,16,121,120,257
JAWA TENGAH,KOTA SEMARANG,GENUK,GENUKSARI,3374051004037,8,128,112,248
JAWA TENGAH,KOTA SEMARANG,GENUK,GENUKSARI,3374051004038,23,100,109,232
JAWA TENGAH,KOTA SEMARANG,GENUK,GENUKSARI,3374051004039,10,131,102,243
JAWA TENGAH,KOTA SEMARANG,GENUK,GENUKSARI,3374051004041,17,110,107,234
JAWA TENGAH,KOTA SEMARANG,GENUK,GENUKSARI,3374051004042,28,110,96,234
JAWA TENGAH,KOTA SEMARANG,GENUK,GENUKSARI,3374051004043,48,114,71,233
JAWA TENGAH,KOTA SEMARANG,GENUK,GENUKSARI,3374051004044,23,90,57,170
JAWA TENGAH,KOTA SEMARANG,GENUK,GENUKSARI,3374051004045,8,118,80,206
JAWA TENGAH,KOTA SEMARANG,GENUK,GENUKSARI,3374051004046,16,123,68,207
JAWA TENGAH,KOTA SEMARANG,GENUK,GENUKSARI,3374051004047,26,85,52,163
JAWA TENGAH,KOTA SEMARANG,GENUK,KARANGROTO,3374051003001,26,156,82,264
JAWA TENGAH,KOTA SEMARANG,GENUK,KARANGROTO,3374051003002,11,154,88,253
JAWA TENGAH,KOTA SEMARANG,GENUK,KARANGROTO,3374051003003,11,139,68,218
JAWA TENGAH,KOTA SEMARANG,GENUK,KARANGROTO,3374051003004,13,137,86,236
JAWA TENGAH,KOTA SEMARANG,GENUK,KARANGROTO,3374051003005,38,112,70,220
JAWA TENGAH,KOTA SEMARANG,GENUK,KARANGROTO,3374051003006,18,112,102,232
JAWA TENGAH,KOTA SEMARANG,GENUK,KARANGROTO,3374051003008,12,106,122,240
JAWA TENGAH,KOTA SEMARANG,GENUK,KARANGROTO,3374051003009,31,112,79,222
JAWA TENGAH,KOTA SEMARANG,GENUK,KARANGROTO,3374051003010,26,145,97,268
JAWA TENGAH,KOTA SEMARANG,GENUK,KARANGROTO,3374051003011,31,131,88,250
JAWA TENGAH,KOTA SEMARANG,GENUK,KARANGROTO,3374051003013,33,136,55,224
JAWA TENGAH,KOTA SEMARANG,GENUK,KARANGROTO,3374051003015,25,124,60,209
JAWA TENGAH,KOTA SEMARANG,GENUK,KARANGROTO,3374051003016,28,102,80,210
JAWA TENGAH,KOTA SEMARANG,GENUK,KARANGROTO,3374051003017,15,118,88,221
JAWA TENGAH,KOTA SEMARANG,GENUK,KARANGROTO,3374051003019,14,112,78,204
JAWA TENGAH,KOTA SEMARANG,GENUK,KARANGROTO,3374051003020,46,150,56,252
JAWA TENGAH,KOTA SEMARANG,GENUK,KARANGROTO,3374051003022,19,101,91,211
JAWA TENGAH,KOTA SEMARANG,GENUK,KARANGROTO,3374051003023,30,124,51,205
JAWA TENGAH,KOTA SEMARANG,GENUK,KARANGROTO,3374051003024,35,120,76,231
JAWA TENGAH,KOTA SEMARANG,GENUK,KARANGROTO,3374051003025,20,132,87,239
JAWA TENGAH,KOTA SEMARANG,GENUK,KARANGROTO,3374051003027,26,160,65,251
JAWA TENGAH,KOTA SEMARANG,GENUK,KARANGROTO,3374051003028,17,120,83,220
JAWA TENGAH,KOTA SEMARANG,GENUK,KARANGROTO,3374051003029,12,125,76,213
JAWA TENGAH,KOTA SEMARANG,GENUK,KARANGROTO,3374051003031,10,65,122,197
JAWA TENGAH,KOTA SEMARANG,GENUK,KARANGROTO,3374051003032,18,112,90,220
JAWA TENGAH,KOTA SEMARANG,GENUK,KARANGROTO,3374051003033,24,125,82,231
JAWA TENGAH,KOTA SEMARANG,GENUK,KARANGROTO,3374051003035,19,96,105,220
JAWA TENGAH,KOTA SEMARANG,GENUK,KARANGROTO,3374051003036,28,111,85,224
JAWA TENGAH,KOTA SEMARANG,GENUK,KARANGROTO,3374051003037,13,113,88,214
JAWA TENGAH,KOTA SEMARANG,GENUK,KARANGROTO,3374051003038,22,135,83,240
JAWA TENGAH,KOTA SEMARANG,GENUK,KARANGROTO,3374051003039,23,149,67,239
JAWA TENGAH,KOTA SEMARANG,GENUK,KUDU,3374051002001,24,153,68,245
JAWA TENGAH,KOTA SEMARANG,GENUK,KUDU,3374051002002,17,124,97,238
JAWA TENGAH,KOTA SEMARANG,GENUK,KUDU,3374051002004,31,130,95,256
JAWA TENGAH,KOTA SEMARANG,GENUK,KUDU,3374051002005,41,147,69,257
JAWA TENGAH,KOTA SEMARANG,GENUK,KUDU,3374051002006,25,142,63,230
JAWA TENGAH,KOTA SEMARANG,GENUK,KUDU,3374051002007,30,112,71,213
JAWA TENGAH,KOTA SEMARANG,GENUK,KUDU,3374051002008,29,147,81,257
JAWA TENGAH,KOTA SEMARANG,GENUK,KUDU,3374051002010,10,158,80,248
JAWA TENGAH,KOTA SEMARANG,GENUK,KUDU,3374051002012,27,129,111,267
JAWA TENGAH,KOTA SEMARANG,GENUK,KUDU,3374051002013,19,136,82,237
JAWA TENGAH,KOTA SEMARANG,GENUK,KUDU,3374051002014,15,138,66,219
JAWA TENGAH,KOTA SEMARANG,GENUK,KUDU,3374051002015,18,159,60,237
JAWA TENGAH,KOTA SEMARANG,GENUK,KUDU,3374051002016,27,123,82,232
JAWA TENGAH,KOTA SEMARANG,GENUK,KUDU,3374051002017,14,156,86,256
JAWA TENGAH,KOTA SEMARANG,GENUK,KUDU,3374051002018,19,122,94,235
JAWA TENGAH,KOTA SEMARANG,GENUK,KUDU,3374051002019,14,149,102,265
JAWA TENGAH,KOTA SEMARANG,GENUK,KUDU,3374051002021,10,152,82,244
JAWA TENGAH,KOTA SEMARANG,GENUK,KUDU,3374051002022,18,138,72,228
JAWA TENGAH,KOTA SEMARANG,GENUK,KUDU,3374051002024,14,136,93,243
JAWA TENGAH,KOTA SEMARANG,GENUK,KUDU,3374051002025,10,132,96,238
JAWA TENGAH,KOTA SEMARANG,GENUK,KUDU,3374051002026,10,111,65,186
JAWA TENGAH,KOTA SEMARANG,GENUK,MUKTIHARJO LOR,3374051009001,13,98,67,178
JAWA TENGAH,KOTA SEMARANG,GENUK,MUKTIHARJO LOR,3374051009002,11,94,65,170
JAWA TENGAH,KOTA SEMARANG,GENUK,MUKTIHARJO LOR,3374051009005,10,145,106,261
JAWA TENGAH,KOTA SEMARANG,GENUK,MUKTIHARJO LOR,3374051009006,14,113,126,253
JAWA TENGAH,KOTA SEMARANG,GENUK,MUKTIHARJO LOR,3374051009007,28,94,102,224
JAWA TENGAH,KOTA SEMARANG,GENUK,MUKTIHARJO LOR,3374051009008,32,125,97,254
JAWA TENGAH,KOTA SEMARANG,GENUK,MUKTIHARJO LOR,3374051009009,13,109,112,234
JAWA TENGAH,KOTA SEMARANG,GENUK,MUKTIHARJO LOR,3374051009010,11,104,118,233
JAWA TENGAH,KOTA SEMARANG,GENUK,MUKTIHARJO LOR,3374051009011,1,104,86,191
JAWA TENGAH,KOTA SEMARANG,GENUK,PENGGARON LOR,3374051008001,34,145,69,248
JAWA TENGAH,KOTA SEMARANG,GENUK,PENGGARON LOR,3374051008002,33,120,83,236
JAWA TENGAH,KOTA SEMARANG,GENUK,PENGGARON LOR,3374051008003,11,148,83,242
JAWA TENGAH,KOTA SEMARANG,GENUK,PENGGARON LOR,3374051008004,17,159,77,253
JAWA TENGAH,KOTA SEMARANG,GENUK,PENGGARON LOR,3374051008007,43,131,51,225
JAWA TENGAH,KOTA SEMARANG,GENUK,PENGGARON LOR,3374051008008,22,138,93,253
JAWA TENGAH,KOTA SEMARANG,GENUK,PENGGARON LOR,3374051008009,37,121,78,236
JAWA TENGAH,KOTA SEMARANG,GENUK,PENGGARON LOR,3374051008010,15,132,67,214
JAWA TENGAH,KOTA SEMARANG,GENUK,PENGGARON LOR,3374051008011,25,122,75,222
JAWA TENGAH,KOTA SEMARANG,GENUK,PENGGARON LOR,3374051008012,14,102,95,211
JAWA TENGAH,KOTA SEMARANG,GENUK,PENGGARON LOR,3374051008013,22,146,81,249
JAWA TENGAH,KOTA SEMARANG,GENUK,PENGGARON LOR,3374051008014,31,144,81,256
JAWA TENGAH,KOTA SEMARANG,GENUK,PENGGARON LOR,3374051008015,31,116,74,221
JAWA TENGAH,KOTA SEMARANG,GENUK,PENGGARON LOR,3374051008016,18,89,142,249
JAWA TENGAH,KOTA SEMARANG,GENUK,SEMBUNGHARJO,3374051001002,38,134,79,251
JAWA TENGAH,KOTA SEMARANG,GENUK,SEMBUNGHARJO,3374051001003,38,154,69,261
JAWA TENGAH,KOTA SEMARANG,GENUK,SEMBUNGHARJO,3374051001004,26,147,82,255
JAWA TENGAH,KOTA SEMARANG,GENUK,SEMBUNGHARJO,3374051001006,14,148,87,249
JAWA TENGAH,KOTA SEMARANG,GENUK,SEMBUNGHARJO,3374051001007,15,113,121,249
JAWA TENGAH,KOTA SEMARANG,GENUK,SEMBUNGHARJO,3374051001008,15,167,59,241
JAWA TENGAH,KOTA SEMARANG,GENUK,SEMBUNGHARJO,3374051001010,38,142,102,282
JAWA TENGAH,KOTA SEMARANG,GENUK,SEMBUNGHARJO,3374051001012,33,118,85,236
JAWA TENGAH,KOTA SEMARANG,GENUK,SEMBUNGHARJO,3374051001013,32,141,85,258
JAWA TENGAH,KOTA SEMARANG,GENUK,SEMBUNGHARJO,3374051001014,33,125,103,261
JAWA TENGAH,KOTA SEMARANG,GENUK,SEMBUNGHARJO,3374051001015,24,128,99,251
JAWA TENGAH,KOTA SEMARANG,GENUK,SEMBUNGHARJO,3374051001019,37,132,74,243
JAWA TENGAH,KOTA SEMARANG,GENUK,SEMBUNGHARJO,3374051001020,32,130,89,251
JAWA TENGAH,KOTA SEMARANG,GENUK,SEMBUNGHARJO,3374051001021,32,109,92,233
JAWA TENGAH,KOTA SEMARANG,GENUK,SEMBUNGHARJO,3374051001022,34,129,77,240
JAWA TENGAH,KOTA SEMARANG,GENUK,SEMBUNGHARJO,3374051001023,71,109,64,244
JAWA TENGAH,KOTA SEMARANG,GENUK,SEMBUNGHARJO,3374051001024,36,117,71,224
JAWA TENGAH,KOTA SEMARANG,GENUK,SEMBUNGHARJO,3374051001025,32,130,98,260
JAWA TENGAH,KOTA SEMARANG,GENUK,SEMBUNGHARJO,3374051001026,48,95,86,229
JAWA TENGAH,KOTA SEMARANG,GENUK,SEMBUNGHARJO,3374051001027,76,96,66,238
JAWA TENGAH,KOTA SEMARANG,GENUK,SEMBUNGHARJO,3374051001028,41,97,85,223
JAWA TENGAH,KOTA SEMARANG,GENUK,SEMBUNGHARJO,3374051001029,19,142,81,242
JAWA TENGAH,KOTA SEMARANG,GENUK,SEMBUNGHARJO,3374051001030,31,122,100,253
JAWA TENGAH,KOTA SEMARANG,GENUK,SEMBUNGHARJO,3374051001031,22,122,57,201
JAWA TENGAH,KOTA SEMARANG,GENUK,SEMBUNGHARJO,3374051001032,23,143,83,249
JAWA TENGAH,KOTA SEMARANG,GENUK,SEMBUNGHARJO,3374051001033,19,156,72,247
JAWA TENGAH,KOTA SEMARANG,GENUK,SEMBUNGHARJO,3374051001034,18,134,78,230
JAWA TENGAH,KOTA SEMARANG,GENUK,SEMBUNGHARJO,3374051001035,14,133,101,248
JAWA TENGAH,KOTA SEMARANG,GENUK,SEMBUNGHARJO,3374051001036,9,131,110,250
JAWA TENGAH,KOTA SEMARANG,GENUK,TERBOYO KULON,3374051012001,15,115,77,207
JAWA TENGAH,KOTA SEMARANG,GENUK,TERBOYO KULON,3374051012002,13,101,59,173
JAWA TENGAH,KOTA SEMARANG,GENUK,TERBOYO WETAN,3374051013001,9,121,81,211
JAWA TENGAH,KOTA SEMARANG,GENUK,TERBOYO WETAN,3374051013002,26,94,101,221
JAWA TENGAH,KOTA SEMARANG,GENUK,TERBOYO WETAN,3374051013003,21,136,112,269
JAWA TENGAH,KOTA SEMARANG,GENUK,TERBOYO WETAN,3374051013004,23,120,97,240
JAWA TENGAH,KOTA SEMARANG,GENUK,TRIMULYO,3374051007001,23,125,82,230
JAWA TENGAH,KOTA SEMARANG,GENUK,TRIMULYO,3374051007002,10,146,84,240
JAWA TENGAH,KOTA SEMARANG,GENUK,TRIMULYO,3374051007003,14,134,71,219
JAWA TENGAH,KOTA SEMARANG,GENUK,TRIMULYO,3374051007004,32,81,61,174
JAWA TENGAH,KOTA SEMARANG,GENUK,TRIMULYO,3374051007005,19,107,61,187
JAWA TENGAH,KOTA SEMARANG,GENUK,TRIMULYO,3374051007006,13,113,58,184
JAWA TENGAH,KOTA SEMARANG,GENUK,TRIMULYO,3374051007007,24,106,89,219
JAWA TENGAH,KOTA SEMARANG,GUNUNGPATI,CEPOKO,3374121012005,31,108,94,233
JAWA TENGAH,KOTA SEMARANG,GUNUNGPATI,CEPOKO,3374121012007,9,99,95,203
JAWA TENGAH,KOTA SEMARANG,GUNUNGPATI,CEPOKO,3374121012008,45,103,119,267
JAWA TENGAH,KOTA SEMARANG,GUNUNGPATI,CEPOKO,3374121012009,26,131,121,278
JAWA TENGAH,KOTA SEMARANG,GUNUNGPATI,GUNUNGPATI,3374121004001,27,131,94,252
JAWA TENGAH,KOTA SEMARANG,GUNUNGPATI,GUNUNGPATI,3374121004002,48,141,64,253
JAWA TENGAH,KOTA SEMARANG,GUNUNGPATI,GUNUNGPATI,3374121004003,78,124,69,271
JAWA TENGAH,KOTA SEMARANG,GUNUNGPATI,GUNUNGPATI,3374121004004,59,125,68,252
JAWA TENGAH,KOTA SEMARANG,GUNUNGPATI,GUNUNGPATI,3374121004005,45,83,65,193
JAWA TENGAH,KOTA SEMARANG,GUNUNGPATI,GUNUNGPATI,3374121004006,36,112,85,233
JAWA TENGAH,KOTA SEMARANG,GUNUNGPATI,GUNUNGPATI,3374121004007,52,106,94,252
JAWA TENGAH,KOTA SEMARANG,GUNUNGPATI,GUNUNGPATI,3374121004008,27,111,62,200
JAWA TENGAH,KOTA SEMARANG,GUNUNGPATI,GUNUNGPATI,3374121004009,27,94,67,188
JAWA TENGAH,KOTA SEMARANG,GUNUNGPATI,GUNUNGPATI,3374121004010,33,145,80,258
JAWA TENGAH,KOTA SEMARANG,GUNUNGPATI,GUNUNGPATI,3374121004011,27,137,83,247
JAWA TENGAH,KOTA SEMARANG,GUNUNGPATI,GUNUNGPATI,3374121004012,15,158,77,250
JAWA TENGAH,KOTA SEMARANG,GUNUNGPATI,GUNUNGPATI,3374121004013,25,131,62,218
JAWA TENGAH,KOTA SEMARANG,GUNUNGPATI,GUNUNGPATI,3374121004014,35,128,67,230
JAWA TENGAH,KOTA SEMARANG,GUNUNGPATI,GUNUNGPATI,3374121004015,12,99,70,181
JAWA TENGAH,KOTA SEMARANG,GUNUNGPATI,GUNUNGPATI,3374121004016,24,121,93,238
JAWA TENGAH,KOTA SEMARANG,GUNUNGPATI,GUNUNGPATI,3374121004018,16,117,134,267
JAWA TENGAH,KOTA SEMARANG,GUNUNGPATI,GUNUNGPATI,3374121004019,33,132,79,244
JAWA TENGAH,KOTA SEMARANG,GUNUNGPATI,GUNUNGPATI,3374121004020,17,106,95,218
JAWA TENGAH,KOTA SEMARANG,GUNUNGPATI,GUNUNGPATI,3374121004021,24,100,120,244
JAWA TENGAH,KOTA SEMARANG,GUNUNGPATI,JATIREJO,3374121013001,17,138,98,253
JAWA TENGAH,KOTA SEMARANG,GUNUNGPATI,JATIREJO,3374121013003,17,100,80,197
JAWA TENGAH,KOTA SEMARANG,GUNUNGPATI,JATIREJO,3374121013004,8,136,95,239
JAWA TENGAH,KOTA SEMARANG,GUNUNGPATI,KALISEGORO,3374121015001,25,125,108,258
JAWA TENGAH,KOTA SEMARANG,GUNUNGPATI,KALISEGORO,3374121015002,29,150,95,274
JAWA TENGAH,KOTA SEMARANG,GUNUNGPATI,KALISEGORO,3374121015003,36,137,97,270
JAWA TENGAH,KOTA SEMARANG,GUNUNGPATI,KALISEGORO,3374121015004,35,113,102,250
JAWA TENGAH,KOTA SEMARANG,GUNUNGPATI,KALISEGORO,3374121015006,24,106,91,221
JAWA TENGAH,KOTA SEMARANG,GUNUNGPATI,KALISEGORO,3374121015008,66,123,74,263
JAWA TENGAH,KOTA SEMARANG,GUNUNGPATI,KALISEGORO,3374121015009,87,125,56,268
JAWA TENGAH,KOTA SEMARANG,GUNUNGPATI,KALISEGORO,3374121015010,46,116,111,273
JAWA TENGAH,KOTA SEMARANG,GUNUNGPATI,KANDRI,3374121016001,25,115,83,223
JAWA TENGAH,KOTA SEMARANG,GUNUNGPATI,KANDRI,3374121016002,18,115,66,199
JAWA TENGAH,KOTA SEMARANG,GUNUNGPATI,KANDRI,3374121016003,35,101,78,214
JAWA TENGAH,KOTA SEMARANG,GUNUNGPATI,KANDRI,3374121016004,16,117,81,214
JAWA TENGAH,KOTA SEMARANG,GUNUNGPATI,KANDRI,3374121016005,29,110,78,217
JAWA TENGAH,KOTA SEMARANG,GUNUNGPATI,KANDRI,3374121016006,24,112,82,218
JAWA TENGAH,KOTA SEMARANG,GUNUNGPATI,KANDRI,3374121016007,20,130,72,222
JAWA TENGAH,KOTA SEMARANG,GUNUNGPATI,KANDRI,3374121016008,14,121,104,239
JAWA TENGAH,KOTA SEMARANG,GUNUNGPATI,KANDRI,3374121016009,21,121,97,239
JAWA TENGAH,KOTA SEMARANG,GUNUNGPATI,KANDRI,3374121016010,7,147,80,234
JAWA TENGAH,KOTA SEMARANG,GUNUNGPATI,KANDRI,3374121016011,6,135,92,233
JAWA TENGAH,KOTA SEMARANG,GUNUNGPATI,KANDRI,3374121016012,29,133,70,232
JAWA TENGAH,KOTA SEMARANG,GUNUNGPATI,KANDRI,3374121016013,51,120,59,230
JAWA TENGAH,KOTA SEMARANG,GUNUNGPATI,KANDRI,3374121016014,58,103,75,236
JAWA TENGAH,KOTA SEMARANG,GUNUNGPATI,MANGUNSARI,3374121002002,25,143,124,292
JAWA TENGAH,KOTA SEMARANG,GUNUNGPATI,NGIJO,3374121007001,23,150,62,235
JAWA TENGAH,KOTA SEMARANG,GUNUNGPATI,NGIJO,3374121007002,34,133,67,234
JAWA TENGAH,KOTA SEMARANG,GUNUNGPATI,NGIJO,3374121007004,22,135,108,265
JAWA TENGAH,KOTA SEMARANG,GUNUNGPATI,NGIJO,3374121007005,45,136,86,267
JAWA TENGAH,KOTA SEMARANG,GUNUNGPATI,NGIJO,3374121007008,16,120,117,253
JAWA TENGAH,KOTA SEMARANG,GUNUNGPATI,NGIJO,3374121007009,70,125,60,255
JAWA TENGAH,KOTA SEMARANG,GUNUNGPATI,NGIJO,3374121007011,32,144,104,280
JAWA TENGAH,KOTA SEMARANG,GUNUNGPATI,NONGKOSAWIT,3374121005001,32,152,75,259
JAWA TENGAH,KOTA SEMARANG,GUNUNGPATI,NONGKOSAWIT,3374121005002,25,127,100,252
JAWA TENGAH,KOTA SEMARANG,GUNUNGPATI,NONGKOSAWIT,3374121005003,22,155,84,261
JAWA TENGAH,KOTA SEMARANG,GUNUNGPATI,NONGKOSAWIT,3374121005004,35,131,80,246
JAWA TENGAH,KOTA SEMARANG,GUNUNGPATI,NONGKOSAWIT,3374121005005,63,117,67,247
JAWA TENGAH,KOTA SEMARANG,GUNUNGPATI,NONGKOSAWIT,3374121005006,21,148,79,248
JAWA TENGAH,KOTA SEMARANG,GUNUNGPATI,NONGKOSAWIT,3374121005007,28,153,58,239
JAWA TENGAH,KOTA SEMARANG,GUNUNGPATI,NONGKOSAWIT,3374121005008,39,120,77,236
JAWA TENGAH,KOTA SEMARANG,GUNUNGPATI,NONGKOSAWIT,3374121005011,33,92,60,185
JAWA TENGAH,KOTA SEMARANG,GUNUNGPATI,NONGKOSAWIT,3374121005012,24,103,46,173
JAWA TENGAH,KOTA SEMARANG,GUNUNGPATI,NONGKOSAWIT,3374121005013,29,60,45,134
JAWA TENGAH,KOTA SEMARANG,GUNUNGPATI,NONGKOSAWIT,3374121005014,35,151,78,264
JAWA TENGAH,KOTA SEMARANG,GUNUNGPATI,NONGKOSAWIT,3374121005016,24,147,100,271
JAWA TENGAH,KOTA SEMARANG,GUNUNGPATI,PAKINTELAN,3374121001001,18,129,98,245
JAWA TENGAH,KOTA SEMARANG,GUNUNGPATI,PAKINTELAN,3374121001002,25,117,79,221
JAWA TENGAH,KOTA SEMARANG,GUNUNGPATI,PAKINTELAN,3374121001003,21,124,76,221
JAWA TENGAH,KOTA SEMARANG,GUNUNGPATI,PAKINTELAN,3374121001005,12,126,79,217
JAWA TENGAH,KOTA SEMARANG,GUNUNGPATI,PAKINTELAN,3374121001006,25,125,60,210
JAWA TENGAH,KOTA SEMARANG,GUNUNGPATI,PAKINTELAN,3374121001008,34,100,107,241
JAWA TENGAH,KOTA SEMARANG,GUNUNGPATI,PAKINTELAN,3374121001009,26,90,106,222
JAWA TENGAH,KOTA SEMARANG,GUNUNGPATI,PAKINTELAN,3374121001010,20,70,98,188
JAWA TENGAH,KOTA SEMARANG,GUNUNGPATI,PAKINTELAN,3374121001011,26,142,78,246
JAWA TENGAH,KOTA SEMARANG,GUNUNGPATI,PAKINTELAN,3374121001012,16,144,88,248
JAWA TENGAH,KOTA SEMARANG,GUNUNGPATI,PAKINTELAN,3374121001013,31,111,83,225
JAWA TENGAH,KOTA SEMARANG,GUNUNGPATI,PAKINTELAN,3374121001014,24,116,119,259
JAWA TENGAH,KOTA SEMARANG,GUNUNGPATI,PAKINTELAN,3374121001015,44,123,111,278
JAWA TENGAH,KOTA SEMARANG,GUNUNGPATI,PAKINTELAN,3374121001017,39,131,121,291
JAWA TENGAH,KOTA SEMARANG,GUNUNGPATI,PATEMON,3374121008001,39,145,68,252
JAWA TENGAH,KOTA SEMARANG,GUNUNGPATI,PATEMON,3374121008004,48,145,73,266
JAWA TENGAH,KOTA SEMARANG,GUNUNGPATI,PATEMON,3374121008007,39,151,73,263
JAWA TENGAH,KOTA SEMARANG,GUNUNGPATI,PATEMON,3374121008008,59,145,76,280
JAWA TENGAH,KOTA SEMARANG,GUNUNGPATI,PATEMON,3374121008009,81,142,47,270
JAWA TENGAH,KOTA SEMARANG,GUNUNGPATI,PATEMON,3374121008010,52,126,77,255
JAWA TENGAH,KOTA SEMARANG,GUNUNGPATI,PATEMON,3374121008011,50,147,60,257
JAWA TENGAH,KOTA SEMARANG,GUNUNGPATI,PATEMON,3374121008013,32,136,102,270
JAWA TENGAH,KOTA SEMARANG,GUNUNGPATI,PATEMON,3374121008014,41,135,89,265
JAWA TENGAH,KOTA SEMARANG,GUNUNGPATI,PATEMON,3374121008016,33,70,69,172
JAWA TENGAH,KOTA SEMARANG,GUNUNGPATI,PLALANGAN,3374121003001,47,143,70,260
JAWA TENGAH,KOTA SEMARANG,GUNUNGPATI,PLALANGAN,3374121003002,59,114,78,251
JAWA TENGAH,KOTA SEMARANG,GUNUNGPATI,PLALANGAN,3374121003003,37,119,86,242
JAWA TENGAH,KOTA SEMARANG,GUNUNGPATI,PLALANGAN,3374121003005,19,102,60,181
JAWA TENGAH,KOTA SEMARANG,GUNUNGPATI,PLALANGAN,3374121003007,43,136,62,241
JAWA TENGAH,KOTA SEMARANG,GUNUNGPATI,PLALANGAN,3374121003008,15,101,90,206
JAWA TENGAH,KOTA SEMARANG,GUNUNGPATI,PLALANGAN,3374121003010,12,83,95,190
JAWA TENGAH,KOTA SEMARANG,GUNUNGPATI,PLALANGAN,3374121003011,36,130,81,247
JAWA TENGAH,KOTA SEMARANG,GUNUNGPATI,PONGANGAN,3374121006001,22,119,101,242
JAWA TENGAH,KOTA SEMARANG,GUNUNGPATI,PONGANGAN,3374121006002,24,127,100,251
JAWA TENGAH,KOTA SEMARANG,GUNUNGPATI,PONGANGAN,3374121006003,31,124,102,257
JAWA TENGAH,KOTA SEMARANG,GUNUNGPATI,PONGANGAN,3374121006012,16,78,95,189
JAWA TENGAH,KOTA SEMARANG,GUNUNGPATI,PONGANGAN,3374121006013,13,125,85,223
JAWA TENGAH,KOTA SEMARANG,GUNUNGPATI,PONGANGAN,3374121006016,9,68,105,182
JAWA TENGAH,KOTA SEMARANG,GUNUNGPATI,PONGANGAN,3374121006017,21,72,122,215
JAWA TENGAH,KOTA SEMARANG,GUNUNGPATI,SADENG,3374121011001,16,141,74,231
JAWA TENGAH,KOTA SEMARANG,GUNUNGPATI,SADENG,3374121011002,37,129,66,232
JAWA TENGAH,KOTA SEMARANG,GUNUNGPATI,SADENG,3374121011003,20,132,78,230
JAWA TENGAH,KOTA SEMARANG,GUNUNGPATI,SADENG,3374121011004,26,133,70,229
JAWA TENGAH,KOTA SEMARANG,GUNUNGPATI,SADENG,3374121011005,21,148,68,237
JAWA TENGAH,KOTA SEMARANG,GUNUNGPATI,SADENG,3374121011006,28,178,47,253
JAWA TENGAH,KOTA SEMARANG,GUNUNGPATI,SADENG,3374121011007,24,160,70,254
JAWA TENGAH,KOTA SEMARANG,GUNUNGPATI,SADENG,3374121011008,18,121,82,221
JAWA TENGAH,KOTA SEMARANG,GUNUNGPATI,SADENG,3374121011009,12,155,71,238
JAWA TENGAH,KOTA SEMARANG,GUNUNGPATI,SADENG,3374121011010,21,156,71,248
JAWA TENGAH,KOTA SEMARANG,GUNUNGPATI,SADENG,3374121011011,18,143,88,249
JAWA TENGAH,KOTA SEMARANG,GUNUNGPATI,SADENG,3374121011012,36,127,87,250
JAWA TENGAH,KOTA SEMARANG,GUNUNGPATI,SADENG,3374121011013,34,97,115,246
JAWA TENGAH,KOTA SEMARANG,GUNUNGPATI,SADENG,3374121011014,38,90,80,208
JAWA TENGAH,KOTA SEMARANG,GUNUNGPATI,SADENG,3374121011015,42,85,69,196
JAWA TENGAH,KOTA SEMARANG,GUNUNGPATI,SADENG,3374121011016,20,67,69,156
JAWA TENGAH,KOTA SEMARANG,GUNUNGPATI,SADENG,3374121011017,37,131,70,238
JAWA TENGAH,KOTA SEMARANG,GUNUNGPATI,SADENG,3374121011018,35,94,72,201
JAWA TENGAH,KOTA SEMARANG,GUNUNGPATI,SADENG,3374121011019,52,86,60,198
JAWA TENGAH,KOTA SEMARANG,GUNUNGPATI,SADENG,3374121011020,72,125,79,276
JAWA TENGAH,KOTA SEMARANG,GUNUNGPATI,SADENG,3374121011021,31,110,94,235
JAWA TENGAH,KOTA SEMARANG,GUNUNGPATI,SEKARAN,3374121009001,24,135,95,254
JAWA TENGAH,KOTA SEMARANG,GUNUNGPATI,SEKARAN,3374121009002,29,159,69,257
JAWA TENGAH,KOTA SEMARANG,GUNUNGPATI,SEKARAN,3374121009004,21,133,87,241
JAWA TENGAH,KOTA SEMARANG,GUNUNGPATI,SEKARAN,3374121009005,39,118,86,243
JAWA TENGAH,KOTA SEMARANG,GUNUNGPATI,SEKARAN,3374121009006,33,138,71,242
JAWA TENGAH,KOTA SEMARANG,GUNUNGPATI,SEKARAN,3374121009007,37,119,69,225
JAWA TENGAH,KOTA SEMARANG,GUNUNGPATI,SEKARAN,3374121009008,31,111,101,243
JAWA TENGAH,KOTA SEMARANG,GUNUNGPATI,SEKARAN,3374121009009,38,135,78,251
JAWA TENGAH,KOTA SEMARANG,GUNUNGPATI,SEKARAN,3374121009011,22,137,91,250
JAWA TENGAH,KOTA SEMARANG,GUNUNGPATI,SEKARAN,3374121009012,26,97,73,196
JAWA TENGAH,KOTA SEMARANG,GUNUNGPATI,SEKARAN,3374121009013,64,109,91,264
JAWA TENGAH,KOTA SEMARANG,GUNUNGPATI,SEKARAN,3374121009014,49,130,82,261
JAWA TENGAH,KOTA SEMARANG,GUNUNGPATI,SEKARAN,3374121009015,32,113,73,218
JAWA TENGAH,KOTA SEMARANG,GUNUNGPATI,SEKARAN,3374121009016,27,145,92,264
JAWA TENGAH,KOTA SEMARANG,GUNUNGPATI,SEKARAN,3374121009017,56,141,69,266
JAWA TENGAH,KOTA SEMARANG,GUNUNGPATI,SEKARAN,3374121009018,53,127,70,250
JAWA TENGAH,KOTA SEMARANG,GUNUNGPATI,SEKARAN,3374121009019,49,131,60,240
JAWA TENGAH,KOTA SEMARANG,GUNUNGPATI,SEKARAN,3374121009021,29,105,108,242
JAWA TENGAH,KOTA SEMARANG,GUNUNGPATI,SEKARAN,3374121009022,18,130,114,262
JAWA TENGAH,KOTA SEMARANG,GUNUNGPATI,SEKARAN,3374121009023,24,116,120,260
JAWA TENGAH,KOTA SEMARANG,GUNUNGPATI,SEKARAN,3374121009024,35,156,85,276
JAWA TENGAH,KOTA SEMARANG,GUNUNGPATI,SUKOREJO,3374121010002,36,115,111,262
JAWA TENGAH,KOTA SEMARANG,GUNUNGPATI,SUKOREJO,3374121010003,41,141,82,264
JAWA TENGAH,KOTA SEMARANG,GUNUNGPATI,SUKOREJO,3374121010006,29,142,112,283
JAWA TENGAH,KOTA SEMARANG,GUNUNGPATI,SUKOREJO,3374121010008,38,154,76,268
JAWA TENGAH,KOTA SEMARANG,GUNUNGPATI,SUKOREJO,3374121010009,59,108,98,265
JAWA TENGAH,KOTA SEMARANG,GUNUNGPATI,SUKOREJO,3374121010012,37,117,98,252
JAWA TENGAH,KOTA SEMARANG,GUNUNGPATI,SUKOREJO,3374121010015,32,121,70,223
JAWA TENGAH,KOTA SEMARANG,GUNUNGPATI,SUKOREJO,3374121010016,75,101,78,254
JAWA TENGAH,KOTA SEMARANG,GUNUNGPATI,SUKOREJO,3374121010018,51,108,94,253
JAWA TENGAH,KOTA SEMARANG,GUNUNGPATI,SUKOREJO,3374121010019,53,122,70,245
JAWA TENGAH,KOTA SEMARANG,GUNUNGPATI,SUKOREJO,3374121010020,46,105,59,210
JAWA TENGAH,KOTA SEMARANG,GUNUNGPATI,SUKOREJO,3374121010021,70,114,78,262
JAWA TENGAH,KOTA SEMARANG,GUNUNGPATI,SUKOREJO,3374121010023,8,92,125,225
JAWA TENGAH,KOTA SEMARANG,GUNUNGPATI,SUKOREJO,3374121010025,4,85,146,235
JAWA TENGAH,KOTA SEMARANG,GUNUNGPATI,SUKOREJO,3374121010026,22,108,124,254
JAWA TENGAH,KOTA SEMARANG,GUNUNGPATI,SUKOREJO,3374121010027,17,133,108,258
JAWA TENGAH,KOTA SEMARANG,GUNUNGPATI,SUKOREJO,3374121010030,18,110,78,206
JAWA TENGAH,KOTA SEMARANG,GUNUNGPATI,SUKOREJO,3374121010032,8,110,77,195
JAWA TENGAH,KOTA SEMARANG,GUNUNGPATI,SUKOREJO,3374121010033,59,131,78,268
JAWA TENGAH,KOTA SEMARANG,GUNUNGPATI,SUMURREJO,3374121014002,51,118,84,253
JAWA TENGAH,KOTA SEMARANG,GUNUNGPATI,SUMURREJO,3374121014003,75,114,48,237
JAWA TENGAH,KOTA SEMARANG,GUNUNGPATI,SUMURREJO,3374121014004,34,94,77,205
JAWA TENGAH,KOTA SEMARANG,GUNUNGPATI,SUMURREJO,3374121014005,35,144,88,267
JAWA TENGAH,KOTA SEMARANG,GUNUNGPATI,SUMURREJO,3374121014007,46,121,87,254
JAWA TENGAH,KOTA SEMARANG,GUNUNGPATI,SUMURREJO,3374121014009,23,124,103,250
JAWA TENGAH,KOTA SEMARANG,GUNUNGPATI,SUMURREJO,3374121014010,25,149,82,256
JAWA TENGAH,KOTA SEMARANG,GUNUNGPATI,SUMURREJO,3374121014011,31,124,93,248
JAWA TENGAH,KOTA SEMARANG,GUNUNGPATI,SUMURREJO,3374121014013,26,109,65,200
JAWA TENGAH,KOTA SEMARANG,MIJEN,BUBAKAN,3374141002001,43,134,92,269
JAWA TENGAH,KOTA SEMARANG,MIJEN,BUBAKAN,3374141002003,29,160,61,250
JAWA TENGAH,KOTA SEMARANG,MIJEN,BUBAKAN,3374141002004,45,134,51,230
JAWA TENGAH,KOTA SEMARANG,MIJEN,BUBAKAN,3374141002005,15,129,60,204
JAWA TENGAH,KOTA SEMARANG,MIJEN,BUBAKAN,3374141002006,28,114,69,211
JAWA TENGAH,KOTA SEMARANG,MIJEN,BUBAKAN,3374141002007,51,119,61,231
JAWA TENGAH,KOTA SEMARANG,MIJEN,BUBAKAN,3374141002008,25,137,73,235
JAWA TENGAH,KOTA SEMARANG,MIJEN,BUBAKAN,3374141002009,60,143,65,268
JAWA TENGAH,KOTA SEMARANG,MIJEN,CANGKIRAN,3374141001001,42,129,77,248
JAWA TENGAH,KOTA SEMARANG,MIJEN,CANGKIRAN,3374141001002,23,110,73,206
JAWA TENGAH,KOTA SEMARANG,MIJEN,CANGKIRAN,3374141001003,26,153,75,254
JAWA TENGAH,KOTA SEMARANG,MIJEN,CANGKIRAN,3374141001004,24,112,103,239
JAWA TENGAH,KOTA SEMARANG,MIJEN,CANGKIRAN,3374141001005,25,114,89,228
JAWA TENGAH,KOTA SEMARANG,MIJEN,CANGKIRAN,3374141001006,32,119,81,232
JAWA TENGAH,KOTA SEMARANG,MIJEN,CANGKIRAN,3374141001007,14,113,95,222
JAWA TENGAH,KOTA SEMARANG,MIJEN,CANGKIRAN,3374141001008,16,108,98,222
JAWA TENGAH,KOTA SEMARANG,MIJEN,CANGKIRAN,3374141001009,41,111,84,236
JAWA TENGAH,KOTA SEMARANG,MIJEN,CANGKIRAN,3374141001010,29,110,80,219
JAWA TENGAH,KOTA SEMARANG,MIJEN,CANGKIRAN,3374141001011,4,129,77,210
JAWA TENGAH,KOTA SEMARANG,MIJEN,CANGKIRAN,3374141001012,25,132,76,233
JAWA TENGAH,KOTA SEMARANG,MIJEN,CANGKIRAN,3374141001013,36,123,79,238
JAWA TENGAH,KOTA SEMARANG,MIJEN,JATIBARANG,3374141009001,23,118,87,228
JAWA TENGAH,KOTA SEMARANG,MIJEN,JATIBARANG,3374141009002,20,155,64,239
JAWA TENGAH,KOTA SEMARANG,MIJEN,JATIBARANG,3374141009004,24,132,69,225
JAWA TENGAH,KOTA SEMARANG,MIJEN,JATIBARANG,3374141009006,17,103,113,233
JAWA TENGAH,KOTA SEMARANG,MIJEN,JATIBARANG,3374141009007,18,104,89,211
JAWA TENGAH,KOTA SEMARANG,MIJEN,JATIBARANG,3374141009008,19,113,60,192
JAWA TENGAH,KOTA SEMARANG,MIJEN,JATIBARANG,3374141009009,25,123,65,213
JAWA TENGAH,KOTA SEMARANG,MIJEN,JATIBARANG,3374141009010,26,127,58,211
JAWA TENGAH,KOTA SEMARANG,MIJEN,JATISARI,3374141013002,27,135,66,228
JAWA TENGAH,KOTA SEMARANG,MIJEN,JATISARI,3374141013003,16,120,94,230
JAWA TENGAH,KOTA SEMARANG,MIJEN,JATISARI,3374141013004,24,137,75,236
JAWA TENGAH,KOTA SEMARANG,MIJEN,JATISARI,3374141013005,31,148,71,250
JAWA TENGAH,KOTA SEMARANG,MIJEN,JATISARI,3374141013006,29,121,67,217
JAWA TENGAH,KOTA SEMARANG,MIJEN,JATISARI,3374141013007,39,134,72,245
JAWA TENGAH,KOTA SEMARANG,MIJEN,JATISARI,3374141013008,73,97,68,238
JAWA TENGAH,KOTA SEMARANG,MIJEN,JATISARI,3374141013009,52,119,54,225
JAWA TENGAH,KOTA SEMARANG,MIJEN,JATISARI,3374141013011,28,131,71,230
JAWA TENGAH,KOTA SEMARANG,MIJEN,JATISARI,3374141013012,21,83,56,160
JAWA TENGAH,KOTA SEMARANG,MIJEN,JATISARI,3374141013013,53,114,64,231
JAWA TENGAH,KOTA SEMARANG,MIJEN,JATISARI,3374141013014,70,98,62,230
JAWA TENGAH,KOTA SEMARANG,MIJEN,JATISARI,3374141013015,57,122,77,256
JAWA TENGAH,KOTA SEMARANG,MIJEN,JATISARI,3374141013016,52,94,67,213
JAWA TENGAH,KOTA SEMARANG,MIJEN,JATISARI,3374141013017,56,109,77,242
JAWA TENGAH,KOTA SEMARANG,MIJEN,JATISARI,3374141013018,58,109,72,239
JAWA TENGAH,KOTA SEMARANG,MIJEN,JATISARI,3374141013019,48,127,92,267
JAWA TENGAH,KOTA SEMARANG,MIJEN,JATISARI,3374141013020,52,109,78,239
JAWA TENGAH,KOTA SEMARANG,MIJEN,JATISARI,3374141013021,72,112,59,243
JAWA TENGAH,KOTA SEMARANG,MIJEN,JATISARI,3374141013022,58,127,78,263
JAWA TENGAH,KOTA SEMARANG,MIJEN,JATISARI,3374141013023,39,121,97,257
JAWA TENGAH,KOTA SEMARANG,MIJEN,JATISARI,3374141013024,32,149,62,243
JAWA TENGAH,KOTA SEMARANG,MIJEN,JATISARI,3374141013025,53,136,52,241
JAWA TENGAH,KOTA SEMARANG,MIJEN,JATISARI,3374141013026,29,143,67,239
JAWA TENGAH,KOTA SEMARANG,MIJEN,JATISARI,3374141013027,47,110,73,230
JAWA TENGAH,KOTA SEMARANG,MIJEN,JATISARI,3374141013028,64,127,64,255
JAWA TENGAH,KOTA SEMARANG,MIJEN,JATISARI,3374141013029,54,109,85,248
JAWA TENGAH,KOTA SEMARANG,MIJEN,JATISARI,3374141013030,51,103,71,225
JAWA TENGAH,KOTA SEMARANG,MIJEN,JATISARI,3374141013031,58,104,73,235
JAWA TENGAH,KOTA SEMARANG,MIJEN,JATISARI,3374141013032,26,117,58,201
JAWA TENGAH,KOTA SEMARANG,MIJEN,KARANGMALANG,3374141003001,37,112,110,259
JAWA TENGAH,KOTA SEMARANG,MIJEN,KARANGMALANG,3374141003002,27,139,80,246
JAWA TENGAH,KOTA SEMARANG,MIJEN,KARANGMALANG,3374141003003,27,121,77,225
JAWA TENGAH,KOTA SEMARANG,MIJEN,KARANGMALANG,3374141003004,33,96,105,234
JAWA TENGAH,KOTA SEMARANG,MIJEN,KARANGMALANG,3374141003005,34,127,89,250
JAWA TENGAH,KOTA SEMARANG,MIJEN,KARANGMALANG,3374141003006,13,137,94,244
JAWA TENGAH,KOTA SEMARANG,MIJEN,KARANGMALANG,3374141003007,8,141,97,246
JAWA TENGAH,KOTA SEMARANG,MIJEN,KEDUNGPANE,3374141010001,28,113,84,225
JAWA TENGAH,KOTA SEMARANG,MIJEN,KEDUNGPANE,3374141010002,19,123,80,222
JAWA TENGAH,KOTA SEMARANG,MIJEN,KEDUNGPANE,3374141010003,14,141,69,224
JAWA TENGAH,KOTA SEMARANG,MIJEN,KEDUNGPANE,3374141010005,12,140,68,220
JAWA TENGAH,KOTA SEMARANG,MIJEN,KEDUNGPANE,3374141010006,11,127,91,229
JAWA TENGAH,KOTA SEMARANG,MIJEN,KEDUNGPANE,3374141010007,11,113,80,204
JAWA TENGAH,KOTA SEMARANG,MIJEN,KEDUNGPANE,3374141010008,11,130,81,222
JAWA TENGAH,KOTA SEMARANG,MIJEN,KEDUNGPANE,3374141010009,24,123,76,223
JAWA TENGAH,KOTA SEMARANG,MIJEN,KEDUNGPANE,3374141010010,23,146,72,241
JAWA TENGAH,KOTA SEMARANG,MIJEN,KEDUNGPANE,3374141010011,23,128,84,235
JAWA TENGAH,KOTA SEMARANG,MIJEN,KEDUNGPANE,3374141010013,20,96,96,212
JAWA TENGAH,KOTA SEMARANG,MIJEN,KEDUNGPANE,3374141010014,10,153,71,234
JAWA TENGAH,KOTA SEMARANG,MIJEN,KEDUNGPANE,3374141010015,20,119,99,238
JAWA TENGAH,KOTA SEMARANG,MIJEN,KEDUNGPANE,3374141010016,19,104,88,211
JAWA TENGAH,KOTA SEMARANG,MIJEN,KEDUNGPANE,3374141010017,21,143,65,229
JAWA TENGAH,KOTA SEMARANG,MIJEN,KEDUNGPANE,3374141010018,31,159,54,244
JAWA TENGAH,KOTA SEMARANG,MIJEN,KEDUNGPANE,3374141010019,35,116,86,237
JAWA TENGAH,KOTA SEMARANG,MIJEN,KEDUNGPANE,3374141010020,59,87,67,213
JAWA TENGAH,KOTA SEMARANG,MIJEN,KEDUNGPANE,3374141010021,66,63,101,230
JAWA TENGAH,KOTA SEMARANG,MIJEN,KEDUNGPANE,3374141010022,70,92,73,235
JAWA TENGAH,KOTA SEMARANG,MIJEN,MIJEN,3374141008001,31,120,72,223
JAWA TENGAH,KOTA SEMARANG,MIJEN,MIJEN,3374141008002,30,156,59,245
JAWA TENGAH,KOTA SEMARANG,MIJEN,MIJEN,3374141008003,45,101,62,208
JAWA TENGAH,KOTA SEMARANG,MIJEN,MIJEN,3374141008004,42,142,48,232
JAWA TENGAH,KOTA SEMARANG,MIJEN,MIJEN,3374141008005,79,155,40,274
JAWA TENGAH,KOTA SEMARANG,MIJEN,MIJEN,3374141008006,53,125,30,208
JAWA TENGAH,KOTA SEMARANG,MIJEN,MIJEN,3374141008007,31,129,95,255
JAWA TENGAH,KOTA SEMARANG,MIJEN,MIJEN,3374141008008,34,127,83,244
JAWA TENGAH,KOTA SEMARANG,MIJEN,MIJEN,3374141008009,10,131,65,206
JAWA TENGAH,KOTA SEMARANG,MIJEN,MIJEN,3374141008010,13,146,71,230
JAWA TENGAH,KOTA SEMARANG,MIJEN,MIJEN,3374141008011,12,82,49,143
JAWA TENGAH,KOTA SEMARANG,MIJEN,MIJEN,3374141008012,12,107,48,167
JAWA TENGAH,KOTA SEMARANG,MIJEN,MIJEN,3374141008013,30,123,79,232
JAWA TENGAH,KOTA SEMARANG,MIJEN,MIJEN,3374141008014,38,133,83,254
JAWA TENGAH,KOTA SEMARANG,MIJEN,MIJEN,3374141008015,37,120,76,233
JAWA TENGAH,KOTA SEMARANG,MIJEN,MIJEN,3374141008016,50,116,52,218
JAWA TENGAH,KOTA SEMARANG,MIJEN,MIJEN,3374141008019,45,113,72,230
JAWA TENGAH,KOTA SEMARANG,MIJEN,MIJEN,3374141008020,38,134,62,234
JAWA TENGAH,KOTA SEMARANG,MIJEN,MIJEN,3374141008021,48,132,64,244
JAWA TENGAH,KOTA SEMARANG,MIJEN,NGADIRGO,3374141011002,13,148,91,252
JAWA TENGAH,KOTA SEMARANG,MIJEN,NGADIRGO,3374141011003,36,144,80,260
JAWA TENGAH,KOTA SEMARANG,MIJEN,NGADIRGO,3374141011004,27,128,87,242
JAWA TENGAH,KOTA SEMARANG,MIJEN,NGADIRGO,3374141011005,21,147,88,256
JAWA TENGAH,KOTA SEMARANG,MIJEN,NGADIRGO,3374141011006,23,131,103,257
JAWA TENGAH,KOTA SEMARANG,MIJEN,NGADIRGO,3374141011007,34,127,99,260
JAWA TENGAH,KOTA SEMARANG,MIJEN,NGADIRGO,3374141011008,23,115,123,261
JAWA TENGAH,KOTA SEMARANG,MIJEN,NGADIRGO,3374141011009,13,110,134,257
JAWA TENGAH,KOTA SEMARANG,MIJEN,NGADIRGO,3374141011011,27,121,68,216
JAWA TENGAH,KOTA SEMARANG,MIJEN,NGADIRGO,3374141011012,20,111,61,192
JAWA TENGAH,KOTA SEMARANG,MIJEN,NGADIRGO,3374141011013,27,138,46,211
JAWA TENGAH,KOTA SEMARANG,MIJEN,NGADIRGO,3374141011015,12,110,98,220
JAWA TENGAH,KOTA SEMARANG,MIJEN,NGADIRGO,3374141011016,31,112,66,209
JAWA TENGAH,KOTA SEMARANG,MIJEN,NGADIRGO,3374141011017,34,105,77,216
JAWA TENGAH,KOTA SEMARANG,MIJEN,NGADIRGO,3374141011018,37,103,63,203
JAWA TENGAH,KOTA SEMARANG,MIJEN,NGADIRGO,3374141011019,27,110,72,209
JAWA TENGAH,KOTA SEMARANG,MIJEN,PESANTREN,3374141014001,21,126,64,211
JAWA TENGAH,KOTA SEMARANG,MIJEN,PESANTREN,3374141014002,16,120,86,222
JAWA TENGAH,KOTA SEMARANG,MIJEN,PESANTREN,3374141014003,22,117,100,239
JAWA TENGAH,KOTA SEMARANG,MIJEN,PESANTREN,3374141014004,33,147,66,246
JAWA TENGAH,KOTA SEMARANG,MIJEN,PESANTREN,3374141014005,55,131,75,261
JAWA TENGAH,KOTA SEMARANG,MIJEN,PESANTREN,3374141014006,69,97,80,246
JAWA TENGAH,KOTA SEMARANG,MIJEN,PESANTREN,3374141014007,78,130,44,252
JAWA TENGAH,KOTA SEMARANG,MIJEN,POLAMAN,3374141004001,58,135,62,255
JAWA TENGAH,KOTA SEMARANG,MIJEN,POLAMAN,3374141004002,28,118,89,235
JAWA TENGAH,KOTA SEMARANG,MIJEN,POLAMAN,3374141004003,44,101,108,253
JAWA TENGAH,KOTA SEMARANG,MIJEN,POLAMAN,3374141004004,8,99,52,159
JAWA TENGAH,KOTA SEMARANG,MIJEN,POLAMAN,3374141004005,11,95,69,175
JAWA TENGAH,KOTA SEMARANG,MIJEN,POLAMAN,3374141004006,15,106,49,170
JAWA TENGAH,KOTA SEMARANG,MIJEN,PURWOSARI,3374141005002,9,142,74,225
JAWA TENGAH,KOTA SEMARANG,MIJEN,PURWOSARI,3374141005003,27,132,73,232
JAWA TENGAH,KOTA SEMARANG,MIJEN,PURWOSARI,3374141005004,12,148,89,249
JAWA TENGAH,KOTA SEMARANG,MIJEN,PURWOSARI,3374141005005,8,91,92,191
JAWA TENGAH,KOTA SEMARANG,MIJEN,PURWOSARI,3374141005006,5,104,92,201
JAWA TENGAH,KOTA SEMARANG,MIJEN,PURWOSARI,3374141005007,18,146,86,250
JAWA TENGAH,KOTA SEMARANG,MIJEN,PURWOSARI,3374141005009,16,152,47,215
JAWA TENGAH,KOTA SEMARANG,MIJEN,PURWOSARI,3374141005010,17,133,71,221
JAWA TENGAH,KOTA SEMARANG,MIJEN,PURWOSARI,3374141005011,25,115,82,222
JAWA TENGAH,KOTA SEMARANG,MIJEN,PURWOSARI,3374141005012,18,76,44,138
JAWA TENGAH,KOTA SEMARANG,MIJEN,PURWOSARI,3374141005013,23,94,49,166
JAWA TENGAH,KOTA SEMARANG,MIJEN,PURWOSARI,3374141005014,26,91,101,218
JAWA TENGAH,KOTA SEMARANG,MIJEN,PURWOSARI,3374141005015,22,113,69,204
JAWA TENGAH,KOTA SEMARANG,MIJEN,TAMBANGAN,3374141006001,12,121,70,203
JAWA TENGAH,KOTA SEMARANG,MIJEN,TAMBANGAN,3374141006002,17,109,89,215
JAWA TENGAH,KOTA SEMARANG,MIJEN,TAMBANGAN,3374141006003,24,93,103,220
JAWA TENGAH,KOTA SEMARANG,MIJEN,TAMBANGAN,3374141006004,17,114,96,227
JAWA TENGAH,KOTA SEMARANG,MIJEN,TAMBANGAN,3374141006005,31,144,75,250
JAWA TENGAH,KOTA SEMARANG,MIJEN,TAMBANGAN,3374141006006,26,162,62,250
JAWA TENGAH,KOTA SEMARANG,MIJEN,TAMBANGAN,3374141006007,36,115,74,225
JAWA TENGAH,KOTA SEMARANG,MIJEN,TAMBANGAN,3374141006008,14,157,86,257
JAWA TENGAH,KOTA SEMARANG,MIJEN,TAMBANGAN,3374141006009,18,143,89,250
JAWA TENGAH,KOTA SEMARANG,MIJEN,TAMBANGAN,3374141006010,18,186,73,277
JAWA TENGAH,KOTA SEMARANG,MIJEN,TAMBANGAN,3374141006011,24,131,80,235
JAWA TENGAH,KOTA SEMARANG,MIJEN,TAMBANGAN,3374141006012,38,132,60,230
JAWA TENGAH,KOTA SEMARANG,MIJEN,TAMBANGAN,3374141006013,31,142,67,240
JAWA TENGAH,KOTA SEMARANG,MIJEN,TAMBANGAN,3374141006014,29,115,80,224
JAWA TENGAH,KOTA SEMARANG,MIJEN,WONOLOPO,3374141007002,30,162,67,259
JAWA TENGAH,KOTA SEMARANG,MIJEN,WONOLOPO,3374141007003,25,152,74,251
JAWA TENGAH,KOTA SEMARANG,MIJEN,WONOLOPO,3374141007004,12,91,97,200
JAWA TENGAH,KOTA SEMARANG,MIJEN,WONOLOPO,3374141007005,28,125,99,252
JAWA TENGAH,KOTA SEMARANG,MIJEN,WONOLOPO,3374141007006,57,115,85,257
JAWA TENGAH,KOTA SEMARANG,MIJEN,WONOLOPO,3374141007007,22,137,103,262
JAWA TENGAH,KOTA SEMARANG,MIJEN,WONOLOPO,3374141007008,11,129,86,226
JAWA TENGAH,KOTA SEMARANG,MIJEN,WONOLOPO,3374141007009,29,171,54,254
JAWA TENGAH,KOTA SEMARANG,MIJEN,WONOLOPO,3374141007010,60,82,81,223
JAWA TENGAH,KOTA SEMARANG,MIJEN,WONOLOPO,3374141007011,28,118,112,258
JAWA TENGAH,KOTA SEMARANG,MIJEN,WONOLOPO,3374141007012,74,85,53,212
JAWA TENGAH,KOTA SEMARANG,MIJEN,WONOLOPO,3374141007013,27,166,59,252
JAWA TENGAH,KOTA SEMARANG,MIJEN,WONOLOPO,3374141007014,26,151,72,249
JAWA TENGAH,KOTA SEMARANG,MIJEN,WONOLOPO,3374141007015,45,133,65,243
JAWA TENGAH,KOTA SEMARANG,MIJEN,WONOLOPO,3374141007016,43,101,72,216
JAWA TENGAH,KOTA SEMARANG,MIJEN,WONOLOPO,3374141007017,33,88,79,200
JAWA TENGAH,KOTA SEMARANG,MIJEN,WONOLOPO,3374141007018,27,101,73,201
JAWA TENGAH,KOTA SEMARANG,MIJEN,WONOLOPO,3374141007019,33,128,73,234
JAWA TENGAH,KOTA SEMARANG,MIJEN,WONOLOPO,3374141007020,17,110,42,169
JAWA TENGAH,KOTA SEMARANG,MIJEN,WONOLOPO,3374141007021,11,103,59,173
JAWA TENGAH,KOTA SEMARANG,MIJEN,WONOLOPO,3374141007022,17,103,52,172
JAWA TENGAH,KOTA SEMARANG,MIJEN,WONOLOPO,3374141007024,44,141,60,245
JAWA TENGAH,KOTA SEMARANG,MIJEN,WONOLOPO,3374141007025,53,125,60,238
JAWA TENGAH,KOTA SEMARANG,MIJEN,WONOLOPO,3374141007026,35,143,58,236
JAWA TENGAH,KOTA SEMARANG,MIJEN,WONOLOPO,3374141007027,33,151,43,227
JAWA TENGAH,KOTA SEMARANG,MIJEN,WONOPLUMBON,3374141012001,11,147,86,244
JAWA TENGAH,KOTA SEMARANG,MIJEN,WONOPLUMBON,3374141012002,19,166,65,250
JAWA TENGAH,KOTA SEMARANG,MIJEN,WONOPLUMBON,3374141012003,15,162,92,269
JAWA TENGAH,KOTA SEMARANG,MIJEN,WONOPLUMBON,3374141012004,23,146,77,246
JAWA TENGAH,KOTA SEMARANG,MIJEN,WONOPLUMBON,3374141012005,28,128,94,250
JAWA TENGAH,KOTA SEMARANG,MIJEN,WONOPLUMBON,3374141012006,27,167,67,261
JAWA TENGAH,KOTA SEMARANG,MIJEN,WONOPLUMBON,3374141012008,31,126,89,246
JAWA TENGAH,KOTA SEMARANG,MIJEN,WONOPLUMBON,3374141012009,7,133,77,217
JAWA TENGAH,KOTA SEMARANG,MIJEN,WONOPLUMBON,3374141012010,6,134,84,224
JAWA TENGAH,KOTA SEMARANG,MIJEN,WONOPLUMBON,3374141012011,12,120,95,227
JAWA TENGAH,KOTA SEMARANG,NGALIYAN,BAMBANKEREP,3374151006001,10,117,88,215
JAWA TENGAH,KOTA SEMARANG,NGALIYAN,BAMBANKEREP,3374151006002,21,134,64,219
JAWA TENGAH,KOTA SEMARANG,NGALIYAN,BAMBANKEREP,3374151006003,11,110,76,197
JAWA TENGAH,KOTA SEMARANG,NGALIYAN,BAMBANKEREP,3374151006004,24,97,42,163
JAWA TENGAH,KOTA SEMARANG,NGALIYAN,BAMBANKEREP,3374151006005,20,125,76,221
JAWA TENGAH,KOTA SEMARANG,NGALIYAN,BAMBANKEREP,3374151006006,25,134,88,247
JAWA TENGAH,KOTA SEMARANG,NGALIYAN,BAMBANKEREP,3374151006007,22,149,77,248
JAWA TENGAH,KOTA SEMARANG,NGALIYAN,BAMBANKEREP,3374151006008,9,126,108,243
JAWA TENGAH,KOTA SEMARANG,NGALIYAN,BAMBANKEREP,3374151006009,13,127,67,207
JAWA TENGAH,KOTA SEMARANG,NGALIYAN,BAMBANKEREP,3374151006010,20,118,103,241
JAWA TENGAH,KOTA SEMARANG,NGALIYAN,BAMBANKEREP,3374151006011,17,66,92,175
JAWA TENGAH,KOTA SEMARANG,NGALIYAN,BAMBANKEREP,3374151006012,17,116,72,205
JAWA TENGAH,KOTA SEMARANG,NGALIYAN,BAMBANKEREP,3374151006013,41,120,74,235
JAWA TENGAH,KOTA SEMARANG,NGALIYAN,BAMBANKEREP,3374151006014,15,125,96,236
JAWA TENGAH,KOTA SEMARANG,NGALIYAN,BAMBANKEREP,3374151006016,26,140,30,196
JAWA TENGAH,KOTA SEMARANG,NGALIYAN,BAMBANKEREP,3374151006017,36,124,92,252
JAWA TENGAH,KOTA SEMARANG,NGALIYAN,BRINGIN,3374151003001,60,124,87,271
JAWA TENGAH,KOTA SEMARANG,NGALIYAN,BRINGIN,3374151003002,63,140,52,255
JAWA TENGAH,KOTA SEMARANG,NGALIYAN,BRINGIN,3374151003003,63,93,72,228
JAWA TENGAH,KOTA SEMARANG,NGALIYAN,BRINGIN,3374151003004,65,93,59,217
JAWA TENGAH,KOTA SEMARANG,NGALIYAN,BRINGIN,3374151003005,77,104,69,250
JAWA TENGAH,KOTA SEMARANG,NGALIYAN,BRINGIN,3374151003006,52,132,70,254
JAWA TENGAH,KOTA SEMARANG,NGALIYAN,BRINGIN,3374151003007,46,137,68,251
JAWA TENGAH,KOTA SEMARANG,NGALIYAN,BRINGIN,3374151003008,62,100,65,227
JAWA TENGAH,KOTA SEMARANG,NGALIYAN,BRINGIN,3374151003010,54,115,53,222
JAWA TENGAH,KOTA SEMARANG,NGALIYAN,BRINGIN,3374151003011,56,86,50,192
JAWA TENGAH,KOTA SEMARANG,NGALIYAN,BRINGIN,3374151003012,53,120,81,254
JAWA TENGAH,KOTA SEMARANG,NGALIYAN,BRINGIN,3374151003013,27,109,57,193
JAWA TENGAH,KOTA SEMARANG,NGALIYAN,BRINGIN,3374151003014,39,139,81,259
JAWA TENGAH,KOTA SEMARANG,NGALIYAN,BRINGIN,3374151003015,25,162,65,252
JAWA TENGAH,KOTA SEMARANG,NGALIYAN,BRINGIN,3374151003016,39,118,59,216
JAWA TENGAH,KOTA SEMARANG,NGALIYAN,BRINGIN,3374151003017,54,143,64,261
JAWA TENGAH,KOTA SEMARANG,NGALIYAN,BRINGIN,3374151003018,18,168,80,266
JAWA TENGAH,KOTA SEMARANG,NGALIYAN,BRINGIN,3374151003019,28,159,80,267
JAWA TENGAH,KOTA SEMARANG,NGALIYAN,BRINGIN,3374151003021,42,124,71,237
JAWA TENGAH,KOTA SEMARANG,NGALIYAN,BRINGIN,3374151003022,31,133,74,238
JAWA TENGAH,KOTA SEMARANG,NGALIYAN,BRINGIN,3374151003023,62,125,65,252
JAWA TENGAH,KOTA SEMARANG,NGALIYAN,BRINGIN,3374151003024,66,111,63,240
JAWA TENGAH,KOTA SEMARANG,NGALIYAN,BRINGIN,3374151003025,86,114,65,265
JAWA TENGAH,KOTA SEMARANG,NGALIYAN,BRINGIN,3374151003026,101,89,55,245
JAWA TENGAH,KOTA SEMARANG,NGALIYAN,BRINGIN,3374151003027,87,88,69,244
JAWA TENGAH,KOTA SEMARANG,NGALIYAN,BRINGIN,3374151003028,75,115,53,243
JAWA TENGAH,KOTA SEMARANG,NGALIYAN,BRINGIN,3374151003029,28,82,59,169
JAWA TENGAH,KOTA SEMARANG,NGALIYAN,BRINGIN,3374151003030,32,96,52,180
JAWA TENGAH,KOTA SEMARANG,NGALIYAN,BRINGIN,3374151003031,59,97,79,235
JAWA TENGAH,KOTA SEMARANG,NGALIYAN,BRINGIN,3374151003032,76,92,62,230
JAWA TENGAH,KOTA SEMARANG,NGALIYAN,BRINGIN,3374151003033,58,93,73,224
JAWA TENGAH,KOTA SEMARANG,NGALIYAN,BRINGIN,3374151003034,54,102,69,225
JAWA TENGAH,KOTA SEMARANG,NGALIYAN,BRINGIN,3374151003035,74,92,83,249
JAWA TENGAH,KOTA SEMARANG,NGALIYAN,BRINGIN,3374151003036,66,101,59,226
JAWA TENGAH,KOTA SEMARANG,NGALIYAN,BRINGIN,3374151003037,49,133,83,265
JAWA TENGAH,KOTA SEMARANG,NGALIYAN,BRINGIN,3374151003038,62,105,80,247
JAWA TENGAH,KOTA SEMARANG,NGALIYAN,BRINGIN,3374151003039,39,111,63,213
JAWA TENGAH,KOTA SEMARANG,NGALIYAN,BRINGIN,3374151003040,40,125,66,231
JAWA TENGAH,KOTA SEMARANG,NGALIYAN,BRINGIN,3374151003041,63,101,72,236
JAWA TENGAH,KOTA SEMARANG,NGALIYAN,BRINGIN,3374151003042,34,124,73,231
JAWA TENGAH,KOTA SEMARANG,NGALIYAN,BRINGIN,3374151003043,22,111,53,186
JAWA TENGAH,KOTA SEMARANG,NGALIYAN,BRINGIN,3374151003045,19,76,39,134
JAWA TENGAH,KOTA SEMARANG,NGALIYAN,BRINGIN,3374151003046,73,112,66,251
JAWA TENGAH,KOTA SEMARANG,NGALIYAN,BRINGIN,3374151003047,29,121,92,242
JAWA TENGAH,KOTA SEMARANG,NGALIYAN,BRINGIN,3374151003048,60,118,88,266
JAWA TENGAH,KOTA SEMARANG,NGALIYAN,GONDORIYO,3374151001001,25,168,49,242
JAWA TENGAH,KOTA SEMARANG,NGALIYAN,GONDORIYO,3374151001003,9,106,126,241
JAWA TENGAH,KOTA SEMARANG,NGALIYAN,GONDORIYO,3374151001004,30,115,71,216
JAWA TENGAH,KOTA SEMARANG,NGALIYAN,GONDORIYO,3374151001005,37,143,55,235
JAWA TENGAH,KOTA SEMARANG,NGALIYAN,GONDORIYO,3374151001006,21,104,117,242
JAWA TENGAH,KOTA SEMARANG,NGALIYAN,GONDORIYO,3374151001009,41,63,47,151
JAWA TENGAH,KOTA SEMARANG,NGALIYAN,GONDORIYO,3374151001010,54,120,68,242
JAWA TENGAH,KOTA SEMARANG,NGALIYAN,GONDORIYO,3374151001011,51,126,71,248
JAWA TENGAH,KOTA SEMARANG,NGALIYAN,GONDORIYO,3374151001012,46,106,48,200
JAWA TENGAH,KOTA SEMARANG,NGALIYAN,GONDORIYO,3374151001013,69,108,76,253
JAWA TENGAH,KOTA SEMARANG,NGALIYAN,GONDORIYO,3374151001015,32,136,83,251
JAWA TENGAH,KOTA SEMARANG,NGALIYAN,GONDORIYO,3374151001020,58,142,63,263
JAWA TENGAH,KOTA SEMARANG,NGALIYAN,KALIPANCUR,3374151005001,17,133,96,246
JAWA TENGAH,KOTA SEMARANG,NGALIYAN,KALIPANCUR,3374151005002,26,132,91,249
JAWA TENGAH,KOTA SEMARANG,NGALIYAN,KALIPANCUR,3374151005003,34,132,87,253
JAWA TENGAH,KOTA SEMARANG,NGALIYAN,KALIPANCUR,3374151005004,21,151,94,266
JAWA TENGAH,KOTA SEMARANG,NGALIYAN,KALIPANCUR,3374151005005,33,88,123,244
JAWA TENGAH,KOTA SEMARANG,NGALIYAN,KALIPANCUR,3374151005006,21,123,108,252
JAWA TENGAH,KOTA SEMARANG,NGALIYAN,KALIPANCUR,3374151005007,23,124,104,251
JAWA TENGAH,KOTA SEMARANG,NGALIYAN,KALIPANCUR,3374151005008,16,132,113,261
JAWA TENGAH,KOTA SEMARANG,NGALIYAN,KALIPANCUR,3374151005009,38,108,68,214
JAWA TENGAH,KOTA SEMARANG,NGALIYAN,KALIPANCUR,3374151005010,29,103,79,211
JAWA TENGAH,KOTA SEMARANG,NGALIYAN,KALIPANCUR,3374151005011,17,128,86,231
JAWA TENGAH,KOTA SEMARANG,NGALIYAN,KALIPANCUR,3374151005012,17,105,96,218
JAWA TENGAH,KOTA SEMARANG,NGALIYAN,KALIPANCUR,3374151005013,20,108,65,193
JAWA TENGAH,KOTA SEMARANG,NGALIYAN,KALIPANCUR,3374151005014,7,104,92,203
JAWA TENGAH,KOTA SEMARANG,NGALIYAN,KALIPANCUR,3374151005015,18,126,81,225
JAWA TENGAH,KOTA SEMARANG,NGALIYAN,KALIPANCUR,3374151005016,20,134,92,246
JAWA TENGAH,KOTA SEMARANG,NGALIYAN,KALIPANCUR,3374151005017,33,92,43,168
JAWA TENGAH,KOTA SEMARANG,NGALIYAN,KALIPANCUR,3374151005018,36,120,84,240
JAWA TENGAH,KOTA SEMARANG,NGALIYAN,KALIPANCUR,3374151005019,31,89,75,195
JAWA TENGAH,KOTA SEMARANG,NGALIYAN,KALIPANCUR,3374151005020,27,118,77,222
JAWA TENGAH,KOTA SEMARANG,NGALIYAN,KALIPANCUR,3374151005021,37,129,67,233
JAWA TENGAH,KOTA SEMARANG,NGALIYAN,KALIPANCUR,3374151005022,30,114,79,223
JAWA TENGAH,KOTA SEMARANG,NGALIYAN,KALIPANCUR,3374151005023,41,126,78,245
JAWA TENGAH,KOTA SEMARANG,NGALIYAN,KALIPANCUR,3374151005024,33,111,90,234
JAWA TENGAH,KOTA SEMARANG,NGALIYAN,KALIPANCUR,3374151005025,24,112,112,248
JAWA TENGAH,KOTA SEMARANG,NGALIYAN,KALIPANCUR,3374151005026,31,116,87,234
JAWA TENGAH,KOTA SEMARANG,NGALIYAN,KALIPANCUR,3374151005027,28,130,76,234
JAWA TENGAH,KOTA SEMARANG,NGALIYAN,KALIPANCUR,3374151005028,26,129,86,241
JAWA TENGAH,KOTA SEMARANG,NGALIYAN,KALIPANCUR,3374151005029,22,158,72,252
JAWA TENGAH,KOTA SEMARANG,NGALIYAN,KALIPANCUR,3374151005030,47,88,76,211
JAWA TENGAH,KOTA SEMARANG,NGALIYAN,KALIPANCUR,3374151005031,39,70,82,191
JAWA TENGAH,KOTA SEMARANG,NGALIYAN,KALIPANCUR,3374151005032,38,93,68,199
JAWA TENGAH,KOTA SEMARANG,NGALIYAN,KALIPANCUR,3374151005033,52,107,70,229
JAWA TENGAH,KOTA SEMARANG,NGALIYAN,KALIPANCUR,3374151005034,64,93,85,242
JAWA TENGAH,KOTA SEMARANG,NGALIYAN,KALIPANCUR,3374151005035,47,98,98,243
JAWA TENGAH,KOTA SEMARANG,NGALIYAN,KALIPANCUR,3374151005036,58,109,90,257
JAWA TENGAH,KOTA SEMARANG,NGALIYAN,KALIPANCUR,3374151005037,53,112,95,260
JAWA TENGAH,KOTA SEMARANG,NGALIYAN,KALIPANCUR,3374151005038,49,100,83,232
JAWA TENGAH,KOTA SEMARANG,NGALIYAN,KALIPANCUR,3374151005039,44,108,76,228
JAWA TENGAH,KOTA SEMARANG,NGALIYAN,KALIPANCUR,3374151005040,35,78,48,161
JAWA TENGAH,KOTA SEMARANG,NGALIYAN,KALIPANCUR,3374151005041,49,101,82,232
JAWA TENGAH,KOTA SEMARANG,NGALIYAN,KALIPANCUR,3374151005042,60,100,76,236
JAWA TENGAH,KOTA SEMARANG,NGALIYAN,KALIPANCUR,3374151005043,52,111,71,234
JAWA TENGAH,KOTA SEMARANG,NGALIYAN,KALIPANCUR,3374151005044,50,105,97,252
JAWA TENGAH,KOTA SEMARANG,NGALIYAN,KALIPANCUR,3374151005046,48,74,96,218
JAWA TENGAH,KOTA SEMARANG,NGALIYAN,KALIPANCUR,3374151005047,57,84,82,223
JAWA TENGAH,KOTA SEMARANG,NGALIYAN,KALIPANCUR,3374151005048,55,108,81,244
JAWA TENGAH,KOTA SEMARANG,NGALIYAN,KALIPANCUR,3374151005049,42,142,75,259
JAWA TENGAH,KOTA SEMARANG,NGALIYAN,KALIPANCUR,3374151005050,54,96,75,225
JAWA TENGAH,KOTA SEMARANG,NGALIYAN,KALIPANCUR,3374151005051,21,83,56,160
JAWA TENGAH,KOTA SEMARANG,NGALIYAN,KALIPANCUR,3374151005052,72,115,40,227
JAWA TENGAH,KOTA SEMARANG,NGALIYAN,KALIPANCUR,3374151005053,39,115,65,219
JAWA TENGAH,KOTA SEMARANG,NGALIYAN,KALIPANCUR,3374151005054,36,119,67,222
JAWA TENGAH,KOTA SEMARANG,NGALIYAN,KALIPANCUR,3374151005055,45,138,53,236
JAWA TENGAH,KOTA SEMARANG,NGALIYAN,KALIPANCUR,3374151005056,50,67,67,184
JAWA TENGAH,KOTA SEMARANG,NGALIYAN,KALIPANCUR,3374151005057,37,77,52,166
JAWA TENGAH,KOTA SEMARANG,NGALIYAN,NGALIYAN,3374151007001,34,99,69,202
JAWA TENGAH,KOTA SEMARANG,NGALIYAN,NGALIYAN,3374151007002,23,111,103,237
JAWA TENGAH,KOTA SEMARANG,NGALIYAN,NGALIYAN,3374151007003,26,91,57,174
JAWA TENGAH,KOTA SEMARANG,NGALIYAN,NGALIYAN,3374151007004,28,131,95,254
JAWA TENGAH,KOTA SEMARANG,NGALIYAN,NGALIYAN,3374151007005,25,100,69,194
JAWA TENGAH,KOTA SEMARANG,NGALIYAN,NGALIYAN,3374151007006,18,143,104,265
JAWA TENGAH,KOTA SEMARANG,NGALIYAN,NGALIYAN,3374151007007,58,90,87,235
JAWA TENGAH,KOTA SEMARANG,NGALIYAN,NGALIYAN,3374151007008,82,91,64,237
JAWA TENGAH,KOTA SEMARANG,NGALIYAN,NGALIYAN,3374151007009,77,112,59,248
JAWA TENGAH,KOTA SEMARANG,NGALIYAN,NGALIYAN,3374151007010,57,81,78,216
JAWA TENGAH,KOTA SEMARANG,NGALIYAN,NGALIYAN,3374151007011,18,64,58,140
JAWA TENGAH,KOTA SEMARANG,NGALIYAN,NGALIYAN,3374151007013,51,116,72,239
JAWA TENGAH,KOTA SEMARANG,NGALIYAN,NGALIYAN,3374151007014,48,102,85,235
JAWA TENGAH,KOTA SEMARANG,NGALIYAN,NGALIYAN,3374151007015,70,104,53,227
JAWA TENGAH,KOTA SEMARANG,NGALIYAN,NGALIYAN,3374151007016,53,137,45,235
JAWA TENGAH,KOTA SEMARANG,NGALIYAN,NGALIYAN,3374151007017,68,95,70,233
JAWA TENGAH,KOTA SEMARANG,NGALIYAN,NGALIYAN,3374151007018,36,125,74,235
JAWA TENGAH,KOTA SEMARANG,NGALIYAN,NGALIYAN,3374151007019,57,110,67,234
JAWA TENGAH,KOTA SEMARANG,NGALIYAN,NGALIYAN,3374151007020,39,91,44,174
JAWA TENGAH,KOTA SEMARANG,NGALIYAN,NGALIYAN,3374151007022,63,95,86,244
JAWA TENGAH,KOTA SEMARANG,NGALIYAN,NGALIYAN,3374151007023,41,82,85,208
JAWA TENGAH,KOTA SEMARANG,NGALIYAN,NGALIYAN,3374151007024,54,83,83,220
JAWA TENGAH,KOTA SEMARANG,NGALIYAN,NGALIYAN,3374151007025,41,86,114,241
JAWA TENGAH,KOTA SEMARANG,NGALIYAN,NGALIYAN,3374151007026,73,75,88,236
JAWA TENGAH,KOTA SEMARANG,NGALIYAN,NGALIYAN,3374151007027,48,99,106,253
JAWA TENGAH,KOTA SEMARANG,NGALIYAN,NGALIYAN,3374151007028,22,148,80,250
JAWA TENGAH,KOTA SEMARANG,NGALIYAN,NGALIYAN,3374151007029,25,126,100,251
JAWA TENGAH,KOTA SEMARANG,NGALIYAN,NGALIYAN,3374151007030,41,139,71,251
JAWA TENGAH,KOTA SEMARANG,NGALIYAN,NGALIYAN,3374151007031,27,125,82,234
JAWA TENGAH,KOTA SEMARANG,NGALIYAN,NGALIYAN,3374151007032,25,106,93,224
JAWA TENGAH,KOTA SEMARANG,NGALIYAN,NGALIYAN,3374151007033,41,111,85,237
JAWA TENGAH,KOTA SEMARANG,NGALIYAN,NGALIYAN,3374151007034,45,118,65,228
JAWA TENGAH,KOTA SEMARANG,NGALIYAN,NGALIYAN,3374151007035,42,105,51,198
JAWA TENGAH,KOTA SEMARANG,NGALIYAN,NGALIYAN,3374151007036,16,119,54,189
JAWA TENGAH,KOTA SEMARANG,NGALIYAN,NGALIYAN,3374151007037,69,92,90,251
JAWA TENGAH,KOTA SEMARANG,NGALIYAN,PODOREJO,3374151002001,7,142,108,257
JAWA TENGAH,KOTA SEMARANG,NGALIYAN,PODOREJO,3374151002002,18,145,34,197
JAWA TENGAH,KOTA SEMARANG,NGALIYAN,PODOREJO,3374151002003,17,128,76,221
JAWA TENGAH,KOTA SEMARANG,NGALIYAN,PODOREJO,3374151002004,11,138,92,241
JAWA TENGAH,KOTA SEMARANG,NGALIYAN,PODOREJO,3374151002005,17,151,83,251
JAWA TENGAH,KOTA SEMARANG,NGALIYAN,PODOREJO,3374151002007,39,118,83,240
JAWA TENGAH,KOTA SEMARANG,NGALIYAN,PODOREJO,3374151002008,43,140,86,269
JAWA TENGAH,KOTA SEMARANG,NGALIYAN,PODOREJO,3374151002009,37,138,77,252
JAWA TENGAH,KOTA SEMARANG,NGALIYAN,PODOREJO,3374151002011,24,129,59,212
JAWA TENGAH,KOTA SEMARANG,NGALIYAN,PODOREJO,3374151002012,19,120,107,246
JAWA TENGAH,KOTA SEMARANG,NGALIYAN,PODOREJO,3374151002013,11,106,138,255
JAWA TENGAH,KOTA SEMARANG,NGALIYAN,PODOREJO,3374151002015,10,58,121,189
JAWA TENGAH,KOTA SEMARANG,NGALIYAN,PODOREJO,3374151002016,15,92,108,215
JAWA TENGAH,KOTA SEMARANG,NGALIYAN,PODOREJO,3374151002017,28,95,100,223
JAWA TENGAH,KOTA SEMARANG,NGALIYAN,PODOREJO,3374151002018,21,77,114,212
JAWA TENGAH,KOTA SEMARANG,NGALIYAN,PODOREJO,3374151002019,9,82,122,213
JAWA TENGAH,KOTA SEMARANG,NGALIYAN,PODOREJO,3374151002020,14,130,95,239
JAWA TENGAH,KOTA SEMARANG,NGALIYAN,PODOREJO,3374151002021,11,113,99,223
JAWA TENGAH,KOTA SEMARANG,NGALIYAN,PODOREJO,3374151002022,12,123,103,238
JAWA TENGAH,KOTA SEMARANG,NGALIYAN,PODOREJO,3374151002023,14,135,98,247
JAWA TENGAH,KOTA SEMARANG,NGALIYAN,PODOREJO,3374151002024,20,111,122,253
JAWA TENGAH,KOTA SEMARANG,NGALIYAN,PODOREJO,3374151002025,10,140,63,213
JAWA TENGAH,KOTA SEMARANG,NGALIYAN,PODOREJO,3374151002026,17,162,74,253
JAWA TENGAH,KOTA SEMARANG,NGALIYAN,PURWOYOSO,3374151004001,34,119,70,223
JAWA TENGAH,KOTA SEMARANG,NGALIYAN,PURWOYOSO,3374151004002,43,122,90,255
JAWA TENGAH,KOTA SEMARANG,NGALIYAN,PURWOYOSO,3374151004003,40,128,75,243
JAWA TENGAH,KOTA SEMARANG,NGALIYAN,PURWOYOSO,3374151004004,32,109,91,232
JAWA TENGAH,KOTA SEMARANG,NGALIYAN,PURWOYOSO,3374151004005,34,122,81,237
JAWA TENGAH,KOTA SEMARANG,NGALIYAN,PURWOYOSO,3374151004006,34,112,97,243
JAWA TENGAH,KOTA SEMARANG,NGALIYAN,PURWOYOSO,3374151004007,43,128,65,236
JAWA TENGAH,KOTA SEMARANG,NGALIYAN,PURWOYOSO,3374151004008,29,131,83,243
JAWA TENGAH,KOTA SEMARANG,NGALIYAN,PURWOYOSO,3374151004009,52,110,88,250
JAWA TENGAH,KOTA SEMARANG,NGALIYAN,PURWOYOSO,3374151004010,36,104,93,233
JAWA TENGAH,KOTA SEMARANG,NGALIYAN,PURWOYOSO,3374151004011,31,102,90,223
JAWA TENGAH,KOTA SEMARANG,NGALIYAN,PURWOYOSO,3374151004012,26,90,88,204
JAWA TENGAH,KOTA SEMARANG,NGALIYAN,PURWOYOSO,3374151004013,24,114,90,228
JAWA TENGAH,KOTA SEMARANG,NGALIYAN,PURWOYOSO,3374151004014,18,83,114,215
JAWA TENGAH,KOTA SEMARANG,NGALIYAN,PURWOYOSO,3374151004015,31,108,101,240
JAWA TENGAH,KOTA SEMARANG,NGALIYAN,PURWOYOSO,3374151004016,34,151,78,263
JAWA TENGAH,KOTA SEMARANG,NGALIYAN,PURWOYOSO,3374151004017,45,97,92,234
JAWA TENGAH,KOTA SEMARANG,NGALIYAN,PURWOYOSO,3374151004018,14,97,71,182
JAWA TENGAH,KOTA SEMARANG,NGALIYAN,PURWOYOSO,3374151004019,14,98,89,201
JAWA TENGAH,KOTA SEMARANG,NGALIYAN,PURWOYOSO,3374151004020,46,85,80,211
JAWA TENGAH,KOTA SEMARANG,NGALIYAN,PURWOYOSO,3374151004022,29,108,87,224
JAWA TENGAH,KOTA SEMARANG,NGALIYAN,PURWOYOSO,3374151004023,35,70,65,170
JAWA TENGAH,KOTA SEMARANG,NGALIYAN,PURWOYOSO,3374151004024,38,79,76,193
JAWA TENGAH,KOTA SEMARANG,NGALIYAN,PURWOYOSO,3374151004025,62,90,73,225
JAWA TENGAH,KOTA SEMARANG,NGALIYAN,PURWOYOSO,3374151004026,63,71,64,198
JAWA TENGAH,KOTA SEMARANG,NGALIYAN,PURWOYOSO,3374151004027,66,92,69,227
JAWA TENGAH,KOTA SEMARANG,NGALIYAN,PURWOYOSO,3374151004028,83,99,59,241
JAWA TENGAH,KOTA SEMARANG,NGALIYAN,PURWOYOSO,3374151004029,49,131,75,255
JAWA TENGAH,KOTA SEMARANG,NGALIYAN,PURWOYOSO,3374151004030,46,147,84,277
JAWA TENGAH,KOTA SEMARANG,NGALIYAN,PURWOYOSO,3374151004031,14,151,104,269
JAWA TENGAH,KOTA SEMARANG,NGALIYAN,PURWOYOSO,3374151004032,33,139,89,261
JAWA TENGAH,KOTA SEMARANG,NGALIYAN,PURWOYOSO,3374151004033,51,157,58,266
JAWA TENGAH,KOTA SEMARANG,NGALIYAN,PURWOYOSO,3374151004034,27,137,89,253
JAWA TENGAH,KOTA SEMARANG,NGALIYAN,PURWOYOSO,3374151004035,24,128,77,229
JAWA TENGAH,KOTA SEMARANG,NGALIYAN,PURWOYOSO,3374151004036,9,113,85,207
JAWA TENGAH,KOTA SEMARANG,NGALIYAN,PURWOYOSO,3374151004037,12,141,58,211
JAWA TENGAH,KOTA SEMARANG,NGALIYAN,PURWOYOSO,3374151004038,23,85,86,194
JAWA TENGAH,KOTA SEMARANG,NGALIYAN,PURWOYOSO,3374151004039,16,118,73,207
JAWA TENGAH,KOTA SEMARANG,NGALIYAN,PURWOYOSO,3374151004040,16,134,89,239
JAWA TENGAH,KOTA SEMARANG,NGALIYAN,PURWOYOSO,3374151004041,26,97,114,237
JAWA TENGAH,KOTA SEMARANG,NGALIYAN,PURWOYOSO,3374151004043,30,119,96,245
JAWA TENGAH,KOTA SEMARANG,NGALIYAN,TAMBAKAJI,3374151008001,20,127,59,206
JAWA TENGAH,KOTA SEMARANG,NGALIYAN,TAMBAKAJI,3374151008002,41,124,75,240
JAWA TENGAH,KOTA SEMARANG,NGALIYAN,TAMBAKAJI,3374151008003,29,98,116,243
JAWA TENGAH,KOTA SEMARANG,NGALIYAN,TAMBAKAJI,3374151008004,28,116,68,212
JAWA TENGAH,KOTA SEMARANG,NGALIYAN,TAMBAKAJI,3374151008005,32,112,95,239
JAWA TENGAH,KOTA SEMARANG,NGALIYAN,TAMBAKAJI,3374151008006,40,140,87,267
JAWA TENGAH,KOTA SEMARANG,NGALIYAN,TAMBAKAJI,3374151008007,29,123,77,229
JAWA TENGAH,KOTA SEMARANG,NGALIYAN,TAMBAKAJI,3374151008008,47,122,86,255
JAWA TENGAH,KOTA SEMARANG,NGALIYAN,TAMBAKAJI,3374151008009,30,157,68,255
JAWA TENGAH,KOTA SEMARANG,NGALIYAN,TAMBAKAJI,3374151008010,104,94,48,246
JAWA TENGAH,KOTA SEMARANG,NGALIYAN,TAMBAKAJI,3374151008011,21,98,126,245
JAWA TENGAH,KOTA SEMARANG,NGALIYAN,TAMBAKAJI,3374151008012,51,108,93,252
JAWA TENGAH,KOTA SEMARANG,NGALIYAN,TAMBAKAJI,3374151008013,43,112,83,238
JAWA TENGAH,KOTA SEMARANG,NGALIYAN,TAMBAKAJI,3374151008014,40,90,107,237
JAWA TENGAH,KOTA SEMARANG,NGALIYAN,TAMBAKAJI,3374151008015,50,100,99,249
JAWA TENGAH,KOTA SEMARANG,NGALIYAN,TAMBAKAJI,3374151008016,34,122,88,244
JAWA TENGAH,KOTA SEMARANG,NGALIYAN,TAMBAKAJI,3374151008017,32,146,76,254
JAWA TENGAH,KOTA SEMARANG,NGALIYAN,TAMBAKAJI,3374151008018,41,136,76,253
JAWA TENGAH,KOTA SEMARANG,NGALIYAN,TAMBAKAJI,3374151008019,67,123,74,264
JAWA TENGAH,KOTA SEMARANG,NGALIYAN,TAMBAKAJI,3374151008020,67,75,90,232
JAWA TENGAH,KOTA SEMARANG,NGALIYAN,TAMBAKAJI,3374151008021,55,87,60,202
JAWA TENGAH,KOTA SEMARANG,NGALIYAN,TAMBAKAJI,3374151008022,38,75,75,188
JAWA TENGAH,KOTA SEMARANG,NGALIYAN,TAMBAKAJI,3374151008023,44,130,65,239
JAWA TENGAH,KOTA SEMARANG,NGALIYAN,TAMBAKAJI,3374151008024,33,85,40,158
JAWA TENGAH,KOTA SEMARANG,NGALIYAN,TAMBAKAJI,3374151008025,29,125,59,213
JAWA TENGAH,KOTA SEMARANG,NGALIYAN,TAMBAKAJI,3374151008026,32,123,84,239
JAWA TENGAH,KOTA SEMARANG,NGALIYAN,TAMBAKAJI,3374151008027,46,87,58,191
JAWA TENGAH,KOTA SEMARANG,NGALIYAN,TAMBAKAJI,3374151008028,40,121,75,236
JAWA TENGAH,KOTA SEMARANG,NGALIYAN,TAMBAKAJI,3374151008030,33,90,51,174
JAWA TENGAH,KOTA SEMARANG,NGALIYAN,TAMBAKAJI,3374151008031,39,138,56,233
JAWA TENGAH,KOTA SEMARANG,NGALIYAN,TAMBAKAJI,3374151008032,25,134,71,230
JAWA TENGAH,KOTA SEMARANG,NGALIYAN,TAMBAKAJI,3374151008033,73,118,68,259
JAWA TENGAH,KOTA SEMARANG,NGALIYAN,TAMBAKAJI,3374151008034,45,82,56,183
JAWA TENGAH,KOTA SEMARANG,NGALIYAN,TAMBAKAJI,3374151008035,39,73,89,201
JAWA TENGAH,KOTA SEMARANG,NGALIYAN,TAMBAKAJI,3374151008036,38,118,92,248
JAWA TENGAH,KOTA SEMARANG,NGALIYAN,TAMBAKAJI,3374151008037,21,109,86,216
JAWA TENGAH,KOTA SEMARANG,NGALIYAN,TAMBAKAJI,3374151008038,44,144,86,274
JAWA TENGAH,KOTA SEMARANG,NGALIYAN,TAMBAKAJI,3374151008039,29,123,55,207
JAWA TENGAH,KOTA SEMARANG,NGALIYAN,TAMBAKAJI,3374151008040,40,139,104,283
JAWA TENGAH,KOTA SEMARANG,NGALIYAN,TAMBAKAJI,3374151008041,26,157,85,268
JAWA TENGAH,KOTA SEMARANG,NGALIYAN,TAMBAKAJI,3374151008042,23,155,69,247
JAWA TENGAH,KOTA SEMARANG,NGALIYAN,TAMBAKAJI,3374151008043,25,141,74,240
JAWA TENGAH,KOTA SEMARANG,NGALIYAN,TAMBAKAJI,3374151008044,39,147,68,254
JAWA TENGAH,KOTA SEMARANG,NGALIYAN,TAMBAKAJI,3374151008045,26,128,77,231
JAWA TENGAH,KOTA SEMARANG,NGALIYAN,TAMBAKAJI,3374151008046,23,169,71,263
JAWA TENGAH,KOTA SEMARANG,NGALIYAN,TAMBAKAJI,3374151008047,24,153,86,263
JAWA TENGAH,KOTA SEMARANG,NGALIYAN,TAMBAKAJI,3374151008048,20,160,83,263
JAWA TENGAH,KOTA SEMARANG,NGALIYAN,TAMBAKAJI,3374151008049,25,133,114,272
JAWA TENGAH,KOTA SEMARANG,NGALIYAN,TAMBAKAJI,3374151008050,18,155,72,245
JAWA TENGAH,KOTA SEMARANG,NGALIYAN,TAMBAKAJI,3374151008051,36,155,70,261
JAWA TENGAH,KOTA SEMARANG,NGALIYAN,TAMBAKAJI,3374151008052,21,156,73,250
JAWA TENGAH,KOTA SEMARANG,NGALIYAN,TAMBAKAJI,3374151008053,46,148,64,258
JAWA TENGAH,KOTA SEMARANG,NGALIYAN,TAMBAKAJI,3374151008054,47,71,47,165
JAWA TENGAH,KOTA SEMARANG,NGALIYAN,TAMBAKAJI,3374151008055,49,62,52,163
JAWA TENGAH,KOTA SEMARANG,NGALIYAN,TAMBAKAJI,3374151008056,45,133,92,270
JAWA TENGAH,KOTA SEMARANG,NGALIYAN,TAMBAKAJI,3374151008057,42,125,79,246
JAWA TENGAH,KOTA SEMARANG,NGALIYAN,WATES,3374151010001,17,121,68,206
JAWA TENGAH,KOTA SEMARANG,NGALIYAN,WATES,3374151010002,44,120,71,235
JAWA TENGAH,KOTA SEMARANG,NGALIYAN,WATES,3374151010003,37,158,59,254
JAWA TENGAH,KOTA SEMARANG,NGALIYAN,WATES,3374151010004,38,126,71,235
JAWA TENGAH,KOTA SEMARANG,NGALIYAN,WATES,3374151010005,35,139,70,244
JAWA TENGAH,KOTA SEMARANG,NGALIYAN,WATES,3374151010006,19,113,82,214
JAWA TENGAH,KOTA SEMARANG,NGALIYAN,WATES,3374151010007,73,136,53,262
JAWA TENGAH,KOTA SEMARANG,NGALIYAN,WATES,3374151010008,29,150,71,250
JAWA TENGAH,KOTA SEMARANG,NGALIYAN,WATES,3374151010009,18,125,72,215
JAWA TENGAH,KOTA SEMARANG,NGALIYAN,WATES,3374151010010,19,125,92,236
JAWA TENGAH,KOTA SEMARANG,NGALIYAN,WATES,3374151010011,22,137,61,220
JAWA TENGAH,KOTA SEMARANG,NGALIYAN,WATES,3374151010012,49,139,66,254
JAWA TENGAH,KOTA SEMARANG,NGALIYAN,WATES,3374151010013,26,130,58,214
JAWA TENGAH,KOTA SEMARANG,NGALIYAN,WATES,3374151010014,27,136,53,216
JAWA TENGAH,KOTA SEMARANG,NGALIYAN,WATES,3374151010015,43,131,52,226
JAWA TENGAH,KOTA SEMARANG,NGALIYAN,WATES,3374151010016,10,97,79,186
JAWA TENGAH,KOTA SEMARANG,NGALIYAN,WATES,3374151010901,8,77,98,183
JAWA TENGAH,KOTA SEMARANG,NGALIYAN,WATES,3374151010902,4,69,136,209
JAWA TENGAH,KOTA SEMARANG,NGALIYAN,WATES,3374151010903,4,74,117,195
JAWA TENGAH,KOTA SEMARANG,NGALIYAN,WATES,3374151010904,14,116,99,229
JAWA TENGAH,KOTA SEMARANG,NGALIYAN,WATES,3374151010905,15,136,73,224
JAWA TENGAH,KOTA SEMARANG,NGALIYAN,WATES,3374151010906,27,156,57,240
JAWA TENGAH,KOTA SEMARANG,NGALIYAN,WONOSARI,3374151009001,13,118,123,254
JAWA TENGAH,KOTA SEMARANG,NGALIYAN,WONOSARI,3374151009002,21,117,99,237
JAWA TENGAH,KOTA SEMARANG,NGALIYAN,WONOSARI,3374151009003,19,150,89,258
JAWA TENGAH,KOTA SEMARANG,NGALIYAN,WONOSARI,3374151009005,15,67,202,284
JAWA TENGAH,KOTA SEMARANG,NGALIYAN,WONOSARI,3374151009006,32,102,101,235
JAWA TENGAH,KOTA SEMARANG,NGALIYAN,WONOSARI,3374151009007,54,116,62,232
JAWA TENGAH,KOTA SEMARANG,NGALIYAN,WONOSARI,3374151009008,50,106,84,240
JAWA TENGAH,KOTA SEMARANG,NGALIYAN,WONOSARI,3374151009009,24,147,74,245
JAWA TENGAH,KOTA SEMARANG,NGALIYAN,WONOSARI,3374151009010,33,137,72,242
JAWA TENGAH,KOTA SEMARANG,NGALIYAN,WONOSARI,3374151009011,11,90,148,249
JAWA TENGAH,KOTA SEMARANG,NGALIYAN,WONOSARI,3374151009012,30,136,90,256
JAWA TENGAH,KOTA SEMARANG,NGALIYAN,WONOSARI,3374151009013,34,137,78,249
JAWA TENGAH,KOTA SEMARANG,NGALIYAN,WONOSARI,3374151009014,21,123,95,239
JAWA TENGAH,KOTA SEMARANG,NGALIYAN,WONOSARI,3374151009015,27,107,102,236
JAWA TENGAH,KOTA SEMARANG,NGALIYAN,WONOSARI,3374151009016,36,101,67,204
JAWA TENGAH,KOTA SEMARANG,NGALIYAN,WONOSARI,3374151009017,39,115,85,239
JAWA TENGAH,KOTA SEMARANG,NGALIYAN,WONOSARI,3374151009018,9,83,71,163
JAWA TENGAH,KOTA SEMARANG,NGALIYAN,WONOSARI,3374151009019,29,120,84,233
JAWA TENGAH,KOTA SEMARANG,NGALIYAN,WONOSARI,3374151009020,28,85,87,200
JAWA TENGAH,KOTA SEMARANG,NGALIYAN,WONOSARI,3374151009021,50,85,68,203
JAWA TENGAH,KOTA SEMARANG,NGALIYAN,WONOSARI,3374151009022,23,92,97,212
JAWA TENGAH,KOTA SEMARANG,NGALIYAN,WONOSARI,3374151009023,13,93,124,230
JAWA TENGAH,KOTA SEMARANG,NGALIYAN,WONOSARI,3374151009024,107,90,46,243
JAWA TENGAH,KOTA SEMARANG,NGALIYAN,WONOSARI,3374151009025,40,88,96,224
JAWA TENGAH,KOTA SEMARANG,NGALIYAN,WONOSARI,3374151009026,10,67,72,149
JAWA TENGAH,KOTA SEMARANG,NGALIYAN,WONOSARI,3374151009027,19,116,121,256
JAWA TENGAH,KOTA SEMARANG,NGALIYAN,WONOSARI,3374151009028,30,107,113,250
JAWA TENGAH,KOTA SEMARANG,NGALIYAN,WONOSARI,3374151009029,40,86,124,250
JAWA TENGAH,KOTA SEMARANG,NGALIYAN,WONOSARI,3374151009030,55,89,103,247
JAWA TENGAH,KOTA SEMARANG,NGALIYAN,WONOSARI,3374151009031,16,122,71,209
JAWA TENGAH,KOTA SEMARANG,NGALIYAN,WONOSARI,3374151009032,47,109,25,181
JAWA TENGAH,KOTA SEMARANG,NGALIYAN,WONOSARI,3374151009033,14,137,85,236
JAWA TENGAH,KOTA SEMARANG,NGALIYAN,WONOSARI,3374151009034,25,106,91,222
JAWA TENGAH,KOTA SEMARANG,NGALIYAN,WONOSARI,3374151009035,19,114,89,222
JAWA TENGAH,KOTA SEMARANG,NGALIYAN,WONOSARI,3374151009036,23,112,113,248
JAWA TENGAH,KOTA SEMARANG,NGALIYAN,WONOSARI,3374151009037,19,115,109,243
JAWA TENGAH,KOTA SEMARANG,NGALIYAN,WONOSARI,3374151009038,25,148,87,260
JAWA TENGAH,KOTA SEMARANG,NGALIYAN,WONOSARI,3374151009039,13,126,84,223
JAWA TENGAH,KOTA SEMARANG,NGALIYAN,WONOSARI,3374151009040,22,132,89,243
JAWA TENGAH,KOTA SEMARANG,NGALIYAN,WONOSARI,3374151009041,25,121,92,238
JAWA TENGAH,KOTA SEMARANG,NGALIYAN,WONOSARI,3374151009042,20,126,77,223
JAWA TENGAH,KOTA SEMARANG,NGALIYAN,WONOSARI,3374151009043,18,103,137,258
JAWA TENGAH,KOTA SEMARANG,NGALIYAN,WONOSARI,3374151009044,6,99,76,181
JAWA TENGAH,KOTA SEMARANG,NGALIYAN,WONOSARI,3374151009045,21,118,60,199
JAWA TENGAH,KOTA SEMARANG,NGALIYAN,WONOSARI,3374151009046,37,130,85,252
JAWA TENGAH,KOTA SEMARANG,NGALIYAN,WONOSARI,3374151009047,21,102,74,197
JAWA TENGAH,KOTA SEMARANG,NGALIYAN,WONOSARI,3374151009048,30,114,48,192
JAWA TENGAH,KOTA SEMARANG,NGALIYAN,WONOSARI,3374151009049,19,98,71,188
JAWA TENGAH,KOTA SEMARANG,NGALIYAN,WONOSARI,3374151009050,19,147,77,243
JAWA TENGAH,KOTA SEMARANG,NGALIYAN,WONOSARI,3374151009051,31,119,85,235
JAWA TENGAH,KOTA SEMARANG,NGALIYAN,WONOSARI,3374151009052,42,133,66,241
JAWA TENGAH,KOTA SEMARANG,NGALIYAN,WONOSARI,3374151009053,36,126,81,243
JAWA TENGAH,KOTA SEMARANG,NGALIYAN,WONOSARI,3374151009054,18,141,87,246
JAWA TENGAH,KOTA SEMARANG,NGALIYAN,WONOSARI,3374151009055,21,112,62,195
JAWA TENGAH,KOTA SEMARANG,NGALIYAN,WONOSARI,3374151009056,25,94,83,202
JAWA TENGAH,KOTA SEMARANG,NGALIYAN,WONOSARI,3374151009057,48,104,69,221
JAWA TENGAH,KOTA SEMARANG,NGALIYAN,WONOSARI,3374151009058,41,136,89,266
JAWA TENGAH,KOTA SEMARANG,NGALIYAN,WONOSARI,3374151009059,55,130,56,241
JAWA TENGAH,KOTA SEMARANG,NGALIYAN,WONOSARI,3374151009060,56,109,51,216
JAWA TENGAH,KOTA SEMARANG,NGALIYAN,WONOSARI,3374151009061,25,87,58,170
JAWA TENGAH,KOTA SEMARANG,NGALIYAN,WONOSARI,3374151009062,37,119,53,209
JAWA TENGAH,KOTA SEMARANG,NGALIYAN,WONOSARI,3374151009063,59,118,67,244
JAWA TENGAH,KOTA SEMARANG,NGALIYAN,WONOSARI,3374151009064,30,120,88,238
JAWA TENGAH,KOTA SEMARANG,NGALIYAN,WONOSARI,3374151009065,54,130,85,269
JAWA TENGAH,KOTA SEMARANG,NGALIYAN,WONOSARI,3374151009066,44,141,57,242
JAWA TENGAH,KOTA SEMARANG,NGALIYAN,WONOSARI,3374151009067,67,112,72,251
JAWA TENGAH,KOTA SEMARANG,PEDURUNGAN,GEMAH,3374061007001,40,97,67,204
JAWA TENGAH,KOTA SEMARANG,PEDURUNGAN,GEMAH,3374061007002,54,115,56,225
JAWA TENGAH,KOTA SEMARANG,PEDURUNGAN,GEMAH,3374061007003,47,96,42,185
JAWA TENGAH,KOTA SEMARANG,PEDURUNGAN,GEMAH,3374061007005,58,116,85,259
JAWA TENGAH,KOTA SEMARANG,PEDURUNGAN,GEMAH,3374061007006,37,107,76,220
JAWA TENGAH,KOTA SEMARANG,PEDURUNGAN,GEMAH,3374061007007,29,116,92,237
JAWA TENGAH,KOTA SEMARANG,PEDURUNGAN,GEMAH,3374061007008,39,97,82,218
JAWA TENGAH,KOTA SEMARANG,PEDURUNGAN,GEMAH,3374061007009,18,133,109,260
JAWA TENGAH,KOTA SEMARANG,PEDURUNGAN,GEMAH,3374061007010,15,126,90,231
JAWA TENGAH,KOTA SEMARANG,PEDURUNGAN,GEMAH,3374061007011,33,114,105,252
JAWA TENGAH,KOTA SEMARANG,PEDURUNGAN,GEMAH,3374061007012,29,123,84,236
JAWA TENGAH,KOTA SEMARANG,PEDURUNGAN,GEMAH,3374061007013,30,85,107,222
JAWA TENGAH,KOTA SEMARANG,PEDURUNGAN,GEMAH,3374061007014,43,102,82,227
JAWA TENGAH,KOTA SEMARANG,PEDURUNGAN,GEMAH,3374061007016,26,93,78,197
JAWA TENGAH,KOTA SEMARANG,PEDURUNGAN,GEMAH,3374061007017,15,125,95,235
JAWA TENGAH,KOTA SEMARANG,PEDURUNGAN,GEMAH,3374061007018,14,128,84,226
JAWA TENGAH,KOTA SEMARANG,PEDURUNGAN,GEMAH,3374061007019,26,103,80,209
JAWA TENGAH,KOTA SEMARANG,PEDURUNGAN,GEMAH,3374061007020,47,125,72,244
JAWA TENGAH,KOTA SEMARANG,PEDURUNGAN,GEMAH,3374061007022,56,105,78,239
JAWA TENGAH,KOTA SEMARANG,PEDURUNGAN,GEMAH,3374061007023,50,107,82,239
JAWA TENGAH,KOTA SEMARANG,PEDURUNGAN,GEMAH,3374061007024,19,120,62,201
JAWA TENGAH,KOTA SEMARANG,PEDURUNGAN,GEMAH,3374061007025,26,101,115,242
JAWA TENGAH,KOTA SEMARANG,PEDURUNGAN,GEMAH,3374061007026,33,159,59,251
JAWA TENGAH,KOTA SEMARANG,PEDURUNGAN,GEMAH,3374061007027,21,90,91,202
JAWA TENGAH,KOTA SEMARANG,PEDURUNGAN,GEMAH,3374061007028,25,95,132,252
JAWA TENGAH,KOTA SEMARANG,PEDURUNGAN,GEMAH,3374061007029,22,114,118,254
JAWA TENGAH,KOTA SEMARANG,PEDURUNGAN,GEMAH,3374061007030,14,136,130,280
JAWA TENGAH,KOTA SEMARANG,PEDURUNGAN,GEMAH,3374061007032,17,89,98,204
JAWA TENGAH,KOTA SEMARANG,PEDURUNGAN,GEMAH,3374061007035,23,85,101,209
JAWA TENGAH,KOTA SEMARANG,PEDURUNGAN,GEMAH,3374061007036,32,90,94,216
JAWA TENGAH,KOTA SEMARANG,PEDURUNGAN,GEMAH,3374061007038,12,93,118,223
JAWA TENGAH,KOTA SEMARANG,PEDURUNGAN,GEMAH,3374061007040,51,110,79,240
JAWA TENGAH,KOTA SEMARANG,PEDURUNGAN,GEMAH,3374061007041,9,99,111,219
JAWA TENGAH,KOTA SEMARANG,PEDURUNGAN,GEMAH,3374061007042,7,107,109,223
JAWA TENGAH,KOTA SEMARANG,PEDURUNGAN,KALICARI,3374061012001,44,67,73,184
JAWA TENGAH,KOTA SEMARANG,PEDURUNGAN,KALICARI,3374061012002,47,89,107,243
JAWA TENGAH,KOTA SEMARANG,PEDURUNGAN,KALICARI,3374061012003,16,91,123,230
JAWA TENGAH,KOTA SEMARANG,PEDURUNGAN,KALICARI,3374061012004,34,82,75,191
JAWA TENGAH,KOTA SEMARANG,PEDURUNGAN,KALICARI,3374061012005,53,91,49,193
JAWA TENGAH,KOTA SEMARANG,PEDURUNGAN,KALICARI,3374061012006,23,89,98,210
JAWA TENGAH,KOTA SEMARANG,PEDURUNGAN,KALICARI,3374061012007,30,103,86,219
JAWA TENGAH,KOTA SEMARANG,PEDURUNGAN,KALICARI,3374061012008,17,73,101,191
JAWA TENGAH,KOTA SEMARANG,PEDURUNGAN,KALICARI,3374061012009,36,82,102,220
JAWA TENGAH,KOTA SEMARANG,PEDURUNGAN,KALICARI,3374061012010,22,76,72,170
JAWA TENGAH,KOTA SEMARANG,PEDURUNGAN,KALICARI,3374061012011,50,112,62,224
JAWA TENGAH,KOTA SEMARANG,PEDURUNGAN,KALICARI,3374061012012,31,95,94,220
JAWA TENGAH,KOTA SEMARANG,PEDURUNGAN,KALICARI,3374061012013,49,98,79,226
JAWA TENGAH,KOTA SEMARANG,PEDURUNGAN,KALICARI,3374061012014,39,105,101,245
JAWA TENGAH,KOTA SEMARANG,PEDURUNGAN,KALICARI,3374061012015,67,117,84,268
JAWA TENGAH,KOTA SEMARANG,PEDURUNGAN,KALICARI,3374061012016,22,78,99,199
JAWA TENGAH,KOTA SEMARANG,PEDURUNGAN,KALICARI,3374061012017,31,88,84,203
JAWA TENGAH,KOTA SEMARANG,PEDURUNGAN,KALICARI,3374061012018,32,87,79,198
JAWA TENGAH,KOTA SEMARANG,PEDURUNGAN,KALICARI,3374061012019,31,89,87,207
JAWA TENGAH,KOTA SEMARANG,PEDURUNGAN,KALICARI,3374061012020,40,98,78,216
JAWA TENGAH,KOTA SEMARANG,PEDURUNGAN,KALICARI,3374061012021,39,90,84,213
JAWA TENGAH,KOTA SEMARANG,PEDURUNGAN,KALICARI,3374061012022,27,84,112,223
JAWA TENGAH,KOTA SEMARANG,PEDURUNGAN,KALICARI,3374061012023,19,97,111,227
JAWA TENGAH,KOTA SEMARANG,PEDURUNGAN,KALICARI,3374061012025,36,94,85,215
JAWA TENGAH,KOTA SEMARANG,PEDURUNGAN,KALICARI,3374061012026,31,83,72,186
JAWA TENGAH,KOTA SEMARANG,PEDURUNGAN,KALICARI,3374061012027,12,97,97,206
JAWA TENGAH,KOTA SEMARANG,PEDURUNGAN,MUKTIHARJO KIDUL,3374061005001,41,105,75,221
JAWA TENGAH,KOTA SEMARANG,PEDURUNGAN,MUKTIHARJO KIDUL,3374061005003,15,116,83,214
JAWA TENGAH,KOTA SEMARANG,PEDURUNGAN,MUKTIHARJO KIDUL,3374061005004,24,104,110,238
JAWA TENGAH,KOTA SEMARANG,PEDURUNGAN,MUKTIHARJO KIDUL,3374061005005,11,86,70,167
JAWA TENGAH,KOTA SEMARANG,PEDURUNGAN,MUKTIHARJO KIDUL,3374061005006,32,124,67,223
JAWA TENGAH,KOTA SEMARANG,PEDURUNGAN,MUKTIHARJO KIDUL,3374061005007,13,116,81,210
JAWA TENGAH,KOTA SEMARANG,PEDURUNGAN,MUKTIHARJO KIDUL,3374061005008,25,96,98,219
JAWA TENGAH,KOTA SEMARANG,PEDURUNGAN,MUKTIHARJO KIDUL,3374061005009,28,102,107,237
JAWA TENGAH,KOTA SEMARANG,PEDURUNGAN,MUKTIHARJO KIDUL,3374061005010,22,106,94,222
JAWA TENGAH,KOTA SEMARANG,PEDURUNGAN,MUKTIHARJO KIDUL,3374061005011,37,116,69,222
JAWA TENGAH,KOTA SEMARANG,PEDURUNGAN,MUKTIHARJO KIDUL,3374061005012,38,105,58,201
JAWA TENGAH,KOTA SEMARANG,PEDURUNGAN,MUKTIHARJO KIDUL,3374061005013,9,70,74,153
JAWA TENGAH,KOTA SEMARANG,PEDURUNGAN,MUKTIHARJO KIDUL,3374061005015,37,104,75,216
JAWA TENGAH,KOTA SEMARANG,PEDURUNGAN,MUKTIHARJO KIDUL,3374061005017,53,75,72,200
JAWA TENGAH,KOTA SEMARANG,PEDURUNGAN,MUKTIHARJO KIDUL,3374061005018,34,94,97,225
JAWA TENGAH,KOTA SEMARANG,PEDURUNGAN,MUKTIHARJO KIDUL,3374061005019,57,95,75,227
JAWA TENGAH,KOTA SEMARANG,PEDURUNGAN,MUKTIHARJO KIDUL,3374061005022,44,96,73,213
JAWA TENGAH,KOTA SEMARANG,PEDURUNGAN,MUKTIHARJO KIDUL,3374061005023,25,93,97,215
JAWA TENGAH,KOTA SEMARANG,PEDURUNGAN,MUKTIHARJO KIDUL,3374061005024,31,98,82,211
JAWA TENGAH,KOTA SEMARANG,PEDURUNGAN,MUKTIHARJO KIDUL,3374061005025,29,109,84,222
JAWA TENGAH,KOTA SEMARANG,PEDURUNGAN,MUKTIHARJO KIDUL,3374061005026,11,91,76,178
JAWA TENGAH,KOTA SEMARANG,PEDURUNGAN,MUKTIHARJO KIDUL,3374061005027,9,155,80,244
JAWA TENGAH,KOTA SEMARANG,PEDURUNGAN,MUKTIHARJO KIDUL,3374061005028,10,115,87,212
JAWA TENGAH,KOTA SEMARANG,PEDURUNGAN,MUKTIHARJO KIDUL,3374061005029,29,109,79,217
JAWA TENGAH,KOTA SEMARANG,PEDURUNGAN,MUKTIHARJO KIDUL,3374061005030,18,117,107,242
JAWA TENGAH,KOTA SEMARANG,PEDURUNGAN,MUKTIHARJO KIDUL,3374061005031,15,121,68,204
JAWA TENGAH,KOTA SEMARANG,PEDURUNGAN,MUKTIHARJO KIDUL,3374061005032,18,124,89,231
JAWA TENGAH,KOTA SEMARANG,PEDURUNGAN,MUKTIHARJO KIDUL,3374061005033,6,128,88,222
JAWA TENGAH,KOTA SEMARANG,PEDURUNGAN,MUKTIHARJO KIDUL,3374061005034,12,96,131,239
JAWA TENGAH,KOTA SEMARANG,PEDURUNGAN,MUKTIHARJO KIDUL,3374061005035,14,109,114,237
JAWA TENGAH,KOTA SEMARANG,PEDURUNGAN,MUKTIHARJO KIDUL,3374061005036,14,68,102,184
JAWA TENGAH,KOTA SEMARANG,PEDURUNGAN,MUKTIHARJO KIDUL,3374061005037,3,85,109,197
JAWA TENGAH,KOTA SEMARANG,PEDURUNGAN,MUKTIHARJO KIDUL,3374061005038,8,115,92,215
JAWA TENGAH,KOTA SEMARANG,PEDURUNGAN,MUKTIHARJO KIDUL,3374061005040,16,109,97,222
JAWA TENGAH,KOTA SEMARANG,PEDURUNGAN,MUKTIHARJO KIDUL,3374061005041,22,117,78,217
JAWA TENGAH,KOTA SEMARANG,PEDURUNGAN,MUKTIHARJO KIDUL,3374061005042,13,121,86,220
JAWA TENGAH,KOTA SEMARANG,PEDURUNGAN,MUKTIHARJO KIDUL,3374061005044,7,134,102,243
JAWA TENGAH,KOTA SEMARANG,PEDURUNGAN,MUKTIHARJO KIDUL,3374061005045,13,125,87,225
JAWA TENGAH,KOTA SEMARANG,PEDURUNGAN,MUKTIHARJO KIDUL,3374061005046,16,123,109,248
JAWA TENGAH,KOTA SEMARANG,PEDURUNGAN,MUKTIHARJO KIDUL,3374061005047,18,126,109,253
JAWA TENGAH,KOTA SEMARANG,PEDURUNGAN,MUKTIHARJO KIDUL,3374061005048,11,101,119,231
JAWA TENGAH,KOTA SEMARANG,PEDURUNGAN,MUKTIHARJO KIDUL,3374061005050,14,140,97,251
JAWA TENGAH,KOTA SEMARANG,PEDURUNGAN,MUKTIHARJO KIDUL,3374061005051,4,126,78,208
JAWA TENGAH,KOTA SEMARANG,PEDURUNGAN,MUKTIHARJO KIDUL,3374061005052,7,106,51,164
JAWA TENGAH,KOTA SEMARANG,PEDURUNGAN,MUKTIHARJO KIDUL,3374061005053,18,110,87,215
JAWA TENGAH,KOTA SEMARANG,PEDURUNGAN,MUKTIHARJO KIDUL,3374061005054,20,92,99,211
JAWA TENGAH,KOTA SEMARANG,PEDURUNGAN,MUKTIHARJO KIDUL,3374061005055,12,114,89,215
JAWA TENGAH,KOTA SEMARANG,PEDURUNGAN,MUKTIHARJO KIDUL,3374061005056,31,101,97,229
JAWA TENGAH,KOTA SEMARANG,PEDURUNGAN,MUKTIHARJO KIDUL,3374061005057,25,84,97,206
JAWA TENGAH,KOTA SEMARANG,PEDURUNGAN,MUKTIHARJO KIDUL,3374061005058,27,118,89,234
JAWA TENGAH,KOTA SEMARANG,PEDURUNGAN,MUKTIHARJO KIDUL,3374061005059,20,83,94,197
JAWA TENGAH,KOTA SEMARANG,PEDURUNGAN,MUKTIHARJO KIDUL,3374061005060,21,104,90,215
JAWA TENGAH,KOTA SEMARANG,PEDURUNGAN,MUKTIHARJO KIDUL,3374061005061,27,115,90,232
JAWA TENGAH,KOTA SEMARANG,PEDURUNGAN,MUKTIHARJO KIDUL,3374061005062,25,117,90,232
JAWA TENGAH,KOTA SEMARANG,PEDURUNGAN,MUKTIHARJO KIDUL,3374061005063,18,145,58,221
JAWA TENGAH,KOTA SEMARANG,PEDURUNGAN,MUKTIHARJO KIDUL,3374061005064,22,93,107,222
JAWA TENGAH,KOTA SEMARANG,PEDURUNGAN,MUKTIHARJO KIDUL,3374061005066,9,104,113,226
JAWA TENGAH,KOTA SEMARANG,PEDURUNGAN,MUKTIHARJO KIDUL,3374061005067,49,87,89,225
JAWA TENGAH,KOTA SEMARANG,PEDURUNGAN,MUKTIHARJO KIDUL,3374061005068,51,90,91,232
JAWA TENGAH,KOTA SEMARANG,PEDURUNGAN,MUKTIHARJO KIDUL,3374061005069,48,66,69,183
JAWA TENGAH,KOTA SEMARANG,PEDURUNGAN,MUKTIHARJO KIDUL,3374061005070,36,77,62,175
JAWA TENGAH,KOTA SEMARANG,PEDURUNGAN,MUKTIHARJO KIDUL,3374061005071,26,95,83,204
JAWA TENGAH,KOTA SEMARANG,PEDURUNGAN,MUKTIHARJO KIDUL,3374061005072,53,91,79,223
JAWA TENGAH,KOTA SEMARANG,PEDURUNGAN,MUKTIHARJO KIDUL,3374061005073,33,104,84,221
JAWA TENGAH,KOTA SEMARANG,PEDURUNGAN,MUKTIHARJO KIDUL,3374061005074,52,116,68,236
JAWA TENGAH,KOTA SEMARANG,PEDURUNGAN,MUKTIHARJO KIDUL,3374061005075,39,102,91,232
JAWA TENGAH,KOTA SEMARANG,PEDURUNGAN,MUKTIHARJO KIDUL,3374061005076,34,95,48,177
JAWA TENGAH,KOTA SEMARANG,PEDURUNGAN,MUKTIHARJO KIDUL,3374061005077,38,90,47,175
JAWA TENGAH,KOTA SEMARANG,PEDURUNGAN,MUKTIHARJO KIDUL,3374061005078,25,64,64,153
JAWA TENGAH,KOTA SEMARANG,PEDURUNGAN,MUKTIHARJO KIDUL,3374061005079,38,98,70,206
JAWA TENGAH,KOTA SEMARANG,PEDURUNGAN,MUKTIHARJO KIDUL,3374061005080,39,120,68,227
JAWA TENGAH,KOTA SEMARANG,PEDURUNGAN,MUKTIHARJO KIDUL,3374061005082,23,110,77,210
JAWA TENGAH,KOTA SEMARANG,PEDURUNGAN,MUKTIHARJO KIDUL,3374061005083,9,97,96,202
JAWA TENGAH,KOTA SEMARANG,PEDURUNGAN,MUKTIHARJO KIDUL,3374061005084,10,136,98,244
JAWA TENGAH,KOTA SEMARANG,PEDURUNGAN,MUKTIHARJO KIDUL,3374061005085,12,165,78,255
JAWA TENGAH,KOTA SEMARANG,PEDURUNGAN,MUKTIHARJO KIDUL,3374061005086,28,95,107,230
JAWA TENGAH,KOTA SEMARANG,PEDURUNGAN,MUKTIHARJO KIDUL,3374061005087,13,107,115,235
JAWA TENGAH,KOTA SEMARANG,PEDURUNGAN,MUKTIHARJO KIDUL,3374061005088,28,100,100,228
JAWA TENGAH,KOTA SEMARANG,PEDURUNGAN,MUKTIHARJO KIDUL,3374061005089,11,94,105,210
JAWA TENGAH,KOTA SEMARANG,PEDURUNGAN,MUKTIHARJO KIDUL,3374061005090,25,123,101,249
JAWA TENGAH,KOTA SEMARANG,PEDURUNGAN,MUKTIHARJO KIDUL,3374061005091,24,74,63,161
JAWA TENGAH,KOTA SEMARANG,PEDURUNGAN,MUKTIHARJO KIDUL,3374061005092,37,70,71,178
JAWA TENGAH,KOTA SEMARANG,PEDURUNGAN,MUKTIHARJO KIDUL,3374061005093,19,114,89,222
JAWA TENGAH,KOTA SEMARANG,PEDURUNGAN,MUKTIHARJO KIDUL,3374061005094,24,100,98,222
JAWA TENGAH,KOTA SEMARANG,PEDURUNGAN,MUKTIHARJO KIDUL,3374061005095,31,101,84,216
JAWA TENGAH,KOTA SEMARANG,PEDURUNGAN,PALEBON,3374061011001,18,68,87,173
JAWA TENGAH,KOTA SEMARANG,PEDURUNGAN,PALEBON,3374061011002,29,92,104,225
JAWA TENGAH,KOTA SEMARANG,PEDURUNGAN,PALEBON,3374061011003,38,111,83,232
JAWA TENGAH,KOTA SEMARANG,PEDURUNGAN,PALEBON,3374061011004,37,90,70,197
JAWA TENGAH,KOTA SEMARANG,PEDURUNGAN,PALEBON,3374061011005,31,111,91,233
JAWA TENGAH,KOTA SEMARANG,PEDURUNGAN,PALEBON,3374061011006,20,86,91,197
JAWA TENGAH,KOTA SEMARANG,PEDURUNGAN,PALEBON,3374061011008,34,110,90,234
JAWA TENGAH,KOTA SEMARANG,PEDURUNGAN,PALEBON,3374061011009,24,124,99,247
JAWA TENGAH,KOTA SEMARANG,PEDURUNGAN,PALEBON,3374061011010,49,110,75,234
JAWA TENGAH,KOTA SEMARANG,PEDURUNGAN,PALEBON,3374061011011,43,121,76,240
JAWA TENGAH,KOTA SEMARANG,PEDURUNGAN,PALEBON,3374061011012,36,104,86,226
JAWA TENGAH,KOTA SEMARANG,PEDURUNGAN,PALEBON,3374061011013,30,116,89,235
JAWA TENGAH,KOTA SEMARANG,PEDURUNGAN,PALEBON,3374061011014,39,104,79,222
JAWA TENGAH,KOTA SEMARANG,PEDURUNGAN,PALEBON,3374061011015,46,85,79,210
JAWA TENGAH,KOTA SEMARANG,PEDURUNGAN,PALEBON,3374061011016,44,90,75,209
JAWA TENGAH,KOTA SEMARANG,PEDURUNGAN,PALEBON,3374061011017,35,105,81,221
JAWA TENGAH,KOTA SEMARANG,PEDURUNGAN,PALEBON,3374061011018,49,79,79,207
JAWA TENGAH,KOTA SEMARANG,PEDURUNGAN,PALEBON,3374061011019,69,80,72,221
JAWA TENGAH,KOTA SEMARANG,PEDURUNGAN,PALEBON,3374061011020,50,96,71,217
JAWA TENGAH,KOTA SEMARANG,PEDURUNGAN,PALEBON,3374061011021,32,83,71,186
JAWA TENGAH,KOTA SEMARANG,PEDURUNGAN,PALEBON,3374061011022,43,100,88,231
JAWA TENGAH,KOTA SEMARANG,PEDURUNGAN,PALEBON,3374061011023,49,90,24,163
JAWA TENGAH,KOTA SEMARANG,PEDURUNGAN,PALEBON,3374061011024,44,75,105,224
JAWA TENGAH,KOTA SEMARANG,PEDURUNGAN,PALEBON,3374061011025,62,97,61,220
JAWA TENGAH,KOTA SEMARANG,PEDURUNGAN,PALEBON,3374061011026,56,135,90,281
JAWA TENGAH,KOTA SEMARANG,PEDURUNGAN,PALEBON,3374061011027,63,76,79,218
JAWA TENGAH,KOTA SEMARANG,PEDURUNGAN,PALEBON,3374061011028,44,85,72,201
JAWA TENGAH,KOTA SEMARANG,PEDURUNGAN,PALEBON,3374061011029,21,136,91,248
JAWA TENGAH,KOTA SEMARANG,PEDURUNGAN,PALEBON,3374061011030,17,113,82,212
JAWA TENGAH,KOTA SEMARANG,PEDURUNGAN,PALEBON,3374061011031,16,90,52,158
JAWA TENGAH,KOTA SEMARANG,PEDURUNGAN,PALEBON,3374061011032,46,95,83,224
JAWA TENGAH,KOTA SEMARANG,PEDURUNGAN,PALEBON,3374061011033,28,120,102,250
JAWA TENGAH,KOTA SEMARANG,PEDURUNGAN,PALEBON,3374061011034,49,102,62,213
JAWA TENGAH,KOTA SEMARANG,PEDURUNGAN,PALEBON,3374061011035,57,102,70,229
JAWA TENGAH,KOTA SEMARANG,PEDURUNGAN,PALEBON,3374061011036,71,83,60,214
JAWA TENGAH,KOTA SEMARANG,PEDURUNGAN,PALEBON,3374061011037,49,84,103,236
JAWA TENGAH,KOTA SEMARANG,PEDURUNGAN,PALEBON,3374061011038,46,106,79,231
JAWA TENGAH,KOTA SEMARANG,PEDURUNGAN,PALEBON,3374061011039,32,126,78,236
JAWA TENGAH,KOTA SEMARANG,PEDURUNGAN,PALEBON,3374061011040,28,127,91,246
JAWA TENGAH,KOTA SEMARANG,PEDURUNGAN,PALEBON,3374061011041,28,103,88,219
JAWA TENGAH,KOTA SEMARANG,PEDURUNGAN,PEDURUNGAN KIDUL,3374061008001,45,70,50,165
JAWA TENGAH,KOTA SEMARANG,PEDURUNGAN,PEDURUNGAN KIDUL,3374061008003,37,105,69,211
JAWA TENGAH,KOTA SEMARANG,PEDURUNGAN,PEDURUNGAN KIDUL,3374061008004,37,138,39,214
JAWA TENGAH,KOTA SEMARANG,PEDURUNGAN,PEDURUNGAN KIDUL,3374061008005,46,89,47,182
JAWA TENGAH,KOTA SEMARANG,PEDURUNGAN,PEDURUNGAN KIDUL,3374061008007,25,114,80,219
JAWA TENGAH,KOTA SEMARANG,PEDURUNGAN,PEDURUNGAN KIDUL,3374061008008,50,61,82,193
JAWA TENGAH,KOTA SEMARANG,PEDURUNGAN,PEDURUNGAN KIDUL,3374061008009,58,97,56,211
JAWA TENGAH,KOTA SEMARANG,PEDURUNGAN,PEDURUNGAN KIDUL,3374061008010,80,84,63,227
JAWA TENGAH,KOTA SEMARANG,PEDURUNGAN,PEDURUNGAN KIDUL,3374061008011,44,104,73,221
JAWA TENGAH,KOTA SEMARANG,PEDURUNGAN,PEDURUNGAN KIDUL,3374061008012,32,129,89,250
JAWA TENGAH,KOTA SEMARANG,PEDURUNGAN,PEDURUNGAN KIDUL,3374061008013,65,100,68,233
JAWA TENGAH,KOTA SEMARANG,PEDURUNGAN,PEDURUNGAN KIDUL,3374061008015,62,93,63,218
JAWA TENGAH,KOTA SEMARANG,PEDURUNGAN,PEDURUNGAN KIDUL,3374061008016,49,98,60,207
JAWA TENGAH,KOTA SEMARANG,PEDURUNGAN,PEDURUNGAN KIDUL,3374061008017,25,120,91,236
JAWA TENGAH,KOTA SEMARANG,PEDURUNGAN,PEDURUNGAN KIDUL,3374061008018,38,118,82,238
JAWA TENGAH,KOTA SEMARANG,PEDURUNGAN,PEDURUNGAN KIDUL,3374061008019,34,113,68,215
JAWA TENGAH,KOTA SEMARANG,PEDURUNGAN,PEDURUNGAN KIDUL,3374061008021,38,104,67,209
JAWA TENGAH,KOTA SEMARANG,PEDURUNGAN,PEDURUNGAN KIDUL,3374061008022,58,94,68,220
JAWA TENGAH,KOTA SEMARANG,PEDURUNGAN,PEDURUNGAN KIDUL,3374061008023,39,57,82,178
JAWA TENGAH,KOTA SEMARANG,PEDURUNGAN,PEDURUNGAN KIDUL,3374061008024,18,69,93,180
JAWA TENGAH,KOTA SEMARANG,PEDURUNGAN,PEDURUNGAN KIDUL,3374061008025,27,90,73,190
JAWA TENGAH,KOTA SEMARANG,PEDURUNGAN,PEDURUNGAN KIDUL,3374061008026,42,92,72,206
JAWA TENGAH,KOTA SEMARANG,PEDURUNGAN,PEDURUNGAN KIDUL,3374061008027,34,114,85,233
JAWA TENGAH,KOTA SEMARANG,PEDURUNGAN,PEDURUNGAN KIDUL,3374061008028,34,132,82,248
JAWA TENGAH,KOTA SEMARANG,PEDURUNGAN,PEDURUNGAN KIDUL,3374061008029,51,81,104,236
JAWA TENGAH,KOTA SEMARANG,PEDURUNGAN,PEDURUNGAN KIDUL,3374061008032,74,96,68,238
JAWA TENGAH,KOTA SEMARANG,PEDURUNGAN,PEDURUNGAN KIDUL,3374061008033,64,87,61,212
JAWA TENGAH,KOTA SEMARANG,PEDURUNGAN,PEDURUNGAN KIDUL,3374061008034,61,98,87,246
JAWA TENGAH,KOTA SEMARANG,PEDURUNGAN,PEDURUNGAN KIDUL,3374061008035,31,104,97,232
JAWA TENGAH,KOTA SEMARANG,PEDURUNGAN,PEDURUNGAN KIDUL,3374061008036,37,137,72,246
JAWA TENGAH,KOTA SEMARANG,PEDURUNGAN,PEDURUNGAN KIDUL,3374061008037,41,127,97,265
JAWA TENGAH,KOTA SEMARANG,PEDURUNGAN,PEDURUNGAN KIDUL,3374061008038,22,103,82,207
JAWA TENGAH,KOTA SEMARANG,PEDURUNGAN,PEDURUNGAN KIDUL,3374061008039,11,108,67,186
JAWA TENGAH,KOTA SEMARANG,PEDURUNGAN,PEDURUNGAN KIDUL,3374061008040,16,137,71,224
JAWA TENGAH,KOTA SEMARANG,PEDURUNGAN,PEDURUNGAN LOR,3374061009001,35,94,69,198
JAWA TENGAH,KOTA SEMARANG,PEDURUNGAN,PEDURUNGAN LOR,3374061009002,35,99,66,200
JAWA TENGAH,KOTA SEMARANG,PEDURUNGAN,PEDURUNGAN LOR,3374061009003,55,99,84,238
JAWA TENGAH,KOTA SEMARANG,PEDURUNGAN,PEDURUNGAN LOR,3374061009004,53,112,73,238
JAWA TENGAH,KOTA SEMARANG,PEDURUNGAN,PEDURUNGAN LOR,3374061009005,34,67,68,169
JAWA TENGAH,KOTA SEMARANG,PEDURUNGAN,PEDURUNGAN LOR,3374061009007,34,100,70,204
JAWA TENGAH,KOTA SEMARANG,PEDURUNGAN,PEDURUNGAN LOR,3374061009008,33,69,104,206
JAWA TENGAH,KOTA SEMARANG,PEDURUNGAN,PEDURUNGAN LOR,3374061009009,13,68,96,177
JAWA TENGAH,KOTA SEMARANG,PEDURUNGAN,PEDURUNGAN LOR,3374061009010,32,78,92,202
JAWA TENGAH,KOTA SEMARANG,PEDURUNGAN,PEDURUNGAN LOR,3374061009011,33,84,113,230
JAWA TENGAH,KOTA SEMARANG,PEDURUNGAN,PEDURUNGAN LOR,3374061009012,35,105,84,224
JAWA TENGAH,KOTA SEMARANG,PEDURUNGAN,PEDURUNGAN LOR,3374061009013,31,117,92,240
JAWA TENGAH,KOTA SEMARANG,PEDURUNGAN,PEDURUNGAN LOR,3374061009014,26,72,59,157
JAWA TENGAH,KOTA SEMARANG,PEDURUNGAN,PEDURUNGAN LOR,3374061009015,21,77,65,163
JAWA TENGAH,KOTA SEMARANG,PEDURUNGAN,PEDURUNGAN LOR,3374061009016,37,80,83,200
JAWA TENGAH,KOTA SEMARANG,PEDURUNGAN,PEDURUNGAN LOR,3374061009017,32,127,60,219
JAWA TENGAH,KOTA SEMARANG,PEDURUNGAN,PEDURUNGAN LOR,3374061009019,20,125,76,221
JAWA TENGAH,KOTA SEMARANG,PEDURUNGAN,PEDURUNGAN LOR,3374061009020,12,60,106,178
JAWA TENGAH,KOTA SEMARANG,PEDURUNGAN,PEDURUNGAN LOR,3374061009021,9,72,127,208
JAWA TENGAH,KOTA SEMARANG,PEDURUNGAN,PEDURUNGAN LOR,3374061009022,14,47,55,116
JAWA TENGAH,KOTA SEMARANG,PEDURUNGAN,PEDURUNGAN LOR,3374061009023,44,129,82,255
JAWA TENGAH,KOTA SEMARANG,PEDURUNGAN,PEDURUNGAN LOR,3374061009024,22,106,97,225
JAWA TENGAH,KOTA SEMARANG,PEDURUNGAN,PEDURUNGAN LOR,3374061009025,36,111,70,217
JAWA TENGAH,KOTA SEMARANG,PEDURUNGAN,PEDURUNGAN LOR,3374061009026,25,86,72,183
JAWA TENGAH,KOTA SEMARANG,PEDURUNGAN,PEDURUNGAN LOR,3374061009027,44,97,72,213
JAWA TENGAH,KOTA SEMARANG,PEDURUNGAN,PEDURUNGAN LOR,3374061009028,19,104,57,180
JAWA TENGAH,KOTA SEMARANG,PEDURUNGAN,PEDURUNGAN LOR,3374061009030,42,77,90,209
JAWA TENGAH,KOTA SEMARANG,PEDURUNGAN,PEDURUNGAN TENGAH,3374061010001,23,108,75,206
JAWA TENGAH,KOTA SEMARANG,PEDURUNGAN,PEDURUNGAN TENGAH,3374061010002,41,108,63,212
JAWA TENGAH,KOTA SEMARANG,PEDURUNGAN,PEDURUNGAN TENGAH,3374061010003,36,101,67,204
JAWA TENGAH,KOTA SEMARANG,PEDURUNGAN,PEDURUNGAN TENGAH,3374061010004,53,129,72,254
JAWA TENGAH,KOTA SEMARANG,PEDURUNGAN,PEDURUNGAN TENGAH,3374061010005,21,109,85,215
JAWA TENGAH,KOTA SEMARANG,PEDURUNGAN,PEDURUNGAN TENGAH,3374061010006,37,137,64,238
JAWA TENGAH,KOTA SEMARANG,PEDURUNGAN,PEDURUNGAN TENGAH,3374061010007,33,128,84,245
JAWA TENGAH,KOTA SEMARANG,PEDURUNGAN,PEDURUNGAN TENGAH,3374061010008,26,75,74,175
JAWA TENGAH,KOTA SEMARANG,PEDURUNGAN,PEDURUNGAN TENGAH,3374061010010,64,78,75,217
JAWA TENGAH,KOTA SEMARANG,PEDURUNGAN,PEDURUNGAN TENGAH,3374061010011,38,88,98,224
JAWA TENGAH,KOTA SEMARANG,PEDURUNGAN,PEDURUNGAN TENGAH,3374061010012,46,94,91,231
JAWA TENGAH,KOTA SEMARANG,PEDURUNGAN,PEDURUNGAN TENGAH,3374061010013,34,109,90,233
JAWA TENGAH,KOTA SEMARANG,PEDURUNGAN,PEDURUNGAN TENGAH,3374061010014,36,81,76,193
JAWA TENGAH,KOTA SEMARANG,PEDURUNGAN,PEDURUNGAN TENGAH,3374061010015,61,77,94,232
JAWA TENGAH,KOTA SEMARANG,PEDURUNGAN,PEDURUNGAN TENGAH,3374061010016,36,59,105,200
JAWA TENGAH,KOTA SEMARANG,PEDURUNGAN,PEDURUNGAN TENGAH,3374061010017,36,70,86,192
JAWA TENGAH,KOTA SEMARANG,PEDURUNGAN,PEDURUNGAN TENGAH,3374061010018,62,89,94,245
JAWA TENGAH,KOTA SEMARANG,PEDURUNGAN,PEDURUNGAN TENGAH,3374061010019,37,91,85,213
JAWA TENGAH,KOTA SEMARANG,PEDURUNGAN,PEDURUNGAN TENGAH,3374061010020,58,94,75,227
JAWA TENGAH,KOTA SEMARANG,PEDURUNGAN,PEDURUNGAN TENGAH,3374061010021,29,113,90,232
JAWA TENGAH,KOTA SEMARANG,PEDURUNGAN,PEDURUNGAN TENGAH,3374061010022,24,92,90,206
JAWA TENGAH,KOTA SEMARANG,PEDURUNGAN,PEDURUNGAN TENGAH,3374061010023,23,112,52,187
JAWA TENGAH,KOTA SEMARANG,PEDURUNGAN,PEDURUNGAN TENGAH,3374061010024,19,124,82,225
JAWA TENGAH,KOTA SEMARANG,PEDURUNGAN,PEDURUNGAN TENGAH,3374061010025,20,99,74,193
JAWA TENGAH,KOTA SEMARANG,PEDURUNGAN,PEDURUNGAN TENGAH,3374061010026,27,82,87,196
JAWA TENGAH,KOTA SEMARANG,PEDURUNGAN,PEDURUNGAN TENGAH,3374061010027,32,95,73,200
JAWA TENGAH,KOTA SEMARANG,PEDURUNGAN,PEDURUNGAN TENGAH,3374061010028,47,111,72,230
JAWA TENGAH,KOTA SEMARANG,PEDURUNGAN,PEDURUNGAN TENGAH,3374061010029,28,83,90,201
JAWA TENGAH,KOTA SEMARANG,PEDURUNGAN,PEDURUNGAN TENGAH,3374061010030,24,93,85,202
JAWA TENGAH,KOTA SEMARANG,PEDURUNGAN,PEDURUNGAN TENGAH,3374061010031,37,83,68,188
JAWA TENGAH,KOTA SEMARANG,PEDURUNGAN,PEDURUNGAN TENGAH,3374061010032,31,91,69,191
JAWA TENGAH,KOTA SEMARANG,PEDURUNGAN,PEDURUNGAN TENGAH,3374061010033,28,123,88,239
JAWA TENGAH,KOTA SEMARANG,PEDURUNGAN,PEDURUNGAN TENGAH,3374061010034,18,117,96,231
JAWA TENGAH,KOTA SEMARANG,PEDURUNGAN,PEDURUNGAN TENGAH,3374061010035,34,162,68,264
JAWA TENGAH,KOTA SEMARANG,PEDURUNGAN,PEDURUNGAN TENGAH,3374061010036,52,110,78,240
JAWA TENGAH,KOTA SEMARANG,PEDURUNGAN,PEDURUNGAN TENGAH,3374061010037,42,127,102,271
JAWA TENGAH,KOTA SEMARANG,PEDURUNGAN,PEDURUNGAN TENGAH,3374061010038,30,131,90,251
JAWA TENGAH,KOTA SEMARANG,PEDURUNGAN,PEDURUNGAN TENGAH,3374061010039,59,128,77,264
JAWA TENGAH,KOTA SEMARANG,PEDURUNGAN,PEDURUNGAN TENGAH,3374061010040,47,131,89,267
JAWA TENGAH,KOTA SEMARANG,PEDURUNGAN,PEDURUNGAN TENGAH,3374061010041,34,86,78,198
JAWA TENGAH,KOTA SEMARANG,PEDURUNGAN,PEDURUNGAN TENGAH,3374061010042,22,105,102,229
JAWA TENGAH,KOTA SEMARANG,PEDURUNGAN,PEDURUNGAN TENGAH,3374061010043,49,130,72,251
JAWA TENGAH,KOTA SEMARANG,PEDURUNGAN,PEDURUNGAN TENGAH,3374061010044,32,92,85,209
JAWA TENGAH,KOTA SEMARANG,PEDURUNGAN,PENGGARON KIDUL,3374061001002,22,118,85,225
JAWA TENGAH,KOTA SEMARANG,PEDURUNGAN,PENGGARON KIDUL,3374061001003,22,129,75,226
JAWA TENGAH,KOTA SEMARANG,PEDURUNGAN,PENGGARON KIDUL,3374061001004,35,115,66,216
JAWA TENGAH,KOTA SEMARANG,PEDURUNGAN,PENGGARON KIDUL,3374061001005,43,118,73,234
JAWA TENGAH,KOTA SEMARANG,PEDURUNGAN,PENGGARON KIDUL,3374061001006,47,126,78,251
JAWA TENGAH,KOTA SEMARANG,PEDURUNGAN,PENGGARON KIDUL,3374061001007,21,154,70,245
JAWA TENGAH,KOTA SEMARANG,PEDURUNGAN,PENGGARON KIDUL,3374061001008,32,121,65,218
JAWA TENGAH,KOTA SEMARANG,PEDURUNGAN,PENGGARON KIDUL,3374061001010,20,106,48,174
JAWA TENGAH,KOTA SEMARANG,PEDURUNGAN,PENGGARON KIDUL,3374061001011,20,106,51,177
JAWA TENGAH,KOTA SEMARANG,PEDURUNGAN,PENGGARON KIDUL,3374061001012,21,81,69,171
JAWA TENGAH,KOTA SEMARANG,PEDURUNGAN,PENGGARON KIDUL,3374061001013,25,147,47,219
JAWA TENGAH,KOTA SEMARANG,PEDURUNGAN,PENGGARON KIDUL,3374061001014,37,107,63,207
JAWA TENGAH,KOTA SEMARANG,PEDURUNGAN,PENGGARON KIDUL,3374061001015,30,97,65,192
JAWA TENGAH,KOTA SEMARANG,PEDURUNGAN,PENGGARON KIDUL,3374061001016,41,122,69,232
JAWA TENGAH,KOTA SEMARANG,PEDURUNGAN,PENGGARON KIDUL,3374061001017,41,115,74,230
JAWA TENGAH,KOTA SEMARANG,PEDURUNGAN,PENGGARON KIDUL,3374061001018,55,129,63,247
JAWA TENGAH,KOTA SEMARANG,PEDURUNGAN,PENGGARON KIDUL,3374061001019,40,131,73,244
JAWA TENGAH,KOTA SEMARANG,PEDURUNGAN,PENGGARON KIDUL,3374061001020,36,130,61,227
JAWA TENGAH,KOTA SEMARANG,PEDURUNGAN,PENGGARON KIDUL,3374061001021,44,131,84,259
JAWA TENGAH,KOTA SEMARANG,PEDURUNGAN,PLAMONGANSARI,3374061006001,20,192,50,262
JAWA TENGAH,KOTA SEMARANG,PEDURUNGAN,PLAMONGANSARI,3374061006002,40,119,85,244
JAWA TENGAH,KOTA SEMARANG,PEDURUNGAN,PLAMONGANSARI,3374061006003,28,141,89,258
JAWA TENGAH,KOTA SEMARANG,PEDURUNGAN,PLAMONGANSARI,3374061006004,19,139,86,244
JAWA TENGAH,KOTA SEMARANG,PEDURUNGAN,PLAMONGANSARI,3374061006006,26,120,78,224
JAWA TENGAH,KOTA SEMARANG,PEDURUNGAN,PLAMONGANSARI,3374061006007,72,114,66,252
JAWA TENGAH,KOTA SEMARANG,PEDURUNGAN,PLAMONGANSARI,3374061006008,68,136,38,242
JAWA TENGAH,KOTA SEMARANG,PEDURUNGAN,PLAMONGANSARI,3374061006009,40,124,88,252
JAWA TENGAH,KOTA SEMARANG,PEDURUNGAN,PLAMONGANSARI,3374061006010,30,126,75,231
JAWA TENGAH,KOTA SEMARANG,PEDURUNGAN,PLAMONGANSARI,3374061006011,36,148,73,257
JAWA TENGAH,KOTA SEMARANG,PEDURUNGAN,PLAMONGANSARI,3374061006012,44,116,59,219
JAWA TENGAH,KOTA SEMARANG,PEDURUNGAN,PLAMONGANSARI,3374061006013,18,115,80,213
JAWA TENGAH,KOTA SEMARANG,PEDURUNGAN,PLAMONGANSARI,3374061006014,22,128,63,213
JAWA TENGAH,KOTA SEMARANG,PEDURUNGAN,PLAMONGANSARI,3374061006015,21,160,61,242
JAWA TENGAH,KOTA SEMARANG,PEDURUNGAN,PLAMONGANSARI,3374061006016,25,136,57,218
JAWA TENGAH,KOTA SEMARANG,PEDURUNGAN,PLAMONGANSARI,3374061006017,24,85,58,167
JAWA TENGAH,KOTA SEMARANG,PEDURUNGAN,PLAMONGANSARI,3374061006018,37,111,47,195
JAWA TENGAH,KOTA SEMARANG,PEDURUNGAN,PLAMONGANSARI,3374061006019,33,84,84,201
JAWA TENGAH,KOTA SEMARANG,PEDURUNGAN,PLAMONGANSARI,3374061006020,33,69,74,176
JAWA TENGAH,KOTA SEMARANG,PEDURUNGAN,PLAMONGANSARI,3374061006021,35,108,74,217
JAWA TENGAH,KOTA SEMARANG,PEDURUNGAN,PLAMONGANSARI,3374061006022,42,60,70,172
JAWA TENGAH,KOTA SEMARANG,PEDURUNGAN,PLAMONGANSARI,3374061006024,34,87,73,194
JAWA TENGAH,KOTA SEMARANG,PEDURUNGAN,PLAMONGANSARI,3374061006025,51,91,77,219
JAWA TENGAH,KOTA SEMARANG,PEDURUNGAN,PLAMONGANSARI,3374061006026,48,91,76,215
JAWA TENGAH,KOTA SEMARANG,PEDURUNGAN,PLAMONGANSARI,3374061006027,33,96,100,229
JAWA TENGAH,KOTA SEMARANG,PEDURUNGAN,PLAMONGANSARI,3374061006028,44,115,59,218
JAWA TENGAH,KOTA SEMARANG,PEDURUNGAN,PLAMONGANSARI,3374061006029,41,111,98,250
JAWA TENGAH,KOTA SEMARANG,PEDURUNGAN,PLAMONGANSARI,3374061006030,40,99,96,235
JAWA TENGAH,KOTA SEMARANG,PEDURUNGAN,PLAMONGANSARI,3374061006031,55,114,76,245
JAWA TENGAH,KOTA SEMARANG,PEDURUNGAN,PLAMONGANSARI,3374061006032,33,107,72,212
JAWA TENGAH,KOTA SEMARANG,PEDURUNGAN,PLAMONGANSARI,3374061006033,43,102,89,234
JAWA TENGAH,KOTA SEMARANG,PEDURUNGAN,PLAMONGANSARI,3374061006034,13,67,98,178
JAWA TENGAH,KOTA SEMARANG,PEDURUNGAN,PLAMONGANSARI,3374061006035,24,70,106,200
JAWA TENGAH,KOTA SEMARANG,PEDURUNGAN,PLAMONGANSARI,3374061006036,24,77,68,169
JAWA TENGAH,KOTA SEMARANG,PEDURUNGAN,PLAMONGANSARI,3374061006037,16,91,91,198
JAWA TENGAH,KOTA SEMARANG,PEDURUNGAN,PLAMONGANSARI,3374061006038,20,66,75,161
JAWA TENGAH,KOTA SEMARANG,PEDURUNGAN,PLAMONGANSARI,3374061006039,15,105,88,208
JAWA TENGAH,KOTA SEMARANG,PEDURUNGAN,PLAMONGANSARI,3374061006040,9,90,42,141
JAWA TENGAH,KOTA SEMARANG,PEDURUNGAN,PLAMONGANSARI,3374061006041,24,134,53,211
JAWA TENGAH,KOTA SEMARANG,PEDURUNGAN,PLAMONGANSARI,3374061006042,37,103,89,229
JAWA TENGAH,KOTA SEMARANG,PEDURUNGAN,PLAMONGANSARI,3374061006901,10,37,51,98
JAWA TENGAH,KOTA SEMARANG,PEDURUNGAN,TLOGOMULYO,3374061002001,17,129,94,240
JAWA TENGAH,KOTA SEMARANG,PEDURUNGAN,TLOGOMULYO,3374061002002,26,135,84,245
JAWA TENGAH,KOTA SEMARANG,PEDURUNGAN,TLOGOMULYO,3374061002003,22,115,90,227
JAWA TENGAH,KOTA SEMARANG,PEDURUNGAN,TLOGOMULYO,3374061002004,26,115,91,232
JAWA TENGAH,KOTA SEMARANG,PEDURUNGAN,TLOGOMULYO,3374061002005,13,109,106,228
JAWA TENGAH,KOTA SEMARANG,PEDURUNGAN,TLOGOMULYO,3374061002006,29,85,125,239
JAWA TENGAH,KOTA SEMARANG,PEDURUNGAN,TLOGOMULYO,3374061002007,20,101,89,210
JAWA TENGAH,KOTA SEMARANG,PEDURUNGAN,TLOGOMULYO,3374061002009,15,107,69,191
JAWA TENGAH,KOTA SEMARANG,PEDURUNGAN,TLOGOMULYO,3374061002010,12,112,68,192
JAWA TENGAH,KOTA SEMARANG,PEDURUNGAN,TLOGOMULYO,3374061002011,25,128,85,238
JAWA TENGAH,KOTA SEMARANG,PEDURUNGAN,TLOGOMULYO,3374061002012,23,98,101,222
JAWA TENGAH,KOTA SEMARANG,PEDURUNGAN,TLOGOMULYO,3374061002015,23,84,140,247
JAWA TENGAH,KOTA SEMARANG,PEDURUNGAN,TLOGOMULYO,3374061002016,22,126,104,252
JAWA TENGAH,KOTA SEMARANG,PEDURUNGAN,TLOGOMULYO,3374061002017,30,105,118,253
JAWA TENGAH,KOTA SEMARANG,PEDURUNGAN,TLOGOMULYO,3374061002020,52,103,52,207
JAWA TENGAH,KOTA SEMARANG,PEDURUNGAN,TLOGOMULYO,3374061002021,62,98,60,220
JAWA TENGAH,KOTA SEMARANG,PEDURUNGAN,TLOGOMULYO,3374061002023,38,108,75,221
JAWA TENGAH,KOTA SEMARANG,PEDURUNGAN,TLOGOMULYO,3374061002026,49,85,91,225
JAWA TENGAH,KOTA SEMARANG,PEDURUNGAN,TLOGOMULYO,3374061002027,60,86,88,234
JAWA TENGAH,KOTA SEMARANG,PEDURUNGAN,TLOGOMULYO,3374061002028,35,113,96,244
JAWA TENGAH,KOTA SEMARANG,PEDURUNGAN,TLOGOMULYO,3374061002029,29,104,84,217
JAWA TENGAH,KOTA SEMARANG,PEDURUNGAN,TLOGOMULYO,3374061002031,56,110,66,232
JAWA TENGAH,KOTA SEMARANG,PEDURUNGAN,TLOGOMULYO,3374061002032,60,100,71,231
JAWA TENGAH,KOTA SEMARANG,PEDURUNGAN,TLOGOMULYO,3374061002033,56,90,97,243
JAWA TENGAH,KOTA SEMARANG,PEDURUNGAN,TLOGOMULYO,3374061002034,53,121,79,253
JAWA TENGAH,KOTA SEMARANG,PEDURUNGAN,TLOGOMULYO,3374061002035,39,96,77,212
JAWA TENGAH,KOTA SEMARANG,PEDURUNGAN,TLOGOMULYO,3374061002038,38,122,68,228
JAWA TENGAH,KOTA SEMARANG,PEDURUNGAN,TLOGOMULYO,3374061002040,26,106,77,209
JAWA TENGAH,KOTA SEMARANG,PEDURUNGAN,TLOGOMULYO,3374061002041,33,117,46,196
JAWA TENGAH,KOTA SEMARANG,PEDURUNGAN,TLOGOMULYO,3374061002042,36,120,87,243
JAWA TENGAH,KOTA SEMARANG,PEDURUNGAN,TLOGOMULYO,3374061002043,21,106,44,171
JAWA TENGAH,KOTA SEMARANG,PEDURUNGAN,TLOGOMULYO,3374061002044,51,124,69,244
JAWA TENGAH,KOTA SEMARANG,PEDURUNGAN,TLOGOSARI KULON,3374061004001,31,114,78,223
JAWA TENGAH,KOTA SEMARANG,PEDURUNGAN,TLOGOSARI KULON,3374061004002,40,104,58,202
JAWA TENGAH,KOTA SEMARANG,PEDURUNGAN,TLOGOSARI KULON,3374061004003,10,111,98,219
JAWA TENGAH,KOTA SEMARANG,PEDURUNGAN,TLOGOSARI KULON,3374061004004,13,37,107,157
JAWA TENGAH,KOTA SEMARANG,PEDURUNGAN,TLOGOSARI KULON,3374061004005,32,89,94,215
JAWA TENGAH,KOTA SEMARANG,PEDURUNGAN,TLOGOSARI KULON,3374061004006,26,104,100,230
JAWA TENGAH,KOTA SEMARANG,PEDURUNGAN,TLOGOSARI KULON,3374061004007,41,98,72,211
JAWA TENGAH,KOTA SEMARANG,PEDURUNGAN,TLOGOSARI KULON,3374061004009,39,95,64,198
JAWA TENGAH,KOTA SEMARANG,PEDURUNGAN,TLOGOSARI KULON,3374061004010,40,85,66,191
JAWA TENGAH,KOTA SEMARANG,PEDURUNGAN,TLOGOSARI KULON,3374061004011,67,71,82,220
JAWA TENGAH,KOTA SEMARANG,PEDURUNGAN,TLOGOSARI KULON,3374061004012,33,103,82,218
JAWA TENGAH,KOTA SEMARANG,PEDURUNGAN,TLOGOSARI KULON,3374061004013,37,106,84,227
JAWA TENGAH,KOTA SEMARANG,PEDURUNGAN,TLOGOSARI KULON,3374061004014,52,90,104,246
JAWA TENGAH,KOTA SEMARANG,PEDURUNGAN,TLOGOSARI KULON,3374061004016,62,71,81,214
JAWA TENGAH,KOTA SEMARANG,PEDURUNGAN,TLOGOSARI KULON,3374061004017,51,79,66,196
JAWA TENGAH,KOTA SEMARANG,PEDURUNGAN,TLOGOSARI KULON,3374061004019,42,73,82,197
JAWA TENGAH,KOTA SEMARANG,PEDURUNGAN,TLOGOSARI KULON,3374061004021,14,90,119,223
JAWA TENGAH,KOTA SEMARANG,PEDURUNGAN,TLOGOSARI KULON,3374061004022,28,109,105,242
JAWA TENGAH,KOTA SEMARANG,PEDURUNGAN,TLOGOSARI KULON,3374061004023,32,130,76,238
JAWA TENGAH,KOTA SEMARANG,PEDURUNGAN,TLOGOSARI KULON,3374061004027,28,136,55,219
JAWA TENGAH,KOTA SEMARANG,PEDURUNGAN,TLOGOSARI KULON,3374061004028,60,73,71,204
JAWA TENGAH,KOTA SEMARANG,PEDURUNGAN,TLOGOSARI KULON,3374061004031,48,86,54,188
JAWA TENGAH,KOTA SEMARANG,PEDURUNGAN,TLOGOSARI KULON,3374061004032,49,93,65,207
JAWA TENGAH,KOTA SEMARANG,PEDURUNGAN,TLOGOSARI KULON,3374061004033,36,71,64,171
JAWA TENGAH,KOTA SEMARANG,PEDURUNGAN,TLOGOSARI KULON,3374061004034,46,90,93,229
JAWA TENGAH,KOTA SEMARANG,PEDURUNGAN,TLOGOSARI KULON,3374061004036,72,89,79,240
JAWA TENGAH,KOTA SEMARANG,PEDURUNGAN,TLOGOSARI KULON,3374061004038,45,100,79,224
JAWA TENGAH,KOTA SEMARANG,PEDURUNGAN,TLOGOSARI KULON,3374061004039,41,99,81,221
JAWA TENGAH,KOTA SEMARANG,PEDURUNGAN,TLOGOSARI KULON,3374061004043,69,97,88,254
JAWA TENGAH,KOTA SEMARANG,PEDURUNGAN,TLOGOSARI KULON,3374061004044,59,96,87,242
JAWA TENGAH,KOTA SEMARANG,PEDURUNGAN,TLOGOSARI KULON,3374061004046,39,117,92,248
JAWA TENGAH,KOTA SEMARANG,PEDURUNGAN,TLOGOSARI KULON,3374061004047,50,100,77,227
JAWA TENGAH,KOTA SEMARANG,PEDURUNGAN,TLOGOSARI KULON,3374061004048,77,95,58,230
JAWA TENGAH,KOTA SEMARANG,PEDURUNGAN,TLOGOSARI KULON,3374061004049,49,101,95,245
JAWA TENGAH,KOTA SEMARANG,PEDURUNGAN,TLOGOSARI KULON,3374061004050,27,110,90,227
JAWA TENGAH,KOTA SEMARANG,PEDURUNGAN,TLOGOSARI KULON,3374061004051,67,84,67,218
JAWA TENGAH,KOTA SEMARANG,PEDURUNGAN,TLOGOSARI KULON,3374061004052,50,98,68,216
JAWA TENGAH,KOTA SEMARANG,PEDURUNGAN,TLOGOSARI KULON,3374061004055,41,100,80,221
JAWA TENGAH,KOTA SEMARANG,PEDURUNGAN,TLOGOSARI KULON,3374061004056,43,77,70,190
JAWA TENGAH,KOTA SEMARANG,PEDURUNGAN,TLOGOSARI KULON,3374061004057,40,91,97,228
JAWA TENGAH,KOTA SEMARANG,PEDURUNGAN,TLOGOSARI KULON,3374061004061,72,71,67,210
JAWA TENGAH,KOTA SEMARANG,PEDURUNGAN,TLOGOSARI KULON,3374061004063,51,80,59,190
JAWA TENGAH,KOTA SEMARANG,PEDURUNGAN,TLOGOSARI KULON,3374061004065,41,27,69,137
JAWA TENGAH,KOTA SEMARANG,PEDURUNGAN,TLOGOSARI KULON,3374061004066,30,119,94,243
JAWA TENGAH,KOTA SEMARANG,PEDURUNGAN,TLOGOSARI KULON,3374061004067,22,104,111,237
JAWA TENGAH,KOTA SEMARANG,PEDURUNGAN,TLOGOSARI KULON,3374061004068,42,91,94,227
JAWA TENGAH,KOTA SEMARANG,PEDURUNGAN,TLOGOSARI KULON,3374061004071,43,93,84,220
JAWA TENGAH,KOTA SEMARANG,PEDURUNGAN,TLOGOSARI KULON,3374061004072,38,97,99,234
JAWA TENGAH,KOTA SEMARANG,PEDURUNGAN,TLOGOSARI KULON,3374061004073,46,98,86,230
JAWA TENGAH,KOTA SEMARANG,PEDURUNGAN,TLOGOSARI KULON,3374061004074,45,85,89,219
JAWA TENGAH,KOTA SEMARANG,PEDURUNGAN,TLOGOSARI KULON,3374061004075,37,84,108,229
JAWA TENGAH,KOTA SEMARANG,PEDURUNGAN,TLOGOSARI KULON,3374061004076,37,80,100,217
JAWA TENGAH,KOTA SEMARANG,PEDURUNGAN,TLOGOSARI KULON,3374061004077,23,97,80,200
JAWA TENGAH,KOTA SEMARANG,PEDURUNGAN,TLOGOSARI KULON,3374061004078,22,92,58,172
JAWA TENGAH,KOTA SEMARANG,PEDURUNGAN,TLOGOSARI KULON,3374061004079,34,91,104,229
JAWA TENGAH,KOTA SEMARANG,PEDURUNGAN,TLOGOSARI KULON,3374061004081,43,86,96,225
JAWA TENGAH,KOTA SEMARANG,PEDURUNGAN,TLOGOSARI KULON,3374061004083,22,106,101,229
JAWA TENGAH,KOTA SEMARANG,PEDURUNGAN,TLOGOSARI KULON,3374061004084,41,104,81,226
JAWA TENGAH,KOTA SEMARANG,PEDURUNGAN,TLOGOSARI KULON,3374061004086,22,133,77,232
JAWA TENGAH,KOTA SEMARANG,PEDURUNGAN,TLOGOSARI WETAN,3374061003001,42,80,92,214
JAWA TENGAH,KOTA SEMARANG,PEDURUNGAN,TLOGOSARI WETAN,3374061003002,63,68,75,206
JAWA TENGAH,KOTA SEMARANG,PEDURUNGAN,TLOGOSARI WETAN,3374061003003,50,125,54,229
JAWA TENGAH,KOTA SEMARANG,PEDURUNGAN,TLOGOSARI WETAN,3374061003005,30,112,79,221
JAWA TENGAH,KOTA SEMARANG,PEDURUNGAN,TLOGOSARI WETAN,3374061003006,41,98,78,217
JAWA TENGAH,KOTA SEMARANG,PEDURUNGAN,TLOGOSARI WETAN,3374061003007,25,136,78,239
JAWA TENGAH,KOTA SEMARANG,PEDURUNGAN,TLOGOSARI WETAN,3374061003011,25,117,103,245
JAWA TENGAH,KOTA SEMARANG,PEDURUNGAN,TLOGOSARI WETAN,3374061003013,29,98,76,203
JAWA TENGAH,KOTA SEMARANG,PEDURUNGAN,TLOGOSARI WETAN,3374061003014,22,111,100,233
JAWA TENGAH,KOTA SEMARANG,PEDURUNGAN,TLOGOSARI WETAN,3374061003015,43,92,102,237
JAWA TENGAH,KOTA SEMARANG,PEDURUNGAN,TLOGOSARI WETAN,3374061003016,31,120,92,243
JAWA TENGAH,KOTA SEMARANG,PEDURUNGAN,TLOGOSARI WETAN,3374061003017,38,102,101,241
JAWA TENGAH,KOTA SEMARANG,PEDURUNGAN,TLOGOSARI WETAN,3374061003018,32,97,100,229
JAWA TENGAH,KOTA SEMARANG,PEDURUNGAN,TLOGOSARI WETAN,3374061003019,34,102,85,221
JAWA TENGAH,KOTA SEMARANG,PEDURUNGAN,TLOGOSARI WETAN,3374061003020,22,104,106,232
JAWA TENGAH,KOTA SEMARANG,PEDURUNGAN,TLOGOSARI WETAN,3374061003021,24,108,95,227
JAWA TENGAH,KOTA SEMARANG,PEDURUNGAN,TLOGOSARI WETAN,3374061003022,38,104,94,236
JAWA TENGAH,KOTA SEMARANG,PEDURUNGAN,TLOGOSARI WETAN,3374061003023,44,108,76,228
JAWA TENGAH,KOTA SEMARANG,PEDURUNGAN,TLOGOSARI WETAN,3374061003024,47,118,80,245
JAWA TENGAH,KOTA SEMARANG,PEDURUNGAN,TLOGOSARI WETAN,3374061003025,26,92,92,210
JAWA TENGAH,KOTA SEMARANG,SEMARANG BARAT,BOJONGSALAMAN,3374131009001,41,98,77,216
JAWA TENGAH,KOTA SEMARANG,SEMARANG BARAT,BOJONGSALAMAN,3374131009006,26,97,94,217
JAWA TENGAH,KOTA SEMARANG,SEMARANG BARAT,BOJONGSALAMAN,3374131009009,31,97,87,215
JAWA TENGAH,KOTA SEMARANG,SEMARANG BARAT,BOJONGSALAMAN,3374131009010,26,96,80,202
JAWA TENGAH,KOTA SEMARANG,SEMARANG BARAT,BOJONGSALAMAN,3374131009013,20,93,80,193
JAWA TENGAH,KOTA SEMARANG,SEMARANG BARAT,BOJONGSALAMAN,3374131009014,35,94,104,233
JAWA TENGAH,KOTA SEMARANG,SEMARANG BARAT,BOJONGSALAMAN,3374131009017,20,116,94,230
JAWA TENGAH,KOTA SEMARANG,SEMARANG BARAT,BOJONGSALAMAN,3374131009018,17,129,78,224
JAWA TENGAH,KOTA SEMARANG,SEMARANG BARAT,BOJONGSALAMAN,3374131009022,27,108,99,234
JAWA TENGAH,KOTA SEMARANG,SEMARANG BARAT,BONGSARI,3374131008001,26,105,89,220
JAWA TENGAH,KOTA SEMARANG,SEMARANG BARAT,BONGSARI,3374131008002,16,83,127,226
JAWA TENGAH,KOTA SEMARANG,SEMARANG BARAT,BONGSARI,3374131008005,15,103,110,228
JAWA TENGAH,KOTA SEMARANG,SEMARANG BARAT,BONGSARI,3374131008006,26,115,75,216
JAWA TENGAH,KOTA SEMARANG,SEMARANG BARAT,BONGSARI,3374131008007,40,95,78,213
JAWA TENGAH,KOTA SEMARANG,SEMARANG BARAT,BONGSARI,3374131008010,28,109,95,232
JAWA TENGAH,KOTA SEMARANG,SEMARANG BARAT,BONGSARI,3374131008011,9,118,105,232
JAWA TENGAH,KOTA SEMARANG,SEMARANG BARAT,BONGSARI,3374131008015,28,116,85,229
JAWA TENGAH,KOTA SEMARANG,SEMARANG BARAT,BONGSARI,3374131008016,17,102,115,234
JAWA TENGAH,KOTA SEMARANG,SEMARANG BARAT,BONGSARI,3374131008018,16,115,105,236
JAWA TENGAH,KOTA SEMARANG,SEMARANG BARAT,BONGSARI,3374131008019,17,121,87,225
JAWA TENGAH,KOTA SEMARANG,SEMARANG BARAT,BONGSARI,3374131008020,23,133,79,235
JAWA TENGAH,KOTA SEMARANG,SEMARANG BARAT,BONGSARI,3374131008021,29,110,92,231
JAWA TENGAH,KOTA SEMARANG,SEMARANG BARAT,BONGSARI,3374131008022,9,126,101,236
JAWA TENGAH,KOTA SEMARANG,SEMARANG BARAT,BONGSARI,3374131008023,18,121,92,231
JAWA TENGAH,KOTA SEMARANG,SEMARANG BARAT,BONGSARI,3374131008024,28,82,88,198
JAWA TENGAH,KOTA SEMARANG,SEMARANG BARAT,BONGSARI,3374131008026,26,112,95,233
JAWA TENGAH,KOTA SEMARANG,SEMARANG BARAT,BONGSARI,3374131008029,8,100,110,218
JAWA TENGAH,KOTA SEMARANG,SEMARANG BARAT,BONGSARI,3374131008030,10,87,106,203
JAWA TENGAH,KOTA SEMARANG,SEMARANG BARAT,BONGSARI,3374131008032,11,94,112,217
JAWA TENGAH,KOTA SEMARANG,SEMARANG BARAT,BONGSARI,3374131008033,22,96,90,208
JAWA TENGAH,KOTA SEMARANG,SEMARANG BARAT,BONGSARI,3374131008034,35,69,80,184
JAWA TENGAH,KOTA SEMARANG,SEMARANG BARAT,BONGSARI,3374131008035,27,95,76,198
JAWA TENGAH,KOTA SEMARANG,SEMARANG BARAT,CABEAN,3374131011001,37,84,102,223
JAWA TENGAH,KOTA SEMARANG,SEMARANG BARAT,CABEAN,3374131011002,31,106,86,223
JAWA TENGAH,KOTA SEMARANG,SEMARANG BARAT,CABEAN,3374131011003,45,100,97,242
JAWA TENGAH,KOTA SEMARANG,SEMARANG BARAT,CABEAN,3374131011004,41,91,77,209
JAWA TENGAH,KOTA SEMARANG,SEMARANG BARAT,CABEAN,3374131011005,32,86,98,216
JAWA TENGAH,KOTA SEMARANG,SEMARANG BARAT,CABEAN,3374131011006,30,68,104,202
JAWA TENGAH,KOTA SEMARANG,SEMARANG BARAT,CABEAN,3374131011007,20,57,74,151
JAWA TENGAH,KOTA SEMARANG,SEMARANG BARAT,CABEAN,3374131011008,47,83,82,212
JAWA TENGAH,KOTA SEMARANG,SEMARANG BARAT,GISIKDRONO,3374131007001,20,130,99,249
JAWA TENGAH,KOTA SEMARANG,SEMARANG BARAT,GISIKDRONO,3374131007002,21,100,114,235
JAWA TENGAH,KOTA SEMARANG,SEMARANG BARAT,GISIKDRONO,3374131007003,41,88,95,224
JAWA TENGAH,KOTA SEMARANG,SEMARANG BARAT,GISIKDRONO,3374131007004,37,111,81,229
JAWA TENGAH,KOTA SEMARANG,SEMARANG BARAT,GISIKDRONO,3374131007005,34,101,103,238
JAWA TENGAH,KOTA SEMARANG,SEMARANG BARAT,GISIKDRONO,3374131007006,40,102,87,229
JAWA TENGAH,KOTA SEMARANG,SEMARANG BARAT,GISIKDRONO,3374131007007,32,95,122,249
JAWA TENGAH,KOTA SEMARANG,SEMARANG BARAT,GISIKDRONO,3374131007008,26,60,118,204
JAWA TENGAH,KOTA SEMARANG,SEMARANG BARAT,GISIKDRONO,3374131007009,43,96,83,222
JAWA TENGAH,KOTA SEMARANG,SEMARANG BARAT,GISIKDRONO,3374131007010,28,97,80,205
JAWA TENGAH,KOTA SEMARANG,SEMARANG BARAT,GISIKDRONO,3374131007012,18,105,82,205
JAWA TENGAH,KOTA SEMARANG,SEMARANG BARAT,GISIKDRONO,3374131007013,49,93,88,230
JAWA TENGAH,KOTA SEMARANG,SEMARANG BARAT,GISIKDRONO,3374131007014,32,94,106,232
JAWA TENGAH,KOTA SEMARANG,SEMARANG BARAT,GISIKDRONO,3374131007016,26,125,75,226
JAWA TENGAH,KOTA SEMARANG,SEMARANG BARAT,GISIKDRONO,3374131007017,23,89,90,202
JAWA TENGAH,KOTA SEMARANG,SEMARANG BARAT,GISIKDRONO,3374131007018,42,117,94,253
JAWA TENGAH,KOTA SEMARANG,SEMARANG BARAT,GISIKDRONO,3374131007019,14,111,87,212
JAWA TENGAH,KOTA SEMARANG,SEMARANG BARAT,GISIKDRONO,3374131007020,24,113,72,209
JAWA TENGAH,KOTA SEMARANG,SEMARANG BARAT,GISIKDRONO,3374131007021,26,120,104,250
JAWA TENGAH,KOTA SEMARANG,SEMARANG BARAT,GISIKDRONO,3374131007022,18,117,75,210
JAWA TENGAH,KOTA SEMARANG,SEMARANG BARAT,GISIKDRONO,3374131007025,10,92,84,186
JAWA TENGAH,KOTA SEMARANG,SEMARANG BARAT,GISIKDRONO,3374131007027,31,95,116,242
JAWA TENGAH,KOTA SEMARANG,SEMARANG BARAT,GISIKDRONO,3374131007028,25,86,112,223
JAWA TENGAH,KOTA SEMARANG,SEMARANG BARAT,GISIKDRONO,3374131007030,14,89,87,190
JAWA TENGAH,KOTA SEMARANG,SEMARANG BARAT,GISIKDRONO,3374131007032,17,111,74,202
JAWA TENGAH,KOTA SEMARANG,SEMARANG BARAT,GISIKDRONO,3374131007033,18,72,40,130
JAWA TENGAH,KOTA SEMARANG,SEMARANG BARAT,GISIKDRONO,3374131007034,19,124,102,245
JAWA TENGAH,KOTA SEMARANG,SEMARANG BARAT,GISIKDRONO,3374131007035,18,91,90,199
JAWA TENGAH,KOTA SEMARANG,SEMARANG BARAT,GISIKDRONO,3374131007036,16,111,76,203
JAWA TENGAH,KOTA SEMARANG,SEMARANG BARAT,GISIKDRONO,3374131007037,12,91,116,219
JAWA TENGAH,KOTA SEMARANG,SEMARANG BARAT,GISIKDRONO,3374131007038,16,106,111,233
JAWA TENGAH,KOTA SEMARANG,SEMARANG BARAT,GISIKDRONO,3374131007039,23,115,99,237
JAWA TENGAH,KOTA SEMARANG,SEMARANG BARAT,GISIKDRONO,3374131007041,10,123,99,232
JAWA TENGAH,KOTA SEMARANG,SEMARANG BARAT,GISIKDRONO,3374131007042,31,105,98,234
JAWA TENGAH,KOTA SEMARANG,SEMARANG BARAT,GISIKDRONO,3374131007044,24,137,80,241
JAWA TENGAH,KOTA SEMARANG,SEMARANG BARAT,GISIKDRONO,3374131007045,21,119,82,222
JAWA TENGAH,KOTA SEMARANG,SEMARANG BARAT,GISIKDRONO,3374131007047,42,106,86,234
JAWA TENGAH,KOTA SEMARANG,SEMARANG BARAT,GISIKDRONO,3374131007048,29,111,88,228
JAWA TENGAH,KOTA SEMARANG,SEMARANG BARAT,GISIKDRONO,3374131007051,10,76,72,158
JAWA TENGAH,KOTA SEMARANG,SEMARANG BARAT,GISIKDRONO,3374131007052,21,72,73,166
JAWA TENGAH,KOTA SEMARANG,SEMARANG BARAT,KALIBANTENG KIDUL,3374131006001,44,91,26,161
JAWA TENGAH,KOTA SEMARANG,SEMARANG BARAT,KALIBANTENG KIDUL,3374131006003,18,79,73,170
JAWA TENGAH,KOTA SEMARANG,SEMARANG BARAT,KALIBANTENG KIDUL,3374131006005,55,104,88,247
JAWA TENGAH,KOTA SEMARANG,SEMARANG BARAT,KALIBANTENG KIDUL,3374131006007,28,90,87,205
JAWA TENGAH,KOTA SEMARANG,SEMARANG BARAT,KALIBANTENG KIDUL,3374131006008,22,103,86,211
JAWA TENGAH,KOTA SEMARANG,SEMARANG BARAT,KALIBANTENG KIDUL,3374131006009,11,110,77,198
JAWA TENGAH,KOTA SEMARANG,SEMARANG BARAT,KALIBANTENG KIDUL,3374131006015,29,87,54,170
JAWA TENGAH,KOTA SEMARANG,SEMARANG BARAT,KALIBANTENG KULON,3374131005001,42,69,29,140
JAWA TENGAH,KOTA SEMARANG,SEMARANG BARAT,KALIBANTENG KULON,3374131005002,19,59,77,155
JAWA TENGAH,KOTA SEMARANG,SEMARANG BARAT,KALIBANTENG KULON,3374131005003,17,83,74,174
JAWA TENGAH,KOTA SEMARANG,SEMARANG BARAT,KALIBANTENG KULON,3374131005004,16,123,94,233
JAWA TENGAH,KOTA SEMARANG,SEMARANG BARAT,KALIBANTENG KULON,3374131005005,27,110,90,227
JAWA TENGAH,KOTA SEMARANG,SEMARANG BARAT,KALIBANTENG KULON,3374131005006,15,93,121,229
JAWA TENGAH,KOTA SEMARANG,SEMARANG BARAT,KALIBANTENG KULON,3374131005007,9,107,114,230
JAWA TENGAH,KOTA SEMARANG,SEMARANG BARAT,KALIBANTENG KULON,3374131005008,26,107,74,207
JAWA TENGAH,KOTA SEMARANG,SEMARANG BARAT,KALIBANTENG KULON,3374131005009,19,103,107,229
JAWA TENGAH,KOTA SEMARANG,SEMARANG BARAT,KALIBANTENG KULON,3374131005010,24,108,85,217
JAWA TENGAH,KOTA SEMARANG,SEMARANG BARAT,KALIBANTENG KULON,3374131005011,13,95,77,185
JAWA TENGAH,KOTA SEMARANG,SEMARANG BARAT,KALIBANTENG KULON,3374131005012,5,69,72,146
JAWA TENGAH,KOTA SEMARANG,SEMARANG BARAT,KALIBANTENG KULON,3374131005014,42,108,83,233
JAWA TENGAH,KOTA SEMARANG,SEMARANG BARAT,KALIBANTENG KULON,3374131005015,68,97,60,225
JAWA TENGAH,KOTA SEMARANG,SEMARANG BARAT,KALIBANTENG KULON,3374131005016,49,124,67,240
JAWA TENGAH,KOTA SEMARANG,SEMARANG BARAT,KALIBANTENG KULON,3374131005017,38,100,74,212
JAWA TENGAH,KOTA SEMARANG,SEMARANG BARAT,KALIBANTENG KULON,3374131005018,58,83,84,225
JAWA TENGAH,KOTA SEMARANG,SEMARANG BARAT,KALIBANTENG KULON,3374131005019,28,87,120,235
JAWA TENGAH,KOTA SEMARANG,SEMARANG BARAT,KARANGAYU,3374131012001,44,99,75,218
JAWA TENGAH,KOTA SEMARANG,SEMARANG BARAT,KARANGAYU,3374131012002,23,98,105,226
JAWA TENGAH,KOTA SEMARANG,SEMARANG BARAT,KARANGAYU,3374131012003,31,106,85,222
JAWA TENGAH,KOTA SEMARANG,SEMARANG BARAT,KARANGAYU,3374131012004,28,118,88,234
JAWA TENGAH,KOTA SEMARANG,SEMARANG BARAT,KARANGAYU,3374131012005,20,102,70,192
JAWA TENGAH,KOTA SEMARANG,SEMARANG BARAT,KARANGAYU,3374131012006,32,103,75,210
JAWA TENGAH,KOTA SEMARANG,SEMARANG BARAT,KARANGAYU,3374131012007,19,79,62,160
JAWA TENGAH,KOTA SEMARANG,SEMARANG BARAT,KARANGAYU,3374131012008,12,76,112,200
JAWA TENGAH,KOTA SEMARANG,SEMARANG BARAT,KARANGAYU,3374131012009,23,108,93,224
JAWA TENGAH,KOTA SEMARANG,SEMARANG BARAT,KARANGAYU,3374131012010,22,75,82,179
JAWA TENGAH,KOTA SEMARANG,SEMARANG BARAT,KARANGAYU,3374131012011,35,78,80,193
JAWA TENGAH,KOTA SEMARANG,SEMARANG BARAT,KARANGAYU,3374131012013,11,110,88,209
JAWA TENGAH,KOTA SEMARANG,SEMARANG BARAT,KARANGAYU,3374131012014,17,118,92,227
JAWA TENGAH,KOTA SEMARANG,SEMARANG BARAT,KARANGAYU,3374131012015,37,94,76,207
JAWA TENGAH,KOTA SEMARANG,SEMARANG BARAT,KARANGAYU,3374131012017,33,93,85,211
JAWA TENGAH,KOTA SEMARANG,SEMARANG BARAT,KARANGAYU,3374131012018,23,127,76,226
JAWA TENGAH,KOTA SEMARANG,SEMARANG BARAT,KARANGAYU,3374131012019,26,110,87,223
JAWA TENGAH,KOTA SEMARANG,SEMARANG BARAT,KARANGAYU,3374131012021,16,142,76,234
JAWA TENGAH,KOTA SEMARANG,SEMARANG BARAT,KEMBANGARUM,3374131016002,17,132,73,222
JAWA TENGAH,KOTA SEMARANG,SEMARANG BARAT,KEMBANGARUM,3374131016003,51,89,87,227
JAWA TENGAH,KOTA SEMARANG,SEMARANG BARAT,KEMBANGARUM,3374131016004,16,99,99,214
JAWA TENGAH,KOTA SEMARANG,SEMARANG BARAT,KEMBANGARUM,3374131016005,23,174,10,207
JAWA TENGAH,KOTA SEMARANG,SEMARANG BARAT,KEMBANGARUM,3374131016007,38,119,69,226
JAWA TENGAH,KOTA SEMARANG,SEMARANG BARAT,KEMBANGARUM,3374131016008,33,155,66,254
JAWA TENGAH,KOTA SEMARANG,SEMARANG BARAT,KEMBANGARUM,3374131016009,43,105,68,216
JAWA TENGAH,KOTA SEMARANG,SEMARANG BARAT,KEMBANGARUM,3374131016010,38,135,59,232
JAWA TENGAH,KOTA SEMARANG,SEMARANG BARAT,KEMBANGARUM,3374131016012,29,101,67,197
JAWA TENGAH,KOTA SEMARANG,SEMARANG BARAT,KEMBANGARUM,3374131016015,18,102,105,225
JAWA TENGAH,KOTA SEMARANG,SEMARANG BARAT,KEMBANGARUM,3374131016016,61,93,88,242
JAWA TENGAH,KOTA SEMARANG,SEMARANG BARAT,KEMBANGARUM,3374131016017,27,92,90,209
JAWA TENGAH,KOTA SEMARANG,SEMARANG BARAT,KEMBANGARUM,3374131016019,27,123,77,227
JAWA TENGAH,KOTA SEMARANG,SEMARANG BARAT,KEMBANGARUM,3374131016020,25,70,55,150
JAWA TENGAH,KOTA SEMARANG,SEMARANG BARAT,KEMBANGARUM,3374131016022,29,72,68,169
JAWA TENGAH,KOTA SEMARANG,SEMARANG BARAT,KEMBANGARUM,3374131016023,37,115,81,233
JAWA TENGAH,KOTA SEMARANG,SEMARANG BARAT,KEMBANGARUM,3374131016024,29,110,66,205
JAWA TENGAH,KOTA SEMARANG,SEMARANG BARAT,KEMBANGARUM,3374131016027,24,130,84,238
JAWA TENGAH,KOTA SEMARANG,SEMARANG BARAT,KEMBANGARUM,3374131016030,19,95,74,188
JAWA TENGAH,KOTA SEMARANG,SEMARANG BARAT,KEMBANGARUM,3374131016032,25,113,72,210
JAWA TENGAH,KOTA SEMARANG,SEMARANG BARAT,KEMBANGARUM,3374131016033,26,118,71,215
JAWA TENGAH,KOTA SEMARANG,SEMARANG BARAT,KEMBANGARUM,3374131016036,23,130,85,238
JAWA TENGAH,KOTA SEMARANG,SEMARANG BARAT,KEMBANGARUM,3374131016038,21,106,98,225
JAWA TENGAH,KOTA SEMARANG,SEMARANG BARAT,KEMBANGARUM,3374131016039,22,125,97,244
JAWA TENGAH,KOTA SEMARANG,SEMARANG BARAT,KEMBANGARUM,3374131016041,31,104,78,213
JAWA TENGAH,KOTA SEMARANG,SEMARANG BARAT,KEMBANGARUM,3374131016044,23,121,103,247
JAWA TENGAH,KOTA SEMARANG,SEMARANG BARAT,KEMBANGARUM,3374131016047,26,118,79,223
JAWA TENGAH,KOTA SEMARANG,SEMARANG BARAT,KEMBANGARUM,3374131016048,30,125,89,244
JAWA TENGAH,KOTA SEMARANG,SEMARANG BARAT,KEMBANGARUM,3374131016050,24,93,79,196
JAWA TENGAH,KOTA SEMARANG,SEMARANG BARAT,KEMBANGARUM,3374131016053,43,81,76,200
JAWA TENGAH,KOTA SEMARANG,SEMARANG BARAT,KRAPYAK,3374131003004,20,123,91,234
JAWA TENGAH,KOTA SEMARANG,SEMARANG BARAT,KRAPYAK,3374131003005,19,142,91,252
JAWA TENGAH,KOTA SEMARANG,SEMARANG BARAT,KRAPYAK,3374131003006,17,126,91,234
JAWA TENGAH,KOTA SEMARANG,SEMARANG BARAT,KRAPYAK,3374131003010,35,100,80,215
JAWA TENGAH,KOTA SEMARANG,SEMARANG BARAT,KRAPYAK,3374131003011,51,79,99,229
JAWA TENGAH,KOTA SEMARANG,SEMARANG BARAT,KRAPYAK,3374131003013,53,97,84,234
JAWA TENGAH,KOTA SEMARANG,SEMARANG BARAT,KROBOKAN,3374131013001,23,77,134,234
JAWA TENGAH,KOTA SEMARANG,SEMARANG BARAT,KROBOKAN,3374131013002,33,102,82,217
JAWA TENGAH,KOTA SEMARANG,SEMARANG BARAT,KROBOKAN,3374131013005,44,74,88,206
JAWA TENGAH,KOTA SEMARANG,SEMARANG BARAT,KROBOKAN,3374131013006,37,94,70,201
JAWA TENGAH,KOTA SEMARANG,SEMARANG BARAT,KROBOKAN,3374131013007,29,91,77,197
JAWA TENGAH,KOTA SEMARANG,SEMARANG BARAT,KROBOKAN,3374131013008,61,77,82,220
JAWA TENGAH,KOTA SEMARANG,SEMARANG BARAT,KROBOKAN,3374131013010,11,108,76,195
JAWA TENGAH,KOTA SEMARANG,SEMARANG BARAT,KROBOKAN,3374131013011,32,88,101,221
JAWA TENGAH,KOTA SEMARANG,SEMARANG BARAT,KROBOKAN,3374131013012,21,98,73,192
JAWA TENGAH,KOTA SEMARANG,SEMARANG BARAT,KROBOKAN,3374131013014,22,90,99,211
JAWA TENGAH,KOTA SEMARANG,SEMARANG BARAT,KROBOKAN,3374131013015,21,131,95,247
JAWA TENGAH,KOTA SEMARANG,SEMARANG BARAT,KROBOKAN,3374131013017,43,94,102,239
JAWA TENGAH,KOTA SEMARANG,SEMARANG BARAT,KROBOKAN,3374131013019,9,80,110,199
JAWA TENGAH,KOTA SEMARANG,SEMARANG BARAT,KROBOKAN,3374131013020,10,92,75,177
JAWA TENGAH,KOTA SEMARANG,SEMARANG BARAT,KROBOKAN,3374131013025,39,92,94,225
JAWA TENGAH,KOTA SEMARANG,SEMARANG BARAT,KROBOKAN,3374131013026,15,105,110,230
JAWA TENGAH,KOTA SEMARANG,SEMARANG BARAT,KROBOKAN,3374131013027,25,104,83,212
JAWA TENGAH,KOTA SEMARANG,SEMARANG BARAT,KROBOKAN,3374131013029,14,73,112,199
JAWA TENGAH,KOTA SEMARANG,SEMARANG BARAT,KROBOKAN,3374131013031,18,115,90,223
JAWA TENGAH,KOTA SEMARANG,SEMARANG BARAT,KROBOKAN,3374131013034,16,118,68,202
JAWA TENGAH,KOTA SEMARANG,SEMARANG BARAT,KROBOKAN,3374131013035,11,131,87,229
JAWA TENGAH,KOTA SEMARANG,SEMARANG BARAT,KROBOKAN,3374131013036,18,153,70,241
JAWA TENGAH,KOTA SEMARANG,SEMARANG BARAT,MANYARAN,3374131002002,22,126,102,250
JAWA TENGAH,KOTA SEMARANG,SEMARANG BARAT,MANYARAN,3374131002015,22,98,73,193
JAWA TENGAH,KOTA SEMARANG,SEMARANG BARAT,MANYARAN,3374131002020,31,109,91,231
JAWA TENGAH,KOTA SEMARANG,SEMARANG BARAT,MANYARAN,3374131002024,27,106,88,221
JAWA TENGAH,KOTA SEMARANG,SEMARANG BARAT,MANYARAN,3374131002027,43,106,78,227
JAWA TENGAH,KOTA SEMARANG,SEMARANG BARAT,MANYARAN,3374131002028,26,111,92,229
JAWA TENGAH,KOTA SEMARANG,SEMARANG BARAT,NGEMPLAK SIMONGAN,3374131001003,24,130,96,250
JAWA TENGAH,KOTA SEMARANG,SEMARANG BARAT,NGEMPLAK SIMONGAN,3374131001004,33,109,81,223
JAWA TENGAH,KOTA SEMARANG,SEMARANG BARAT,NGEMPLAK SIMONGAN,3374131001006,22,105,114,241
JAWA TENGAH,KOTA SEMARANG,SEMARANG BARAT,NGEMPLAK SIMONGAN,3374131001007,15,156,82,253
JAWA TENGAH,KOTA SEMARANG,SEMARANG BARAT,NGEMPLAK SIMONGAN,3374131001008,10,124,99,233
JAWA TENGAH,KOTA SEMARANG,SEMARANG BARAT,NGEMPLAK SIMONGAN,3374131001009,20,111,92,223
JAWA TENGAH,KOTA SEMARANG,SEMARANG BARAT,NGEMPLAK SIMONGAN,3374131001010,19,97,100,216
JAWA TENGAH,KOTA SEMARANG,SEMARANG BARAT,NGEMPLAK SIMONGAN,3374131001011,38,130,70,238
JAWA TENGAH,KOTA SEMARANG,SEMARANG BARAT,NGEMPLAK SIMONGAN,3374131001012,21,67,71,159
JAWA TENGAH,KOTA SEMARANG,SEMARANG BARAT,NGEMPLAK SIMONGAN,3374131001015,29,93,96,218
JAWA TENGAH,KOTA SEMARANG,SEMARANG BARAT,NGEMPLAK SIMONGAN,3374131001016,23,108,94,225
JAWA TENGAH,KOTA SEMARANG,SEMARANG BARAT,NGEMPLAK SIMONGAN,3374131001018,9,109,116,234
JAWA TENGAH,KOTA SEMARANG,SEMARANG BARAT,NGEMPLAK SIMONGAN,3374131001019,19,115,90,224
JAWA TENGAH,KOTA SEMARANG,SEMARANG BARAT,NGEMPLAK SIMONGAN,3374131001020,35,99,84,218
JAWA TENGAH,KOTA SEMARANG,SEMARANG BARAT,NGEMPLAK SIMONGAN,3374131001021,11,85,110,206
JAWA TENGAH,KOTA SEMARANG,SEMARANG BARAT,NGEMPLAK SIMONGAN,3374131001025,34,112,94,240
JAWA TENGAH,KOTA SEMARANG,SEMARANG BARAT,NGEMPLAK SIMONGAN,3374131001027,42,97,109,248
JAWA TENGAH,KOTA SEMARANG,SEMARANG BARAT,NGEMPLAK SIMONGAN,3374131001028,28,86,86,200
JAWA TENGAH,KOTA SEMARANG,SEMARANG BARAT,NGEMPLAK SIMONGAN,3374131001029,21,72,98,191
JAWA TENGAH,KOTA SEMARANG,SEMARANG BARAT,NGEMPLAK SIMONGAN,3374131001030,32,59,91,182
JAWA TENGAH,KOTA SEMARANG,SEMARANG BARAT,NGEMPLAK SIMONGAN,3374131001032,45,97,87,229
JAWA TENGAH,KOTA SEMARANG,SEMARANG BARAT,NGEMPLAK SIMONGAN,3374131001036,12,103,107,222
JAWA TENGAH,KOTA SEMARANG,SEMARANG BARAT,SALAMANMLOYO,3374131010002,41,92,82,215
JAWA TENGAH,KOTA SEMARANG,SEMARANG BARAT,SALAMANMLOYO,3374131010003,29,69,72,170
JAWA TENGAH,KOTA SEMARANG,SEMARANG BARAT,SALAMANMLOYO,3374131010006,41,53,81,175
JAWA TENGAH,KOTA SEMARANG,SEMARANG BARAT,SALAMANMLOYO,3374131010007,24,83,113,220
JAWA TENGAH,KOTA SEMARANG,SEMARANG BARAT,SALAMANMLOYO,3374131010008,64,96,60,220
JAWA TENGAH,KOTA SEMARANG,SEMARANG BARAT,SALAMANMLOYO,3374131010009,20,109,96,225
JAWA TENGAH,KOTA SEMARANG,SEMARANG BARAT,SALAMANMLOYO,3374131010010,27,88,108,223
JAWA TENGAH,KOTA SEMARANG,SEMARANG BARAT,TAMBAKHARJO,3374131004001,30,111,71,212
JAWA TENGAH,KOTA SEMARANG,SEMARANG BARAT,TAMBAKHARJO,3374131004002,23,117,66,206
JAWA TENGAH,KOTA SEMARANG,SEMARANG BARAT,TAMBAKHARJO,3374131004003,27,132,54,213
JAWA TENGAH,KOTA SEMARANG,SEMARANG BARAT,TAMBAKHARJO,3374131004004,21,113,71,205
JAWA TENGAH,KOTA SEMARANG,SEMARANG BARAT,TAMBAKHARJO,3374131004005,24,105,81,210
JAWA TENGAH,KOTA SEMARANG,SEMARANG BARAT,TAMBAKHARJO,3374131004007,16,73,95,184
JAWA TENGAH,KOTA SEMARANG,SEMARANG BARAT,TAWANGMAS,3374131015003,20,77,91,188
JAWA TENGAH,KOTA SEMARANG,SEMARANG BARAT,TAWANGMAS,3374131015005,20,86,119,225
JAWA TENGAH,KOTA SEMARANG,SEMARANG BARAT,TAWANGMAS,3374131015007,22,129,64,215
JAWA TENGAH,KOTA SEMARANG,SEMARANG BARAT,TAWANGMAS,3374131015008,24,124,54,202
JAWA TENGAH,KOTA SEMARANG,SEMARANG BARAT,TAWANGMAS,3374131015009,32,146,74,252
JAWA TENGAH,KOTA SEMARANG,SEMARANG BARAT,TAWANGMAS,3374131015012,8,83,94,185
JAWA TENGAH,KOTA SEMARANG,SEMARANG BARAT,TAWANGMAS,3374131015013,14,105,88,207
JAWA TENGAH,KOTA SEMARANG,SEMARANG BARAT,TAWANGMAS,3374131015014,16,120,74,210
JAWA TENGAH,KOTA SEMARANG,SEMARANG BARAT,TAWANGMAS,3374131015016,11,55,117,183
JAWA TENGAH,KOTA SEMARANG,SEMARANG BARAT,TAWANGMAS,3374131015017,11,62,138,211
JAWA TENGAH,KOTA SEMARANG,SEMARANG BARAT,TAWANGMAS,3374131015018,19,87,129,235
JAWA TENGAH,KOTA SEMARANG,SEMARANG BARAT,TAWANGMAS,3374131015020,8,98,138,244
JAWA TENGAH,KOTA SEMARANG,SEMARANG BARAT,TAWANGSARI,3374131014001,4,74,90,168
JAWA TENGAH,KOTA SEMARANG,SEMARANG BARAT,TAWANGSARI,3374131014002,4,60,97,161
JAWA TENGAH,KOTA SEMARANG,SEMARANG BARAT,TAWANGSARI,3374131014003,1,76,125,202
JAWA TENGAH,KOTA SEMARANG,SEMARANG BARAT,TAWANGSARI,3374131014005,10,103,108,221
JAWA TENGAH,KOTA SEMARANG,SEMARANG BARAT,TAWANGSARI,3374131014006,9,84,129,222
JAWA TENGAH,KOTA SEMARANG,SEMARANG BARAT,TAWANGSARI,3374131014008,1,92,121,214
JAWA TENGAH,KOTA SEMARANG,SEMARANG BARAT,TAWANGSARI,3374131014009,5,93,108,206
JAWA TENGAH,KOTA SEMARANG,SEMARANG BARAT,TAWANGSARI,3374131014011,19,154,74,247
JAWA TENGAH,KOTA SEMARANG,SEMARANG BARAT,TAWANGSARI,3374131014012,12,107,95,214
JAWA TENGAH,KOTA SEMARANG,SEMARANG BARAT,TAWANGSARI,3374131014013,9,56,148,213
JAWA TENGAH,KOTA SEMARANG,SEMARANG BARAT,TAWANGSARI,3374131014014,9,53,113,175
JAWA TENGAH,KOTA SEMARANG,SEMARANG BARAT,TAWANGSARI,3374131014016,2,95,123,220
JAWA TENGAH,KOTA SEMARANG,SEMARANG BARAT,TAWANGSARI,3374131014017,6,85,95,186
JAWA TENGAH,KOTA SEMARANG,SEMARANG BARAT,TAWANGSARI,3374131014018,3,75,146,224
JAWA TENGAH,KOTA SEMARANG,SEMARANG BARAT,TAWANGSARI,3374131014019,1,93,86,180
JAWA TENGAH,KOTA SEMARANG,SEMARANG SELATAN,BARUSARI,3374071003001,47,106,78,231
JAWA TENGAH,KOTA SEMARANG,SEMARANG SELATAN,BARUSARI,3374071003002,35,82,86,203
JAWA TENGAH,KOTA SEMARANG,SEMARANG SELATAN,BARUSARI,3374071003003,68,87,78,233
JAWA TENGAH,KOTA SEMARANG,SEMARANG SELATAN,BARUSARI,3374071003004,33,138,44,215
JAWA TENGAH,KOTA SEMARANG,SEMARANG SELATAN,BARUSARI,3374071003005,43,123,52,218
JAWA TENGAH,KOTA SEMARANG,SEMARANG SELATAN,BARUSARI,3374071003006,34,108,70,212
JAWA TENGAH,KOTA SEMARANG,SEMARANG SELATAN,BARUSARI,3374071003007,21,101,108,230
JAWA TENGAH,KOTA SEMARANG,SEMARANG SELATAN,BARUSARI,3374071003008,32,68,103,203
JAWA TENGAH,KOTA SEMARANG,SEMARANG SELATAN,BARUSARI,3374071003009,34,104,96,234
JAWA TENGAH,KOTA SEMARANG,SEMARANG SELATAN,BARUSARI,3374071003010,23,97,112,232
JAWA TENGAH,KOTA SEMARANG,SEMARANG SELATAN,BARUSARI,3374071003011,31,151,69,251
JAWA TENGAH,KOTA SEMARANG,SEMARANG SELATAN,BARUSARI,3374071003013,19,119,75,213
JAWA TENGAH,KOTA SEMARANG,SEMARANG SELATAN,BARUSARI,3374071003014,25,114,102,241
JAWA TENGAH,KOTA SEMARANG,SEMARANG SELATAN,BARUSARI,3374071003015,21,124,82,227
JAWA TENGAH,KOTA SEMARANG,SEMARANG SELATAN,BARUSARI,3374071003016,28,104,51,183
JAWA TENGAH,KOTA SEMARANG,SEMARANG SELATAN,BULUSTALAN,3374071002001,45,73,61,179
JAWA TENGAH,KOTA SEMARANG,SEMARANG SELATAN,BULUSTALAN,3374071002002,55,99,75,229
JAWA TENGAH,KOTA SEMARANG,SEMARANG SELATAN,BULUSTALAN,3374071002003,38,77,111,226
JAWA TENGAH,KOTA SEMARANG,SEMARANG SELATAN,BULUSTALAN,3374071002004,103,61,50,214
JAWA TENGAH,KOTA SEMARANG,SEMARANG SELATAN,BULUSTALAN,3374071002005,55,53,63,171
JAWA TENGAH,KOTA SEMARANG,SEMARANG SELATAN,BULUSTALAN,3374071002006,52,87,79,218
JAWA TENGAH,KOTA SEMARANG,SEMARANG SELATAN,BULUSTALAN,3374071002007,45,87,94,226
JAWA TENGAH,KOTA SEMARANG,SEMARANG SELATAN,BULUSTALAN,3374071002008,60,87,93,240
JAWA TENGAH,KOTA SEMARANG,SEMARANG SELATAN,BULUSTALAN,3374071002010,25,76,75,176
JAWA TENGAH,KOTA SEMARANG,SEMARANG SELATAN,BULUSTALAN,3374071002011,31,85,72,188
JAWA TENGAH,KOTA SEMARANG,SEMARANG SELATAN,BULUSTALAN,3374071002012,33,89,100,222
JAWA TENGAH,KOTA SEMARANG,SEMARANG SELATAN,LAMPER KIDUL,3374071009002,28,108,81,217
JAWA TENGAH,KOTA SEMARANG,SEMARANG SELATAN,LAMPER KIDUL,3374071009003,41,90,96,227
JAWA TENGAH,KOTA SEMARANG,SEMARANG SELATAN,LAMPER KIDUL,3374071009004,50,95,83,228
JAWA TENGAH,KOTA SEMARANG,SEMARANG SELATAN,LAMPER KIDUL,3374071009005,50,78,103,231
JAWA TENGAH,KOTA SEMARANG,SEMARANG SELATAN,LAMPER KIDUL,3374071009006,35,79,107,221
JAWA TENGAH,KOTA SEMARANG,SEMARANG SELATAN,LAMPER KIDUL,3374071009007,53,95,88,236
JAWA TENGAH,KOTA SEMARANG,SEMARANG SELATAN,LAMPER KIDUL,3374071009008,54,67,44,165
JAWA TENGAH,KOTA SEMARANG,SEMARANG SELATAN,LAMPER KIDUL,3374071009009,27,60,70,157
JAWA TENGAH,KOTA SEMARANG,SEMARANG SELATAN,LAMPER KIDUL,3374071009010,39,91,75,205
JAWA TENGAH,KOTA SEMARANG,SEMARANG SELATAN,LAMPER KIDUL,3374071009011,22,96,91,209
JAWA TENGAH,KOTA SEMARANG,SEMARANG SELATAN,LAMPER KIDUL,3374071009012,35,57,84,176
JAWA TENGAH,KOTA SEMARANG,SEMARANG SELATAN,LAMPER LOR,3374071008002,13,112,95,220
JAWA TENGAH,KOTA SEMARANG,SEMARANG SELATAN,LAMPER LOR,3374071008003,16,115,98,229
JAWA TENGAH,KOTA SEMARANG,SEMARANG SELATAN,LAMPER LOR,3374071008005,11,72,77,160
JAWA TENGAH,KOTA SEMARANG,SEMARANG SELATAN,LAMPER LOR,3374071008006,29,98,74,201
JAWA TENGAH,KOTA SEMARANG,SEMARANG SELATAN,LAMPER LOR,3374071008007,20,105,97,222
JAWA TENGAH,KOTA SEMARANG,SEMARANG SELATAN,LAMPER LOR,3374071008008,25,130,71,226
JAWA TENGAH,KOTA SEMARANG,SEMARANG SELATAN,LAMPER LOR,3374071008011,31,91,121,243
JAWA TENGAH,KOTA SEMARANG,SEMARANG SELATAN,LAMPER LOR,3374071008013,26,116,92,234
JAWA TENGAH,KOTA SEMARANG,SEMARANG SELATAN,LAMPER LOR,3374071008015,22,78,74,174
JAWA TENGAH,KOTA SEMARANG,SEMARANG SELATAN,LAMPER LOR,3374071008016,22,92,68,182
JAWA TENGAH,KOTA SEMARANG,SEMARANG SELATAN,LAMPER TENGAH,3374071010002,9,126,111,246
JAWA TENGAH,KOTA SEMARANG,SEMARANG SELATAN,LAMPER TENGAH,3374071010003,19,92,104,215
JAWA TENGAH,KOTA SEMARANG,SEMARANG SELATAN,LAMPER TENGAH,3374071010005,25,87,60,172
JAWA TENGAH,KOTA SEMARANG,SEMARANG SELATAN,LAMPER TENGAH,3374071010007,29,103,106,238
JAWA TENGAH,KOTA SEMARANG,SEMARANG SELATAN,LAMPER TENGAH,3374071010011,20,75,97,192
JAWA TENGAH,KOTA SEMARANG,SEMARANG SELATAN,LAMPER TENGAH,3374071010012,23,98,82,203
JAWA TENGAH,KOTA SEMARANG,SEMARANG SELATAN,LAMPER TENGAH,3374071010013,42,118,74,234
JAWA TENGAH,KOTA SEMARANG,SEMARANG SELATAN,LAMPER TENGAH,3374071010015,44,97,91,232
JAWA TENGAH,KOTA SEMARANG,SEMARANG SELATAN,LAMPER TENGAH,3374071010016,40,114,81,235
JAWA TENGAH,KOTA SEMARANG,SEMARANG SELATAN,LAMPER TENGAH,3374071010017,33,106,95,234
JAWA TENGAH,KOTA SEMARANG,SEMARANG SELATAN,LAMPER TENGAH,3374071010019,25,109,112,246
JAWA TENGAH,KOTA SEMARANG,SEMARANG SELATAN,LAMPER TENGAH,3374071010020,28,118,88,234
JAWA TENGAH,KOTA SEMARANG,SEMARANG SELATAN,LAMPER TENGAH,3374071010022,23,77,86,186
JAWA TENGAH,KOTA SEMARANG,SEMARANG SELATAN,LAMPER TENGAH,3374071010024,38,87,89,214
JAWA TENGAH,KOTA SEMARANG,SEMARANG SELATAN,LAMPER TENGAH,3374071010025,34,97,100,231
JAWA TENGAH,KOTA SEMARANG,SEMARANG SELATAN,LAMPER TENGAH,3374071010030,26,116,94,236
JAWA TENGAH,KOTA SEMARANG,SEMARANG SELATAN,LAMPER TENGAH,3374071010031,30,118,79,227
JAWA TENGAH,KOTA SEMARANG,SEMARANG SELATAN,LAMPER TENGAH,3374071010032,26,132,93,251
JAWA TENGAH,KOTA SEMARANG,SEMARANG SELATAN,LAMPER TENGAH,3374071010033,13,90,79,182
JAWA TENGAH,KOTA SEMARANG,SEMARANG SELATAN,MUGASARI,3374071004001,47,82,94,223
JAWA TENGAH,KOTA SEMARANG,SEMARANG SELATAN,MUGASARI,3374071004002,31,111,94,236
JAWA TENGAH,KOTA SEMARANG,SEMARANG SELATAN,MUGASARI,3374071004004,42,70,105,217
JAWA TENGAH,KOTA SEMARANG,SEMARANG SELATAN,MUGASARI,3374071004005,17,88,104,209
JAWA TENGAH,KOTA SEMARANG,SEMARANG SELATAN,MUGASARI,3374071004006,19,103,121,243
JAWA TENGAH,KOTA SEMARANG,SEMARANG SELATAN,MUGASARI,3374071004009,28,95,84,207
JAWA TENGAH,KOTA SEMARANG,SEMARANG SELATAN,MUGASARI,3374071004010,43,77,59,179
JAWA TENGAH,KOTA SEMARANG,SEMARANG SELATAN,MUGASARI,3374071004012,25,93,104,222
JAWA TENGAH,KOTA SEMARANG,SEMARANG SELATAN,MUGASARI,3374071004014,58,103,84,245
JAWA TENGAH,KOTA SEMARANG,SEMARANG SELATAN,MUGASARI,3374071004016,30,108,92,230
JAWA TENGAH,KOTA SEMARANG,SEMARANG SELATAN,MUGASARI,3374071004018,24,129,86,239
JAWA TENGAH,KOTA SEMARANG,SEMARANG SELATAN,MUGASARI,3374071004019,31,78,90,199
JAWA TENGAH,KOTA SEMARANG,SEMARANG SELATAN,PETERONGAN,3374071007002,34,141,81,256
JAWA TENGAH,KOTA SEMARANG,SEMARANG SELATAN,PETERONGAN,3374071007003,9,93,80,182
JAWA TENGAH,KOTA SEMARANG,SEMARANG SELATAN,PETERONGAN,3374071007004,10,104,115,229
JAWA TENGAH,KOTA SEMARANG,SEMARANG SELATAN,PETERONGAN,3374071007010,25,92,91,208
JAWA TENGAH,KOTA SEMARANG,SEMARANG SELATAN,PETERONGAN,3374071007011,10,97,94,201
JAWA TENGAH,KOTA SEMARANG,SEMARANG SELATAN,PETERONGAN,3374071007012,7,106,86,199
JAWA TENGAH,KOTA SEMARANG,SEMARANG SELATAN,PETERONGAN,3374071007016,9,122,100,231
JAWA TENGAH,KOTA SEMARANG,SEMARANG SELATAN,PETERONGAN,3374071007017,31,88,84,203
JAWA TENGAH,KOTA SEMARANG,SEMARANG SELATAN,PLEBURAN,3374071005001,47,82,84,213
JAWA TENGAH,KOTA SEMARANG,SEMARANG SELATAN,PLEBURAN,3374071005002,42,104,64,210
JAWA TENGAH,KOTA SEMARANG,SEMARANG SELATAN,PLEBURAN,3374071005004,31,112,103,246
JAWA TENGAH,KOTA SEMARANG,SEMARANG SELATAN,PLEBURAN,3374071005005,17,108,94,219
JAWA TENGAH,KOTA SEMARANG,SEMARANG SELATAN,PLEBURAN,3374071005006,11,73,104,188
JAWA TENGAH,KOTA SEMARANG,SEMARANG SELATAN,PLEBURAN,3374071005008,34,81,67,182
JAWA TENGAH,KOTA SEMARANG,SEMARANG SELATAN,PLEBURAN,3374071005009,45,53,88,186
JAWA TENGAH,KOTA SEMARANG,SEMARANG SELATAN,PLEBURAN,3374071005010,33,68,84,185
JAWA TENGAH,KOTA SEMARANG,SEMARANG SELATAN,PLEBURAN,3374071005011,50,81,61,192
JAWA TENGAH,KOTA SEMARANG,SEMARANG SELATAN,PLEBURAN,3374071005012,34,106,62,202
JAWA TENGAH,KOTA SEMARANG,SEMARANG SELATAN,PLEBURAN,3374071005013,49,77,95,221
JAWA TENGAH,KOTA SEMARANG,SEMARANG SELATAN,RANDUSARI,3374071001001,46,73,67,186
JAWA TENGAH,KOTA SEMARANG,SEMARANG SELATAN,RANDUSARI,3374071001002,12,90,94,196
JAWA TENGAH,KOTA SEMARANG,SEMARANG SELATAN,RANDUSARI,3374071001003,17,91,70,178
JAWA TENGAH,KOTA SEMARANG,SEMARANG SELATAN,RANDUSARI,3374071001006,9,107,122,238
JAWA TENGAH,KOTA SEMARANG,SEMARANG SELATAN,RANDUSARI,3374071001007,25,93,92,210
JAWA TENGAH,KOTA SEMARANG,SEMARANG SELATAN,RANDUSARI,3374071001009,13,114,75,202
JAWA TENGAH,KOTA SEMARANG,SEMARANG SELATAN,RANDUSARI,3374071001010,11,100,110,221
JAWA TENGAH,KOTA SEMARANG,SEMARANG SELATAN,RANDUSARI,3374071001011,13,90,77,180
JAWA TENGAH,KOTA SEMARANG,SEMARANG SELATAN,RANDUSARI,3374071001012,23,126,100,249
JAWA TENGAH,KOTA SEMARANG,SEMARANG SELATAN,RANDUSARI,3374071001013,25,129,73,227
JAWA TENGAH,KOTA SEMARANG,SEMARANG SELATAN,RANDUSARI,3374071001014,14,107,116,237
JAWA TENGAH,KOTA SEMARANG,SEMARANG SELATAN,RANDUSARI,3374071001016,11,90,69,170
JAWA TENGAH,KOTA SEMARANG,SEMARANG SELATAN,RANDUSARI,3374071001017,13,72,90,175
JAWA TENGAH,KOTA SEMARANG,SEMARANG SELATAN,RANDUSARI,3374071001018,34,123,75,232
JAWA TENGAH,KOTA SEMARANG,SEMARANG SELATAN,RANDUSARI,3374071001019,28,104,96,228
JAWA TENGAH,KOTA SEMARANG,SEMARANG SELATAN,RANDUSARI,3374071001020,18,87,92,197
JAWA TENGAH,KOTA SEMARANG,SEMARANG SELATAN,WONODRI,3374071006004,37,93,84,214
JAWA TENGAH,KOTA SEMARANG,SEMARANG SELATAN,WONODRI,3374071006005,28,95,102,225
JAWA TENGAH,KOTA SEMARANG,SEMARANG SELATAN,WONODRI,3374071006009,28,91,95,214
JAWA TENGAH,KOTA SEMARANG,SEMARANG SELATAN,WONODRI,3374071006010,22,116,88,226
JAWA TENGAH,KOTA SEMARANG,SEMARANG SELATAN,WONODRI,3374071006013,20,78,83,181
JAWA TENGAH,KOTA SEMARANG,SEMARANG SELATAN,WONODRI,3374071006014,48,95,71,214
JAWA TENGAH,KOTA SEMARANG,SEMARANG SELATAN,WONODRI,3374071006015,23,95,98,216
JAWA TENGAH,KOTA SEMARANG,SEMARANG SELATAN,WONODRI,3374071006016,36,85,113,234
JAWA TENGAH,KOTA SEMARANG,SEMARANG SELATAN,WONODRI,3374071006017,26,97,84,207
JAWA TENGAH,KOTA SEMARANG,SEMARANG SELATAN,WONODRI,3374071006018,22,82,111,215
JAWA TENGAH,KOTA SEMARANG,SEMARANG SELATAN,WONODRI,3374071006019,13,105,71,189
JAWA TENGAH,KOTA SEMARANG,SEMARANG SELATAN,WONODRI,3374071006020,22,88,103,213
JAWA TENGAH,KOTA SEMARANG,SEMARANG SELATAN,WONODRI,3374071006021,29,111,67,207
JAWA TENGAH,KOTA SEMARANG,SEMARANG SELATAN,WONODRI,3374071006022,41,82,69,192
JAWA TENGAH,KOTA SEMARANG,SEMARANG SELATAN,WONODRI,3374071006023,21,135,78,234
JAWA TENGAH,KOTA SEMARANG,SEMARANG SELATAN,WONODRI,3374071006024,17,115,100,232
JAWA TENGAH,KOTA SEMARANG,SEMARANG SELATAN,WONODRI,3374071006025,19,119,77,215
JAWA TENGAH,KOTA SEMARANG,SEMARANG SELATAN,WONODRI,3374071006026,24,114,97,235
JAWA TENGAH,KOTA SEMARANG,SEMARANG SELATAN,WONODRI,3374071006027,11,101,92,204
JAWA TENGAH,KOTA SEMARANG,SEMARANG TENGAH,BANGUNHARJO,3374011009001,26,108,94,228
JAWA TENGAH,KOTA SEMARANG,SEMARANG TENGAH,BANGUNHARJO,3374011009002,84,70,69,223
JAWA TENGAH,KOTA SEMARANG,SEMARANG TENGAH,BANGUNHARJO,3374011009003,91,68,45,204
JAWA TENGAH,KOTA SEMARANG,SEMARANG TENGAH,BANGUNHARJO,3374011009005,9,51,111,171
JAWA TENGAH,KOTA SEMARANG,SEMARANG TENGAH,BANGUNHARJO,3374011009006,1,78,98,177
JAWA TENGAH,KOTA SEMARANG,SEMARANG TENGAH,BANGUNHARJO,3374011009007,26,53,61,140
JAWA TENGAH,KOTA SEMARANG,SEMARANG TENGAH,BRUMBUNGAN,3374011002002,27,84,5,116
JAWA TENGAH,KOTA SEMARANG,SEMARANG TENGAH,BRUMBUNGAN,3374011002004,10,56,147,213
JAWA TENGAH,KOTA SEMARANG,SEMARANG TENGAH,BRUMBUNGAN,3374011002006,13,88,90,191
JAWA TENGAH,KOTA SEMARANG,SEMARANG TENGAH,BRUMBUNGAN,3374011002007,2,75,143,220
JAWA TENGAH,KOTA SEMARANG,SEMARANG TENGAH,BRUMBUNGAN,3374011002008,10,82,131,223
JAWA TENGAH,KOTA SEMARANG,SEMARANG TENGAH,BRUMBUNGAN,3374011002011,20,98,108,226
JAWA TENGAH,KOTA SEMARANG,SEMARANG TENGAH,GABAHAN,3374011005001,14,48,143,205
JAWA TENGAH,KOTA SEMARANG,SEMARANG TENGAH,GABAHAN,3374011005002,3,65,111,179
JAWA TENGAH,KOTA SEMARANG,SEMARANG TENGAH,GABAHAN,3374011005003,3,74,108,185
JAWA TENGAH,KOTA SEMARANG,SEMARANG TENGAH,GABAHAN,3374011005006,4,63,115,182
JAWA TENGAH,KOTA SEMARANG,SEMARANG TENGAH,GABAHAN,3374011005007,11,87,121,219
JAWA TENGAH,KOTA SEMARANG,SEMARANG TENGAH,GABAHAN,3374011005008,2,78,122,202
JAWA TENGAH,KOTA SEMARANG,SEMARANG TENGAH,GABAHAN,3374011005009,16,90,137,243
JAWA TENGAH,KOTA SEMARANG,SEMARANG TENGAH,GABAHAN,3374011005010,9,61,132,202
JAWA TENGAH,KOTA SEMARANG,SEMARANG TENGAH,GABAHAN,3374011005011,9,92,120,221
JAWA TENGAH,KOTA SEMARANG,SEMARANG TENGAH,GABAHAN,3374011005012,4,42,104,150
JAWA TENGAH,KOTA SEMARANG,SEMARANG TENGAH,GABAHAN,3374011005013,11,84,98,193
JAWA TENGAH,KOTA SEMARANG,SEMARANG TENGAH,GABAHAN,3374011005016,10,83,126,219
JAWA TENGAH,KOTA SEMARANG,SEMARANG TENGAH,GABAHAN,3374011005019,7,85,120,212
JAWA TENGAH,KOTA SEMARANG,SEMARANG TENGAH,GABAHAN,3374011005020,12,66,145,223
JAWA TENGAH,KOTA SEMARANG,SEMARANG TENGAH,GABAHAN,3374011005021,9,84,145,238
JAWA TENGAH,KOTA SEMARANG,SEMARANG TENGAH,JAGALAN,3374011003001,14,89,112,215
JAWA TENGAH,KOTA SEMARANG,SEMARANG TENGAH,JAGALAN,3374011003002,13,91,103,207
JAWA TENGAH,KOTA SEMARANG,SEMARANG TENGAH,JAGALAN,3374011003003,11,79,119,209
JAWA TENGAH,KOTA SEMARANG,SEMARANG TENGAH,JAGALAN,3374011003004,10,86,111,207
JAWA TENGAH,KOTA SEMARANG,SEMARANG TENGAH,JAGALAN,3374011003005,8,104,108,220
JAWA TENGAH,KOTA SEMARANG,SEMARANG TENGAH,JAGALAN,3374011003006,11,62,108,181
JAWA TENGAH,KOTA SEMARANG,SEMARANG TENGAH,JAGALAN,3374011003007,12,42,91,145
JAWA TENGAH,KOTA SEMARANG,SEMARANG TENGAH,JAGALAN,3374011003008,6,59,98,163
JAWA TENGAH,KOTA SEMARANG,SEMARANG TENGAH,JAGALAN,3374011003010,16,90,113,219
JAWA TENGAH,KOTA SEMARANG,SEMARANG TENGAH,JAGALAN,3374011003011,2,47,119,168
JAWA TENGAH,KOTA SEMARANG,SEMARANG TENGAH,JAGALAN,3374011003013,7,69,134,210
JAWA TENGAH,KOTA SEMARANG,SEMARANG TENGAH,JAGALAN,3374011003014,4,67,86,157
JAWA TENGAH,KOTA SEMARANG,SEMARANG TENGAH,JAGALAN,3374011003016,10,92,90,192
JAWA TENGAH,KOTA SEMARANG,SEMARANG TENGAH,KARANG KIDUL,3374011012002,8,49,111,168
JAWA TENGAH,KOTA SEMARANG,SEMARANG TENGAH,KARANG KIDUL,3374011012004,21,111,82,214
JAWA TENGAH,KOTA SEMARANG,SEMARANG TENGAH,KARANG KIDUL,3374011012005,27,98,97,222
JAWA TENGAH,KOTA SEMARANG,SEMARANG TENGAH,KARANG KIDUL,3374011012006,11,115,109,235
JAWA TENGAH,KOTA SEMARANG,SEMARANG TENGAH,KARANG KIDUL,3374011012007,17,104,116,237
JAWA TENGAH,KOTA SEMARANG,SEMARANG TENGAH,KARANG KIDUL,3374011012009,12,77,128,217
JAWA TENGAH,KOTA SEMARANG,SEMARANG TENGAH,KARANG KIDUL,3374011012010,11,73,84,168
JAWA TENGAH,KOTA SEMARANG,SEMARANG TENGAH,KARANG KIDUL,3374011012012,8,80,81,169
JAWA TENGAH,KOTA SEMARANG,SEMARANG TENGAH,KAUMAN,3374011010004,30,89,89,208
JAWA TENGAH,KOTA SEMARANG,SEMARANG TENGAH,KAUMAN,3374011010006,24,78,68,170
JAWA TENGAH,KOTA SEMARANG,SEMARANG TENGAH,KAUMAN,3374011010007,15,73,57,145
JAWA TENGAH,KOTA SEMARANG,SEMARANG TENGAH,KEMBANGSARI,3374011006001,6,80,75,161
JAWA TENGAH,KOTA SEMARANG,SEMARANG TENGAH,KEMBANGSARI,3374011006003,14,79,78,171
JAWA TENGAH,KOTA SEMARANG,SEMARANG TENGAH,KEMBANGSARI,3374011006004,7,74,113,194
JAWA TENGAH,KOTA SEMARANG,SEMARANG TENGAH,KEMBANGSARI,3374011006005,24,68,91,183
JAWA TENGAH,KOTA SEMARANG,SEMARANG TENGAH,KEMBANGSARI,3374011006006,29,87,86,202
JAWA TENGAH,KOTA SEMARANG,SEMARANG TENGAH,KEMBANGSARI,3374011006008,129,89,80,298
JAWA TENGAH,KOTA SEMARANG,SEMARANG TENGAH,KEMBANGSARI,3374011006009,22,78,87,187
JAWA TENGAH,KOTA SEMARANG,SEMARANG TENGAH,KEMBANGSARI,3374011006010,30,76,102,208
JAWA TENGAH,KOTA SEMARANG,SEMARANG TENGAH,KEMBANGSARI,3374011006011,23,83,104,210
JAWA TENGAH,KOTA SEMARANG,SEMARANG TENGAH,KRANGGAN,3374011004001,5,62,134,201
JAWA TENGAH,KOTA SEMARANG,SEMARANG TENGAH,KRANGGAN,3374011004006,3,75,78,156
JAWA TENGAH,KOTA SEMARANG,SEMARANG TENGAH,KRANGGAN,3374011004007,9,68,122,199
JAWA TENGAH,KOTA SEMARANG,SEMARANG TENGAH,KRANGGAN,3374011004008,2,59,132,193
JAWA TENGAH,KOTA SEMARANG,SEMARANG TENGAH,KRANGGAN,3374011004012,2,56,122,180
JAWA TENGAH,KOTA SEMARANG,SEMARANG TENGAH,MIROTO,3374011001002,27,84,121,232
JAWA TENGAH,KOTA SEMARANG,SEMARANG TENGAH,MIROTO,3374011001003,16,115,107,238
JAWA TENGAH,KOTA SEMARANG,SEMARANG TENGAH,MIROTO,3374011001004,34,76,110,220
JAWA TENGAH,KOTA SEMARANG,SEMARANG TENGAH,MIROTO,3374011001005,24,71,107,202
JAWA TENGAH,KOTA SEMARANG,SEMARANG TENGAH,MIROTO,3374011001009,5,55,117,177
JAWA TENGAH,KOTA SEMARANG,SEMARANG TENGAH,MIROTO,3374011001013,14,85,93,192
JAWA TENGAH,KOTA SEMARANG,SEMARANG TENGAH,MIROTO,3374011001014,7,86,116,209
JAWA TENGAH,KOTA SEMARANG,SEMARANG TENGAH,PANDANSARI,3374011008002,24,67,90,181
JAWA TENGAH,KOTA SEMARANG,SEMARANG TENGAH,PANDANSARI,3374011008003,39,81,74,194
JAWA TENGAH,KOTA SEMARANG,SEMARANG TENGAH,PANDANSARI,3374011008004,27,69,56,152
JAWA TENGAH,KOTA SEMARANG,SEMARANG TENGAH,PANDANSARI,3374011008005,33,67,58,158
JAWA TENGAH,KOTA SEMARANG,SEMARANG TENGAH,PANDANSARI,3374011008006,23,78,101,202
JAWA TENGAH,KOTA SEMARANG,SEMARANG TENGAH,PANDANSARI,3374011008007,32,72,63,167
JAWA TENGAH,KOTA SEMARANG,SEMARANG TENGAH,PEKUNDEN,3374011013001,6,65,64,135
JAWA TENGAH,KOTA SEMARANG,SEMARANG TENGAH,PEKUNDEN,3374011013002,11,103,66,180
JAWA TENGAH,KOTA SEMARANG,SEMARANG TENGAH,PEKUNDEN,3374011013003,16,97,87,200
JAWA TENGAH,KOTA SEMARANG,SEMARANG TENGAH,PEKUNDEN,3374011013005,23,79,84,186
JAWA TENGAH,KOTA SEMARANG,SEMARANG TENGAH,PEKUNDEN,3374011013006,17,81,93,191
JAWA TENGAH,KOTA SEMARANG,SEMARANG TENGAH,PEKUNDEN,3374011013007,16,68,110,194
JAWA TENGAH,KOTA SEMARANG,SEMARANG TENGAH,PEKUNDEN,3374011013009,1,56,136,193
JAWA TENGAH,KOTA SEMARANG,SEMARANG TENGAH,PEKUNDEN,3374011013010,21,103,112,236
JAWA TENGAH,KOTA SEMARANG,SEMARANG TENGAH,PEKUNDEN,3374011013011,9,87,87,183
JAWA TENGAH,KOTA SEMARANG,SEMARANG TENGAH,PINDRIKAN KIDUL,3374011014001,44,72,92,208
JAWA TENGAH,KOTA SEMARANG,SEMARANG TENGAH,PINDRIKAN KIDUL,3374011014003,41,56,70,167
JAWA TENGAH,KOTA SEMARANG,SEMARANG TENGAH,PINDRIKAN KIDUL,3374011014005,69,87,58,214
JAWA TENGAH,KOTA SEMARANG,SEMARANG TENGAH,PINDRIKAN KIDUL,3374011014006,41,67,74,182
JAWA TENGAH,KOTA SEMARANG,SEMARANG TENGAH,PINDRIKAN KIDUL,3374011014008,28,94,91,213
JAWA TENGAH,KOTA SEMARANG,SEMARANG TENGAH,PINDRIKAN KIDUL,3374011014901,8,132,82,222
JAWA TENGAH,KOTA SEMARANG,SEMARANG TENGAH,PINDRIKAN LOR,3374011015001,33,84,96,213
JAWA TENGAH,KOTA SEMARANG,SEMARANG TENGAH,PINDRIKAN LOR,3374011015002,34,76,102,212
JAWA TENGAH,KOTA SEMARANG,SEMARANG TENGAH,PINDRIKAN LOR,3374011015003,30,111,60,201
JAWA TENGAH,KOTA SEMARANG,SEMARANG TENGAH,PINDRIKAN LOR,3374011015005,55,90,79,224
JAWA TENGAH,KOTA SEMARANG,SEMARANG TENGAH,PINDRIKAN LOR,3374011015006,34,109,82,225
JAWA TENGAH,KOTA SEMARANG,SEMARANG TENGAH,PINDRIKAN LOR,3374011015010,52,80,105,237
JAWA TENGAH,KOTA SEMARANG,SEMARANG TENGAH,PINDRIKAN LOR,3374011015011,28,96,95,219
JAWA TENGAH,KOTA SEMARANG,SEMARANG TENGAH,PINDRIKAN LOR,3374011015013,28,75,117,220
JAWA TENGAH,KOTA SEMARANG,SEMARANG TENGAH,PINDRIKAN LOR,3374011015015,13,56,65,134
JAWA TENGAH,KOTA SEMARANG,SEMARANG TENGAH,PURWODINATAN,3374011011006,29,76,103,208
JAWA TENGAH,KOTA SEMARANG,SEMARANG TENGAH,PURWODINATAN,3374011011007,68,97,47,212
JAWA TENGAH,KOTA SEMARANG,SEMARANG TENGAH,PURWODINATAN,3374011011011,17,65,99,181
JAWA TENGAH,KOTA SEMARANG,SEMARANG TENGAH,SEKAYU,3374011007001,59,75,67,201
JAWA TENGAH,KOTA SEMARANG,SEMARANG TENGAH,SEKAYU,3374011007002,29,99,55,183
JAWA TENGAH,KOTA SEMARANG,SEMARANG TENGAH,SEKAYU,3374011007005,33,99,71,203
JAWA TENGAH,KOTA SEMARANG,SEMARANG TENGAH,SEKAYU,3374011007007,31,72,95,198
JAWA TENGAH,KOTA SEMARANG,SEMARANG TENGAH,SEKAYU,3374011007008,20,93,80,193
JAWA TENGAH,KOTA SEMARANG,SEMARANG TENGAH,SEKAYU,3374011007010,11,73,103,187
JAWA TENGAH,KOTA SEMARANG,SEMARANG TIMUR,BUGANGAN,3374031006001,17,82,104,203
JAWA TENGAH,KOTA SEMARANG,SEMARANG TIMUR,BUGANGAN,3374031006002,18,87,130,235
JAWA TENGAH,KOTA SEMARANG,SEMARANG TIMUR,BUGANGAN,3374031006007,31,69,112,212
JAWA TENGAH,KOTA SEMARANG,SEMARANG TIMUR,BUGANGAN,3374031006008,19,75,99,193
JAWA TENGAH,KOTA SEMARANG,SEMARANG TIMUR,BUGANGAN,3374031006011,21,130,77,228
JAWA TENGAH,KOTA SEMARANG,SEMARANG TIMUR,BUGANGAN,3374031006012,29,110,102,241
JAWA TENGAH,KOTA SEMARANG,SEMARANG TIMUR,BUGANGAN,3374031006014,24,97,115,236
JAWA TENGAH,KOTA SEMARANG,SEMARANG TIMUR,BUGANGAN,3374031006015,7,88,88,183
JAWA TENGAH,KOTA SEMARANG,SEMARANG TIMUR,BUGANGAN,3374031006020,3,86,95,184
JAWA TENGAH,KOTA SEMARANG,SEMARANG TIMUR,BUGANGAN,3374031006021,12,63,125,200
JAWA TENGAH,KOTA SEMARANG,SEMARANG TIMUR,BUGANGAN,3374031006022,4,68,80,152
JAWA TENGAH,KOTA SEMARANG,SEMARANG TIMUR,KARANGTEMPEL,3374031010006,9,87,126,222
JAWA TENGAH,KOTA SEMARANG,SEMARANG TIMUR,KARANGTEMPEL,3374031010009,38,87,102,227
JAWA TENGAH,KOTA SEMARANG,SEMARANG TIMUR,KARANGTURI,3374031009002,21,83,107,211
JAWA TENGAH,KOTA SEMARANG,SEMARANG TIMUR,KARANGTURI,3374031009007,24,76,105,205
JAWA TENGAH,KOTA SEMARANG,SEMARANG TIMUR,KARANGTURI,3374031009008,8,68,119,195
JAWA TENGAH,KOTA SEMARANG,SEMARANG TIMUR,KEBONAGUNG,3374031004003,57,100,73,230
JAWA TENGAH,KOTA SEMARANG,SEMARANG TIMUR,KEBONAGUNG,3374031004004,54,93,83,230
JAWA TENGAH,KOTA SEMARANG,SEMARANG TIMUR,KEBONAGUNG,3374031004005,100,63,60,223
JAWA TENGAH,KOTA SEMARANG,SEMARANG TIMUR,KEBONAGUNG,3374031004007,19,77,109,205
JAWA TENGAH,KOTA SEMARANG,SEMARANG TIMUR,KEBONAGUNG,3374031004008,40,61,87,188
JAWA TENGAH,KOTA SEMARANG,SEMARANG TIMUR,KEBONAGUNG,3374031004009,5,62,154,221
JAWA TENGAH,KOTA SEMARANG,SEMARANG TIMUR,KEBONAGUNG,3374031004010,20,78,91,189
JAWA TENGAH,KOTA SEMARANG,SEMARANG TIMUR,KEBONAGUNG,3374031004012,19,73,96,188
JAWA TENGAH,KOTA SEMARANG,SEMARANG TIMUR,KEMIJEN,3374031001002,20,88,80,188
JAWA TENGAH,KOTA SEMARANG,SEMARANG TIMUR,KEMIJEN,3374031001003,14,103,99,216
JAWA TENGAH,KOTA SEMARANG,SEMARANG TIMUR,KEMIJEN,3374031001006,57,125,58,240
JAWA TENGAH,KOTA SEMARANG,SEMARANG TIMUR,KEMIJEN,3374031001008,12,98,107,217
JAWA TENGAH,KOTA SEMARANG,SEMARANG TIMUR,KEMIJEN,3374031001009,24,68,117,209
JAWA TENGAH,KOTA SEMARANG,SEMARANG TIMUR,KEMIJEN,3374031001010,25,85,120,230
JAWA TENGAH,KOTA SEMARANG,SEMARANG TIMUR,KEMIJEN,3374031001011,21,111,92,224
JAWA TENGAH,KOTA SEMARANG,SEMARANG TIMUR,KEMIJEN,3374031001012,24,100,113,237
JAWA TENGAH,KOTA SEMARANG,SEMARANG TIMUR,KEMIJEN,3374031001013,6,98,111,215
JAWA TENGAH,KOTA SEMARANG,SEMARANG TIMUR,KEMIJEN,3374031001014,7,123,83,213
JAWA TENGAH,KOTA SEMARANG,SEMARANG TIMUR,KEMIJEN,3374031001015,15,98,84,197
JAWA TENGAH,KOTA SEMARANG,SEMARANG TIMUR,KEMIJEN,3374031001017,15,127,65,207
JAWA TENGAH,KOTA SEMARANG,SEMARANG TIMUR,KEMIJEN,3374031001018,14,118,84,216
JAWA TENGAH,KOTA SEMARANG,SEMARANG TIMUR,KEMIJEN,3374031001019,16,107,98,221
JAWA TENGAH,KOTA SEMARANG,SEMARANG TIMUR,KEMIJEN,3374031001020,25,135,75,235
JAWA TENGAH,KOTA SEMARANG,SEMARANG TIMUR,KEMIJEN,3374031001022,14,106,94,214
JAWA TENGAH,KOTA SEMARANG,SEMARANG TIMUR,KEMIJEN,3374031001023,10,124,80,214
JAWA TENGAH,KOTA SEMARANG,SEMARANG TIMUR,KEMIJEN,3374031001028,6,126,67,199
JAWA TENGAH,KOTA SEMARANG,SEMARANG TIMUR,KEMIJEN,3374031001033,16,103,96,215
JAWA TENGAH,KOTA SEMARANG,SEMARANG TIMUR,KEMIJEN,3374031001034,19,87,105,211
JAWA TENGAH,KOTA SEMARANG,SEMARANG TIMUR,KEMIJEN,3374031001035,17,90,101,208
JAWA TENGAH,KOTA SEMARANG,SEMARANG TIMUR,KEMIJEN,3374031001037,13,125,85,223
JAWA TENGAH,KOTA SEMARANG,SEMARANG TIMUR,MLATIBARU,3374031003001,14,55,124,193
JAWA TENGAH,KOTA SEMARANG,SEMARANG TIMUR,MLATIBARU,3374031003004,61,69,80,210
JAWA TENGAH,KOTA SEMARANG,SEMARANG TIMUR,MLATIBARU,3374031003008,6,87,102,195
JAWA TENGAH,KOTA SEMARANG,SEMARANG TIMUR,MLATIBARU,3374031003009,24,108,98,230
JAWA TENGAH,KOTA SEMARANG,SEMARANG TIMUR,MLATIBARU,3374031003011,18,96,94,208
JAWA TENGAH,KOTA SEMARANG,SEMARANG TIMUR,MLATIBARU,3374031003013,24,109,76,209
JAWA TENGAH,KOTA SEMARANG,SEMARANG TIMUR,MLATIBARU,3374031003017,15,101,104,220
JAWA TENGAH,KOTA SEMARANG,SEMARANG TIMUR,MLATIBARU,3374031003018,26,132,64,222
JAWA TENGAH,KOTA SEMARANG,SEMARANG TIMUR,MLATIHARJO,3374031005003,15,88,75,178
JAWA TENGAH,KOTA SEMARANG,SEMARANG TIMUR,MLATIHARJO,3374031005005,23,102,99,224
JAWA TENGAH,KOTA SEMARANG,SEMARANG TIMUR,REJOMULYO,3374031002001,17,49,136,202
JAWA TENGAH,KOTA SEMARANG,SEMARANG TIMUR,REJOMULYO,3374031002003,27,83,86,196
JAWA TENGAH,KOTA SEMARANG,SEMARANG TIMUR,REJOMULYO,3374031002005,16,95,96,207
JAWA TENGAH,KOTA SEMARANG,SEMARANG TIMUR,REJOMULYO,3374031002009,39,82,60,181
JAWA TENGAH,KOTA SEMARANG,SEMARANG TIMUR,REJOMULYO,3374031002010,26,92,92,210
JAWA TENGAH,KOTA SEMARANG,SEMARANG TIMUR,REJOSARI,3374031008001,4,47,131,182
JAWA TENGAH,KOTA SEMARANG,SEMARANG TIMUR,REJOSARI,3374031008002,22,72,117,211
JAWA TENGAH,KOTA SEMARANG,SEMARANG TIMUR,REJOSARI,3374031008003,28,78,99,205
JAWA TENGAH,KOTA SEMARANG,SEMARANG TIMUR,REJOSARI,3374031008006,15,61,74,150
JAWA TENGAH,KOTA SEMARANG,SEMARANG TIMUR,REJOSARI,3374031008007,17,92,93,202
JAWA TENGAH,KOTA SEMARANG,SEMARANG TIMUR,REJOSARI,3374031008010,25,87,86,198
JAWA TENGAH,KOTA SEMARANG,SEMARANG TIMUR,REJOSARI,3374031008011,29,81,99,209
JAWA TENGAH,KOTA SEMARANG,SEMARANG TIMUR,REJOSARI,3374031008012,17,80,67,164
JAWA TENGAH,KOTA SEMARANG,SEMARANG TIMUR,REJOSARI,3374031008013,38,90,87,215
JAWA TENGAH,KOTA SEMARANG,SEMARANG TIMUR,REJOSARI,3374031008015,12,118,87,217
JAWA TENGAH,KOTA SEMARANG,SEMARANG TIMUR,REJOSARI,3374031008016,19,54,80,153
JAWA TENGAH,KOTA SEMARANG,SEMARANG TIMUR,REJOSARI,3374031008018,20,101,100,221
JAWA TENGAH,KOTA SEMARANG,SEMARANG TIMUR,REJOSARI,3374031008024,16,103,106,225
JAWA TENGAH,KOTA SEMARANG,SEMARANG TIMUR,REJOSARI,3374031008025,10,98,119,227
JAWA TENGAH,KOTA SEMARANG,SEMARANG TIMUR,REJOSARI,3374031008026,17,61,86,164
JAWA TENGAH,KOTA SEMARANG,SEMARANG TIMUR,REJOSARI,3374031008027,26,69,91,186
JAWA TENGAH,KOTA SEMARANG,SEMARANG TIMUR,REJOSARI,3374031008028,11,95,105,211
JAWA TENGAH,KOTA SEMARANG,SEMARANG TIMUR,REJOSARI,3374031008030,17,114,85,216
JAWA TENGAH,KOTA SEMARANG,SEMARANG TIMUR,REJOSARI,3374031008031,22,68,115,205
JAWA TENGAH,KOTA SEMARANG,SEMARANG TIMUR,REJOSARI,3374031008032,21,98,106,225
JAWA TENGAH,KOTA SEMARANG,SEMARANG TIMUR,REJOSARI,3374031008034,15,65,119,199
JAWA TENGAH,KOTA SEMARANG,SEMARANG TIMUR,REJOSARI,3374031008036,11,76,99,186
JAWA TENGAH,KOTA SEMARANG,SEMARANG TIMUR,REJOSARI,3374031008037,11,75,79,165
JAWA TENGAH,KOTA SEMARANG,SEMARANG TIMUR,REJOSARI,3374031008040,18,100,69,187
JAWA TENGAH,KOTA SEMARANG,SEMARANG TIMUR,REJOSARI,3374031008043,17,65,73,155
JAWA TENGAH,KOTA SEMARANG,SEMARANG TIMUR,REJOSARI,3374031008044,16,90,98,204
JAWA TENGAH,KOTA SEMARANG,SEMARANG TIMUR,REJOSARI,3374031008045,21,104,106,231
JAWA TENGAH,KOTA SEMARANG,SEMARANG TIMUR,REJOSARI,3374031008046,23,97,122,242
JAWA TENGAH,KOTA SEMARANG,SEMARANG TIMUR,SARIREJO,3374031007004,2,64,140,206
JAWA TENGAH,KOTA SEMARANG,SEMARANG TIMUR,SARIREJO,3374031007005,26,89,99,214
JAWA TENGAH,KOTA SEMARANG,SEMARANG TIMUR,SARIREJO,3374031007010,10,74,149,233
JAWA TENGAH,KOTA SEMARANG,SEMARANG TIMUR,SARIREJO,3374031007013,11,101,115,227
JAWA TENGAH,KOTA SEMARANG,SEMARANG TIMUR,SARIREJO,3374031007016,19,88,105,212
JAWA TENGAH,KOTA SEMARANG,SEMARANG TIMUR,SARIREJO,3374031007021,31,70,137,238
JAWA TENGAH,KOTA SEMARANG,SEMARANG TIMUR,SARIREJO,3374031007023,34,76,86,196
JAWA TENGAH,KOTA SEMARANG,SEMARANG UTARA,BANDARHARJO,3374021001004,6,103,103,212
JAWA TENGAH,KOTA SEMARANG,SEMARANG UTARA,BANDARHARJO,3374021001005,6,95,90,191
JAWA TENGAH,KOTA SEMARANG,SEMARANG UTARA,BANDARHARJO,3374021001006,6,93,89,188
JAWA TENGAH,KOTA SEMARANG,SEMARANG UTARA,BANDARHARJO,3374021001007,15,115,113,243
JAWA TENGAH,KOTA SEMARANG,SEMARANG UTARA,BANDARHARJO,3374021001008,34,108,81,223
JAWA TENGAH,KOTA SEMARANG,SEMARANG UTARA,BANDARHARJO,3374021001011,22,110,94,226
JAWA TENGAH,KOTA SEMARANG,SEMARANG UTARA,BANDARHARJO,3374021001012,13,118,99,230
JAWA TENGAH,KOTA SEMARANG,SEMARANG UTARA,BANDARHARJO,3374021001013,12,81,73,166
JAWA TENGAH,KOTA SEMARANG,SEMARANG UTARA,BANDARHARJO,3374021001015,12,104,87,203
JAWA TENGAH,KOTA SEMARANG,SEMARANG UTARA,BANDARHARJO,3374021001018,18,112,113,243
JAWA TENGAH,KOTA SEMARANG,SEMARANG UTARA,BANDARHARJO,3374021001019,21,125,84,230
JAWA TENGAH,KOTA SEMARANG,SEMARANG UTARA,BANDARHARJO,3374021001020,8,97,125,230
JAWA TENGAH,KOTA SEMARANG,SEMARANG UTARA,BANDARHARJO,3374021001022,18,126,104,248
JAWA TENGAH,KOTA SEMARANG,SEMARANG UTARA,BANDARHARJO,3374021001025,9,89,97,195
JAWA TENGAH,KOTA SEMARANG,SEMARANG UTARA,BANDARHARJO,3374021001026,14,128,83,225
JAWA TENGAH,KOTA SEMARANG,SEMARANG UTARA,BANDARHARJO,3374021001030,14,110,114,238
JAWA TENGAH,KOTA SEMARANG,SEMARANG UTARA,BANDARHARJO,3374021001033,25,146,82,253
JAWA TENGAH,KOTA SEMARANG,SEMARANG UTARA,BANDARHARJO,3374021001035,18,109,101,228
JAWA TENGAH,KOTA SEMARANG,SEMARANG UTARA,BANDARHARJO,3374021001036,15,103,112,230
JAWA TENGAH,KOTA SEMARANG,SEMARANG UTARA,BANDARHARJO,3374021001039,2,118,90,210
JAWA TENGAH,KOTA SEMARANG,SEMARANG UTARA,BANDARHARJO,3374021001040,15,104,105,224
JAWA TENGAH,KOTA SEMARANG,SEMARANG UTARA,BANDARHARJO,3374021001041,15,121,104,240
JAWA TENGAH,KOTA SEMARANG,SEMARANG UTARA,BANDARHARJO,3374021001043,26,120,105,251
JAWA TENGAH,KOTA SEMARANG,SEMARANG UTARA,BANDARHARJO,3374021001044,7,116,96,219
JAWA TENGAH,KOTA SEMARANG,SEMARANG UTARA,BANDARHARJO,3374021001045,15,117,110,242
JAWA TENGAH,KOTA SEMARANG,SEMARANG UTARA,BANDARHARJO,3374021001046,21,107,87,215
JAWA TENGAH,KOTA SEMARANG,SEMARANG UTARA,BANDARHARJO,3374021001047,13,125,88,226
JAWA TENGAH,KOTA SEMARANG,SEMARANG UTARA,BANDARHARJO,3374021001048,17,115,92,224
JAWA TENGAH,KOTA SEMARANG,SEMARANG UTARA,BANDARHARJO,3374021001049,18,118,100,236
JAWA TENGAH,KOTA SEMARANG,SEMARANG UTARA,BANDARHARJO,3374021001050,5,100,69,174
JAWA TENGAH,KOTA SEMARANG,SEMARANG UTARA,BANDARHARJO,3374021001051,15,108,95,218
JAWA TENGAH,KOTA SEMARANG,SEMARANG UTARA,BANDARHARJO,3374021001053,8,59,82,149
JAWA TENGAH,KOTA SEMARANG,SEMARANG UTARA,BULU LOR,3374021002002,43,93,103,239
JAWA TENGAH,KOTA SEMARANG,SEMARANG UTARA,BULU LOR,3374021002003,29,96,120,245
JAWA TENGAH,KOTA SEMARANG,SEMARANG UTARA,BULU LOR,3374021002004,24,107,71,202
JAWA TENGAH,KOTA SEMARANG,SEMARANG UTARA,BULU LOR,3374021002008,23,79,99,201
JAWA TENGAH,KOTA SEMARANG,SEMARANG UTARA,BULU LOR,3374021002009,17,77,54,148
JAWA TENGAH,KOTA SEMARANG,SEMARANG UTARA,BULU LOR,3374021002010,20,76,57,153
JAWA TENGAH,KOTA SEMARANG,SEMARANG UTARA,BULU LOR,3374021002012,40,100,87,227
JAWA TENGAH,KOTA SEMARANG,SEMARANG UTARA,BULU LOR,3374021002013,43,108,94,245
JAWA TENGAH,KOTA SEMARANG,SEMARANG UTARA,BULU LOR,3374021002014,31,107,92,230
JAWA TENGAH,KOTA SEMARANG,SEMARANG UTARA,BULU LOR,3374021002018,11,104,113,228
JAWA TENGAH,KOTA SEMARANG,SEMARANG UTARA,BULU LOR,3374021002021,19,97,126,242
JAWA TENGAH,KOTA SEMARANG,SEMARANG UTARA,BULU LOR,3374021002022,18,95,116,229
JAWA TENGAH,KOTA SEMARANG,SEMARANG UTARA,BULU LOR,3374021002023,18,108,105,231
JAWA TENGAH,KOTA SEMARANG,SEMARANG UTARA,BULU LOR,3374021002024,17,114,105,236
JAWA TENGAH,KOTA SEMARANG,SEMARANG UTARA,BULU LOR,3374021002026,20,96,77,193
JAWA TENGAH,KOTA SEMARANG,SEMARANG UTARA,BULU LOR,3374021002028,14,94,72,180
JAWA TENGAH,KOTA SEMARANG,SEMARANG UTARA,BULU LOR,3374021002030,12,115,107,234
JAWA TENGAH,KOTA SEMARANG,SEMARANG UTARA,BULU LOR,3374021002032,26,96,116,238
JAWA TENGAH,KOTA SEMARANG,SEMARANG UTARA,BULU LOR,3374021002033,12,126,104,242
JAWA TENGAH,KOTA SEMARANG,SEMARANG UTARA,BULU LOR,3374021002038,24,101,115,240
JAWA TENGAH,KOTA SEMARANG,SEMARANG UTARA,BULU LOR,3374021002039,10,54,68,132
JAWA TENGAH,KOTA SEMARANG,SEMARANG UTARA,DADAPSARI,3374021009002,29,91,101,221
JAWA TENGAH,KOTA SEMARANG,SEMARANG UTARA,DADAPSARI,3374021009003,17,118,115,250
JAWA TENGAH,KOTA SEMARANG,SEMARANG UTARA,DADAPSARI,3374021009005,54,95,65,214
JAWA TENGAH,KOTA SEMARANG,SEMARANG UTARA,DADAPSARI,3374021009006,55,79,62,196
JAWA TENGAH,KOTA SEMARANG,SEMARANG UTARA,DADAPSARI,3374021009007,30,86,67,183
JAWA TENGAH,KOTA SEMARANG,SEMARANG UTARA,DADAPSARI,3374021009008,33,88,95,216
JAWA TENGAH,KOTA SEMARANG,SEMARANG UTARA,DADAPSARI,3374021009009,15,105,103,223
JAWA TENGAH,KOTA SEMARANG,SEMARANG UTARA,DADAPSARI,3374021009010,47,102,70,219
JAWA TENGAH,KOTA SEMARANG,SEMARANG UTARA,DADAPSARI,3374021009011,32,96,92,220
JAWA TENGAH,KOTA SEMARANG,SEMARANG UTARA,DADAPSARI,3374021009012,49,85,85,219
JAWA TENGAH,KOTA SEMARANG,SEMARANG UTARA,DADAPSARI,3374021009013,45,80,97,222
JAWA TENGAH,KOTA SEMARANG,SEMARANG UTARA,DADAPSARI,3374021009014,52,91,64,207
JAWA TENGAH,KOTA SEMARANG,SEMARANG UTARA,DADAPSARI,3374021009015,49,86,77,212
JAWA TENGAH,KOTA SEMARANG,SEMARANG UTARA,DADAPSARI,3374021009016,46,94,81,221
JAWA TENGAH,KOTA SEMARANG,SEMARANG UTARA,DADAPSARI,3374021009017,34,88,55,177
JAWA TENGAH,KOTA SEMARANG,SEMARANG UTARA,DADAPSARI,3374021009018,52,105,59,216
JAWA TENGAH,KOTA SEMARANG,SEMARANG UTARA,DADAPSARI,3374021009019,125,68,24,217
JAWA TENGAH,KOTA SEMARANG,SEMARANG UTARA,DADAPSARI,3374021009020,21,75,72,168
JAWA TENGAH,KOTA SEMARANG,SEMARANG UTARA,DADAPSARI,3374021009022,16,107,95,218
JAWA TENGAH,KOTA SEMARANG,SEMARANG UTARA,DADAPSARI,3374021009023,27,53,71,151
JAWA TENGAH,KOTA SEMARANG,SEMARANG UTARA,KUNINGAN,3374021005001,23,86,102,211
JAWA TENGAH,KOTA SEMARANG,SEMARANG UTARA,KUNINGAN,3374021005002,19,155,51,225
JAWA TENGAH,KOTA SEMARANG,SEMARANG UTARA,KUNINGAN,3374021005004,85,78,57,220
JAWA TENGAH,KOTA SEMARANG,SEMARANG UTARA,KUNINGAN,3374021005006,19,116,83,218
JAWA TENGAH,KOTA SEMARANG,SEMARANG UTARA,KUNINGAN,3374021005009,21,148,78,247
JAWA TENGAH,KOTA SEMARANG,SEMARANG UTARA,KUNINGAN,3374021005010,23,104,95,222
JAWA TENGAH,KOTA SEMARANG,SEMARANG UTARA,KUNINGAN,3374021005011,26,91,85,202
JAWA TENGAH,KOTA SEMARANG,SEMARANG UTARA,KUNINGAN,3374021005012,25,114,76,215
JAWA TENGAH,KOTA SEMARANG,SEMARANG UTARA,KUNINGAN,3374021005017,20,140,57,217
JAWA TENGAH,KOTA SEMARANG,SEMARANG UTARA,KUNINGAN,3374021005018,17,80,102,199
JAWA TENGAH,KOTA SEMARANG,SEMARANG UTARA,KUNINGAN,3374021005019,13,89,105,207
JAWA TENGAH,KOTA SEMARANG,SEMARANG UTARA,KUNINGAN,3374021005020,15,98,128,241
JAWA TENGAH,KOTA SEMARANG,SEMARANG UTARA,KUNINGAN,3374021005021,6,95,120,221
JAWA TENGAH,KOTA SEMARANG,SEMARANG UTARA,KUNINGAN,3374021005022,8,77,111,196
JAWA TENGAH,KOTA SEMARANG,SEMARANG UTARA,KUNINGAN,3374021005026,40,108,72,220
JAWA TENGAH,KOTA SEMARANG,SEMARANG UTARA,KUNINGAN,3374021005027,43,98,85,226
JAWA TENGAH,KOTA SEMARANG,SEMARANG UTARA,KUNINGAN,3374021005029,24,129,94,247
JAWA TENGAH,KOTA SEMARANG,SEMARANG UTARA,KUNINGAN,3374021005030,30,120,78,228
JAWA TENGAH,KOTA SEMARANG,SEMARANG UTARA,KUNINGAN,3374021005032,18,107,103,228
JAWA TENGAH,KOTA SEMARANG,SEMARANG UTARA,KUNINGAN,3374021005033,25,123,98,246
JAWA TENGAH,KOTA SEMARANG,SEMARANG UTARA,KUNINGAN,3374021005034,21,130,88,239
JAWA TENGAH,KOTA SEMARANG,SEMARANG UTARA,KUNINGAN,3374021005035,23,119,94,236
JAWA TENGAH,KOTA SEMARANG,SEMARANG UTARA,KUNINGAN,3374021005036,11,126,83,220
JAWA TENGAH,KOTA SEMARANG,SEMARANG UTARA,KUNINGAN,3374021005038,37,74,68,179
JAWA TENGAH,KOTA SEMARANG,SEMARANG UTARA,PANGGUNG KIDUL,3374021007004,26,86,105,217
JAWA TENGAH,KOTA SEMARANG,SEMARANG UTARA,PANGGUNG KIDUL,3374021007005,13,103,77,193
JAWA TENGAH,KOTA SEMARANG,SEMARANG UTARA,PANGGUNG KIDUL,3374021007006,16,103,98,217
JAWA TENGAH,KOTA SEMARANG,SEMARANG UTARA,PANGGUNG KIDUL,3374021007008,13,96,68,177
JAWA TENGAH,KOTA SEMARANG,SEMARANG UTARA,PANGGUNG KIDUL,3374021007009,8,119,80,207
JAWA TENGAH,KOTA SEMARANG,SEMARANG UTARA,PANGGUNG KIDUL,3374021007013,16,120,94,230
JAWA TENGAH,KOTA SEMARANG,SEMARANG UTARA,PANGGUNG KIDUL,3374021007017,7,61,130,198
JAWA TENGAH,KOTA SEMARANG,SEMARANG UTARA,PANGGUNG LOR,3374021006001,14,98,120,232
JAWA TENGAH,KOTA SEMARANG,SEMARANG UTARA,PANGGUNG LOR,3374021006003,1,79,142,222
JAWA TENGAH,KOTA SEMARANG,SEMARANG UTARA,PANGGUNG LOR,3374021006009,13,96,131,240
JAWA TENGAH,KOTA SEMARANG,SEMARANG UTARA,PANGGUNG LOR,3374021006011,12,74,104,190
JAWA TENGAH,KOTA SEMARANG,SEMARANG UTARA,PANGGUNG LOR,3374021006013,3,76,140,219
JAWA TENGAH,KOTA SEMARANG,SEMARANG UTARA,PANGGUNG LOR,3374021006014,8,79,123,210
JAWA TENGAH,KOTA SEMARANG,SEMARANG UTARA,PANGGUNG LOR,3374021006017,2,107,112,221
JAWA TENGAH,KOTA SEMARANG,SEMARANG UTARA,PANGGUNG LOR,3374021006022,24,88,91,203
JAWA TENGAH,KOTA SEMARANG,SEMARANG UTARA,PANGGUNG LOR,3374021006023,44,74,122,240
JAWA TENGAH,KOTA SEMARANG,SEMARANG UTARA,PANGGUNG LOR,3374021006024,2,82,133,217
JAWA TENGAH,KOTA SEMARANG,SEMARANG UTARA,PANGGUNG LOR,3374021006027,15,66,94,175
JAWA TENGAH,KOTA SEMARANG,SEMARANG UTARA,PANGGUNG LOR,3374021006029,22,83,96,201
JAWA TENGAH,KOTA SEMARANG,SEMARANG UTARA,PANGGUNG LOR,3374021006030,8,74,128,210
JAWA TENGAH,KOTA SEMARANG,SEMARANG UTARA,PANGGUNG LOR,3374021006031,17,71,116,204
JAWA TENGAH,KOTA SEMARANG,SEMARANG UTARA,PANGGUNG LOR,3374021006033,7,55,161,223
JAWA TENGAH,KOTA SEMARANG,SEMARANG UTARA,PANGGUNG LOR,3374021006036,2,94,133,229
JAWA TENGAH,KOTA SEMARANG,SEMARANG UTARA,PLOMBOKAN,3374021003001,30,106,97,233
JAWA TENGAH,KOTA SEMARANG,SEMARANG UTARA,PLOMBOKAN,3374021003002,17,120,114,251
JAWA TENGAH,KOTA SEMARANG,SEMARANG UTARA,PLOMBOKAN,3374021003004,10,94,122,226
JAWA TENGAH,KOTA SEMARANG,SEMARANG UTARA,PLOMBOKAN,3374021003005,14,47,135,196
JAWA TENGAH,KOTA SEMARANG,SEMARANG UTARA,PLOMBOKAN,3374021003006,9,60,129,198
JAWA TENGAH,KOTA SEMARANG,SEMARANG UTARA,PLOMBOKAN,3374021003007,18,113,108,239
JAWA TENGAH,KOTA SEMARANG,SEMARANG UTARA,PLOMBOKAN,3374021003008,22,118,76,216
JAWA TENGAH,KOTA SEMARANG,SEMARANG UTARA,PLOMBOKAN,3374021003009,12,100,105,217
JAWA TENGAH,KOTA SEMARANG,SEMARANG UTARA,PLOMBOKAN,3374021003010,19,131,62,212
JAWA TENGAH,KOTA SEMARANG,SEMARANG UTARA,PLOMBOKAN,3374021003013,12,111,90,213
JAWA TENGAH,KOTA SEMARANG,SEMARANG UTARA,PLOMBOKAN,3374021003015,16,91,70,177
JAWA TENGAH,KOTA SEMARANG,SEMARANG UTARA,PLOMBOKAN,3374021003016,33,122,75,230
JAWA TENGAH,KOTA SEMARANG,SEMARANG UTARA,PLOMBOKAN,3374021003018,61,70,74,205
JAWA TENGAH,KOTA SEMARANG,SEMARANG UTARA,PLOMBOKAN,3374021003020,26,105,75,206
JAWA TENGAH,KOTA SEMARANG,SEMARANG UTARA,PLOMBOKAN,3374021003021,42,93,92,227
JAWA TENGAH,KOTA SEMARANG,SEMARANG UTARA,PLOMBOKAN,3374021003023,11,92,61,164
JAWA TENGAH,KOTA SEMARANG,SEMARANG UTARA,PLOMBOKAN,3374021003901,4,44,116,164
JAWA TENGAH,KOTA SEMARANG,SEMARANG UTARA,PURWOSARI,3374021004002,29,95,106,230
JAWA TENGAH,KOTA SEMARANG,SEMARANG UTARA,PURWOSARI,3374021004003,26,95,89,210
JAWA TENGAH,KOTA SEMARANG,SEMARANG UTARA,PURWOSARI,3374021004005,23,125,91,239
JAWA TENGAH,KOTA SEMARANG,SEMARANG UTARA,PURWOSARI,3374021004006,24,92,84,200
JAWA TENGAH,KOTA SEMARANG,SEMARANG UTARA,PURWOSARI,3374021004008,13,102,56,171
JAWA TENGAH,KOTA SEMARANG,SEMARANG UTARA,PURWOSARI,3374021004011,20,85,83,188
JAWA TENGAH,KOTA SEMARANG,SEMARANG UTARA,PURWOSARI,3374021004012,23,98,108,229
JAWA TENGAH,KOTA SEMARANG,SEMARANG UTARA,PURWOSARI,3374021004013,16,113,112,241
JAWA TENGAH,KOTA SEMARANG,SEMARANG UTARA,PURWOSARI,3374021004016,16,125,85,226
JAWA TENGAH,KOTA SEMARANG,SEMARANG UTARA,PURWOSARI,3374021004018,21,105,89,215
JAWA TENGAH,KOTA SEMARANG,SEMARANG UTARA,PURWOSARI,3374021004023,72,76,74,222
JAWA TENGAH,KOTA SEMARANG,SEMARANG UTARA,TANJUNG MAS,3374021008001,23,94,67,184
JAWA TENGAH,KOTA SEMARANG,SEMARANG UTARA,TANJUNG MAS,3374021008002,18,53,135,206
JAWA TENGAH,KOTA SEMARANG,SEMARANG UTARA,TANJUNG MAS,3374021008003,23,85,59,167
JAWA TENGAH,KOTA SEMARANG,SEMARANG UTARA,TANJUNG MAS,3374021008005,13,94,112,219
JAWA TENGAH,KOTA SEMARANG,SEMARANG UTARA,TANJUNG MAS,3374021008007,9,91,114,214
JAWA TENGAH,KOTA SEMARANG,SEMARANG UTARA,TANJUNG MAS,3374021008008,10,94,79,183
JAWA TENGAH,KOTA SEMARANG,SEMARANG UTARA,TANJUNG MAS,3374021008009,29,116,97,242
JAWA TENGAH,KOTA SEMARANG,SEMARANG UTARA,TANJUNG MAS,3374021008010,10,122,103,235
JAWA TENGAH,KOTA SEMARANG,SEMARANG UTARA,TANJUNG MAS,3374021008012,32,108,89,229
JAWA TENGAH,KOTA SEMARANG,SEMARANG UTARA,TANJUNG MAS,3374021008014,9,130,78,217
JAWA TENGAH,KOTA SEMARANG,SEMARANG UTARA,TANJUNG MAS,3374021008016,15,92,94,201
JAWA TENGAH,KOTA SEMARANG,SEMARANG UTARA,TANJUNG MAS,3374021008017,27,77,71,175
JAWA TENGAH,KOTA SEMARANG,SEMARANG UTARA,TANJUNG MAS,3374021008019,14,128,90,232
JAWA TENGAH,KOTA SEMARANG,SEMARANG UTARA,TANJUNG MAS,3374021008021,21,84,125,230
JAWA TENGAH,KOTA SEMARANG,SEMARANG UTARA,TANJUNG MAS,3374021008022,13,110,117,240
JAWA TENGAH,KOTA SEMARANG,SEMARANG UTARA,TANJUNG MAS,3374021008024,13,128,86,227
JAWA TENGAH,KOTA SEMARANG,SEMARANG UTARA,TANJUNG MAS,3374021008025,25,115,107,247
JAWA TENGAH,KOTA SEMARANG,SEMARANG UTARA,TANJUNG MAS,3374021008026,22,146,76,244
JAWA TENGAH,KOTA SEMARANG,SEMARANG UTARA,TANJUNG MAS,3374021008027,28,139,94,261
JAWA TENGAH,KOTA SEMARANG,SEMARANG UTARA,TANJUNG MAS,3374021008029,11,117,87,215
JAWA TENGAH,KOTA SEMARANG,SEMARANG UTARA,TANJUNG MAS,3374021008030,13,128,98,239
JAWA TENGAH,KOTA SEMARANG,SEMARANG UTARA,TANJUNG MAS,3374021008031,29,123,96,248
JAWA TENGAH,KOTA SEMARANG,SEMARANG UTARA,TANJUNG MAS,3374021008036,7,141,85,233
JAWA TENGAH,KOTA SEMARANG,SEMARANG UTARA,TANJUNG MAS,3374021008038,3,100,72,175
JAWA TENGAH,KOTA SEMARANG,SEMARANG UTARA,TANJUNG MAS,3374021008039,20,103,94,217
JAWA TENGAH,KOTA SEMARANG,SEMARANG UTARA,TANJUNG MAS,3374021008040,20,125,62,207
JAWA TENGAH,KOTA SEMARANG,SEMARANG UTARA,TANJUNG MAS,3374021008041,11,137,47,195
JAWA TENGAH,KOTA SEMARANG,SEMARANG UTARA,TANJUNG MAS,3374021008042,26,120,88,234
JAWA TENGAH,KOTA SEMARANG,SEMARANG UTARA,TANJUNG MAS,3374021008043,31,111,85,227
JAWA TENGAH,KOTA SEMARANG,SEMARANG UTARA,TANJUNG MAS,3374021008044,14,90,82,186
JAWA TENGAH,KOTA SEMARANG,SEMARANG UTARA,TANJUNG MAS,3374021008045,19,98,86,203
JAWA TENGAH,KOTA SEMARANG,SEMARANG UTARA,TANJUNG MAS,3374021008046,12,114,86,212
JAWA TENGAH,KOTA SEMARANG,SEMARANG UTARA,TANJUNG MAS,3374021008048,21,99,109,229
JAWA TENGAH,KOTA SEMARANG,SEMARANG UTARA,TANJUNG MAS,3374021008049,15,126,85,226
JAWA TENGAH,KOTA SEMARANG,SEMARANG UTARA,TANJUNG MAS,3374021008050,15,113,85,213
JAWA TENGAH,KOTA SEMARANG,SEMARANG UTARA,TANJUNG MAS,3374021008052,8,129,69,206
JAWA TENGAH,KOTA SEMARANG,SEMARANG UTARA,TANJUNG MAS,3374021008053,11,128,77,216
JAWA TENGAH,KOTA SEMARANG,SEMARANG UTARA,TANJUNG MAS,3374021008054,14,156,45,215
JAWA TENGAH,KOTA SEMARANG,SEMARANG UTARA,TANJUNG MAS,3374021008057,20,159,70,249
JAWA TENGAH,KOTA SEMARANG,SEMARANG UTARA,TANJUNG MAS,3374021008060,19,130,54,203
JAWA TENGAH,KOTA SEMARANG,SEMARANG UTARA,TANJUNG MAS,3374021008063,11,126,85,222
JAWA TENGAH,KOTA SEMARANG,SEMARANG UTARA,TANJUNG MAS,3374021008064,10,132,90,232
JAWA TENGAH,KOTA SEMARANG,SEMARANG UTARA,TANJUNG MAS,3374021008065,5,124,84,213
JAWA TENGAH,KOTA SEMARANG,SEMARANG UTARA,TANJUNG MAS,3374021008067,13,124,92,229
JAWA TENGAH,KOTA SEMARANG,SEMARANG UTARA,TANJUNG MAS,3374021008070,8,120,76,204
JAWA TENGAH,KOTA SEMARANG,SEMARANG UTARA,TANJUNG MAS,3374021008071,15,117,96,228
JAWA TENGAH,KOTA SEMARANG,SEMARANG UTARA,TANJUNG MAS,3374021008073,14,97,53,164
JAWA TENGAH,KOTA SEMARANG,SEMARANG UTARA,TANJUNG MAS,3374021008075,27,114,103,244
JAWA TENGAH,KOTA SEMARANG,TEMBALANG,BULUSAN,3374101004001,38,73,79,190
JAWA TENGAH,KOTA SEMARANG,TEMBALANG,BULUSAN,3374101004002,33,99,58,190
JAWA TENGAH,KOTA SEMARANG,TEMBALANG,BULUSAN,3374101004003,26,112,107,245
JAWA TENGAH,KOTA SEMARANG,TEMBALANG,BULUSAN,3374101004004,57,117,85,259
JAWA TENGAH,KOTA SEMARANG,TEMBALANG,BULUSAN,3374101004005,51,138,77,266
JAWA TENGAH,KOTA SEMARANG,TEMBALANG,BULUSAN,3374101004006,42,121,86,249
JAWA TENGAH,KOTA SEMARANG,TEMBALANG,BULUSAN,3374101004007,38,119,70,227
JAWA TENGAH,KOTA SEMARANG,TEMBALANG,BULUSAN,3374101004008,46,109,117,272
JAWA TENGAH,KOTA SEMARANG,TEMBALANG,BULUSAN,3374101004009,54,117,93,264
JAWA TENGAH,KOTA SEMARANG,TEMBALANG,BULUSAN,3374101004010,57,104,89,250
JAWA TENGAH,KOTA SEMARANG,TEMBALANG,BULUSAN,3374101004011,41,94,52,187
JAWA TENGAH,KOTA SEMARANG,TEMBALANG,BULUSAN,3374101004012,42,101,70,213
JAWA TENGAH,KOTA SEMARANG,TEMBALANG,BULUSAN,3374101004013,40,118,75,233
JAWA TENGAH,KOTA SEMARANG,TEMBALANG,BULUSAN,3374101004014,92,89,53,234
JAWA TENGAH,KOTA SEMARANG,TEMBALANG,BULUSAN,3374101004015,116,96,47,259
JAWA TENGAH,KOTA SEMARANG,TEMBALANG,BULUSAN,3374101004016,94,77,44,215
JAWA TENGAH,KOTA SEMARANG,TEMBALANG,BULUSAN,3374101004017,88,85,58,231
JAWA TENGAH,KOTA SEMARANG,TEMBALANG,JANGLI,3374101007001,21,98,85,204
JAWA TENGAH,KOTA SEMARANG,TEMBALANG,JANGLI,3374101007002,34,105,74,213
JAWA TENGAH,KOTA SEMARANG,TEMBALANG,JANGLI,3374101007003,41,119,63,223
JAWA TENGAH,KOTA SEMARANG,TEMBALANG,JANGLI,3374101007004,39,118,77,234
JAWA TENGAH,KOTA SEMARANG,TEMBALANG,JANGLI,3374101007005,42,120,92,254
JAWA TENGAH,KOTA SEMARANG,TEMBALANG,JANGLI,3374101007006,38,103,50,191
JAWA TENGAH,KOTA SEMARANG,TEMBALANG,JANGLI,3374101007007,65,77,72,214
JAWA TENGAH,KOTA SEMARANG,TEMBALANG,JANGLI,3374101007008,57,104,86,247
JAWA TENGAH,KOTA SEMARANG,TEMBALANG,JANGLI,3374101007009,25,77,88,190
JAWA TENGAH,KOTA SEMARANG,TEMBALANG,JANGLI,3374101007010,19,118,122,259
JAWA TENGAH,KOTA SEMARANG,TEMBALANG,JANGLI,3374101007011,18,127,117,262
JAWA TENGAH,KOTA SEMARANG,TEMBALANG,JANGLI,3374101007012,28,107,120,255
JAWA TENGAH,KOTA SEMARANG,TEMBALANG,JANGLI,3374101007013,32,117,95,244
JAWA TENGAH,KOTA SEMARANG,TEMBALANG,JANGLI,3374101007014,18,123,84,225
JAWA TENGAH,KOTA SEMARANG,TEMBALANG,JANGLI,3374101007015,26,119,106,251
JAWA TENGAH,KOTA SEMARANG,TEMBALANG,JANGLI,3374101007016,33,122,80,235
JAWA TENGAH,KOTA SEMARANG,TEMBALANG,JANGLI,3374101007017,9,97,98,204
JAWA TENGAH,KOTA SEMARANG,TEMBALANG,JANGLI,3374101007018,4,145,92,241
JAWA TENGAH,KOTA SEMARANG,TEMBALANG,JANGLI,3374101007019,12,108,102,222
JAWA TENGAH,KOTA SEMARANG,TEMBALANG,JANGLI,3374101007020,15,105,124,244
JAWA TENGAH,KOTA SEMARANG,TEMBALANG,JANGLI,3374101007021,7,73,80,160
JAWA TENGAH,KOTA SEMARANG,TEMBALANG,JANGLI,3374101007022,8,110,110,228
JAWA TENGAH,KOTA SEMARANG,TEMBALANG,KEDUNGMUNDU,3374101009001,46,79,92,217
JAWA TENGAH,KOTA SEMARANG,TEMBALANG,KEDUNGMUNDU,3374101009002,24,84,83,191
JAWA TENGAH,KOTA SEMARANG,TEMBALANG,KEDUNGMUNDU,3374101009003,41,88,88,217
JAWA TENGAH,KOTA SEMARANG,TEMBALANG,KEDUNGMUNDU,3374101009004,49,105,86,240
JAWA TENGAH,KOTA SEMARANG,TEMBALANG,KEDUNGMUNDU,3374101009005,36,80,81,197
JAWA TENGAH,KOTA SEMARANG,TEMBALANG,KEDUNGMUNDU,3374101009006,34,126,79,239
JAWA TENGAH,KOTA SEMARANG,TEMBALANG,KEDUNGMUNDU,3374101009007,47,104,73,224
JAWA TENGAH,KOTA SEMARANG,TEMBALANG,KEDUNGMUNDU,3374101009008,31,113,65,209
JAWA TENGAH,KOTA SEMARANG,TEMBALANG,KEDUNGMUNDU,3374101009009,50,111,70,231
JAWA TENGAH,KOTA SEMARANG,TEMBALANG,KEDUNGMUNDU,3374101009010,48,128,47,223
JAWA TENGAH,KOTA SEMARANG,TEMBALANG,KEDUNGMUNDU,3374101009011,37,115,70,222
JAWA TENGAH,KOTA SEMARANG,TEMBALANG,KEDUNGMUNDU,3374101009012,44,111,63,218
JAWA TENGAH,KOTA SEMARANG,TEMBALANG,KEDUNGMUNDU,3374101009013,64,120,56,240
JAWA TENGAH,KOTA SEMARANG,TEMBALANG,KEDUNGMUNDU,3374101009014,41,91,82,214
JAWA TENGAH,KOTA SEMARANG,TEMBALANG,KEDUNGMUNDU,3374101009015,28,118,78,224
JAWA TENGAH,KOTA SEMARANG,TEMBALANG,KEDUNGMUNDU,3374101009016,13,110,68,191
JAWA TENGAH,KOTA SEMARANG,TEMBALANG,KEDUNGMUNDU,3374101009017,33,107,90,230
JAWA TENGAH,KOTA SEMARANG,TEMBALANG,KEDUNGMUNDU,3374101009018,19,113,75,207
JAWA TENGAH,KOTA SEMARANG,TEMBALANG,KEDUNGMUNDU,3374101009020,61,91,74,226
JAWA TENGAH,KOTA SEMARANG,TEMBALANG,KEDUNGMUNDU,3374101009021,54,104,75,233
JAWA TENGAH,KOTA SEMARANG,TEMBALANG,KEDUNGMUNDU,3374101009023,40,134,70,244
JAWA TENGAH,KOTA SEMARANG,TEMBALANG,KEDUNGMUNDU,3374101009024,37,98,82,217
JAWA TENGAH,KOTA SEMARANG,TEMBALANG,KEDUNGMUNDU,3374101009025,55,106,54,215
JAWA TENGAH,KOTA SEMARANG,TEMBALANG,KEDUNGMUNDU,3374101009026,46,103,71,220
JAWA TENGAH,KOTA SEMARANG,TEMBALANG,KEDUNGMUNDU,3374101009027,61,97,79,237
JAWA TENGAH,KOTA SEMARANG,TEMBALANG,KEDUNGMUNDU,3374101009028,53,72,75,200
JAWA TENGAH,KOTA SEMARANG,TEMBALANG,KEDUNGMUNDU,3374101009029,70,81,57,208
JAWA TENGAH,KOTA SEMARANG,TEMBALANG,KEDUNGMUNDU,3374101009030,27,122,65,214
JAWA TENGAH,KOTA SEMARANG,TEMBALANG,KEDUNGMUNDU,3374101009031,34,115,72,221
JAWA TENGAH,KOTA SEMARANG,TEMBALANG,KEDUNGMUNDU,3374101009032,25,77,69,171
JAWA TENGAH,KOTA SEMARANG,TEMBALANG,KEDUNGMUNDU,3374101009033,29,103,73,205
JAWA TENGAH,KOTA SEMARANG,TEMBALANG,KEDUNGMUNDU,3374101009034,48,96,67,211
JAWA TENGAH,KOTA SEMARANG,TEMBALANG,KEDUNGMUNDU,3374101009035,82,106,56,244
JAWA TENGAH,KOTA SEMARANG,TEMBALANG,KRAMAS,3374101005001,46,124,83,253
JAWA TENGAH,KOTA SEMARANG,TEMBALANG,KRAMAS,3374101005002,39,121,80,240
JAWA TENGAH,KOTA SEMARANG,TEMBALANG,KRAMAS,3374101005003,24,134,99,257
JAWA TENGAH,KOTA SEMARANG,TEMBALANG,KRAMAS,3374101005004,24,116,104,244
JAWA TENGAH,KOTA SEMARANG,TEMBALANG,KRAMAS,3374101005005,31,118,107,256
JAWA TENGAH,KOTA SEMARANG,TEMBALANG,KRAMAS,3374101005006,32,135,89,256
JAWA TENGAH,KOTA SEMARANG,TEMBALANG,KRAMAS,3374101005007,48,113,83,244
JAWA TENGAH,KOTA SEMARANG,TEMBALANG,KRAMAS,3374101005008,114,71,56,241
JAWA TENGAH,KOTA SEMARANG,TEMBALANG,KRAMAS,3374101005009,90,96,65,251
JAWA TENGAH,KOTA SEMARANG,TEMBALANG,KRAMAS,3374101005010,71,111,41,223
JAWA TENGAH,KOTA SEMARANG,TEMBALANG,KRAMAS,3374101005011,76,101,63,240
JAWA TENGAH,KOTA SEMARANG,TEMBALANG,MANGUNHARJO,3374101003001,26,131,97,254
JAWA TENGAH,KOTA SEMARANG,TEMBALANG,MANGUNHARJO,3374101003002,22,132,97,251
JAWA TENGAH,KOTA SEMARANG,TEMBALANG,MANGUNHARJO,3374101003003,20,154,97,271
JAWA TENGAH,KOTA SEMARANG,TEMBALANG,MANGUNHARJO,3374101003004,28,162,70,260
JAWA TENGAH,KOTA SEMARANG,TEMBALANG,MANGUNHARJO,3374101003006,37,145,81,263
JAWA TENGAH,KOTA SEMARANG,TEMBALANG,MANGUNHARJO,3374101003008,39,146,88,273
JAWA TENGAH,KOTA SEMARANG,TEMBALANG,MANGUNHARJO,3374101003009,31,158,71,260
JAWA TENGAH,KOTA SEMARANG,TEMBALANG,MANGUNHARJO,3374101003011,45,127,76,248
JAWA TENGAH,KOTA SEMARANG,TEMBALANG,MANGUNHARJO,3374101003012,50,137,60,247
JAWA TENGAH,KOTA SEMARANG,TEMBALANG,MANGUNHARJO,3374101003014,38,120,63,221
JAWA TENGAH,KOTA SEMARANG,TEMBALANG,MANGUNHARJO,3374101003015,30,93,96,219
JAWA TENGAH,KOTA SEMARANG,TEMBALANG,MANGUNHARJO,3374101003016,16,101,124,241
JAWA TENGAH,KOTA SEMARANG,TEMBALANG,MANGUNHARJO,3374101003018,33,118,82,233
JAWA TENGAH,KOTA SEMARANG,TEMBALANG,MANGUNHARJO,3374101003021,54,123,67,244
JAWA TENGAH,KOTA SEMARANG,TEMBALANG,MANGUNHARJO,3374101003022,38,118,89,245
JAWA TENGAH,KOTA SEMARANG,TEMBALANG,MANGUNHARJO,3374101003023,29,116,75,220
JAWA TENGAH,KOTA SEMARANG,TEMBALANG,MANGUNHARJO,3374101003025,45,122,73,240
JAWA TENGAH,KOTA SEMARANG,TEMBALANG,MANGUNHARJO,3374101003029,40,81,60,181
JAWA TENGAH,KOTA SEMARANG,TEMBALANG,MANGUNHARJO,3374101003030,42,97,60,199
JAWA TENGAH,KOTA SEMARANG,TEMBALANG,METESEH,3374101001001,23,119,100,242
JAWA TENGAH,KOTA SEMARANG,TEMBALANG,METESEH,3374101001002,27,128,93,248
JAWA TENGAH,KOTA SEMARANG,TEMBALANG,METESEH,3374101001003,35,125,88,248
JAWA TENGAH,KOTA SEMARANG,TEMBALANG,METESEH,3374101001004,31,123,88,242
JAWA TENGAH,KOTA SEMARANG,TEMBALANG,METESEH,3374101001005,38,116,87,241
JAWA TENGAH,KOTA SEMARANG,TEMBALANG,METESEH,3374101001006,51,166,62,279
JAWA TENGAH,KOTA SEMARANG,TEMBALANG,METESEH,3374101001007,87,111,47,245
JAWA TENGAH,KOTA SEMARANG,TEMBALANG,METESEH,3374101001008,50,138,64,252
JAWA TENGAH,KOTA SEMARANG,TEMBALANG,METESEH,3374101001009,53,117,79,249
JAWA TENGAH,KOTA SEMARANG,TEMBALANG,METESEH,3374101001010,46,98,64,208
JAWA TENGAH,KOTA SEMARANG,TEMBALANG,METESEH,3374101001011,52,111,93,256
JAWA TENGAH,KOTA SEMARANG,TEMBALANG,METESEH,3374101001012,60,92,103,255
JAWA TENGAH,KOTA SEMARANG,TEMBALANG,METESEH,3374101001013,57,102,83,242
JAWA TENGAH,KOTA SEMARANG,TEMBALANG,METESEH,3374101001014,95,107,49,251
JAWA TENGAH,KOTA SEMARANG,TEMBALANG,METESEH,3374101001015,22,182,61,265
JAWA TENGAH,KOTA SEMARANG,TEMBALANG,METESEH,3374101001016,32,151,72,255
JAWA TENGAH,KOTA SEMARANG,TEMBALANG,METESEH,3374101001017,28,151,67,246
JAWA TENGAH,KOTA SEMARANG,TEMBALANG,METESEH,3374101001018,38,133,71,242
JAWA TENGAH,KOTA SEMARANG,TEMBALANG,METESEH,3374101001019,48,92,102,242
JAWA TENGAH,KOTA SEMARANG,TEMBALANG,METESEH,3374101001020,25,141,60,226
JAWA TENGAH,KOTA SEMARANG,TEMBALANG,METESEH,3374101001021,25,90,86,201
JAWA TENGAH,KOTA SEMARANG,TEMBALANG,METESEH,3374101001023,22,131,95,248
JAWA TENGAH,KOTA SEMARANG,TEMBALANG,METESEH,3374101001024,34,128,89,251
JAWA TENGAH,KOTA SEMARANG,TEMBALANG,METESEH,3374101001025,33,122,75,230
JAWA TENGAH,KOTA SEMARANG,TEMBALANG,METESEH,3374101001026,74,86,55,215
JAWA TENGAH,KOTA SEMARANG,TEMBALANG,METESEH,3374101001027,44,149,60,253
JAWA TENGAH,KOTA SEMARANG,TEMBALANG,METESEH,3374101001028,42,142,72,256
JAWA TENGAH,KOTA SEMARANG,TEMBALANG,METESEH,3374101001029,38,63,101,202
JAWA TENGAH,KOTA SEMARANG,TEMBALANG,METESEH,3374101001030,34,109,116,259
JAWA TENGAH,KOTA SEMARANG,TEMBALANG,METESEH,3374101001032,76,111,59,246
JAWA TENGAH,KOTA SEMARANG,TEMBALANG,METESEH,3374101001033,74,66,80,220
JAWA TENGAH,KOTA SEMARANG,TEMBALANG,METESEH,3374101001034,76,84,54,214
JAWA TENGAH,KOTA SEMARANG,TEMBALANG,METESEH,3374101001035,54,82,75,211
JAWA TENGAH,KOTA SEMARANG,TEMBALANG,METESEH,3374101001036,47,66,65,178
JAWA TENGAH,KOTA SEMARANG,TEMBALANG,METESEH,3374101001037,57,91,54,202
JAWA TENGAH,KOTA SEMARANG,TEMBALANG,METESEH,3374101001038,67,91,68,226
JAWA TENGAH,KOTA SEMARANG,TEMBALANG,METESEH,3374101001039,77,66,62,205
JAWA TENGAH,KOTA SEMARANG,TEMBALANG,METESEH,3374101001040,51,128,61,240
JAWA TENGAH,KOTA SEMARANG,TEMBALANG,METESEH,3374101001041,50,130,73,253
JAWA TENGAH,KOTA SEMARANG,TEMBALANG,METESEH,3374101001044,43,83,64,190
JAWA TENGAH,KOTA SEMARANG,TEMBALANG,METESEH,3374101001045,57,84,83,224
JAWA TENGAH,KOTA SEMARANG,TEMBALANG,METESEH,3374101001046,57,90,72,219
JAWA TENGAH,KOTA SEMARANG,TEMBALANG,METESEH,3374101001047,75,92,60,227
JAWA TENGAH,KOTA SEMARANG,TEMBALANG,METESEH,3374101001048,80,105,63,248
JAWA TENGAH,KOTA SEMARANG,TEMBALANG,METESEH,3374101001049,58,112,63,233
JAWA TENGAH,KOTA SEMARANG,TEMBALANG,METESEH,3374101001050,94,85,66,245
JAWA TENGAH,KOTA SEMARANG,TEMBALANG,METESEH,3374101001051,50,139,55,244
JAWA TENGAH,KOTA SEMARANG,TEMBALANG,METESEH,3374101001052,50,149,57,256
JAWA TENGAH,KOTA SEMARANG,TEMBALANG,METESEH,3374101001053,32,138,81,251
JAWA TENGAH,KOTA SEMARANG,TEMBALANG,METESEH,3374101001055,74,90,70,234
JAWA TENGAH,KOTA SEMARANG,TEMBALANG,METESEH,3374101001056,76,119,64,259
JAWA TENGAH,KOTA SEMARANG,TEMBALANG,METESEH,3374101001057,41,118,61,220
JAWA TENGAH,KOTA SEMARANG,TEMBALANG,METESEH,3374101001058,33,127,55,215
JAWA TENGAH,KOTA SEMARANG,TEMBALANG,METESEH,3374101001060,49,117,66,232
JAWA TENGAH,KOTA SEMARANG,TEMBALANG,ROWOSARI,3374101002002,26,117,100,243
JAWA TENGAH,KOTA SEMARANG,TEMBALANG,ROWOSARI,3374101002003,23,114,76,213
JAWA TENGAH,KOTA SEMARANG,TEMBALANG,ROWOSARI,3374101002005,21,122,57,200
JAWA TENGAH,KOTA SEMARANG,TEMBALANG,ROWOSARI,3374101002008,38,129,72,239
JAWA TENGAH,KOTA SEMARANG,TEMBALANG,ROWOSARI,3374101002011,13,112,70,195
JAWA TENGAH,KOTA SEMARANG,TEMBALANG,ROWOSARI,3374101002013,31,114,88,233
JAWA TENGAH,KOTA SEMARANG,TEMBALANG,ROWOSARI,3374101002017,23,119,81,223
JAWA TENGAH,KOTA SEMARANG,TEMBALANG,ROWOSARI,3374101002018,19,94,123,236
JAWA TENGAH,KOTA SEMARANG,TEMBALANG,ROWOSARI,3374101002019,19,121,100,240
JAWA TENGAH,KOTA SEMARANG,TEMBALANG,ROWOSARI,3374101002021,21,150,64,235
JAWA TENGAH,KOTA SEMARANG,TEMBALANG,ROWOSARI,3374101002022,19,125,87,231
JAWA TENGAH,KOTA SEMARANG,TEMBALANG,ROWOSARI,3374101002023,22,124,98,244
JAWA TENGAH,KOTA SEMARANG,TEMBALANG,ROWOSARI,3374101002024,24,161,84,269
JAWA TENGAH,KOTA SEMARANG,TEMBALANG,ROWOSARI,3374101002025,19,164,90,273
JAWA TENGAH,KOTA SEMARANG,TEMBALANG,ROWOSARI,3374101002028,14,143,103,260
JAWA TENGAH,KOTA SEMARANG,TEMBALANG,ROWOSARI,3374101002029,36,134,70,240
JAWA TENGAH,KOTA SEMARANG,TEMBALANG,ROWOSARI,3374101002033,50,147,32,229
JAWA TENGAH,KOTA SEMARANG,TEMBALANG,ROWOSARI,3374101002035,44,155,45,244
JAWA TENGAH,KOTA SEMARANG,TEMBALANG,SAMBIROTO,3374101012002,31,132,76,239
JAWA TENGAH,KOTA SEMARANG,TEMBALANG,SAMBIROTO,3374101012012,19,135,102,256
JAWA TENGAH,KOTA SEMARANG,TEMBALANG,SAMBIROTO,3374101012013,44,133,71,248
JAWA TENGAH,KOTA SEMARANG,TEMBALANG,SAMBIROTO,3374101012015,46,103,84,233
JAWA TENGAH,KOTA SEMARANG,TEMBALANG,SAMBIROTO,3374101012016,67,92,70,229
JAWA TENGAH,KOTA SEMARANG,TEMBALANG,SAMBIROTO,3374101012018,45,107,80,232
JAWA TENGAH,KOTA SEMARANG,TEMBALANG,SAMBIROTO,3374101012019,74,96,65,235
JAWA TENGAH,KOTA SEMARANG,TEMBALANG,SAMBIROTO,3374101012025,23,151,74,248
JAWA TENGAH,KOTA SEMARANG,TEMBALANG,SAMBIROTO,3374101012026,22,114,105,241
JAWA TENGAH,KOTA SEMARANG,TEMBALANG,SAMBIROTO,3374101012029,15,105,93,213
JAWA TENGAH,KOTA SEMARANG,TEMBALANG,SAMBIROTO,3374101012034,35,108,52,195
JAWA TENGAH,KOTA SEMARANG,TEMBALANG,SAMBIROTO,3374101012038,50,99,53,202
JAWA TENGAH,KOTA SEMARANG,TEMBALANG,SAMBIROTO,3374101012039,60,86,75,221
JAWA TENGAH,KOTA SEMARANG,TEMBALANG,SAMBIROTO,3374101012040,70,89,63,222
JAWA TENGAH,KOTA SEMARANG,TEMBALANG,SAMBIROTO,3374101012041,41,131,56,228
JAWA TENGAH,KOTA SEMARANG,TEMBALANG,SENDANGGUWO,3374101010005,45,120,102,267
JAWA TENGAH,KOTA SEMARANG,TEMBALANG,SENDANGGUWO,3374101010007,15,104,131,250
JAWA TENGAH,KOTA SEMARANG,TEMBALANG,SENDANGGUWO,3374101010008,29,129,85,243
JAWA TENGAH,KOTA SEMARANG,TEMBALANG,SENDANGGUWO,3374101010009,22,114,110,246
JAWA TENGAH,KOTA SEMARANG,TEMBALANG,SENDANGGUWO,3374101010011,28,107,117,252
JAWA TENGAH,KOTA SEMARANG,TEMBALANG,SENDANGGUWO,3374101010012,40,101,123,264
JAWA TENGAH,KOTA SEMARANG,TEMBALANG,SENDANGGUWO,3374101010013,27,117,98,242
JAWA TENGAH,KOTA SEMARANG,TEMBALANG,SENDANGGUWO,3374101010015,14,119,101,234
JAWA TENGAH,KOTA SEMARANG,TEMBALANG,SENDANGGUWO,3374101010016,18,146,93,257
JAWA TENGAH,KOTA SEMARANG,TEMBALANG,SENDANGGUWO,3374101010020,13,134,95,242
JAWA TENGAH,KOTA SEMARANG,TEMBALANG,SENDANGGUWO,3374101010023,20,131,88,239
JAWA TENGAH,KOTA SEMARANG,TEMBALANG,SENDANGGUWO,3374101010024,32,114,100,246
JAWA TENGAH,KOTA SEMARANG,TEMBALANG,SENDANGGUWO,3374101010025,20,100,75,195
JAWA TENGAH,KOTA SEMARANG,TEMBALANG,SENDANGGUWO,3374101010026,12,120,92,224
JAWA TENGAH,KOTA SEMARANG,TEMBALANG,SENDANGGUWO,3374101010031,10,115,113,238
JAWA TENGAH,KOTA SEMARANG,TEMBALANG,SENDANGGUWO,3374101010033,15,120,100,235
JAWA TENGAH,KOTA SEMARANG,TEMBALANG,SENDANGGUWO,3374101010034,27,130,75,232
JAWA TENGAH,KOTA SEMARANG,TEMBALANG,SENDANGGUWO,3374101010037,6,96,111,213
JAWA TENGAH,KOTA SEMARANG,TEMBALANG,SENDANGGUWO,3374101010038,26,105,121,252
JAWA TENGAH,KOTA SEMARANG,TEMBALANG,SENDANGGUWO,3374101010039,27,96,122,245
JAWA TENGAH,KOTA SEMARANG,TEMBALANG,SENDANGGUWO,3374101010040,28,103,107,238
JAWA TENGAH,KOTA SEMARANG,TEMBALANG,SENDANGGUWO,3374101010041,22,107,112,241
JAWA TENGAH,KOTA SEMARANG,TEMBALANG,SENDANGGUWO,3374101010042,13,104,118,235
JAWA TENGAH,KOTA SEMARANG,TEMBALANG,SENDANGGUWO,3374101010045,40,104,89,233
JAWA TENGAH,KOTA SEMARANG,TEMBALANG,SENDANGGUWO,3374101010048,41,116,94,251
JAWA TENGAH,KOTA SEMARANG,TEMBALANG,SENDANGGUWO,3374101010049,35,113,81,229
JAWA TENGAH,KOTA SEMARANG,TEMBALANG,SENDANGGUWO,3374101010050,28,116,105,249
JAWA TENGAH,KOTA SEMARANG,TEMBALANG,SENDANGGUWO,3374101010052,20,107,111,238
JAWA TENGAH,KOTA SEMARANG,TEMBALANG,SENDANGGUWO,3374101010053,17,99,104,220
JAWA TENGAH,KOTA SEMARANG,TEMBALANG,SENDANGGUWO,3374101010054,26,106,112,244
JAWA TENGAH,KOTA SEMARANG,TEMBALANG,SENDANGGUWO,3374101010055,19,129,88,236
JAWA TENGAH,KOTA SEMARANG,TEMBALANG,SENDANGGUWO,3374101010056,22,120,81,223
JAWA TENGAH,KOTA SEMARANG,TEMBALANG,SENDANGGUWO,3374101010057,14,95,93,202
JAWA TENGAH,KOTA SEMARANG,TEMBALANG,SENDANGGUWO,3374101010058,11,94,66,171
JAWA TENGAH,KOTA SEMARANG,TEMBALANG,SENDANGGUWO,3374101010059,12,102,92,206
JAWA TENGAH,KOTA SEMARANG,TEMBALANG,SENDANGMULYO,3374101011001,25,117,80,222
JAWA TENGAH,KOTA SEMARANG,TEMBALANG,SENDANGMULYO,3374101011003,31,79,52,162
JAWA TENGAH,KOTA SEMARANG,TEMBALANG,SENDANGMULYO,3374101011004,29,121,77,227
JAWA TENGAH,KOTA SEMARANG,TEMBALANG,SENDANGMULYO,3374101011006,38,93,77,208
JAWA TENGAH,KOTA SEMARANG,TEMBALANG,SENDANGMULYO,3374101011007,33,97,77,207
JAWA TENGAH,KOTA SEMARANG,TEMBALANG,SENDANGMULYO,3374101011008,44,113,74,231
JAWA TENGAH,KOTA SEMARANG,TEMBALANG,SENDANGMULYO,3374101011009,52,105,51,208
JAWA TENGAH,KOTA SEMARANG,TEMBALANG,SENDANGMULYO,3374101011010,28,101,88,217
JAWA TENGAH,KOTA SEMARANG,TEMBALANG,SENDANGMULYO,3374101011011,44,105,47,196
JAWA TENGAH,KOTA SEMARANG,TEMBALANG,SENDANGMULYO,3374101011012,48,99,47,194
JAWA TENGAH,KOTA SEMARANG,TEMBALANG,SENDANGMULYO,3374101011013,84,95,58,237
JAWA TENGAH,KOTA SEMARANG,TEMBALANG,SENDANGMULYO,3374101011014,32,138,70,240
JAWA TENGAH,KOTA SEMARANG,TEMBALANG,SENDANGMULYO,3374101011015,53,83,80,216
JAWA TENGAH,KOTA SEMARANG,TEMBALANG,SENDANGMULYO,3374101011016,49,111,66,226
JAWA TENGAH,KOTA SEMARANG,TEMBALANG,SENDANGMULYO,3374101011017,36,117,64,217
JAWA TENGAH,KOTA SEMARANG,TEMBALANG,SENDANGMULYO,3374101011018,59,129,67,255
JAWA TENGAH,KOTA SEMARANG,TEMBALANG,SENDANGMULYO,3374101011021,32,136,71,239
JAWA TENGAH,KOTA SEMARANG,TEMBALANG,SENDANGMULYO,3374101011023,30,125,72,227
JAWA TENGAH,KOTA SEMARANG,TEMBALANG,SENDANGMULYO,3374101011024,47,106,84,237
JAWA TENGAH,KOTA SEMARANG,TEMBALANG,SENDANGMULYO,3374101011025,31,102,97,230
JAWA TENGAH,KOTA SEMARANG,TEMBALANG,SENDANGMULYO,3374101011026,50,91,71,212
JAWA TENGAH,KOTA SEMARANG,TEMBALANG,SENDANGMULYO,3374101011027,25,95,41,161
JAWA TENGAH,KOTA SEMARANG,TEMBALANG,SENDANGMULYO,3374101011028,73,117,58,248
JAWA TENGAH,KOTA SEMARANG,TEMBALANG,SENDANGMULYO,3374101011029,52,120,54,226
JAWA TENGAH,KOTA SEMARANG,TEMBALANG,SENDANGMULYO,3374101011030,32,130,77,239
JAWA TENGAH,KOTA SEMARANG,TEMBALANG,SENDANGMULYO,3374101011031,30,113,84,227
JAWA TENGAH,KOTA SEMARANG,TEMBALANG,SENDANGMULYO,3374101011032,34,110,82,226
JAWA TENGAH,KOTA SEMARANG,TEMBALANG,SENDANGMULYO,3374101011033,63,68,54,185
JAWA TENGAH,KOTA SEMARANG,TEMBALANG,SENDANGMULYO,3374101011034,66,100,57,223
JAWA TENGAH,KOTA SEMARANG,TEMBALANG,SENDANGMULYO,3374101011035,82,99,62,243
JAWA TENGAH,KOTA SEMARANG,TEMBALANG,SENDANGMULYO,3374101011036,34,93,101,228
JAWA TENGAH,KOTA SEMARANG,TEMBALANG,SENDANGMULYO,3374101011037,56,114,72,242
JAWA TENGAH,KOTA SEMARANG,TEMBALANG,SENDANGMULYO,3374101011038,45,89,51,185
JAWA TENGAH,KOTA SEMARANG,TEMBALANG,SENDANGMULYO,3374101011039,16,139,52,207
JAWA TENGAH,KOTA SEMARANG,TEMBALANG,SENDANGMULYO,3374101011040,43,111,69,223
JAWA TENGAH,KOTA SEMARANG,TEMBALANG,SENDANGMULYO,3374101011041,49,93,73,215
JAWA TENGAH,KOTA SEMARANG,TEMBALANG,SENDANGMULYO,3374101011042,40,113,68,221
JAWA TENGAH,KOTA SEMARANG,TEMBALANG,SENDANGMULYO,3374101011043,72,77,87,236
JAWA TENGAH,KOTA SEMARANG,TEMBALANG,SENDANGMULYO,3374101011044,38,109,73,220
JAWA TENGAH,KOTA SEMARANG,TEMBALANG,SENDANGMULYO,3374101011045,42,112,59,213
JAWA TENGAH,KOTA SEMARANG,TEMBALANG,SENDANGMULYO,3374101011046,30,88,62,180
JAWA TENGAH,KOTA SEMARANG,TEMBALANG,SENDANGMULYO,3374101011048,45,109,83,237
JAWA TENGAH,KOTA SEMARANG,TEMBALANG,SENDANGMULYO,3374101011049,39,127,59,225
JAWA TENGAH,KOTA SEMARANG,TEMBALANG,SENDANGMULYO,3374101011050,38,81,93,212
JAWA TENGAH,KOTA SEMARANG,TEMBALANG,SENDANGMULYO,3374101011051,46,110,61,217
JAWA TENGAH,KOTA SEMARANG,TEMBALANG,SENDANGMULYO,3374101011054,35,101,33,169
JAWA TENGAH,KOTA SEMARANG,TEMBALANG,SENDANGMULYO,3374101011055,27,105,69,201
JAWA TENGAH,KOTA SEMARANG,TEMBALANG,SENDANGMULYO,3374101011056,60,85,56,201
JAWA TENGAH,KOTA SEMARANG,TEMBALANG,SENDANGMULYO,3374101011057,40,87,45,172
JAWA TENGAH,KOTA SEMARANG,TEMBALANG,SENDANGMULYO,3374101011058,66,79,69,214
JAWA TENGAH,KOTA SEMARANG,TEMBALANG,SENDANGMULYO,3374101011062,28,105,69,202
JAWA TENGAH,KOTA SEMARANG,TEMBALANG,SENDANGMULYO,3374101011063,36,98,57,191
JAWA TENGAH,KOTA SEMARANG,TEMBALANG,SENDANGMULYO,3374101011064,40,93,53,186
JAWA TENGAH,KOTA SEMARANG,TEMBALANG,SENDANGMULYO,3374101011065,63,107,56,226
JAWA TENGAH,KOTA SEMARANG,TEMBALANG,SENDANGMULYO,3374101011066,72,82,68,222
JAWA TENGAH,KOTA SEMARANG,TEMBALANG,SENDANGMULYO,3374101011067,83,83,55,221
JAWA TENGAH,KOTA SEMARANG,TEMBALANG,SENDANGMULYO,3374101011068,31,109,43,183
JAWA TENGAH,KOTA SEMARANG,TEMBALANG,SENDANGMULYO,3374101011069,35,89,55,179
JAWA TENGAH,KOTA SEMARANG,TEMBALANG,SENDANGMULYO,3374101011070,46,137,68,251
JAWA TENGAH,KOTA SEMARANG,TEMBALANG,SENDANGMULYO,3374101011071,68,83,67,218
JAWA TENGAH,KOTA SEMARANG,TEMBALANG,SENDANGMULYO,3374101011072,53,90,49,192
JAWA TENGAH,KOTA SEMARANG,TEMBALANG,SENDANGMULYO,3374101011074,71,88,55,214
JAWA TENGAH,KOTA SEMARANG,TEMBALANG,SENDANGMULYO,3374101011077,65,98,63,226
JAWA TENGAH,KOTA SEMARANG,TEMBALANG,SENDANGMULYO,3374101011078,60,108,78,246
JAWA TENGAH,KOTA SEMARANG,TEMBALANG,SENDANGMULYO,3374101011079,61,115,68,244
JAWA TENGAH,KOTA SEMARANG,TEMBALANG,SENDANGMULYO,3374101011080,53,108,72,233
JAWA TENGAH,KOTA SEMARANG,TEMBALANG,SENDANGMULYO,3374101011082,41,142,65,248
JAWA TENGAH,KOTA SEMARANG,TEMBALANG,SENDANGMULYO,3374101011083,49,138,56,243
JAWA TENGAH,KOTA SEMARANG,TEMBALANG,SENDANGMULYO,3374101011084,47,111,87,245
JAWA TENGAH,KOTA SEMARANG,TEMBALANG,SENDANGMULYO,3374101011085,48,95,79,222
JAWA TENGAH,KOTA SEMARANG,TEMBALANG,SENDANGMULYO,3374101011086,31,99,94,224
JAWA TENGAH,KOTA SEMARANG,TEMBALANG,SENDANGMULYO,3374101011087,39,141,56,236
JAWA TENGAH,KOTA SEMARANG,TEMBALANG,SENDANGMULYO,3374101011088,33,104,81,218
JAWA TENGAH,KOTA SEMARANG,TEMBALANG,SENDANGMULYO,3374101011089,66,97,53,216
JAWA TENGAH,KOTA SEMARANG,TEMBALANG,SENDANGMULYO,3374101011090,75,104,60,239
JAWA TENGAH,KOTA SEMARANG,TEMBALANG,SENDANGMULYO,3374101011091,72,103,41,216
JAWA TENGAH,KOTA SEMARANG,TEMBALANG,SENDANGMULYO,3374101011092,42,103,71,216
JAWA TENGAH,KOTA SEMARANG,TEMBALANG,SENDANGMULYO,3374101011093,56,78,51,185
JAWA TENGAH,KOTA SEMARANG,TEMBALANG,SENDANGMULYO,3374101011095,44,113,68,225
JAWA TENGAH,KOTA SEMARANG,TEMBALANG,SENDANGMULYO,3374101011096,47,111,82,240
JAWA TENGAH,KOTA SEMARANG,TEMBALANG,SENDANGMULYO,3374101011097,37,99,95,231
JAWA TENGAH,KOTA SEMARANG,TEMBALANG,SENDANGMULYO,3374101011098,45,126,87,258
JAWA TENGAH,KOTA SEMARANG,TEMBALANG,SENDANGMULYO,3374101011099,41,132,67,240
JAWA TENGAH,KOTA SEMARANG,TEMBALANG,SENDANGMULYO,3374101011100,17,47,24,88
JAWA TENGAH,KOTA SEMARANG,TEMBALANG,SENDANGMULYO,3374101011101,48,76,64,188
JAWA TENGAH,KOTA SEMARANG,TEMBALANG,SENDANGMULYO,3374101011102,51,100,66,217
JAWA TENGAH,KOTA SEMARANG,TEMBALANG,SENDANGMULYO,3374101011104,66,100,64,230
JAWA TENGAH,KOTA SEMARANG,TEMBALANG,SENDANGMULYO,3374101011105,55,117,60,232
JAWA TENGAH,KOTA SEMARANG,TEMBALANG,SENDANGMULYO,3374101011107,68,102,40,210
JAWA TENGAH,KOTA SEMARANG,TEMBALANG,TANDANG,3374101008003,25,129,99,253
JAWA TENGAH,KOTA SEMARANG,TEMBALANG,TANDANG,3374101008004,25,114,107,246
JAWA TENGAH,KOTA SEMARANG,TEMBALANG,TANDANG,3374101008005,31,123,99,253
JAWA TENGAH,KOTA SEMARANG,TEMBALANG,TANDANG,3374101008007,47,103,95,245
JAWA TENGAH,KOTA SEMARANG,TEMBALANG,TANDANG,3374101008008,27,112,106,245
JAWA TENGAH,KOTA SEMARANG,TEMBALANG,TANDANG,3374101008009,64,110,84,258
JAWA TENGAH,KOTA SEMARANG,TEMBALANG,TANDANG,3374101008010,72,112,74,258
JAWA TENGAH,KOTA SEMARANG,TEMBALANG,TANDANG,3374101008011,25,103,87,215
JAWA TENGAH,KOTA SEMARANG,TEMBALANG,TANDANG,3374101008012,15,123,101,239
JAWA TENGAH,KOTA SEMARANG,TEMBALANG,TANDANG,3374101008013,21,117,90,228
JAWA TENGAH,KOTA SEMARANG,TEMBALANG,TANDANG,3374101008015,21,112,109,242
JAWA TENGAH,KOTA SEMARANG,TEMBALANG,TANDANG,3374101008016,20,99,127,246
JAWA TENGAH,KOTA SEMARANG,TEMBALANG,TANDANG,3374101008017,25,112,108,245
JAWA TENGAH,KOTA SEMARANG,TEMBALANG,TANDANG,3374101008018,42,86,94,222
JAWA TENGAH,KOTA SEMARANG,TEMBALANG,TANDANG,3374101008019,39,108,90,237
JAWA TENGAH,KOTA SEMARANG,TEMBALANG,TANDANG,3374101008021,37,111,100,248
JAWA TENGAH,KOTA SEMARANG,TEMBALANG,TANDANG,3374101008024,18,104,107,229
JAWA TENGAH,KOTA SEMARANG,TEMBALANG,TANDANG,3374101008027,45,85,126,256
JAWA TENGAH,KOTA SEMARANG,TEMBALANG,TANDANG,3374101008028,25,83,79,187
JAWA TENGAH,KOTA SEMARANG,TEMBALANG,TANDANG,3374101008029,18,114,94,226
JAWA TENGAH,KOTA SEMARANG,TEMBALANG,TANDANG,3374101008031,32,109,82,223
JAWA TENGAH,KOTA SEMARANG,TEMBALANG,TANDANG,3374101008032,27,135,66,228
JAWA TENGAH,KOTA SEMARANG,TEMBALANG,TANDANG,3374101008036,32,92,131,255
JAWA TENGAH,KOTA SEMARANG,TEMBALANG,TANDANG,3374101008039,20,86,117,223
JAWA TENGAH,KOTA SEMARANG,TEMBALANG,TANDANG,3374101008041,16,71,94,181
JAWA TENGAH,KOTA SEMARANG,TEMBALANG,TANDANG,3374101008042,35,71,124,230
JAWA TENGAH,KOTA SEMARANG,TEMBALANG,TANDANG,3374101008044,14,118,104,236
JAWA TENGAH,KOTA SEMARANG,TEMBALANG,TANDANG,3374101008045,12,102,110,224
JAWA TENGAH,KOTA SEMARANG,TEMBALANG,TANDANG,3374101008047,17,102,126,245
JAWA TENGAH,KOTA SEMARANG,TEMBALANG,TANDANG,3374101008048,31,124,101,256
JAWA TENGAH,KOTA SEMARANG,TEMBALANG,TANDANG,3374101008051,18,118,98,234
JAWA TENGAH,KOTA SEMARANG,TEMBALANG,TANDANG,3374101008052,22,118,96,236
JAWA TENGAH,KOTA SEMARANG,TEMBALANG,TANDANG,3374101008055,10,113,127,250
JAWA TENGAH,KOTA SEMARANG,TEMBALANG,TANDANG,3374101008057,26,97,107,230
JAWA TENGAH,KOTA SEMARANG,TEMBALANG,TANDANG,3374101008059,18,102,84,204
JAWA TENGAH,KOTA SEMARANG,TEMBALANG,TANDANG,3374101008060,20,133,82,235
JAWA TENGAH,KOTA SEMARANG,TEMBALANG,TANDANG,3374101008062,4,118,84,206
JAWA TENGAH,KOTA SEMARANG,TEMBALANG,TANDANG,3374101008065,14,86,76,176
JAWA TENGAH,KOTA SEMARANG,TEMBALANG,TANDANG,3374101008066,15,89,90,194
JAWA TENGAH,KOTA SEMARANG,TEMBALANG,TEMBALANG,3374101006001,48,92,77,217
JAWA TENGAH,KOTA SEMARANG,TEMBALANG,TEMBALANG,3374101006002,40,77,53,170
JAWA TENGAH,KOTA SEMARANG,TEMBALANG,TEMBALANG,3374101006003,45,94,63,202
JAWA TENGAH,KOTA SEMARANG,TEMBALANG,TEMBALANG,3374101006004,36,76,64,176
JAWA TENGAH,KOTA SEMARANG,TEMBALANG,TEMBALANG,3374101006006,96,99,43,238
JAWA TENGAH,KOTA SEMARANG,TEMBALANG,TEMBALANG,3374101006007,64,92,58,214
JAWA TENGAH,KOTA SEMARANG,TEMBALANG,TEMBALANG,3374101006008,50,94,81,225
JAWA TENGAH,KOTA SEMARANG,TEMBALANG,TEMBALANG,3374101006009,50,119,69,238
JAWA TENGAH,KOTA SEMARANG,TEMBALANG,TEMBALANG,3374101006010,34,129,78,241
JAWA TENGAH,KOTA SEMARANG,TEMBALANG,TEMBALANG,3374101006011,35,123,97,255
JAWA TENGAH,KOTA SEMARANG,TEMBALANG,TEMBALANG,3374101006012,65,87,88,240
JAWA TENGAH,KOTA SEMARANG,TEMBALANG,TEMBALANG,3374101006013,72,86,64,222
JAWA TENGAH,KOTA SEMARANG,TEMBALANG,TEMBALANG,3374101006014,102,84,69,255
JAWA TENGAH,KOTA SEMARANG,TEMBALANG,TEMBALANG,3374101006015,69,98,66,233
JAWA TENGAH,KOTA SEMARANG,TEMBALANG,TEMBALANG,3374101006016,40,146,56,242
JAWA TENGAH,KOTA SEMARANG,TUGU,JERAKAH,3374161001001,16,64,62,142
JAWA TENGAH,KOTA SEMARANG,TUGU,JERAKAH,3374161001002,26,77,69,172
JAWA TENGAH,KOTA SEMARANG,TUGU,JERAKAH,3374161001003,24,97,92,213
JAWA TENGAH,KOTA SEMARANG,TUGU,JERAKAH,3374161001004,58,102,75,235
JAWA TENGAH,KOTA SEMARANG,TUGU,JERAKAH,3374161001007,44,80,75,199
JAWA TENGAH,KOTA SEMARANG,TUGU,KARANGANYAR,3374161003003,31,147,79,257
JAWA TENGAH,KOTA SEMARANG,TUGU,KARANGANYAR,3374161003005,42,126,67,235
JAWA TENGAH,KOTA SEMARANG,TUGU,MANGKANG KULON,3374161006001,6,124,86,216
JAWA TENGAH,KOTA SEMARANG,TUGU,MANGKANG KULON,3374161006006,29,135,87,251
JAWA TENGAH,KOTA SEMARANG,TUGU,MANGKANG KULON,3374161006008,144,3,147,294
JAWA TENGAH,KOTA SEMARANG,TUGU,MANGKANG KULON,3374161006009,17,90,96,203
JAWA TENGAH,KOTA SEMARANG,TUGU,MANGKANG WETAN,3374161005001,35,67,163,265
JAWA TENGAH,KOTA SEMARANG,TUGU,MANGKANG WETAN,3374161005002,43,84,126,253
JAWA TENGAH,KOTA SEMARANG,TUGU,MANGKANG WETAN,3374161005003,34,108,86,228
JAWA TENGAH,KOTA SEMARANG,TUGU,MANGKANG WETAN,3374161005004,20,128,82,230
JAWA TENGAH,KOTA SEMARANG,TUGU,MANGKANG WETAN,3374161005009,25,85,82,192
JAWA TENGAH,KOTA SEMARANG,TUGU,MANGKANG WETAN,3374161005010,40,87,97,224
JAWA TENGAH,KOTA SEMARANG,TUGU,MANGKANG WETAN,3374161005011,18,95,103,216
JAWA TENGAH,KOTA SEMARANG,TUGU,MANGKANG WETAN,3374161005012,28,104,84,216
JAWA TENGAH,KOTA SEMARANG,TUGU,MANGKANG WETAN,3374161005013,24,125,70,219
JAWA TENGAH,KOTA SEMARANG,TUGU,MANGKANG WETAN,3374161005016,12,123,98,233
JAWA TENGAH,KOTA SEMARANG,TUGU,MANGUNHARJO,3374161007002,30,113,79,222
JAWA TENGAH,KOTA SEMARANG,TUGU,MANGUNHARJO,3374161007003,20,117,92,229
JAWA TENGAH,KOTA SEMARANG,TUGU,MANGUNHARJO,3374161007011,16,111,93,220
JAWA TENGAH,KOTA SEMARANG,TUGU,MANGUNHARJO,3374161007013,12,79,131,222
JAWA TENGAH,KOTA SEMARANG,TUGU,MANGUNHARJO,3374161007016,16,109,98,223
JAWA TENGAH,KOTA SEMARANG,TUGU,MANGUNHARJO,3374161007018,6,53,113,172
JAWA TENGAH,KOTA SEMARANG,TUGU,RANDUGARUT,3374161004001,33,108,67,208
JAWA TENGAH,KOTA SEMARANG,TUGU,RANDUGARUT,3374161004003,41,110,32,183
JAWA TENGAH,KOTA SEMARANG,TUGU,RANDUGARUT,3374161004004,28,122,75,225
JAWA TENGAH,KOTA SEMARANG,TUGU,RANDUGARUT,3374161004005,23,114,106,243
JAWA TENGAH,KOTA SEMARANG,TUGU,RANDUGARUT,3374161004006,19,109,74,202
JAWA TENGAH,KOTA SEMARANG,TUGU,TUGUREJO,3374161002002,47,129,86,262
JAWA TENGAH,KOTA SEMARANG,TUGU,TUGUREJO,3374161002003,31,144,68,243
JAWA TENGAH,KOTA SEMARANG,TUGU,TUGUREJO,3374161002004,47,126,58,231
JAWA TENGAH,KOTA SEMARANG,TUGU,TUGUREJO,3374161002006,18,134,72,224
JAWA TENGAH,KOTA SEMARANG,TUGU,TUGUREJO,3374161002008,27,109,81,217
JAWA TENGAH,KOTA SEMARANG,TUGU,TUGUREJO,3374161002009,37,133,49,219
JAWA TENGAH,KOTA SEMARANG,TUGU,TUGUREJO,3374161002010,28,133,68,229
JAWA TENGAH,KOTA SEMARANG,TUGU,TUGUREJO,3374161002012,27,148,58,233
JAWA TENGAH,KOTA SEMARANG,TUGU,TUGUREJO,3374161002013,14,123,61,198
JAWA TENGAH,KOTA SEMARANG,TUGU,TUGUREJO,3374161002014,37,122,58,217
JAWA TENGAH,KOTA SEMARANG,TUGU,TUGUREJO,3374161002015,19,159,55,233
JAWA TENGAH,KOTA SEMARANG,TUGU,TUGUREJO,3374161002020,21,136,55,212
