provinsi,kab_kota,kecamatan,desa_kelurahan,tps,suara_A,suara_B,suara_C,suara_sah
JAWA TENGAH,KOTA SEMARANG,BANYUMANIK,BANYUMANIK,3374111005001,17.0,101.0,82.0,200.0
JAWA TENGAH,KOTA SEMARANG,BANYUMANIK,BANYUMANIK,3374111005002,24.0,89.0,52.0,165.0
JAWA TENGAH,KOTA SEMARANG,BANYUMANIK,BANYUMANIK,3374111005003,28.0,131.0,68.0,227.0
JAWA TENGAH,KOTA SEMARANG,BANYUMANIK,BANYUMANIK,3374111005004,23.0,96.0,110.0,229.0
JAWA TENGAH,KOTA SEMARANG,BANYUMANIK,BANYUMANIK,3374111005005,46.0,90.0,115.0,251.0
JAWA TENGAH,KOTA SEMARANG,BANYUMANIK,BANYUMANIK,3374111005006,24.0,91.0,129.0,244.0
JAWA TENGAH,KOTA SEMARANG,BANYUMANIK,BANYUMANIK,3374111005007,35.0,111.0,89.0,235.0
JAWA TENGAH,KOTA SEMARANG,BANYUMANIK,BANYUMANIK,3374111005008,57.0,116.0,68.0,241.0
JAWA TENGAH,KOTA SEMARANG,BANYUMANIK,BANYUMANIK,3374111005009,42.0,132.0,95.0,269.0
JAWA TENGAH,KOTA SEMARANG,BANYUMANIK,BANYUMANIK,3374111005010,45.0,120.0,80.0,245.0
JAWA TENGAH,KOTA SEMARANG,BANYUMANIK,BANYUMANIK,3374111005011,46.0,131.0,83.0,260.0
JAWA TENGAH,KOTA SEMARANG,BANYUMANIK,BANYUMANIK,3374111005012,50.0,106.0,81.0,237.0
JAWA TENGAH,KOTA SEMARANG,BANYUMANIK,BANYUMANIK,3374111005013,54.0,108.0,78.0,240.0
JAWA TENGAH,KOTA SEMARANG,BANYUMANIK,BANYUMANIK,3374111005014,68.0,107.0,71.0,246.0
JAWA TENGAH,KOTA SEMARANG,BANYUMANIK,BANYUMANIK,3374111005015,27.0,134.0,72.0,233.0
JAWA TENGAH,KOTA SEMARANG,BANYUMANIK,BANYUMANIK,3374111005016,14.0,107.0,104.0,225.0
JAWA TENGAH,KOTA SEMARANG,BANYUMANIK,BANYUMANIK,3374111005017,13.0,120.0,85.0,218.0
JAWA TENGAH,KOTA SEMARANG,BANYUMANIK,BANYUMANIK,3374111005018,28.0,106.0,86.0,220.0
JAWA TENGAH,KOTA SEMARANG,BANYUMANIK,BANYUMANIK,3374111005019,42.0,121.0,96.0,259.0
JAWA TENGAH,KOTA SEMARANG,BANYUMANIK,BANYUMANIK,3374111005020,36.0,132.0,80.0,248.0
JAWA TENGAH,KOTA SEMARANG,BANYUMANIK,BANYUMANIK,3374111005021,21.0,122.0,93.0,236.0
JAWA TENGAH,KOTA SEMARANG,BANYUMANIK,BANYUMANIK,3374111005022,22.0,133.0,91.0,246.0
JAWA TENGAH,KOTA SEMARANG,BANYUMANIK,BANYUMANIK,3374111005023,24.0,106.0,86.0,216.0
JAWA TENGAH,KOTA SEMARANG,BANYUMANIK,BANYUMANIK,3374111005024,21.0,130.0,103.0,254.0
JAWA TENGAH,KOTA SEMARANG,BANYUMANIK,BANYUMANIK,3374111005025,45.0,71.0,44.0,160.0
JAWA TENGAH,KOTA SEMARANG,BANYUMANIK,BANYUMANIK,3374111005026,52.0,45.0,49.0,146.0
JAWA TENGAH,KOTA SEMARANG,BANYUMANIK,BANYUMANIK,3374111005027,32.0,128.0,64.0,224.0
JAWA TENGAH,KOTA SEMARANG,BANYUMANIK,BANYUMANIK,3374111005028,46.0,127.0,67.0,240.0
JAWA TENGAH,KOTA SEMARANG,BANYUMANIK,BANYUMANIK,3374111005029,31.0,140.0,77.0,248.0
JAWA TENGAH,KOTA SEMARANG,BANYUMANIK,BANYUMANIK,3374111005030,69.0,92.0,68.0,229.0
JAWA TENGAH,KOTA SEMARANG,BANYUMANIK,BANYUMANIK,3374111005031,,,,
JAWA TENGAH,KOTA SEMARANG,BANYUMANIK,BANYUMANIK,3374111005032,,,,
JAWA TENGAH,KOTA SEMARANG,BANYUMANIK,BANYUMANIK,3374111005033,64.0,96.0,71.0,231.0
JAWA TENGAH,KOTA SEMARANG,BANYUMANIK,GEDAWANG,3374111002001,32.0,134.0,70.0,236.0
JAWA TENGAH,KOTA SEMARANG,BANYUMANIK,GEDAWANG,3374111002002,,,,
JAWA TENGAH,KOTA SEMARANG,BANYUMANIK,GEDAWANG,3374111002003,9.0,105.0,72.0,186.0
JAWA TENGAH,KOTA SEMARANG,BANYUMANIK,GEDAWANG,3374111002004,30.0,118.0,99.0,247.0
JAWA TENGAH,KOTA SEMARANG,BANYUMANIK,GEDAWANG,3374111002005,17.0,97.0,80.0,194.0
JAWA TENGAH,KOTA SEMARANG,BANYUMANIK,GEDAWANG,3374111002006,,,,
JAWA TENGAH,KOTA SEMARANG,BANYUMANIK,GEDAWANG,3374111002007,28.0,125.0,69.0,222.0
JAWA TENGAH,KOTA SEMARANG,BANYUMANIK,GEDAWANG,3374111002008,,,,
JAWA TENGAH,KOTA SEMARANG,BANYUMANIK,GEDAWANG,3374111002009,61.0,111.0,101.0,273.0
JAWA TENGAH,KOTA SEMARANG,BANYUMANIK,GEDAWANG,3374111002010,,,,
JAWA TENGAH,KOTA SEMARANG,BANYUMANIK,GEDAWANG,3374111002011,25.0,78.0,41.0,144.0
JAWA TENGAH,KOTA SEMARANG,BANYUMANIK,GEDAWANG,3374111002012,83.0,98.0,62.0,243.0
JAWA TENGAH,KOTA SEMARANG,BANYUMANIK,GEDAWANG,3374111002013,,,,
JAWA TENGAH,KOTA SEMARANG,BANYUMANIK,GEDAWANG,3374111002014,101.0,70.0,66.0,237.0
JAWA TENGAH,KOTA SEMARANG,BANYUMANIK,GEDAWANG,3374111002015,23.0,101.0,62.0,186.0
JAWA TENGAH,KOTA SEMARANG,BANYUMANIK,GEDAWANG,3374111002016,73.0,100.0,76.0,249.0
JAWA TENGAH,KOTA SEMARANG,BANYUMANIK,GEDAWANG,3374111002017,39.0,99.0,34.0,172.0
JAWA TENGAH,KOTA SEMARANG,BANYUMANIK,GEDAWANG,3374111002018,,,,
JAWA TENGAH,KOTA SEMARANG,BANYUMANIK,GEDAWANG,3374111002019,29.0,75.0,37.0,141.0
JAWA TENGAH,KOTA SEMARANG,BANYUMANIK,GEDAWANG,3374111002020,31.0,100.0,50.0,181.0
JAWA TENGAH,KOTA SEMARANG,BANYUMANIK,GEDAWANG,3374111002021,77.0,101.0,59.0,237.0
JAWA TENGAH,KOTA SEMARANG,BANYUMANIK,GEDAWANG,3374111002022,81.0,114.0,41.0,236.0
JAWA TENGAH,KOTA SEMARANG,BANYUMANIK,GEDAWANG,3374111002023,,,,
JAWA TENGAH,KOTA SEMARANG,BANYUMANIK,GEDAWANG,3374111002024,39.0,76.0,28.0,143.0
JAWA TENGAH,KOTA SEMARANG,BANYUMANIK,GEDAWANG,3374111002025,24.0,89.0,104.0,217.0
JAWA TENGAH,KOTA SEMARANG,BANYUMANIK,GEDAWANG,3374111002026,40.0,86.0,77.0,203.0
JAWA TENGAH,KOTA SEMARANG,BANYUMANIK,GEDAWANG,3374111002027,,,,
JAWA TENGAH,KOTA SEMARANG,BANYUMANIK,GEDAWANG,3374111002028,57.0,107.0,60.0,224.0
JAWA TENGAH,KOTA SEMARANG,BANYUMANIK,GEDAWANG,3374111002029,,,,
JAWA TENGAH,KOTA SEMARANG,BANYUMANIK,GEDAWANG,3374111002030,40.0,103.0,47.0,190.0
JAWA TENGAH,KOTA SEMARANG,BANYUMANIK,JABUNGAN,3374111003001,,,,
JAWA TENGAH,KOTA SEMARANG,BANYUMANIK,JABUNGAN,3374111003002,52.0,132.0,72.0,256.0
JAWA TENGAH,KOTA SEMARANG,BANYUMANIK,JABUNGAN,3374111003003,38.0,129.0,86.0,253.0
JAWA TENGAH,KOTA SEMARANG,BANYUMANIK,JABUNGAN,3374111003004,44.0,136.0,38.0,218.0
JAWA TENGAH,KOTA SEMARANG,BANYUMANIK,JABUNGAN,3374111003005,24.0,105.0,72.0,201.0
JAWA TENGAH,KOTA SEMARANG,BANYUMANIK,JABUNGAN,3374111003006,14.0,86.0,49.0,149.0
JAWA TENGAH,KOTA SEMARANG,BANYUMANIK,JABUNGAN,3374111003007,138.0,5.0,143.0,286.0
JAWA TENGAH,KOTA SEMARANG,BANYUMANIK,JABUNGAN,3374111003008,16.0,114.0,130.0,260.0
JAWA TENGAH,KOTA SEMARANG,BANYUMANIK,JABUNGAN,3374111003009,12.0,99.0,87.0,198.0
JAWA TENGAH,KOTA SEMARANG,BANYUMANIK,JABUNGAN,3374111003010,,,,
JAWA TENGAH,KOTA SEMARANG,BANYUMANIK,JABUNGAN,3374111003011,25.0,78.0,41.0,144.0
JAWA TENGAH,KOTA SEMARANG,BANYUMANIK,JABUNGAN,3374111003012,36.0,72.0,36.0,144.0
JAWA TENGAH,KOTA SEMARANG,BANYUMANIK,JABUNGAN,3374111003013,38.0,73.0,66.0,177.0
JAWA TENGAH,KOTA SEMARANG,BANYUMANIK,JABUNGAN,3374111003014,,,,
JAWA TENGAH,KOTA SEMARANG,BANYUMANIK,NGESREP,3374111008001,20.0,72.0,72.0,164.0
JAWA TENGAH,KOTA SEMARANG,BANYUMANIK,NGESREP,3374111008002,30.0,119.0,73.0,222.0
JAWA TENGAH,KOTA SEMARANG,BANYUMANIK,NGESREP,3374111008003,19.0,114.0,85.0,218.0
JAWA TENGAH,KOTA SEMARANG,BANYUMANIK,NGESREP,3374111008004,28.0,106.0,93.0,227.0
JAWA TENGAH,KOTA SEMARANG,BANYUMANIK,NGESREP,3374111008005,,,,
JAWA TENGAH,KOTA SEMARANG,BANYUMANIK,NGESREP,3374111008006,,,,
JAWA TENGAH,KOTA SEMARANG,BANYUMANIK,NGESREP,3374111008007,39.0,87.0,81.0,207.0
JAWA TENGAH,KOTA SEMARANG,BANYUMANIK,NGESREP,3374111008008,22.0,129.0,87.0,238.0
JAWA TENGAH,KOTA SEMARANG,BANYUMANIK,NGESREP,3374111008009,,,,
JAWA TENGAH,KOTA SEMARANG,BANYUMANIK,NGESREP,3374111008010,46.0,89.0,82.0,217.0
JAWA TENGAH,KOTA SEMARANG,BANYUMANIK,NGESREP,3374111008011,33.0,88.0,87.0,208.0
JAWA TENGAH,KOTA SEMARANG,BANYUMANIK,NGESREP,3374111008012,25.0,100.0,99.0,224.0
JAWA TENGAH,KOTA SEMARANG,BANYUMANIK,NGESREP,3374111008013,,,,
JAWA TENGAH,KOTA SEMARANG,BANYUMANIK,NGESREP,3374111008014,25.0,109.0,93.0,227.0
JAWA TENGAH,KOTA SEMARANG,BANYUMANIK,NGESREP,3374111008015,28.0,119.0,87.0,234.0
JAWA TENGAH,KOTA SEMARANG,BANYUMANIK,NGESREP,3374111008016,33.0,102.0,92.0,227.0
JAWA TENGAH,KOTA SEMARANG,BANYUMANIK,NGESREP,3374111008017,28.0,70.0,72.0,170.0
JAWA TENGAH,KOTA SEMARANG,BANYUMANIK,NGESREP,3374111008018,,,,
JAWA TENGAH,KOTA SEMARANG,BANYUMANIK,NGESREP,3374111008019,17.0,134.0,65.0,216.0
JAWA TENGAH,KOTA SEMARANG,BANYUMANIK,NGESREP,3374111008020,,,,
JAWA TENGAH,KOTA SEMARANG,BANYUMANIK,NGESREP,3374111008021,,,,
JAWA TENGAH,KOTA SEMARANG,BANYUMANIK,NGESREP,3374111008022,28.0,117.0,85.0,230.0
JAWA TENGAH,KOTA SEMARANG,BANYUMANIK,NGESREP,3374111008023,27.0,85.0,100.0,212.0
JAWA TENGAH,KOTA SEMARANG,BANYUMANIK,NGESREP,3374111008024,,,,
JAWA TENGAH,KOTA SEMARANG,BANYUMANIK,NGESREP,3374111008025,58.0,89.0,70.0,217.0
JAWA TENGAH,KOTA SEMARANG,BANYUMANIK,NGESREP,3374111008026,66.0,88.0,73.0,227.0
JAWA TENGAH,KOTA SEMARANG,BANYUMANIK,NGESREP,3374111008027,,,,
JAWA TENGAH,KOTA SEMARANG,BANYUMANIK,NGESREP,3374111008028,,,,
JAWA TENGAH,KOTA SEMARANG,BANYUMANIK,NGESREP,3374111008029,,,,
JAWA TENGAH,KOTA SEMARANG,BANYUMANIK,NGESREP,3374111008030,44.0,103.0,78.0,225.0
JAWA TENGAH,KOTA SEMARANG,BANYUMANIK,NGESREP,3374111008031,14.0,104.0,115.0,233.0
JAWA TENGAH,KOTA SEMARANG,BANYUMANIK,NGESREP,3374111008032,26.0,93.0,73.0,192.0
JAWA TENGAH,KOTA SEMARANG,BANYUMANIK,NGESREP,3374111008033,43.0,101.0,77.0,221.0
JAWA TENGAH,KOTA SEMARANG,BANYUMANIK,NGESREP,3374111008034,33.0,104.0,93.0,230.0
JAWA TENGAH,KOTA SEMARANG,BANYUMANIK,NGESREP,3374111008035,26.0,116.0,45.0,187.0
JAWA TENGAH,KOTA SEMARANG,BANYUMANIK,NGESREP,3374111008036,,,,
JAWA TENGAH,KOTA SEMARANG,BANYUMANIK,NGESREP,3374111008037,,,,
JAWA TENGAH,KOTA SEMARANG,BANYUMANIK,NGESREP,3374111008038,,,,
JAWA TENGAH,KOTA SEMARANG,BANYUMANIK,NGESREP,3374111008039,16.0,97.0,113.0,226.0
JAWA TENGAH,KOTA SEMARANG,BANYUMANIK,PADANGSARI,3374111010001,60.0,116.0,62.0,238.0
JAWA TENGAH,KOTA SEMARANG,BANYUMANIK,PADANGSARI,3374111010002,,,,
JAWA TENGAH,KOTA SEMARANG,BANYUMANIK,PADANGSARI,3374111010003,,,,
JAWA TENGAH,KOTA SEMARANG,BANYUMANIK,PADANGSARI,3374111010004,89.0,109.0,72.0,270.0
JAWA TENGAH,KOTA SEMARANG,BANYUMANIK,PADANGSARI,3374111010005,,,,
JAWA TENGAH,KOTA SEMARANG,BANYUMANIK,PADANGSARI,3374111010006,,,,
JAWA TENGAH,KOTA SEMARANG,BANYUMANIK,PADANGSARI,3374111010007,,,,
JAWA TENGAH,KOTA SEMARANG,BANYUMANIK,PADANGSARI,3374111010008,13.0,112.0,77.0,202.0
JAWA TENGAH,KOTA SEMARANG,BANYUMANIK,PADANGSARI,3374111010009,,,,
JAWA TENGAH,KOTA SEMARANG,BANYUMANIK,PADANGSARI,3374111010010,76.0,101.0,74.0,251.0
JAWA TENGAH,KOTA SEMARANG,BANYUMANIK,PADANGSARI,3374111010011,58.0,122.0,53.0,233.0
JAWA TENGAH,KOTA SEMARANG,BANYUMANIK,PADANGSARI,3374111010012,49.0,113.0,88.0,250.0
JAWA TENGAH,KOTA SEMARANG,BANYUMANIK,PADANGSARI,3374111010013,,,,
JAWA TENGAH,KOTA SEMARANG,BANYUMANIK,PADANGSARI,3374111010014,70.0,96.0,74.0,240.0
JAWA TENGAH,KOTA SEMARANG,BANYUMANIK,PADANGSARI,3374111010015,56.0,91.0,70.0,217.0
JAWA TENGAH,KOTA SEMARANG,BANYUMANIK,PADANGSARI,3374111010016,,,,
JAWA TENGAH,KOTA SEMARANG,BANYUMANIK,PADANGSARI,3374111010017,46.0,73.0,73.0,192.0
JAWA TENGAH,KOTA SEMARANG,BANYUMANIK,PADANGSARI,3374111010018,,,,
JAWA TENGAH,KOTA SEMARANG,BANYUMANIK,PADANGSARI,3374111010019,,,,
JAWA TENGAH,KOTA SEMARANG,BANYUMANIK,PADANGSARI,3374111010020,50.0,106.0,82.0,238.0
JAWA TENGAH,KOTA SEMARANG,BANYUMANIK,PADANGSARI,3374111010021,47.0,95.0,79.0,221.0
JAWA TENGAH,KOTA SEMARANG,BANYUMANIK,PADANGSARI,3374111010022,,,,
JAWA TENGAH,KOTA SEMARANG,BANYUMANIK,PADANGSARI,3374111010023,,,,
JAWA TENGAH,KOTA SEMARANG,BANYUMANIK,PADANGSARI,3374111010024,,,,
JAWA TENGAH,KOTA SEMARANG,BANYUMANIK,PADANGSARI,3374111010025,59.0,89.0,88.0,236.0
JAWA TENGAH,KOTA SEMARANG,BANYUMANIK,PADANGSARI,3374111010026,43.0,122.0,59.0,224.0
JAWA TENGAH,KOTA SEMARANG,BANYUMANIK,PADANGSARI,3374111010027,39.0,93.0,99.0,231.0
JAWA TENGAH,KOTA SEMARANG,BANYUMANIK,PADANGSARI,3374111010028,50.0,118.0,75.0,243.0
JAWA TENGAH,KOTA SEMARANG,BANYUMANIK,PADANGSARI,3374111010029,37.0,114.0,87.0,238.0
JAWA TENGAH,KOTA SEMARANG,BANYUMANIK,PADANGSARI,3374111010030,,,,
JAWA TENGAH,KOTA SEMARANG,BANYUMANIK,PADANGSARI,3374111010031,,,,
JAWA TENGAH,KOTA SEMARANG,BANYUMANIK,PADANGSARI,3374111010032,85.0,89.0,72.0,246.0
JAWA TENGAH,KOTA SEMARANG,BANYUMANIK,PADANGSARI,3374111010033,65.0,96.0,83.0,244.0
JAWA TENGAH,KOTA SEMARANG,BANYUMANIK,PEDALANGAN,3374111004001,47.0,92.0,72.0,211.0
JAWA TENGAH,KOTA SEMARANG,BANYUMANIK,PEDALANGAN,3374111004002,,,,
JAWA TENGAH,KOTA SEMARANG,BANYUMANIK,PEDALANGAN,3374111004003,,,,
JAWA TENGAH,KOTA SEMARANG,BANYUMANIK,PEDALANGAN,3374111004004,,,,
JAWA TENGAH,KOTA SEMARANG,BANYUMANIK,PEDALANGAN,3374111004005,65.0,112.0,76.0,253.0
JAWA TENGAH,KOTA SEMARANG,BANYUMANIK,PEDALANGAN,3374111004006,58.0,118.0,63.0,239.0
JAWA TENGAH,KOTA SEMARANG,BANYUMANIK,PEDALANGAN,3374111004007,,,,
JAWA TENGAH,KOTA SEMARANG,BANYUMANIK,PEDALANGAN,3374111004008,,,,
JAWA TENGAH,KOTA SEMARANG,BANYUMANIK,PEDALANGAN,3374111004009,37.0,114.0,98.0,249.0
JAWA TENGAH,KOTA SEMARANG,BANYUMANIK,PEDALANGAN,3374111004010,53.0,111.0,61.0,225.0
JAWA TENGAH,KOTA SEMARANG,BANYUMANIK,PEDALANGAN,3374111004011,,,,
JAWA TENGAH,KOTA SEMARANG,BANYUMANIK,PEDALANGAN,3374111004012,,,,
JAWA TENGAH,KOTA SEMARANG,BANYUMANIK,PEDALANGAN,3374111004013,,,,
JAWA TENGAH,KOTA SEMARANG,BANYUMANIK,PEDALANGAN,3374111004014,,,,
JAWA TENGAH,KOTA SEMARANG,BANYUMANIK,PEDALANGAN,3374111004015,,,,
JAWA TENGAH,KOTA SEMARANG,BANYUMANIK,PEDALANGAN,3374111004016,,,,
JAWA TENGAH,KOTA SEMARANG,BANYUMANIK,PEDALANGAN,3374111004017,,,,
JAWA TENGAH,KOTA SEMARANG,BANYUMANIK,PEDALANGAN,3374111004018,,,,
JAWA TENGAH,KOTA SEMARANG,BANYUMANIK,PEDALANGAN,3374111004019,,,,
JAWA TENGAH,KOTA SEMARANG,BANYUMANIK,PEDALANGAN,3374111004020,,,,
JAWA TENGAH,KOTA SEMARANG,BANYUMANIK,PEDALANGAN,3374111004021,,,,
JAWA TENGAH,KOTA SEMARANG,BANYUMANIK,PEDALANGAN,3374111004022,,,,
JAWA TENGAH,KOTA SEMARANG,BANYUMANIK,PEDALANGAN,3374111004023,,,,
JAWA TENGAH,KOTA SEMARANG,BANYUMANIK,PEDALANGAN,3374111004024,,,,
JAWA TENGAH,KOTA SEMARANG,BANYUMANIK,PEDALANGAN,3374111004025,,,,
JAWA TENGAH,KOTA SEMARANG,BANYUMANIK,PEDALANGAN,3374111004026,,,,
JAWA TENGAH,KOTA SEMARANG,BANYUMANIK,PEDALANGAN,3374111004027,,,,
JAWA TENGAH,KOTA SEMARANG,BANYUMANIK,PEDALANGAN,3374111004028,35.0,78.0,73.0,186.0
JAWA TENGAH,KOTA SEMARANG,BANYUMANIK,PEDALANGAN,3374111004029,,,,
JAWA TENGAH,KOTA SEMARANG,BANYUMANIK,PEDALANGAN,3374111004030,,,,
JAWA TENGAH,KOTA SEMARANG,BANYUMANIK,PEDALANGAN,3374111004031,87.0,104.0,54.0,245.0
JAWA TENGAH,KOTA SEMARANG,BANYUMANIK,PEDALANGAN,3374111004032,,,,
JAWA TENGAH,KOTA SEMARANG,BANYUMANIK,PEDALANGAN,3374111004033,,,,
JAWA TENGAH,KOTA SEMARANG,BANYUMANIK,PEDALANGAN,3374111004034,,,,
JAWA TENGAH,KOTA SEMARANG,BANYUMANIK,PUDAKPAYUNG,3374111001001,,,,
JAWA TENGAH,KOTA SEMARANG,BANYUMANIK,PUDAKPAYUNG,3374111001002,34.0,123.0,100.0,257.0
JAWA TENGAH,KOTA SEMARANG,BANYUMANIK,PUDAKPAYUNG,3374111001003,51.0,91.0,102.0,244.0
JAWA TENGAH,KOTA SEMARANG,BANYUMANIK,PUDAKPAYUNG,3374111001004,,,,
JAWA TENGAH,KOTA SEMARANG,BANYUMANIK,PUDAKPAYUNG,3374111001005,,,,
JAWA TENGAH,KOTA SEMARANG,BANYUMANIK,PUDAKPAYUNG,3374111001006,,,,
JAWA TENGAH,KOTA SEMARANG,BANYUMANIK,PUDAKPAYUNG,3374111001007,,,,
JAWA TENGAH,KOTA SEMARANG,BANYUMANIK,PUDAKPAYUNG,3374111001008,27.0,68.0,45.0,140.0
JAWA TENGAH,KOTA SEMARANG,BANYUMANIK,PUDAKPAYUNG,3374111001009,23.0,114.0,125.0,262.0
JAWA TENGAH,KOTA SEMARANG,BANYUMANIK,PUDAKPAYUNG,3374111001010,,,,
JAWA TENGAH,KOTA SEMARANG,BANYUMANIK,PUDAKPAYUNG,3374111001011,,,,
JAWA TENGAH,KOTA SEMARANG,BANYUMANIK,PUDAKPAYUNG,3374111001012,15.0,104.0,131.0,250.0
JAWA TENGAH,KOTA SEMARANG,BANYUMANIK,PUDAKPAYUNG,3374111001013,42.0,79.0,70.0,191.0
JAWA TENGAH,KOTA SEMARANG,BANYUMANIK,PUDAKPAYUNG,3374111001014,24.0,108.0,110.0,242.0
JAWA TENGAH,KOTA SEMARANG,BANYUMANIK,PUDAKPAYUNG,3374111001015,,,,
JAWA TENGAH,KOTA SEMARANG,BANYUMANIK,PUDAKPAYUNG,3374111001016,,,,
JAWA TENGAH,KOTA SEMARANG,BANYUMANIK,PUDAKPAYUNG,3374111001017,44.0,109.0,113.0,266.0
JAWA TENGAH,KOTA SEMARANG,BANYUMANIK,PUDAKPAYUNG,3374111001018,,,,
JAWA TENGAH,KOTA SEMARANG,BANYUMANIK,PUDAKPAYUNG,3374111001019,14.0,100.0,87.0,201.0
JAWA TENGAH,KOTA SEMARANG,BANYUMANIK,PUDAKPAYUNG,3374111001020,,,,
JAWA TENGAH,KOTA SEMARANG,BANYUMANIK,PUDAKPAYUNG,3374111001021,25.0,95.0,95.0,215.0
JAWA TENGAH,KOTA SEMARANG,BANYUMANIK,PUDAKPAYUNG,3374111001022,,,,
JAWA TENGAH,KOTA SEMARANG,BANYUMANIK,PUDAKPAYUNG,3374111001023,15.0,112.0,83.0,210.0
JAWA TENGAH,KOTA SEMARANG,BANYUMANIK,PUDAKPAYUNG,3374111001024,30.0,100.0,106.0,236.0
JAWA TENGAH,KOTA SEMARANG,BANYUMANIK,PUDAKPAYUNG,3374111001025,,,,
JAWA TENGAH,KOTA SEMARANG,BANYUMANIK,PUDAKPAYUNG,3374111001026,,,,
JAWA TENGAH,KOTA SEMARANG,BANYUMANIK,PUDAKPAYUNG,3374111001027,52.0,102.0,71.0,225.0
JAWA TENGAH,KOTA SEMARANG,BANYUMANIK,PUDAKPAYUNG,3374111001028,40.0,101.0,100.0,241.0
JAWA TENGAH,KOTA SEMARANG,BANYUMANIK,PUDAKPAYUNG,3374111001029,19.0,84.0,78.0,181.0
JAWA TENGAH,KOTA SEMARANG,BANYUMANIK,PUDAKPAYUNG,3374111001030,,,,
JAWA TENGAH,KOTA SEMARANG,BANYUMANIK,PUDAKPAYUNG,3374111001031,,,,
JAWA TENGAH,KOTA SEMARANG,BANYUMANIK,PUDAKPAYUNG,3374111001032,,,,
JAWA TENGAH,KOTA SEMARANG,BANYUMANIK,PUDAKPAYUNG,3374111001033,49.0,135.0,51.0,235.0
JAWA TENGAH,KOTA SEMARANG,BANYUMANIK,PUDAKPAYUNG,3374111001034,65.0,97.0,80.0,242.0
JAWA TENGAH,KOTA SEMARANG,BANYUMANIK,PUDAKPAYUNG,3374111001035,44.0,68.0,65.0,177.0
JAWA TENGAH,KOTA SEMARANG,BANYUMANIK,PUDAKPAYUNG,3374111001036,,,,
JAWA TENGAH,KOTA SEMARANG,BANYUMANIK,PUDAKPAYUNG,3374111001037,,,,
JAWA TENGAH,KOTA SEMARANG,BANYUMANIK,PUDAKPAYUNG,3374111001038,30.0,118.0,92.0,240.0
JAWA TENGAH,KOTA SEMARANG,BANYUMANIK,PUDAKPAYUNG,3374111001039,,,,
JAWA TENGAH,KOTA SEMARANG,BANYUMANIK,PUDAKPAYUNG,3374111001040,43.0,117.0,96.0,256.0
JAWA TENGAH,KOTA SEMARANG,BANYUMANIK,PUDAKPAYUNG,3374111001041,,,,
JAWA TENGAH,KOTA SEMARANG,BANYUMANIK,PUDAKPAYUNG,3374111001042,,,,
JAWA TENGAH,KOTA SEMARANG,BANYUMANIK,PUDAKPAYUNG,3374111001043,18.0,91.0,49.0,158.0
JAWA TENGAH,KOTA SEMARANG,BANYUMANIK,PUDAKPAYUNG,3374111001044,14.0,81.0,68.0,163.0
JAWA TENGAH,KOTA SEMARANG,BANYUMANIK,PUDAKPAYUNG,3374111001045,33.0,138.0,7.0,178.0
JAWA TENGAH,KOTA SEMARANG,BANYUMANIK,PUDAKPAYUNG,3374111001046,35.0,146.0,8.0,189.0
JAWA TENGAH,KOTA SEMARANG,BANYUMANIK,PUDAKPAYUNG,3374111001047,,,,
JAWA TENGAH,KOTA SEMARANG,BANYUMANIK,PUDAKPAYUNG,3374111001048,40.0,82.0,69.0,191.0
JAWA TENGAH,KOTA SEMARANG,BANYUMANIK,PUDAKPAYUNG,3374111001049,45.0,64.0,69.0,178.0
JAWA TENGAH,KOTA SEMARANG,BANYUMANIK,PUDAKPAYUNG,3374111001050,34.0,84.0,56.0,174.0
JAWA TENGAH,KOTA SEMARANG,BANYUMANIK,PUDAKPAYUNG,3374111001051,66.0,115.0,54.0,235.0
JAWA TENGAH,KOTA SEMARANG,BANYUMANIK,PUDAKPAYUNG,3374111001052,,,,
JAWA TENGAH,KOTA SEMARANG,BANYUMANIK,PUDAKPAYUNG,3374111001053,,,,
JAWA TENGAH,KOTA SEMARANG,BANYUMANIK,PUDAKPAYUNG,3374111001054,67.0,110.0,92.0,269.0
JAWA TENGAH,KOTA SEMARANG,BANYUMANIK,PUDAKPAYUNG,3374111001055,46.0,100.0,86.0,232.0
JAWA TENGAH,KOTA SEMARANG,BANYUMANIK,PUDAKPAYUNG,3374111001056,,,,
JAWA TENGAH,KOTA SEMARANG,BANYUMANIK,PUDAKPAYUNG,3374111001057,,,,
JAWA TENGAH,KOTA SEMARANG,BANYUMANIK,PUDAKPAYUNG,3374111001058,39.0,88.0,70.0,197.0
JAWA TENGAH,KOTA SEMARANG,BANYUMANIK,PUDAKPAYUNG,3374111001059,,,,
JAWA TENGAH,KOTA SEMARANG,BANYUMANIK,PUDAKPAYUNG,3374111001060,,,,
JAWA TENGAH,KOTA SEMARANG,BANYUMANIK,PUDAKPAYUNG,3374111001061,,,,
JAWA TENGAH,KOTA SEMARANG,BANYUMANIK,PUDAKPAYUNG,3374111001062,51.0,146.0,74.0,271.0
JAWA TENGAH,KOTA SEMARANG,BANYUMANIK,PUDAKPAYUNG,3374111001063,33.0,112.0,76.0,221.0
JAWA TENGAH,KOTA SEMARANG,BANYUMANIK,PUDAKPAYUNG,3374111001064,,,,
JAWA TENGAH,KOTA SEMARANG,BANYUMANIK,PUDAKPAYUNG,3374111001065,,,,
JAWA TENGAH,KOTA SEMARANG,BANYUMANIK,PUDAKPAYUNG,3374111001066,,,,
JAWA TENGAH,KOTA SEMARANG,BANYUMANIK,SRONDOL KULON,3374111006001,40.0,156.0,24.0,220.0
JAWA TENGAH,KOTA SEMARANG,BANYUMANIK,SRONDOL KULON,3374111006002,,,,
JAWA TENGAH,KOTA SEMARANG,BANYUMANIK,SRONDOL KULON,3374111006003,16.0,100.0,89.0,205.0
JAWA TENGAH,KOTA SEMARANG,BANYUMANIK,SRONDOL KULON,3374111006004,23.0,106.0,85.0,214.0
JAWA TENGAH,KOTA SEMARANG,BANYUMANIK,SRONDOL KULON,3374111006005,20.0,115.0,67.0,202.0
JAWA TENGAH,KOTA SEMARANG,BANYUMANIK,SRONDOL KULON,3374111006006,,,,
JAWA TENGAH,KOTA SEMARANG,BANYUMANIK,SRONDOL KULON,3374111006007,29.0,92.0,106.0,227.0
JAWA TENGAH,KOTA SEMARANG,BANYUMANIK,SRONDOL KULON,3374111006008,29.0,113.0,104.0,246.0
JAWA TENGAH,KOTA SEMARANG,BANYUMANIK,SRONDOL KULON,3374111006009,,,,
JAWA TENGAH,KOTA SEMARANG,BANYUMANIK,SRONDOL KULON,3374111006010,43.0,124.0,106.0,273.0
JAWA TENGAH,KOTA SEMARANG,BANYUMANIK,SRONDOL KULON,3374111006011,43.0,94.0,109.0,246.0
JAWA TENGAH,KOTA SEMARANG,BANYUMANIK,SRONDOL KULON,3374111006012,,,,
JAWA TENGAH,KOTA SEMARANG,BANYUMANIK,SRONDOL KULON,3374111006013,41.0,117.0,79.0,237.0
JAWA TENGAH,KOTA SEMARANG,BANYUMANIK,SRONDOL KULON,3374111006014,33.0,138.0,78.0,249.0
JAWA TENGAH,KOTA SEMARANG,BANYUMANIK,SRONDOL KULON,3374111006015,48.0,104.0,60.0,212.0
JAWA TENGAH,KOTA SEMARANG,BANYUMANIK,SRONDOL KULON,3374111006016,11.0,165.0,5.0,181.0
JAWA TENGAH,KOTA SEMARANG,BANYUMANIK,SRONDOL KULON,3374111006017,72.0,86.0,64.0,222.0
JAWA TENGAH,KOTA SEMARANG,BANYUMANIK,SRONDOL KULON,3374111006018,32.0,100.0,81.0,213.0
JAWA TENGAH,KOTA SEMARANG,BANYUMANIK,SRONDOL KULON,3374111006019,38.0,89.0,64.0,191.0
JAWA TENGAH,KOTA SEMARANG,BANYUMANIK,SRONDOL KULON,3374111006020,47.0,88.0,64.0,199.0
JAWA TENGAH,KOTA SEMARANG,BANYUMANIK,SRONDOL KULON,3374111006021,30.0,80.0,78.0,188.0
JAWA TENGAH,KOTA SEMARANG,BANYUMANIK,SRONDOL KULON,3374111006022,18.0,118.0,96.0,232.0
JAWA TENGAH,KOTA SEMARANG,BANYUMANIK,SRONDOL KULON,3374111006023,,,,
JAWA TENGAH,KOTA SEMARANG,BANYUMANIK,SRONDOL KULON,3374111006024,18.0,122.0,98.0,238.0
JAWA TENGAH,KOTA SEMARANG,BANYUMANIK,SRONDOL KULON,3374111006025,,,,
JAWA TENGAH,KOTA SEMARANG,BANYUMANIK,SRONDOL KULON,3374111006026,37.0,90.0,118.0,245.0
JAWA TENGAH,KOTA SEMARANG,BANYUMANIK,SRONDOL KULON,3374111006027,29.0,79.0,110.0,218.0
JAWA TENGAH,KOTA SEMARANG,BANYUMANIK,SRONDOL KULON,3374111006028,,,,
JAWA TENGAH,KOTA SEMARANG,BANYUMANIK,SRONDOL KULON,3374111006029,59.0,84.0,93.0,236.0
JAWA TENGAH,KOTA SEMARANG,BANYUMANIK,SRONDOL KULON,3374111006030,,,,
JAWA TENGAH,KOTA SEMARANG,BANYUMANIK,SRONDOL KULON,3374111006031,49.0,112.0,62.0,223.0
JAWA TENGAH,KOTA SEMARANG,BANYUMANIK,SRONDOL KULON,3374111006032,56.0,82.0,97.0,235.0
JAWA TENGAH,KOTA SEMARANG,BANYUMANIK,SRONDOL KULON,3374111006033,23.0,118.0,97.0,238.0
JAWA TENGAH,KOTA SEMARANG,BANYUMANIK,SRONDOL KULON,3374111006034,20.0,111.0,90.0,221.0
JAWA TENGAH,KOTA SEMARANG,BANYUMANIK,SRONDOL WETAN,3374111007001,72.0,98.0,70.0,240.0
JAWA TENGAH,KOTA SEMARANG,BANYUMANIK,SRONDOL WETAN,3374111007002,47.0,101.0,94.0,242.0
JAWA TENGAH,KOTA SEMARANG,BANYUMANIK,SRONDOL WETAN,3374111007003,83.0,109.0,64.0,256.0
JAWA TENGAH,KOTA SEMARANG,BANYUMANIK,SRONDOL WETAN,3374111007004,72.0,91.0,80.0,243.0
JAWA TENGAH,KOTA SEMARANG,BANYUMANIK,SRONDOL WETAN,3374111007005,15.0,64.0,83.0,162.0
JAWA TENGAH,KOTA SEMARANG,BANYUMANIK,SRONDOL WETAN,3374111007006,69.0,138.0,53.0,260.0
JAWA TENGAH,KOTA SEMARANG,BANYUMANIK,SRONDOL WETAN,3374111007007,,,,
JAWA TENGAH,KOTA SEMARANG,BANYUMANIK,SRONDOL WETAN,3374111007008,,,,
JAWA TENGAH,KOTA SEMARANG,BANYUMANIK,SRONDOL WETAN,3374111007009,56.0,97.0,88.0,241.0
JAWA TENGAH,KOTA SEMARANG,BANYUMANIK,SRONDOL WETAN,3374111007010,49.0,108.0,74.0,231.0
JAWA TENGAH,KOTA SEMARANG,BANYUMANIK,SRONDOL WETAN,3374111007011,,,,
JAWA TENGAH,KOTA SEMARANG,BANYUMANIK,SRONDOL WETAN,3374111007012,,,,
JAWA TENGAH,KOTA SEMARANG,BANYUMANIK,SRONDOL WETAN,3374111007013,,,,
JAWA TENGAH,KOTA SEMARANG,BANYUMANIK,SRONDOL WETAN,3374111007014,41.0,106.0,102.0,249.0
JAWA TENGAH,KOTA SEMARANG,BANYUMANIK,SRONDOL WETAN,3374111007015,36.0,109.0,96.0,241.0
JAWA TENGAH,KOTA SEMARANG,BANYUMANIK,SRONDOL WETAN,3374111007016,20.0,127.0,107.0,254.0
JAWA TENGAH,KOTA SEMARANG,BANYUMANIK,SRONDOL WETAN,3374111007017,28.0,94.0,108.0,230.0
JAWA TENGAH,KOTA SEMARANG,BANYUMANIK,SRONDOL WETAN,3374111007018,13.0,136.0,78.0,227.0
JAWA TENGAH,KOTA SEMARANG,BANYUMANIK,SRONDOL WETAN,3374111007019,26.0,101.0,102.0,229.0
JAWA TENGAH,KOTA SEMARANG,BANYUMANIK,SRONDOL WETAN,3374111007020,35.0,100.0,82.0,217.0
JAWA TENGAH,KOTA SEMARANG,BANYUMANIK,SRONDOL WETAN,3374111007021,50.0,83.0,73.0,206.0
JAWA TENGAH,KOTA SEMARANG,BANYUMANIK,SRONDOL WETAN,3374111007022,,,,
JAWA TENGAH,KOTA SEMARANG,BANYUMANIK,SRONDOL WETAN,3374111007023,56.0,84.0,78.0,218.0
JAWA TENGAH,KOTA SEMARANG,BANYUMANIK,SRONDOL WETAN,3374111007024,,,,
JAWA TENGAH,KOTA SEMARANG,BANYUMANIK,SRONDOL WETAN,3374111007025,,,,
JAWA TENGAH,KOTA SEMARANG,BANYUMANIK,SRONDOL WETAN,3374111007026,76.0,94.0,79.0,249.0
JAWA TENGAH,KOTA SEMARANG,BANYUMANIK,SRONDOL WETAN,3374111007027,49.0,79.0,64.0,192.0
JAWA TENGAH,KOTA SEMARANG,BANYUMANIK,SRONDOL WETAN,3374111007028,52.0,90.0,86.0,228.0
JAWA TENGAH,KOTA SEMARANG,BANYUMANIK,SRONDOL WETAN,3374111007029,,,,
JAWA TENGAH,KOTA SEMARANG,BANYUMANIK,SRONDOL WETAN,3374111007030,37.0,109.0,71.0,217.0
JAWA TENGAH,KOTA SEMARANG,BANYUMANIK,SRONDOL WETAN,3374111007031,45.0,85.0,94.0,224.0
JAWA TENGAH,KOTA SEMARANG,BANYUMANIK,SRONDOL WETAN,3374111007032,46.0,83.0,68.0,197.0
JAWA TENGAH,KOTA SEMARANG,BANYUMANIK,SRONDOL WETAN,3374111007033,62.0,102.0,61.0,225.0
JAWA TENGAH,KOTA SEMARANG,BANYUMANIK,SRONDOL WETAN,3374111007034,60.0,87.0,56.0,203.0
JAWA TENGAH,KOTA SEMARANG,BANYUMANIK,SRONDOL WETAN,3374111007035,34.0,127.0,87.0,248.0
JAWA TENGAH,KOTA SEMARANG,BANYUMANIK,SRONDOL WETAN,3374111007036,52.0,116.0,55.0,223.0
JAWA TENGAH,KOTA SEMARANG,BANYUMANIK,SRONDOL WETAN,3374111007037,,,,
JAWA TENGAH,KOTA SEMARANG,BANYUMANIK,SRONDOL WETAN,3374111007038,,,,
JAWA TENGAH,KOTA SEMARANG,BANYUMANIK,SRONDOL WETAN,3374111007039,,,,
JAWA TENGAH,KOTA SEMARANG,BANYUMANIK,SRONDOL WETAN,3374111007040,59.0,94.0,68.0,221.0
JAWA TENGAH,KOTA SEMARANG,BANYUMANIK,SRONDOL WETAN,3374111007041,,,,
JAWA TENGAH,KOTA SEMARANG,BANYUMANIK,SRONDOL WETAN,3374111007042,,,,
JAWA TENGAH,KOTA SEMARANG,BANYUMANIK,SRONDOL WETAN,3374111007043,42.0,78.0,84.0,204.0
JAWA TENGAH,KOTA SEMARANG,BANYUMANIK,SRONDOL WETAN,3374111007044,,,,
JAWA TENGAH,KOTA SEMARANG,BANYUMANIK,SRONDOL WETAN,3374111007045,41.0,116.0,84.0,241.0
JAWA TENGAH,KOTA SEMARANG,BANYUMANIK,SRONDOL WETAN,3374111007046,,,,
JAWA TENGAH,KOTA SEMARANG,BANYUMANIK,SRONDOL WETAN,3374111007047,46.0,90.0,61.0,197.0
JAWA TENGAH,KOTA SEMARANG,BANYUMANIK,SRONDOL WETAN,3374111007048,37.0,71.0,58.0,166.0
JAWA TENGAH,KOTA SEMARANG,BANYUMANIK,SRONDOL WETAN,3374111007049,51.0,83.0,88.0,222.0
JAWA TENGAH,KOTA SEMARANG,BANYUMANIK,SRONDOL WETAN,3374111007050,58.0,91.0,64.0,213.0
JAWA TENGAH,KOTA SEMARANG,BANYUMANIK,SRONDOL WETAN,3374111007051,64.0,94.0,79.0,237.0
JAWA TENGAH,KOTA SEMARANG,BANYUMANIK,SRONDOL WETAN,3374111007052,64.0,71.0,65.0,200.0
JAWA TENGAH,KOTA SEMARANG,BANYUMANIK,SRONDOL WETAN,3374111007053,56.0,106.0,64.0,226.0
JAWA TENGAH,KOTA SEMARANG,BANYUMANIK,SRONDOL WETAN,3374111007054,45.0,114.0,77.0,236.0
JAWA TENGAH,KOTA SEMARANG,BANYUMANIK,SRONDOL WETAN,3374111007055,61.0,69.0,45.0,175.0
JAWA TENGAH,KOTA SEMARANG,BANYUMANIK,SRONDOL WETAN,3374111007056,,,,
JAWA TENGAH,KOTA SEMARANG,BANYUMANIK,SRONDOL WETAN,3374111007057,43.0,74.0,56.0,173.0
JAWA TENGAH,KOTA SEMARANG,BANYUMANIK,SRONDOL WETAN,3374111007058,,,,
JAWA TENGAH,KOTA SEMARANG,BANYUMANIK,SRONDOL WETAN,3374111007059,98.0,84.0,47.0,229.0
JAWA TENGAH,KOTA SEMARANG,BANYUMANIK,SUMURBOTO,3374111011001,32.0,109.0,95.0,236.0
JAWA TENGAH,KOTA SEMARANG,BANYUMANIK,SUMURBOTO,3374111011002,41.0,112.0,79.0,232.0
JAWA TENGAH,KOTA SEMARANG,BANYUMANIK,SUMURBOTO,3374111011003,,,,
JAWA TENGAH,KOTA SEMARANG,BANYUMANIK,SUMURBOTO,3374111011004,52.0,113.0,89.0,254.0
JAWA TENGAH,KOTA SEMARANG,BANYUMANIK,SUMURBOTO,3374111011005,38.0,111.0,130.0,279.0
JAWA TENGAH,KOTA SEMARANG,BANYUMANIK,SUMURBOTO,3374111011006,67.0,91.0,105.0,263.0
JAWA TENGAH,KOTA SEMARANG,BANYUMANIK,SUMURBOTO,3374111011007,39.0,112.0,96.0,247.0
JAWA TENGAH,KOTA SEMARANG,BANYUMANIK,SUMURBOTO,3374111011008,46.0,115.0,86.0,247.0
JAWA TENGAH,KOTA SEMARANG,BANYUMANIK,SUMURBOTO,3374111011009,41.0,124.0,103.0,268.0
JAWA TENGAH,KOTA SEMARANG,BANYUMANIK,SUMURBOTO,3374111011010,,,,
JAWA TENGAH,KOTA SEMARANG,BANYUMANIK,SUMURBOTO,3374111011011,52.0,101.0,85.0,238.0
JAWA TENGAH,KOTA SEMARANG,BANYUMANIK,SUMURBOTO,3374111011012,35.0,99.0,69.0,203.0
JAWA TENGAH,KOTA SEMARANG,BANYUMANIK,SUMURBOTO,3374111011013,35.0,99.0,88.0,222.0
JAWA TENGAH,KOTA SEMARANG,BANYUMANIK,SUMURBOTO,3374111011014,61.0,101.0,77.0,239.0
JAWA TENGAH,KOTA SEMARANG,BANYUMANIK,SUMURBOTO,3374111011015,,,,
JAWA TENGAH,KOTA SEMARANG,BANYUMANIK,SUMURBOTO,3374111011016,,,,
JAWA TENGAH,KOTA SEMARANG,BANYUMANIK,SUMURBOTO,3374111011017,,,,
JAWA TENGAH,KOTA SEMARANG,BANYUMANIK,SUMURBOTO,3374111011018,,,,
JAWA TENGAH,KOTA SEMARANG,BANYUMANIK,SUMURBOTO,3374111011019,38.0,76.0,69.0,183.0
JAWA TENGAH,KOTA SEMARANG,BANYUMANIK,SUMURBOTO,3374111011020,40.0,60.0,51.0,151.0
JAWA TENGAH,KOTA SEMARANG,BANYUMANIK,SUMURBOTO,3374111011021,22.0,97.0,108.0,227.0
JAWA TENGAH,KOTA SEMARANG,BANYUMANIK,SUMURBOTO,3374111011022,,,,
JAWA TENGAH,KOTA SEMARANG,BANYUMANIK,SUMURBOTO,3374111011023,42.0,72.0,109.0,223.0
JAWA TENGAH,KOTA SEMARANG,BANYUMANIK,SUMURBOTO,3374111011024,45.0,99.0,89.0,233.0
JAWA TENGAH,KOTA SEMARANG,BANYUMANIK,SUMURBOTO,3374111011025,,,,
JAWA TENGAH,KOTA SEMARANG,BANYUMANIK,SUMURBOTO,3374111011026,,,,
JAWA TENGAH,KOTA SEMARANG,BANYUMANIK,TINJOMOYO,3374111009001,20.0,123.0,110.0,253.0
JAWA TENGAH,KOTA SEMARANG,BANYUMANIK,TINJOMOYO,3374111009002,29.0,122.0,111.0,262.0
JAWA TENGAH,KOTA SEMARANG,BANYUMANIK,TINJOMOYO,3374111009003,,,,
JAWA TENGAH,KOTA SEMARANG,BANYUMANIK,TINJOMOYO,3374111009004,27.0,108.0,105.0,240.0
JAWA TENGAH,KOTA SEMARANG,BANYUMANIK,TINJOMOYO,3374111009005,34.0,100.0,97.0,231.0
JAWA TENGAH,KOTA SEMARANG,BANYUMANIK,TINJOMOYO,3374111009006,47.0,128.0,56.0,231.0
JAWA TENGAH,KOTA SEMARANG,BANYUMANIK,TINJOMOYO,3374111009007,28.0,120.0,96.0,244.0
JAWA TENGAH,KOTA SEMARANG,BANYUMANIK,TINJOMOYO,3374111009008,,,,
JAWA TENGAH,KOTA SEMARANG,BANYUMANIK,TINJOMOYO,3374111009009,18.0,98.0,94.0,210.0
JAWA TENGAH,KOTA SEMARANG,BANYUMANIK,TINJOMOYO,3374111009010,22.0,90.0,95.0,207.0
JAWA TENGAH,KOTA SEMARANG,BANYUMANIK,TINJOMOYO,3374111009011,,,,
JAWA TENGAH,KOTA SEMARANG,BANYUMANIK,TINJOMOYO,3374111009012,42.0,100.0,74.0,216.0
JAWA TENGAH,KOTA SEMARANG,BANYUMANIK,TINJOMOYO,3374111009013,,,,
JAWA TENGAH,KOTA SEMARANG,BANYUMANIK,TINJOMOYO,3374111009014,,,,
JAWA TENGAH,KOTA SEMARANG,BANYUMANIK,TINJOMOYO,3374111009015,,,,
JAWA TENGAH,KOTA SEMARANG,BANYUMANIK,TINJOMOYO,3374111009016,13.0,119.0,97.0,229.0
JAWA TENGAH,KOTA SEMARANG,BANYUMANIK,TINJOMOYO,3374111009017,13.0,86.0,90.0,189.0
JAWA TENGAH,KOTA SEMARANG,BANYUMANIK,TINJOMOYO,3374111009018,,,,
JAWA TENGAH,KOTA SEMARANG,BANYUMANIK,TINJOMOYO,3374111009019,36.0,95.0,90.0,221.0
JAWA TENGAH,KOTA SEMARANG,BANYUMANIK,TINJOMOYO,3374111009020,,,,
JAWA TENGAH,KOTA SEMARANG,BANYUMANIK,TINJOMOYO,3374111009021,,,,
JAWA TENGAH,KOTA SEMARANG,BANYUMANIK,TINJOMOYO,3374111009022,40.0,113.0,87.0,240.0
JAWA TENGAH,KOTA SEMARANG,BANYUMANIK,TINJOMOYO,3374111009023,,,,
JAWA TENGAH,KOTA SEMARANG,BANYUMANIK,TINJOMOYO,3374111009024,18.0,139.0,85.0,242.0
JAWA TENGAH,KOTA SEMARANG,BANYUMANIK,TINJOMOYO,3374111009025,,,,
JAWA TENGAH,KOTA SEMARANG,BANYUMANIK,TINJOMOYO,3374111009026,27.0,119.0,91.0,237.0
JAWA TENGAH,KOTA SEMARANG,CANDISARI,CANDI,3374081001001,,,,
JAWA TENGAH,KOTA SEMARANG,CANDISARI,CANDI,3374081001002,,,,
JAWA TENGAH,KOTA SEMARANG,CANDISARI,CANDI,3374081001003,8.0,103.0,96.0,207.0
JAWA TENGAH,KOTA SEMARANG,CANDISARI,CANDI,3374081001004,,,,
JAWA TENGAH,KOTA SEMARANG,CANDISARI,CANDI,3374081001005,,,,
JAWA TENGAH,KOTA SEMARANG,CANDISARI,CANDI,3374081001006,,,,
JAWA TENGAH,KOTA SEMARANG,CANDISARI,CANDI,3374081001007,,,,
JAWA TENGAH,KOTA SEMARANG,CANDISARI,CANDI,3374081001008,,,,
JAWA TENGAH,KOTA SEMARANG,CANDISARI,CANDI,3374081001009,,,,
JAWA TENGAH,KOTA SEMARANG,CANDISARI,CANDI,3374081001010,25.0,47.0,79.0,151.0
JAWA TENGAH,KOTA SEMARANG,CANDISARI,CANDI,3374081001011,,,,
JAWA TENGAH,KOTA SEMARANG,CANDISARI,CANDI,3374081001012,24.0,103.0,86.0,213.0
JAWA TENGAH,KOTA SEMARANG,CANDISARI,CANDI,3374081001013,27.0,94.0,78.0,199.0
JAWA TENGAH,KOTA SEMARANG,CANDISARI,CANDI,3374081001014,,,,
JAWA TENGAH,KOTA SEMARANG,CANDISARI,CANDI,3374081001015,,,,
JAWA TENGAH,KOTA SEMARANG,CANDISARI,CANDI,3374081001016,,,,
JAWA TENGAH,KOTA SEMARANG,CANDISARI,CANDI,3374081001017,,,,
JAWA TENGAH,KOTA SEMARANG,CANDISARI,CANDI,3374081001018,,,,
JAWA TENGAH,KOTA SEMARANG,CANDISARI,CANDI,3374081001019,,,,
JAWA TENGAH,KOTA SEMARANG,CANDISARI,CANDI,3374081001020,14.0,103.0,121.0,238.0
JAWA TENGAH,KOTA SEMARANG,CANDISARI,CANDI,3374081001021,30.0,116.0,101.0,247.0
JAWA TENGAH,KOTA SEMARANG,CANDISARI,CANDI,3374081001022,20.0,129.0,98.0,247.0
JAWA TENGAH,KOTA SEMARANG,CANDISARI,CANDI,3374081001023,17.0,108.0,124.0,249.0
JAWA TENGAH,KOTA SEMARANG,CANDISARI,CANDI,3374081001024,,,,
JAWA TENGAH,KOTA SEMARANG,CANDISARI,CANDI,3374081001025,,,,
JAWA TENGAH,KOTA SEMARANG,CANDISARI,CANDI,3374081001026,10.0,61.0,87.0,158.0
JAWA TENGAH,KOTA SEMARANG,CANDISARI,CANDI,3374081001027,28.0,110.0,91.0,229.0
JAWA TENGAH,KOTA SEMARANG,CANDISARI,CANDI,3374081001028,,,,
JAWA TENGAH,KOTA SEMARANG,CANDISARI,CANDI,3374081001029,15.0,141.0,88.0,244.0
JAWA TENGAH,KOTA SEMARANG,CANDISARI,CANDI,3374081001030,,,,
JAWA TENGAH,KOTA SEMARANG,CANDISARI,CANDI,3374081001031,28.0,126.0,91.0,245.0
JAWA TENGAH,KOTA SEMARANG,CANDISARI,JATINGALEH,3374081002001,25.0,75.0,126.0,226.0
JAWA TENGAH,KOTA SEMARANG,CANDISARI,JATINGALEH,3374081002002,41.0,54.0,59.0,154.0
JAWA TENGAH,KOTA SEMARANG,CANDISARI,JATINGALEH,3374081002003,,,,
JAWA TENGAH,KOTA SEMARANG,CANDISARI,JATINGALEH,3374081002004,36.0,79.0,124.0,239.0
JAWA TENGAH,KOTA SEMARANG,CANDISARI,JATINGALEH,3374081002005,37.0,123.0,72.0,232.0
JAWA TENGAH,KOTA SEMARANG,CANDISARI,JATINGALEH,3374081002006,,,,
JAWA TENGAH,KOTA SEMARANG,CANDISARI,JATINGALEH,3374081002007,31.0,108.0,81.0,220.0
JAWA TENGAH,KOTA SEMARANG,CANDISARI,JATINGALEH,3374081002008,35.0,112.0,94.0,241.0
JAWA TENGAH,KOTA SEMARANG,CANDISARI,JATINGALEH,3374081002009,34.0,108.0,87.0,229.0
JAWA TENGAH,KOTA SEMARANG,CANDISARI,JATINGALEH,3374081002010,17.0,99.0,116.0,232.0
JAWA TENGAH,KOTA SEMARANG,CANDISARI,JATINGALEH,3374081002011,8.0,115.0,106.0,229.0
JAWA TENGAH,KOTA SEMARANG,CANDISARI,JATINGALEH,3374081002012,27.0,112.0,72.0,211.0
JAWA TENGAH,KOTA SEMARANG,CANDISARI,JATINGALEH,3374081002013,,,,
JAWA TENGAH,KOTA SEMARANG,CANDISARI,JATINGALEH,3374081002014,40.0,163.0,26.0,229.0
JAWA TENGAH,KOTA SEMARANG,CANDISARI,JATINGALEH,3374081002015,45.0,148.0,28.0,221.0
JAWA TENGAH,KOTA SEMARANG,CANDISARI,JATINGALEH,3374081002016,15.0,137.0,9.0,161.0
JAWA TENGAH,KOTA SEMARANG,CANDISARI,JATINGALEH,3374081002017,21.0,111.0,102.0,234.0
JAWA TENGAH,KOTA SEMARANG,CANDISARI,JATINGALEH,3374081002018,37.0,121.0,68.0,226.0
JAWA TENGAH,KOTA SEMARANG,CANDISARI,JATINGALEH,3374081002019,10.0,136.0,81.0,227.0
JAWA TENGAH,KOTA SEMARANG,CANDISARI,JATINGALEH,3374081002020,15.0,101.0,98.0,214.0
JAWA TENGAH,KOTA SEMARANG,CANDISARI,JATINGALEH,3374081002021,50.0,120.0,56.0,226.0
JAWA TENGAH,KOTA SEMARANG,CANDISARI,JATINGALEH,3374081002022,47.0,147.0,47.0,241.0
JAWA TENGAH,KOTA SEMARANG,CANDISARI,JATINGALEH,3374081002023,54.0,129.0,27.0,210.0
JAWA TENGAH,KOTA SEMARANG,CANDISARI,JATINGALEH,3374081002024,,,,
JAWA TENGAH,KOTA SEMARANG,CANDISARI,JATINGALEH,3374081002025,,,,
JAWA TENGAH,KOTA SEMARANG,CANDISARI,JATINGALEH,3374081002026,47.0,95.0,87.0,229.0
JAWA TENGAH,KOTA SEMARANG,CANDISARI,JATINGALEH,3374081002027,13.0,103.0,89.0,205.0
JAWA TENGAH,KOTA SEMARANG,CANDISARI,JATINGALEH,3374081002028,,,,
JAWA TENGAH,KOTA SEMARANG,CANDISARI,JATINGALEH,3374081002029,29.0,95.0,107.0,231.0
JAWA TENGAH,KOTA SEMARANG,CANDISARI,JATINGALEH,3374081002030,23.0,141.0,28.0,192.0
JAWA TENGAH,KOTA SEMARANG,CANDISARI,JOMBLANG,3374081004001,43.0,93.0,80.0,216.0
JAWA TENGAH,KOTA SEMARANG,CANDISARI,JOMBLANG,3374081004002,21.0,102.0,113.0,236.0
JAWA TENGAH,KOTA SEMARANG,CANDISARI,JOMBLANG,3374081004003,17.0,87.0,114.0,218.0
JAWA TENGAH,KOTA SEMARANG,CANDISARI,JOMBLANG,3374081004004,26.0,101.0,119.0,246.0
JAWA TENGAH,KOTA SEMARANG,CANDISARI,JOMBLANG,3374081004005,27.0,112.0,105.0,244.0
JAWA TENGAH,KOTA SEMARANG,CANDISARI,JOMBLANG,3374081004006,32.0,122.0,94.0,248.0
JAWA TENGAH,KOTA SEMARANG,CANDISARI,JOMBLANG,3374081004007,23.0,115.0,104.0,242.0
JAWA TENGAH,KOTA SEMARANG,CANDISARI,JOMBLANG,3374081004008,16.0,114.0,74.0,204.0
JAWA TENGAH,KOTA SEMARANG,CANDISARI,JOMBLANG,3374081004009,9.0,120.0,91.0,220.0
JAWA TENGAH,KOTA SEMARANG,CANDISARI,JOMBLANG,3374081004010,58.0,99.0,71.0,228.0
JAWA TENGAH,KOTA SEMARANG,CANDISARI,JOMBLANG,3374081004011,29.0,108.0,96.0,233.0
JAWA TENGAH,KOTA SEMARANG,CANDISARI,JOMBLANG,3374081004012,,,,
JAWA TENGAH,KOTA SEMARANG,CANDISARI,JOMBLANG,3374081004013,35.0,68.0,122.0,225.0
JAWA TENGAH,KOTA SEMARANG,CANDISARI,JOMBLANG,3374081004014,61.0,93.0,96.0,250.0
JAWA TENGAH,KOTA SEMARANG,CANDISARI,JOMBLANG,3374081004015,33.0,85.0,106.0,224.0
JAWA TENGAH,KOTA SEMARANG,CANDISARI,JOMBLANG,3374081004016,26.0,106.0,87.0,219.0
JAWA TENGAH,KOTA SEMARANG,CANDISARI,JOMBLANG,3374081004017,,,,
JAWA TENGAH,KOTA SEMARANG,CANDISARI,JOMBLANG,3374081004018,,,,
JAWA TENGAH,KOTA SEMARANG,CANDISARI,JOMBLANG,3374081004019,,,,
JAWA TENGAH,KOTA SEMARANG,CANDISARI,JOMBLANG,3374081004020,12.0,94.0,135.0,241.0
JAWA TENGAH,KOTA SEMARANG,CANDISARI,JOMBLANG,3374081004021,26.0,74.0,57.0,157.0
JAWA TENGAH,KOTA SEMARANG,CANDISARI,JOMBLANG,3374081004022,27.0,99.0,105.0,231.0
JAWA TENGAH,KOTA SEMARANG,CANDISARI,JOMBLANG,3374081004023,,,,
JAWA TENGAH,KOTA SEMARANG,CANDISARI,JOMBLANG,3374081004024,18.0,72.0,92.0,182.0
JAWA TENGAH,KOTA SEMARANG,CANDISARI,JOMBLANG,3374081004025,21.0,123.0,88.0,232.0
JAWA TENGAH,KOTA SEMARANG,CANDISARI,JOMBLANG,3374081004026,23.0,87.0,51.0,161.0
JAWA TENGAH,KOTA SEMARANG,CANDISARI,JOMBLANG,3374081004027,12.0,125.0,93.0,230.0
JAWA TENGAH,KOTA SEMARANG,CANDISARI,JOMBLANG,3374081004028,,,,
JAWA TENGAH,KOTA SEMARANG,CANDISARI,JOMBLANG,3374081004029,10.0,110.0,106.0,226.0
JAWA TENGAH,KOTA SEMARANG,CANDISARI,JOMBLANG,3374081004030,,,,
JAWA TENGAH,KOTA SEMARANG,CANDISARI,JOMBLANG,3374081004031,20.0,81.0,114.0,215.0
JAWA TENGAH,KOTA SEMARANG,CANDISARI,JOMBLANG,3374081004032,13.0,98.0,71.0,182.0
JAWA TENGAH,KOTA SEMARANG,CANDISARI,JOMBLANG,3374081004033,14.0,98.0,100.0,212.0
JAWA TENGAH,KOTA SEMARANG,CANDISARI,JOMBLANG,3374081004034,9.0,115.0,85.0,209.0
JAWA TENGAH,KOTA SEMARANG,CANDISARI,JOMBLANG,3374081004035,,,,
JAWA TENGAH,KOTA SEMARANG,CANDISARI,JOMBLANG,3374081004036,,,,
JAWA TENGAH,KOTA SEMARANG,CANDISARI,JOMBLANG,3374081004037,,,,
JAWA TENGAH,KOTA SEMARANG,CANDISARI,JOMBLANG,3374081004038,8.0,76.0,93.0,177.0
JAWA TENGAH,KOTA SEMARANG,CANDISARI,JOMBLANG,3374081004039,6.0,96.0,130.0,232.0
JAWA TENGAH,KOTA SEMARANG,CANDISARI,JOMBLANG,3374081004040,28.0,129.0,95.0,252.0
JAWA TENGAH,KOTA SEMARANG,CANDISARI,JOMBLANG,3374081004041,14.0,106.0,122.0,242.0
JAWA TENGAH,KOTA SEMARANG,CANDISARI,JOMBLANG,3374081004042,17.0,115.0,104.0,236.0
JAWA TENGAH,KOTA SEMARANG,CANDISARI,JOMBLANG,3374081004043,13.0,104.0,105.0,222.0
JAWA TENGAH,KOTA SEMARANG,CANDISARI,JOMBLANG,3374081004044,25.0,111.0,104.0,240.0
JAWA TENGAH,KOTA SEMARANG,CANDISARI,JOMBLANG,3374081004045,13.0,112.0,121.0,246.0
JAWA TENGAH,KOTA SEMARANG,CANDISARI,JOMBLANG,3374081004046,,,,
JAWA TENGAH,KOTA SEMARANG,CANDISARI,JOMBLANG,3374081004047,,,,
JAWA TENGAH,KOTA SEMARANG,CANDISARI,JOMBLANG,3374081004048,29.0,68.0,69.0,166.0
JAWA TENGAH,KOTA SEMARANG,CANDISARI,JOMBLANG,3374081004049,12.0,50.0,102.0,164.0
JAWA TENGAH,KOTA SEMARANG,CANDISARI,JOMBLANG,3374081004050,38.0,135.0,80.0,253.0
JAWA TENGAH,KOTA SEMARANG,CANDISARI,JOMBLANG,3374081004051,38.0,102.0,108.0,248.0
JAWA TENGAH,KOTA SEMARANG,CANDISARI,JOMBLANG,3374081004052,,,,
JAWA TENGAH,KOTA SEMARANG,CANDISARI,JOMBLANG,3374081004053,28.0,84.0,61.0,173.0
JAWA TENGAH,KOTA SEMARANG,CANDISARI,JOMBLANG,3374081004054,24.0,159.0,37.0,220.0
JAWA TENGAH,KOTA SEMARANG,CANDISARI,JOMBLANG,3374081004055,41.0,159.0,27.0,227.0
JAWA TENGAH,KOTA SEMARANG,CANDISARI,KALIWIRU,3374081003001,,,,
JAWA TENGAH,KOTA SEMARANG,CANDISARI,KALIWIRU,3374081003002,22.0,116.0,85.0,223.0
JAWA TENGAH,KOTA SEMARANG,CANDISARI,KALIWIRU,3374081003003,20.0,73.0,95.0,188.0
JAWA TENGAH,KOTA SEMARANG,CANDISARI,KALIWIRU,3374081003004,17.0,82.0,119.0,218.0
JAWA TENGAH,KOTA SEMARANG,CANDISARI,KALIWIRU,3374081003005,23.0,75.0,107.0,205.0
JAWA TENGAH,KOTA SEMARANG,CANDISARI,KALIWIRU,3374081003006,,,,
JAWA TENGAH,KOTA SEMARANG,CANDISARI,KALIWIRU,3374081003007,,,,
JAWA TENGAH,KOTA SEMARANG,CANDISARI,KALIWIRU,3374081003008,26.0,94.0,56.0,176.0
JAWA TENGAH,KOTA SEMARANG,CANDISARI,KALIWIRU,3374081003009,15.0,111.0,95.0,221.0
JAWA TENGAH,KOTA SEMARANG,CANDISARI,KARANGANYAR GUNUNG,3374081005001,5.0,138.0,105.0,248.0
JAWA TENGAH,KOTA SEMARANG,CANDISARI,KARANGANYAR GUNUNG,3374081005002,17.0,101.0,105.0,223.0
JAWA TENGAH,KOTA SEMARANG,CANDISARI,KARANGANYAR GUNUNG,3374081005003,15.0,79.0,132.0,226.0
JAWA TENGAH,KOTA SEMARANG,CANDISARI,KARANGANYAR GUNUNG,3374081005004,23.0,88.0,93.0,204.0
JAWA TENGAH,KOTA SEMARANG,CANDISARI,KARANGANYAR GUNUNG,3374081005005,14.0,116.0,93.0,223.0
JAWA TENGAH,KOTA SEMARANG,CANDISARI,KARANGANYAR GUNUNG,3374081005006,14.0,109.0,93.0,216.0
JAWA TENGAH,KOTA SEMARANG,CANDISARI,KARANGANYAR GUNUNG,3374081005007,5.0,109.0,82.0,196.0
JAWA TENGAH,KOTA SEMARANG,CANDISARI,KARANGANYAR GUNUNG,3374081005008,8.0,90.0,89.0,187.0
JAWA TENGAH,KOTA SEMARANG,CANDISARI,KARANGANYAR GUNUNG,3374081005009,19.0,96.0,75.0,190.0
JAWA TENGAH,KOTA SEMARANG,CANDISARI,KARANGANYAR GUNUNG,3374081005010,19.0,135.0,84.0,238.0
JAWA TENGAH,KOTA SEMARANG,CANDISARI,KARANGANYAR GUNUNG,3374081005011,20.0,88.0,93.0,201.0
JAWA TENGAH,KOTA SEMARANG,CANDISARI,KARANGANYAR GUNUNG,3374081005012,12.0,124.0,90.0,226.0
JAWA TENGAH,KOTA SEMARANG,CANDISARI,KARANGANYAR GUNUNG,3374081005013,29.0,104.0,86.0,219.0
JAWA TENGAH,KOTA SEMARANG,CANDISARI,KARANGANYAR GUNUNG,3374081005014,29.0,96.0,95.0,220.0
JAWA TENGAH,KOTA SEMARANG,CANDISARI,KARANGANYAR GUNUNG,3374081005015,21.0,124.0,95.0,240.0
JAWA TENGAH,KOTA SEMARANG,CANDISARI,KARANGANYAR GUNUNG,3374081005016,10.0,130.0,97.0,237.0
JAWA TENGAH,KOTA SEMARANG,CANDISARI,KARANGANYAR GUNUNG,3374081005017,24.0,104.0,107.0,235.0
JAWA TENGAH,KOTA SEMARANG,CANDISARI,KARANGANYAR GUNUNG,3374081005018,33.0,90.0,110.0,233.0
JAWA TENGAH,KOTA SEMARANG,CANDISARI,KARANGANYAR GUNUNG,3374081005019,35.0,108.0,107.0,250.0
JAWA TENGAH,KOTA SEMARANG,CANDISARI,KARANGANYAR GUNUNG,3374081005020,,,,
JAWA TENGAH,KOTA SEMARANG,CANDISARI,KARANGANYAR GUNUNG,3374081005021,15.0,96.0,118.0,229.0
JAWA TENGAH,KOTA SEMARANG,CANDISARI,KARANGANYAR GUNUNG,3374081005022,29.0,87.0,97.0,213.0
JAWA TENGAH,KOTA SEMARANG,CANDISARI,KARANGANYAR GUNUNG,3374081005023,32.0,106.0,101.0,239.0
JAWA TENGAH,KOTA SEMARANG,CANDISARI,KARANGANYAR GUNUNG,3374081005024,13.0,117.0,91.0,221.0
JAWA TENGAH,KOTA SEMARANG,CANDISARI,KARANGANYAR GUNUNG,3374081005025,25.0,124.0,94.0,243.0
JAWA TENGAH,KOTA SEMARANG,CANDISARI,KARANGANYAR GUNUNG,3374081005026,22.0,85.0,64.0,171.0
JAWA TENGAH,KOTA SEMARANG,CANDISARI,KARANGANYAR GUNUNG,3374081005027,16.0,86.0,120.0,222.0
JAWA TENGAH,KOTA SEMARANG,CANDISARI,KARANGANYAR GUNUNG,3374081005028,22.0,130.0,71.0,223.0
JAWA TENGAH,KOTA SEMARANG,CANDISARI,KARANGANYAR GUNUNG,3374081005029,30.0,127.0,90.0,247.0
JAWA TENGAH,KOTA SEMARANG,CANDISARI,KARANGANYAR GUNUNG,3374081005030,13.0,91.0,108.0,212.0
JAWA TENGAH,KOTA SEMARANG,CANDISARI,TEGALSARI,3374081006001,22.0,128.0,85.0,235.0
JAWA TENGAH,KOTA SEMARANG,CANDISARI,TEGALSARI,3374081006002,37.0,101.0,102.0,240.0
JAWA TENGAH,KOTA SEMARANG,CANDISARI,TEGALSARI,3374081006003,24.0,118.0,103.0,245.0
JAWA TENGAH,KOTA SEMARANG,CANDISARI,TEGALSARI,3374081006004,26.0,84.0,118.0,228.0
JAWA TENGAH,KOTA SEMARANG,CANDISARI,TEGALSARI,3374081006005,,,,
JAWA TENGAH,KOTA SEMARANG,CANDISARI,TEGALSARI,3374081006006,24.0,87.0,130.0,241.0
JAWA TENGAH,KOTA SEMARANG,CANDISARI,TEGALSARI,3374081006007,21.0,118.0,90.0,229.0
JAWA TENGAH,KOTA SEMARANG,CANDISARI,TEGALSARI,3374081006008,20.0,92.0,106.0,218.0
JAWA TENGAH,KOTA SEMARANG,CANDISARI,TEGALSARI,3374081006009,15.0,110.0,110.0,235.0
JAWA TENGAH,KOTA SEMARANG,CANDISARI,TEGALSARI,3374081006010,17.0,89.0,85.0,191.0
JAWA TENGAH,KOTA SEMARANG,CANDISARI,TEGALSARI,3374081006011,,,,
JAWA TENGAH,KOTA SEMARANG,CANDISARI,TEGALSARI,3374081006012,,,,
JAWA TENGAH,KOTA SEMARANG,CANDISARI,TEGALSARI,3374081006013,,,,
JAWA TENGAH,KOTA SEMARANG,CANDISARI,TEGALSARI,3374081006014,24.0,75.0,79.0,178.0
JAWA TENGAH,KOTA SEMARANG,CANDISARI,TEGALSARI,3374081006015,16.0,68.0,89.0,173.0
JAWA TENGAH,KOTA SEMARANG,CANDISARI,TEGALSARI,3374081006016,48.0,88.0,99.0,235.0
JAWA TENGAH,KOTA SEMARANG,CANDISARI,TEGALSARI,3374081006017,,,,
JAWA TENGAH,KOTA SEMARANG,CANDISARI,TEGALSARI,3374081006018,37.0,106.0,94.0,237.0
JAWA TENGAH,KOTA SEMARANG,CANDISARI,TEGALSARI,3374081006019,,,,
JAWA TENGAH,KOTA SEMARANG,CANDISARI,TEGALSARI,3374081006020,18.0,69.0,69.0,156.0
JAWA TENGAH,KOTA SEMARANG,CANDISARI,TEGALSARI,3374081006021,22.0,101.0,90.0,213.0
JAWA TENGAH,KOTA SEMARANG,CANDISARI,TEGALSARI,3374081006022,16.0,67.0,77.0,160.0
JAWA TENGAH,KOTA SEMARANG,CANDISARI,TEGALSARI,3374081006023,26.0,105.0,108.0,239.0
JAWA TENGAH,KOTA SEMARANG,CANDISARI,TEGALSARI,3374081006024,18.0,102.0,117.0,237.0
JAWA TENGAH,KOTA SEMARANG,CANDISARI,TEGALSARI,3374081006025,7.0,102.0,99.0,208.0
JAWA TENGAH,KOTA SEMARANG,CANDISARI,TEGALSARI,3374081006026,26.0,94.0,116.0,236.0
JAWA TENGAH,KOTA SEMARANG,CANDISARI,TEGALSARI,3374081006027,,,,
JAWA TENGAH,KOTA SEMARANG,CANDISARI,TEGALSARI,3374081006028,19.0,106.0,103.0,228.0
JAWA TENGAH,KOTA SEMARANG,CANDISARI,TEGALSARI,3374081006029,,,,
JAWA TENGAH,KOTA SEMARANG,CANDISARI,TEGALSARI,3374081006030,21.0,144.0,91.0,256.0
JAWA TENGAH,KOTA SEMARANG,CANDISARI,TEGALSARI,3374081006031,25.0,32.0,50.0,107.0
JAWA TENGAH,KOTA SEMARANG,CANDISARI,TEGALSARI,3374081006032,21.0,106.0,99.0,226.0
JAWA TENGAH,KOTA SEMARANG,CANDISARI,TEGALSARI,3374081006033,38.0,89.0,100.0,227.0
JAWA TENGAH,KOTA SEMARANG,CANDISARI,TEGALSARI,3374081006034,,,,
JAWA TENGAH,KOTA SEMARANG,CANDISARI,TEGALSARI,3374081006035,18.0,124.0,91.0,233.0
JAWA TENGAH,KOTA SEMARANG,CANDISARI,TEGALSARI,3374081006036,,,,
JAWA TENGAH,KOTA SEMARANG,CANDISARI,TEGALSARI,3374081006037,32.0,93.0,88.0,213.0
JAWA TENGAH,KOTA SEMARANG,CANDISARI,TEGALSARI,3374081006038,,,,
JAWA TENGAH,KOTA SEMARANG,CANDISARI,WONOTINGAL,3374081007001,,,,
JAWA TENGAH,KOTA SEMARANG,CANDISARI,WONOTINGAL,3374081007002,,,,
JAWA TENGAH,KOTA SEMARANG,CANDISARI,WONOTINGAL,3374081007003,38.0,84.0,83.0,205.0
JAWA TENGAH,KOTA SEMARANG,CANDISARI,WONOTINGAL,3374081007004,,,,
JAWA TENGAH,KOTA SEMARANG,CANDISARI,WONOTINGAL,3374081007005,37.0,110.0,72.0,219.0
JAWA TENGAH,KOTA SEMARANG,CANDISARI,WONOTINGAL,3374081007006,,,,
JAWA TENGAH,KOTA SEMARANG,CANDISARI,WONOTINGAL,3374081007007,,,,
JAWA TENGAH,KOTA SEMARANG,CANDISARI,WONOTINGAL,3374081007008,,,,
JAWA TENGAH,KOTA SEMARANG,CANDISARI,WONOTINGAL,3374081007009,,,,
JAWA TENGAH,KOTA SEMARANG,CANDISARI,WONOTINGAL,3374081007010,,,,
JAWA TENGAH,KOTA SEMARANG,CANDISARI,WONOTINGAL,3374081007011,,,,
JAWA TENGAH,KOTA SEMARANG,CANDISARI,WONOTINGAL,3374081007012,,,,
JAWA TENGAH,KOTA SEMARANG,CANDISARI,WONOTINGAL,3374081007013,,,,
JAWA TENGAH,KOTA SEMARANG,CANDISARI,WONOTINGAL,3374081007014,16.0,103.0,106.0,225.0
JAWA TENGAH,KOTA SEMARANG,CANDISARI,WONOTINGAL,3374081007015,,,,
JAWA TENGAH,KOTA SEMARANG,CANDISARI,WONOTINGAL,3374081007016,,,,
JAWA TENGAH,KOTA SEMARANG,CANDISARI,WONOTINGAL,3374081007017,,,,
JAWA TENGAH,KOTA SEMARANG,CANDISARI,WONOTINGAL,3374081007018,27.0,91.0,66.0,184.0
JAWA TENGAH,KOTA SEMARANG,CANDISARI,WONOTINGAL,3374081007019,13.0,127.0,95.0,235.0
JAWA TENGAH,KOTA SEMARANG,CANDISARI,WONOTINGAL,3374081007020,,,,
JAWA TENGAH,KOTA SEMARANG,CANDISARI,WONOTINGAL,3374081007021,29.0,96.0,111.0,236.0
JAWA TENGAH,KOTA SEMARANG,CANDISARI,WONOTINGAL,3374081007022,20.0,78.0,108.0,206.0
JAWA TENGAH,KOTA SEMARANG,GAJAHMUNGKUR,BENDAN DHUWUR,3374091002001,,,,
JAWA TENGAH,KOTA SEMARANG,GAJAHMUNGKUR,BENDAN DHUWUR,3374091002002,45.0,88.0,85.0,218.0
JAWA TENGAH,KOTA SEMARANG,GAJAHMUNGKUR,BENDAN DHUWUR,3374091002003,30.0,103.0,107.0,240.0
JAWA TENGAH,KOTA SEMARANG,GAJAHMUNGKUR,BENDAN DHUWUR,3374091002004,,,,
JAWA TENGAH,KOTA SEMARANG,GAJAHMUNGKUR,BENDAN DHUWUR,3374091002005,,,,
JAWA TENGAH,KOTA SEMARANG,GAJAHMUNGKUR,BENDAN DHUWUR,3374091002006,22.0,140.0,73.0,235.0
JAWA TENGAH,KOTA SEMARANG,GAJAHMUNGKUR,BENDAN DHUWUR,3374091002007,,,,
JAWA TENGAH,KOTA SEMARANG,GAJAHMUNGKUR,BENDAN DHUWUR,3374091002008,25.0,81.0,68.0,174.0
JAWA TENGAH,KOTA SEMARANG,GAJAHMUNGKUR,BENDAN DHUWUR,3374091002009,18.0,77.0,82.0,177.0
JAWA TENGAH,KOTA SEMARANG,GAJAHMUNGKUR,BENDAN DHUWUR,3374091002010,39.0,99.0,88.0,226.0
JAWA TENGAH,KOTA SEMARANG,GAJAHMUNGKUR,BENDAN DHUWUR,3374091002011,,,,
JAWA TENGAH,KOTA SEMARANG,GAJAHMUNGKUR,BENDAN DHUWUR,3374091002012,,,,
JAWA TENGAH,KOTA SEMARANG,GAJAHMUNGKUR,BENDAN NGISOR,3374091003001,60.0,87.0,68.0,215.0
JAWA TENGAH,KOTA SEMARANG,GAJAHMUNGKUR,BENDAN NGISOR,3374091003002,,,,
JAWA TENGAH,KOTA SEMARANG,GAJAHMUNGKUR,BENDAN NGISOR,3374091003003,,,,
JAWA TENGAH,KOTA SEMARANG,GAJAHMUNGKUR,BENDAN NGISOR,3374091003004,,,,
JAWA TENGAH,KOTA SEMARANG,GAJAHMUNGKUR,BENDAN NGISOR,3374091003005,,,,
JAWA TENGAH,KOTA SEMARANG,GAJAHMUNGKUR,BENDAN NGISOR,3374091003006,,,,
JAWA TENGAH,KOTA SEMARANG,GAJAHMUNGKUR,BENDAN NGISOR,3374091003007,73.0,105.0,61.0,239.0
JAWA TENGAH,KOTA SEMARANG,GAJAHMUNGKUR,BENDAN NGISOR,3374091003008,37.0,95.0,84.0,216.0
JAWA TENGAH,KOTA SEMARANG,GAJAHMUNGKUR,BENDAN NGISOR,3374091003009,66.0,109.0,67.0,242.0
JAWA TENGAH,KOTA SEMARANG,GAJAHMUNGKUR,BENDAN NGISOR,3374091003010,,,,
JAWA TENGAH,KOTA SEMARANG,GAJAHMUNGKUR,BENDAN NGISOR,3374091003011,,,,
JAWA TENGAH,KOTA SEMARANG,GAJAHMUNGKUR,BENDAN NGISOR,3374091003012,,,,
JAWA TENGAH,KOTA SEMARANG,GAJAHMUNGKUR,BENDAN NGISOR,3374091003013,27.0,66.0,56.0,149.0
JAWA TENGAH,KOTA SEMARANG,GAJAHMUNGKUR,BENDAN NGISOR,3374091003014,34.0,110.0,88.0,232.0
JAWA TENGAH,KOTA SEMARANG,GAJAHMUNGKUR,BENDAN NGISOR,3374091003015,24.0,74.0,72.0,170.0
JAWA TENGAH,KOTA SEMARANG,GAJAHMUNGKUR,BENDAN NGISOR,3374091003016,15.0,63.0,94.0,172.0
JAWA TENGAH,KOTA SEMARANG,GAJAHMUNGKUR,BENDUNGAN,3374091008001,24.0,86.0,101.0,211.0
JAWA TENGAH,KOTA SEMARANG,GAJAHMUNGKUR,BENDUNGAN,3374091008002,,,,
JAWA TENGAH,KOTA SEMARANG,GAJAHMUNGKUR,BENDUNGAN,3374091008003,,,,
JAWA TENGAH,KOTA SEMARANG,GAJAHMUNGKUR,BENDUNGAN,3374091008004,31.0,88.0,86.0,205.0
JAWA TENGAH,KOTA SEMARANG,GAJAHMUNGKUR,BENDUNGAN,3374091008005,27.0,101.0,101.0,229.0
JAWA TENGAH,KOTA SEMARANG,GAJAHMUNGKUR,BENDUNGAN,3374091008006,,,,
JAWA TENGAH,KOTA SEMARANG,GAJAHMUNGKUR,BENDUNGAN,3374091008007,,,,
JAWA TENGAH,KOTA SEMARANG,GAJAHMUNGKUR,BENDUNGAN,3374091008008,18.0,82.0,75.0,175.0
JAWA TENGAH,KOTA SEMARANG,GAJAHMUNGKUR,BENDUNGAN,3374091008009,,,,
JAWA TENGAH,KOTA SEMARANG,GAJAHMUNGKUR,BENDUNGAN,3374091008010,25.0,92.0,112.0,229.0
JAWA TENGAH,KOTA SEMARANG,GAJAHMUNGKUR,BENDUNGAN,3374091008011,15.0,137.0,86.0,238.0
JAWA TENGAH,KOTA SEMARANG,GAJAHMUNGKUR,BENDUNGAN,3374091008012,,,,
JAWA TENGAH,KOTA SEMARANG,GAJAHMUNGKUR,GAJAHMUNGKUR,3374091005001,,,,
JAWA TENGAH,KOTA SEMARANG,GAJAHMUNGKUR,GAJAHMUNGKUR,3374091005002,,,,
JAWA TENGAH,KOTA SEMARANG,GAJAHMUNGKUR,GAJAHMUNGKUR,3374091005003,,,,
JAWA TENGAH,KOTA SEMARANG,GAJAHMUNGKUR,GAJAHMUNGKUR,3374091005004,14.0,98.0,98.0,210.0
JAWA TENGAH,KOTA SEMARANG,GAJAHMUNGKUR,GAJAHMUNGKUR,3374091005005,19.0,100.0,92.0,211.0
JAWA TENGAH,KOTA SEMARANG,GAJAHMUNGKUR,GAJAHMUNGKUR,3374091005006,,,,
JAWA TENGAH,KOTA SEMARANG,GAJAHMUNGKUR,GAJAHMUNGKUR,3374091005007,,,,
JAWA TENGAH,KOTA SEMARANG,GAJAHMUNGKUR,GAJAHMUNGKUR,3374091005008,,,,
JAWA TENGAH,KOTA SEMARANG,GAJAHMUNGKUR,GAJAHMUNGKUR,3374091005009,21.0,92.0,102.0,215.0
JAWA TENGAH,KOTA SEMARANG,GAJAHMUNGKUR,GAJAHMUNGKUR,3374091005010,,,,
JAWA TENGAH,KOTA SEMARANG,GAJAHMUNGKUR,GAJAHMUNGKUR,3374091005011,23.0,98.0,92.0,213.0
JAWA TENGAH,KOTA SEMARANG,GAJAHMUNGKUR,GAJAHMUNGKUR,3374091005012,,,,
JAWA TENGAH,KOTA SEMARANG,GAJAHMUNGKUR,GAJAHMUNGKUR,3374091005013,11.0,103.0,102.0,216.0
JAWA TENGAH,KOTA SEMARANG,GAJAHMUNGKUR,GAJAHMUNGKUR,3374091005014,25.0,95.0,90.0,210.0
JAWA TENGAH,KOTA SEMARANG,GAJAHMUNGKUR,GAJAHMUNGKUR,3374091005015,,,,
JAWA TENGAH,KOTA SEMARANG,GAJAHMUNGKUR,GAJAHMUNGKUR,3374091005016,,,,
JAWA TENGAH,KOTA SEMARANG,GAJAHMUNGKUR,GAJAHMUNGKUR,3374091005017,,,,
JAWA TENGAH,KOTA SEMARANG,GAJAHMUNGKUR,GAJAHMUNGKUR,3374091005018,,,,
JAWA TENGAH,KOTA SEMARANG,GAJAHMUNGKUR,GAJAHMUNGKUR,3374091005019,20.0,131.0,86.0,237.0
JAWA TENGAH,KOTA SEMARANG,GAJAHMUNGKUR,GAJAHMUNGKUR,3374091005020,30.0,96.0,99.0,225.0
JAWA TENGAH,KOTA SEMARANG,GAJAHMUNGKUR,GAJAHMUNGKUR,3374091005021,10.0,106.0,101.0,217.0
JAWA TENGAH,KOTA SEMARANG,GAJAHMUNGKUR,GAJAHMUNGKUR,3374091005022,26.0,96.0,96.0,218.0
JAWA TENGAH,KOTA SEMARANG,GAJAHMUNGKUR,GAJAHMUNGKUR,3374091005023,,,,
JAWA TENGAH,KOTA SEMARANG,GAJAHMUNGKUR,GAJAHMUNGKUR,3374091005024,19.0,109.0,113.0,241.0
JAWA TENGAH,KOTA SEMARANG,GAJAHMUNGKUR,GAJAHMUNGKUR,3374091005025,,,,
JAWA TENGAH,KOTA SEMARANG,GAJAHMUNGKUR,GAJAHMUNGKUR,3374091005026,29.0,88.0,45.0,162.0
JAWA TENGAH,KOTA SEMARANG,GAJAHMUNGKUR,GAJAHMUNGKUR,3374091005027,,,,
JAWA TENGAH,KOTA SEMARANG,GAJAHMUNGKUR,GAJAHMUNGKUR,3374091005028,,,,
JAWA TENGAH,KOTA SEMARANG,GAJAHMUNGKUR,GAJAHMUNGKUR,3374091005029,57.0,94.0,89.0,240.0
JAWA TENGAH,KOTA SEMARANG,GAJAHMUNGKUR,GAJAHMUNGKUR,3374091005030,,,,
JAWA TENGAH,KOTA SEMARANG,GAJAHMUNGKUR,GAJAHMUNGKUR,3374091005031,,,,
JAWA TENGAH,KOTA SEMARANG,GAJAHMUNGKUR,GAJAHMUNGKUR,3374091005032,35.0,100.0,98.0,233.0
JAWA TENGAH,KOTA SEMARANG,GAJAHMUNGKUR,GAJAHMUNGKUR,3374091005033,,,,
JAWA TENGAH,KOTA SEMARANG,GAJAHMUNGKUR,GAJAHMUNGKUR,3374091005034,23.0,114.0,88.0,225.0
JAWA TENGAH,KOTA SEMARANG,GAJAHMUNGKUR,GAJAHMUNGKUR,3374091005035,,,,
JAWA TENGAH,KOTA SEMARANG,GAJAHMUNGKUR,GAJAHMUNGKUR,3374091005036,29.0,133.0,86.0,248.0
JAWA TENGAH,KOTA SEMARANG,GAJAHMUNGKUR,GAJAHMUNGKUR,3374091005037,27.0,105.0,61.0,193.0
JAWA TENGAH,KOTA SEMARANG,GAJAHMUNGKUR,GAJAHMUNGKUR,3374091005038,29.0,80.0,60.0,169.0
JAWA TENGAH,KOTA SEMARANG,GAJAHMUNGKUR,GAJAHMUNGKUR,3374091005039,,,,
JAWA TENGAH,KOTA SEMARANG,GAJAHMUNGKUR,GAJAHMUNGKUR,3374091005040,51.0,83.0,88.0,222.0
JAWA TENGAH,KOTA SEMARANG,GAJAHMUNGKUR,GAJAHMUNGKUR,3374091005041,,,,
JAWA TENGAH,KOTA SEMARANG,GAJAHMUNGKUR,GAJAHMUNGKUR,3374091005042,33.0,116.0,97.0,246.0
JAWA TENGAH,KOTA SEMARANG,GAJAHMUNGKUR,KARANGREJO,3374091001001,26.0,82.0,78.0,186.0
JAWA TENGAH,KOTA SEMARANG,GAJAHMUNGKUR,KARANGREJO,3374091001002,,,,
JAWA TENGAH,KOTA SEMARANG,GAJAHMUNGKUR,KARANGREJO,3374091001003,,,,
JAWA TENGAH,KOTA SEMARANG,GAJAHMUNGKUR,KARANGREJO,3374091001004,,,,
JAWA TENGAH,KOTA SEMARANG,GAJAHMUNGKUR,KARANGREJO,3374091001005,34.0,86.0,55.0,175.0
JAWA TENGAH,KOTA SEMARANG,GAJAHMUNGKUR,KARANGREJO,3374091001006,,,,
JAWA TENGAH,KOTA SEMARANG,GAJAHMUNGKUR,KARANGREJO,3374091001007,,,,
JAWA TENGAH,KOTA SEMARANG,GAJAHMUNGKUR,KARANGREJO,3374091001008,,,,
JAWA TENGAH,KOTA SEMARANG,GAJAHMUNGKUR,KARANGREJO,3374091001009,,,,
JAWA TENGAH,KOTA SEMARANG,GAJAHMUNGKUR,KARANGREJO,3374091001010,23.0,111.0,64.0,198.0
JAWA TENGAH,KOTA SEMARANG,GAJAHMUNGKUR,KARANGREJO,3374091001011,,,,
JAWA TENGAH,KOTA SEMARANG,GAJAHMUNGKUR,KARANGREJO,3374091001012,,,,
JAWA TENGAH,KOTA SEMARANG,GAJAHMUNGKUR,KARANGREJO,3374091001013,25.0,96.0,113.0,234.0
JAWA TENGAH,KOTA SEMARANG,GAJAHMUNGKUR,KARANGREJO,3374091001014,16.0,90.0,64.0,170.0
JAWA TENGAH,KOTA SEMARANG,GAJAHMUNGKUR,KARANGREJO,3374091001015,30.0,52.0,59.0,141.0
JAWA TENGAH,KOTA SEMARANG,GAJAHMUNGKUR,KARANGREJO,3374091001016,,,,
JAWA TENGAH,KOTA SEMARANG,GAJAHMUNGKUR,KARANGREJO,3374091001017,,,,
JAWA TENGAH,KOTA SEMARANG,GAJAHMUNGKUR,KARANGREJO,3374091001018,37.0,80.0,124.0,241.0
JAWA TENGAH,KOTA SEMARANG,GAJAHMUNGKUR,KARANGREJO,3374091001019,,,,
JAWA TENGAH,KOTA SEMARANG,GAJAHMUNGKUR,KARANGREJO,3374091001020,36.0,68.0,58.0,162.0
JAWA TENGAH,KOTA SEMARANG,GAJAHMUNGKUR,KARANGREJO,3374091001021,19.0,87.0,116.0,222.0
JAWA TENGAH,KOTA SEMARANG,GAJAHMUNGKUR,LEMPONGSARI,3374091006001,30.0,114.0,99.0,243.0
JAWA TENGAH,KOTA SEMARANG,GAJAHMUNGKUR,LEMPONGSARI,3374091006002,25.0,95.0,82.0,202.0
JAWA TENGAH,KOTA SEMARANG,GAJAHMUNGKUR,LEMPONGSARI,3374091006003,24.0,78.0,128.0,230.0
JAWA TENGAH,KOTA SEMARANG,GAJAHMUNGKUR,LEMPONGSARI,3374091006004,25.0,111.0,117.0,253.0
JAWA TENGAH,KOTA SEMARANG,GAJAHMUNGKUR,LEMPONGSARI,3374091006005,29.0,118.0,117.0,264.0
JAWA TENGAH,KOTA SEMARANG,GAJAHMUNGKUR,LEMPONGSARI,3374091006006,,,,
JAWA TENGAH,KOTA SEMARANG,GAJAHMUNGKUR,LEMPONGSARI,3374091006007,,,,
JAWA TENGAH,KOTA SEMARANG,GAJAHMUNGKUR,LEMPONGSARI,3374091006008,34.0,73.0,79.0,186.0
JAWA TENGAH,KOTA SEMARANG,GAJAHMUNGKUR,LEMPONGSARI,3374091006009,13.0,54.0,117.0,184.0
JAWA TENGAH,KOTA SEMARANG,GAJAHMUNGKUR,LEMPONGSARI,3374091006010,28.0,114.0,104.0,246.0
JAWA TENGAH,KOTA SEMARANG,GAJAHMUNGKUR,LEMPONGSARI,3374091006011,19.0,76.0,172.0,267.0
JAWA TENGAH,KOTA SEMARANG,GAJAHMUNGKUR,LEMPONGSARI,3374091006012,,,,
JAWA TENGAH,KOTA SEMARANG,GAJAHMUNGKUR,LEMPONGSARI,3374091006013,15.0,78.0,96.0,189.0
JAWA TENGAH,KOTA SEMARANG,GAJAHMUNGKUR,LEMPONGSARI,3374091006014,18.0,57.0,95.0,170.0
JAWA TENGAH,KOTA SEMARANG,GAJAHMUNGKUR,LEMPONGSARI,3374091006015,,,,
JAWA TENGAH,KOTA SEMARANG,GAJAHMUNGKUR,LEMPONGSARI,3374091006016,,,,
JAWA TENGAH,KOTA SEMARANG,GAJAHMUNGKUR,PETOMPON,3374091007001,37.0,86.0,73.0,196.0
JAWA TENGAH,KOTA SEMARANG,GAJAHMUNGKUR,PETOMPON,3374091007002,39.0,79.0,103.0,221.0
JAWA TENGAH,KOTA SEMARANG,GAJAHMUNGKUR,PETOMPON,3374091007003,28.0,84.0,116.0,228.0
JAWA TENGAH,KOTA SEMARANG,GAJAHMUNGKUR,PETOMPON,3374091007004,40.0,113.0,73.0,226.0
JAWA TENGAH,KOTA SEMARANG,GAJAHMUNGKUR,PETOMPON,3374091007005,23.0,66.0,68.0,157.0
JAWA TENGAH,KOTA SEMARANG,GAJAHMUNGKUR,PETOMPON,3374091007006,42.0,95.0,94.0,231.0
JAWA TENGAH,KOTA SEMARANG,GAJAHMUNGKUR,PETOMPON,3374091007007,,,,
JAWA TENGAH,KOTA SEMARANG,GAJAHMUNGKUR,PETOMPON,3374091007008,33.0,115.0,88.0,236.0
JAWA TENGAH,KOTA SEMARANG,GAJAHMUNGKUR,PETOMPON,3374091007009,33.0,81.0,103.0,217.0
JAWA TENGAH,KOTA SEMARANG,GAJAHMUNGKUR,PETOMPON,3374091007010,14.0,76.0,133.0,223.0
JAWA TENGAH,KOTA SEMARANG,GAJAHMUNGKUR,PETOMPON,3374091007011,,,,
JAWA TENGAH,KOTA SEMARANG,GAJAHMUNGKUR,PETOMPON,3374091007012,29.0,81.0,55.0,165.0
JAWA TENGAH,KOTA SEMARANG,GAJAHMUNGKUR,PETOMPON,3374091007013,,,,
JAWA TENGAH,KOTA SEMARANG,GAJAHMUNGKUR,PETOMPON,3374091007014,,,,
JAWA TENGAH,KOTA SEMARANG,GAJAHMUNGKUR,PETOMPON,3374091007015,41.0,72.0,72.0,185.0
JAWA TENGAH,KOTA SEMARANG,GAJAHMUNGKUR,PETOMPON,3374091007016,,,,
JAWA TENGAH,KOTA SEMARANG,GAJAHMUNGKUR,PETOMPON,3374091007017,39.0,125.0,83.0,247.0
JAWA TENGAH,KOTA SEMARANG,GAJAHMUNGKUR,PETOMPON,3374091007018,18.0,90.0,113.0,221.0
JAWA TENGAH,KOTA SEMARANG,GAJAHMUNGKUR,SAMPANGAN,3374091004001,29.0,125.0,87.0,241.0
JAWA TENGAH,KOTA SEMARANG,GAJAHMUNGKUR,SAMPANGAN,3374091004002,59.0,94.0,89.0,242.0
JAWA TENGAH,KOTA SEMARANG,GAJAHMUNGKUR,SAMPANGAN,3374091004003,49.0,93.0,90.0,232.0
JAWA TENGAH,KOTA SEMARANG,GAJAHMUNGKUR,SAMPANGAN,3374091004004,56.0,90.0,65.0,211.0
JAWA TENGAH,KOTA SEMARANG,GAJAHMUNGKUR,SAMPANGAN,3374091004005,45.0,94.0,55.0,194.0
JAWA TENGAH,KOTA SEMARANG,GAJAHMUNGKUR,SAMPANGAN,3374091004006,65.0,80.0,72.0,217.0
JAWA TENGAH,KOTA SEMARANG,GAJAHMUNGKUR,SAMPANGAN,3374091004007,,,,
JAWA TENGAH,KOTA SEMARANG,GAJAHMUNGKUR,SAMPANGAN,3374091004008,43.0,110.0,67.0,220.0
JAWA TENGAH,KOTA SEMARANG,GAJAHMUNGKUR,SAMPANGAN,3374091004009,,,,
JAWA TENGAH,KOTA SEMARANG,GAJAHMUNGKUR,SAMPANGAN,3374091004010,30.0,79.0,95.0,204.0
JAWA TENGAH,KOTA SEMARANG,GAJAHMUNGKUR,SAMPANGAN,3374091004011,39.0,140.0,44.0,223.0
JAWA TENGAH,KOTA SEMARANG,GAJAHMUNGKUR,SAMPANGAN,3374091004012,58.0,103.0,64.0,225.0
JAWA TENGAH,KOTA SEMARANG,GAJAHMUNGKUR,SAMPANGAN,3374091004013,49.0,77.0,61.0,187.0
JAWA TENGAH,KOTA SEMARANG,GAJAHMUNGKUR,SAMPANGAN,3374091004014,,,,
JAWA TENGAH,KOTA SEMARANG,GAJAHMUNGKUR,SAMPANGAN,3374091004015,47.0,115.0,76.0,238.0
JAWA TENGAH,KOTA SEMARANG,GAJAHMUNGKUR,SAMPANGAN,3374091004016,,,,
JAWA TENGAH,KOTA SEMARANG,GAJAHMUNGKUR,SAMPANGAN,3374091004017,29.0,144.0,74.0,247.0
JAWA TENGAH,KOTA SEMARANG,GAJAHMUNGKUR,SAMPANGAN,3374091004018,,,,
JAWA TENGAH,KOTA SEMARANG,GAJAHMUNGKUR,SAMPANGAN,3374091004019,43.0,115.0,91.0,249.0
JAWA TENGAH,KOTA SEMARANG,GAJAHMUNGKUR,SAMPANGAN,3374091004020,,,,
JAWA TENGAH,KOTA SEMARANG,GAJAHMUNGKUR,SAMPANGAN,3374091004021,31.0,68.0,67.0,166.0
JAWA TENGAH,KOTA SEMARANG,GAJAHMUNGKUR,SAMPANGAN,3374091004022,,,,
JAWA TENGAH,KOTA SEMARANG,GAJAHMUNGKUR,SAMPANGAN,3374091004023,,,,
JAWA TENGAH,KOTA SEMARANG,GAJAHMUNGKUR,SAMPANGAN,3374091004024,,,,
JAWA TENGAH,KOTA SEMARANG,GAJAHMUNGKUR,SAMPANGAN,3374091004025,,,,
JAWA TENGAH,KOTA SEMARANG,GAJAHMUNGKUR,SAMPANGAN,3374091004026,,,,
JAWA TENGAH,KOTA SEMARANG,GAJAHMUNGKUR,SAMPANGAN,3374091004027,,,,
JAWA TENGAH,KOTA SEMARANG,GAJAHMUNGKUR,SAMPANGAN,3374091004028,58.0,121.0,80.0,259.0
JAWA TENGAH,KOTA SEMARANG,GAJAHMUNGKUR,SAMPANGAN,3374091004029,,,,
JAWA TENGAH,KOTA SEMARANG,GAJAHMUNGKUR,SAMPANGAN,3374091004030,37.0,73.0,64.0,174.0
JAWA TENGAH,KOTA SEMARANG,GAYAMSARI,GAYAMSARI,3374041007001,14.0,91.0,91.0,196.0
JAWA TENGAH,KOTA SEMARANG,GAYAMSARI,GAYAMSARI,3374041007002,21.0,94.0,74.0,189.0
JAWA TENGAH,KOTA SEMARANG,GAYAMSARI,GAYAMSARI,3374041007003,48.0,76.0,102.0,226.0
JAWA TENGAH,KOTA SEMARANG,GAYAMSARI,GAYAMSARI,3374041007004,39.0,81.0,92.0,212.0
JAWA TENGAH,KOTA SEMARANG,GAYAMSARI,GAYAMSARI,3374041007005,,,,
JAWA TENGAH,KOTA SEMARANG,GAYAMSARI,GAYAMSARI,3374041007006,38.0,107.0,90.0,235.0
JAWA TENGAH,KOTA SEMARANG,GAYAMSARI,GAYAMSARI,3374041007007,38.0,92.0,88.0,218.0
JAWA TENGAH,KOTA SEMARANG,GAYAMSARI,GAYAMSARI,3374041007008,33.0,86.0,79.0,198.0
JAWA TENGAH,KOTA SEMARANG,GAYAMSARI,GAYAMSARI,3374041007009,,,,
JAWA TENGAH,KOTA SEMARANG,GAYAMSARI,GAYAMSARI,3374041007010,28.0,117.0,85.0,230.0
JAWA TENGAH,KOTA SEMARANG,GAYAMSARI,GAYAMSARI,3374041007011,14.0,113.0,99.0,226.0
JAWA TENGAH,KOTA SEMARANG,GAYAMSARI,GAYAMSARI,3374041007012,29.0,135.0,77.0,241.0
JAWA TENGAH,KOTA SEMARANG,GAYAMSARI,GAYAMSARI,3374041007013,,,,
JAWA TENGAH,KOTA SEMARANG,GAYAMSARI,GAYAMSARI,3374041007014,27.0,124.0,86.0,237.0
JAWA TENGAH,KOTA SEMARANG,GAYAMSARI,GAYAMSARI,3374041007015,,,,
JAWA TENGAH,KOTA SEMARANG,GAYAMSARI,GAYAMSARI,3374041007016,,,,
JAWA TENGAH,KOTA SEMARANG,GAYAMSARI,GAYAMSARI,3374041007017,,,,
JAWA TENGAH,KOTA SEMARANG,GAYAMSARI,GAYAMSARI,3374041007018,,,,
JAWA TENGAH,KOTA SEMARANG,GAYAMSARI,GAYAMSARI,3374041007019,28.0,92.0,77.0,197.0
JAWA TENGAH,KOTA SEMARANG,GAYAMSARI,GAYAMSARI,3374041007020,28.0,90.0,78.0,196.0
JAWA TENGAH,KOTA SEMARANG,GAYAMSARI,GAYAMSARI,3374041007021,35.0,111.0,60.0,206.0
JAWA TENGAH,KOTA SEMARANG,GAYAMSARI,GAYAMSARI,3374041007022,62.0,102.0,67.0,231.0
JAWA TENGAH,KOTA SEMARANG,GAYAMSARI,GAYAMSARI,3374041007023,21.0,131.0,92.0,244.0
JAWA TENGAH,KOTA SEMARANG,GAYAMSARI,GAYAMSARI,3374041007024,36.0,117.0,81.0,234.0
JAWA TENGAH,KOTA SEMARANG,GAYAMSARI,GAYAMSARI,3374041007025,,,,210.0
JAWA TENGAH,KOTA SEMARANG,GAYAMSARI,GAYAMSARI,3374041007026,16.0,116.0,93.0,225.0
JAWA TENGAH,KOTA SEMARANG,GAYAMSARI,GAYAMSARI,3374041007027,,,,
JAWA TENGAH,KOTA SEMARANG,GAYAMSARI,GAYAMSARI,3374041007028,26.0,111.0,93.0,230.0
JAWA TENGAH,KOTA SEMARANG,GAYAMSARI,GAYAMSARI,3374041007029,,,,
JAWA TENGAH,KOTA SEMARANG,GAYAMSARI,GAYAMSARI,3374041007030,22.0,100.0,105.0,227.0
JAWA TENGAH,KOTA SEMARANG,GAYAMSARI,GAYAMSARI,3374041007031,,,,
JAWA TENGAH,KOTA SEMARANG,GAYAMSARI,GAYAMSARI,3374041007032,11.0,87.0,115.0,213.0
JAWA TENGAH,KOTA SEMARANG,GAYAMSARI,GAYAMSARI,3374041007033,,,,
JAWA TENGAH,KOTA SEMARANG,GAYAMSARI,KALIGAWE,3374041002001,19.0,130.0,88.0,237.0
JAWA TENGAH,KOTA SEMARANG,GAYAMSARI,KALIGAWE,3374041002002,,,,
JAWA TENGAH,KOTA SEMARANG,GAYAMSARI,KALIGAWE,3374041002003,16.0,96.0,87.0,199.0
JAWA TENGAH,KOTA SEMARANG,GAYAMSARI,KALIGAWE,3374041002004,,,,
JAWA TENGAH,KOTA SEMARANG,GAYAMSARI,KALIGAWE,3374041002005,5.0,102.0,112.0,219.0
JAWA TENGAH,KOTA SEMARANG,GAYAMSARI,KALIGAWE,3374041002006,24.0,97.0,93.0,214.0
JAWA TENGAH,KOTA SEMARANG,GAYAMSARI,KALIGAWE,3374041002007,19.0,98.0,87.0,204.0
JAWA TENGAH,KOTA SEMARANG,GAYAMSARI,KALIGAWE,3374041002008,,,,
JAWA TENGAH,KOTA SEMARANG,GAYAMSARI,KALIGAWE,3374041002009,,,,
JAWA TENGAH,KOTA SEMARANG,GAYAMSARI,KALIGAWE,3374041002010,18.0,98.0,100.0,216.0
JAWA TENGAH,KOTA SEMARANG,GAYAMSARI,KALIGAWE,3374041002011,,,,
JAWA TENGAH,KOTA SEMARANG,GAYAMSARI,KALIGAWE,3374041002012,,,,
JAWA TENGAH,KOTA SEMARANG,GAYAMSARI,KALIGAWE,3374041002013,10.0,130.0,109.0,249.0
JAWA TENGAH,KOTA SEMARANG,GAYAMSARI,KALIGAWE,3374041002014,16.0,110.0,99.0,225.0
JAWA TENGAH,KOTA SEMARANG,GAYAMSARI,KALIGAWE,3374041002015,19.0,64.0,95.0,178.0
JAWA TENGAH,KOTA SEMARANG,GAYAMSARI,KALIGAWE,3374041002016,26.0,94.0,112.0,232.0
JAWA TENGAH,KOTA SEMARANG,GAYAMSARI,KALIGAWE,3374041002017,6.0,104.0,111.0,221.0
JAWA TENGAH,KOTA SEMARANG,GAYAMSARI,KALIGAWE,3374041002018,,,,
JAWA TENGAH,KOTA SEMARANG,GAYAMSARI,KALIGAWE,3374041002019,21.0,103.0,85.0,209.0
JAWA TENGAH,KOTA SEMARANG,GAYAMSARI,KALIGAWE,3374041002020,,,,
JAWA TENGAH,KOTA SEMARANG,GAYAMSARI,KALIGAWE,3374041002021,24.0,113.0,79.0,216.0
JAWA TENGAH,KOTA SEMARANG,GAYAMSARI,KALIGAWE,3374041002022,11.0,100.0,50.0,161.0
JAWA TENGAH,KOTA SEMARANG,GAYAMSARI,KALIGAWE,3374041002023,,,,
JAWA TENGAH,KOTA SEMARANG,GAYAMSARI,KALIGAWE,3374041002024,,,,
JAWA TENGAH,KOTA SEMARANG,GAYAMSARI,KALIGAWE,3374041002025,20.0,105.0,93.0,218.0
JAWA TENGAH,KOTA SEMARANG,GAYAMSARI,KALIGAWE,3374041002026,,,,
JAWA TENGAH,KOTA SEMARANG,GAYAMSARI,KALIGAWE,3374041002027,,,,
JAWA TENGAH,KOTA SEMARANG,GAYAMSARI,KALIGAWE,3374041002028,4.0,98.0,89.0,191.0
JAWA TENGAH,KOTA SEMARANG,GAYAMSARI,PANDEAN LAMPER,3374041006001,,,,
JAWA TENGAH,KOTA SEMARANG,GAYAMSARI,PANDEAN LAMPER,3374041006002,,,,
JAWA TENGAH,KOTA SEMARANG,GAYAMSARI,PANDEAN LAMPER,3374041006003,,,,
JAWA TENGAH,KOTA SEMARANG,GAYAMSARI,PANDEAN LAMPER,3374041006004,21.0,114.0,98.0,233.0
JAWA TENGAH,KOTA SEMARANG,GAYAMSARI,PANDEAN LAMPER,3374041006005,,,,
JAWA TENGAH,KOTA SEMARANG,GAYAMSARI,PANDEAN LAMPER,3374041006006,,,,
JAWA TENGAH,KOTA SEMARANG,GAYAMSARI,PANDEAN LAMPER,3374041006007,,,,
JAWA TENGAH,KOTA SEMARANG,GAYAMSARI,PANDEAN LAMPER,3374041006008,35.0,93.0,66.0,194.0
JAWA TENGAH,KOTA SEMARANG,GAYAMSARI,PANDEAN LAMPER,3374041006009,4.0,64.0,78.0,146.0
JAWA TENGAH,KOTA SEMARANG,GAYAMSARI,PANDEAN LAMPER,3374041006010,,,,
JAWA TENGAH,KOTA SEMARANG,GAYAMSARI,PANDEAN LAMPER,3374041006011,,,,
JAWA TENGAH,KOTA SEMARANG,GAYAMSARI,PANDEAN LAMPER,3374041006012,,,,
JAWA TENGAH,KOTA SEMARANG,GAYAMSARI,PANDEAN LAMPER,3374041006013,,,,
JAWA TENGAH,KOTA SEMARANG,GAYAMSARI,PANDEAN LAMPER,3374041006014,,,,
JAWA TENGAH,KOTA SEMARANG,GAYAMSARI,PANDEAN LAMPER,3374041006015,,,,
JAWA TENGAH,KOTA SEMARANG,GAYAMSARI,PANDEAN LAMPER,3374041006016,,,,
JAWA TENGAH,KOTA SEMARANG,GAYAMSARI,PANDEAN LAMPER,3374041006017,,,,
JAWA TENGAH,KOTA SEMARANG,GAYAMSARI,PANDEAN LAMPER,3374041006018,,,,
JAWA TENGAH,KOTA SEMARANG,GAYAMSARI,PANDEAN LAMPER,3374041006019,58.0,87.0,85.0,230.0
JAWA TENGAH,KOTA SEMARANG,GAYAMSARI,PANDEAN LAMPER,3374041006020,,,,
JAWA TENGAH,KOTA SEMARANG,GAYAMSARI,PANDEAN LAMPER,3374041006021,,,,
JAWA TENGAH,KOTA SEMARANG,GAYAMSARI,PANDEAN LAMPER,3374041006022,,,,
JAWA TENGAH,KOTA SEMARANG,GAYAMSARI,PANDEAN LAMPER,3374041006023,,,,
JAWA TENGAH,KOTA SEMARANG,GAYAMSARI,PANDEAN LAMPER,3374041006024,,,,
JAWA TENGAH,KOTA SEMARANG,GAYAMSARI,PANDEAN LAMPER,3374041006025,,,,
JAWA TENGAH,KOTA SEMARANG,GAYAMSARI,PANDEAN LAMPER,3374041006026,,,,
JAWA TENGAH,KOTA SEMARANG,GAYAMSARI,PANDEAN LAMPER,3374041006027,,,,
JAWA TENGAH,KOTA SEMARANG,GAYAMSARI,PANDEAN LAMPER,3374041006028,33.0,82.0,86.0,201.0
JAWA TENGAH,KOTA SEMARANG,GAYAMSARI,PANDEAN LAMPER,3374041006029,,,,
JAWA TENGAH,KOTA SEMARANG,GAYAMSARI,PANDEAN LAMPER,3374041006030,,,,
JAWA TENGAH,KOTA SEMARANG,GAYAMSARI,PANDEAN LAMPER,3374041006031,,,,
JAWA TENGAH,KOTA SEMARANG,GAYAMSARI,PANDEAN LAMPER,3374041006032,,,,
JAWA TENGAH,KOTA SEMARANG,GAYAMSARI,PANDEAN LAMPER,3374041006033,,,,
JAWA TENGAH,KOTA SEMARANG,GAYAMSARI,PANDEAN LAMPER,3374041006034,,,,
JAWA TENGAH,KOTA SEMARANG,GAYAMSARI,PANDEAN LAMPER,3374041006035,,,,
JAWA TENGAH,KOTA SEMARANG,GAYAMSARI,PANDEAN LAMPER,3374041006036,,,,
JAWA TENGAH,KOTA SEMARANG,GAYAMSARI,PANDEAN LAMPER,3374041006037,,,,
JAWA TENGAH,KOTA SEMARANG,GAYAMSARI,PANDEAN LAMPER,3374041006038,,,,
JAWA TENGAH,KOTA SEMARANG,GAYAMSARI,PANDEAN LAMPER,3374041006039,,,,
JAWA TENGAH,KOTA SEMARANG,GAYAMSARI,PANDEAN LAMPER,3374041006040,,,,
JAWA TENGAH,KOTA SEMARANG,GAYAMSARI,SAMBIREJO,3374041004001,,,,
JAWA TENGAH,KOTA SEMARANG,GAYAMSARI,SAMBIREJO,3374041004002,29.0,112.0,83.0,224.0
JAWA TENGAH,KOTA SEMARANG,GAYAMSARI,SAMBIREJO,3374041004003,20.0,106.0,82.0,208.0
JAWA TENGAH,KOTA SEMARANG,GAYAMSARI,SAMBIREJO,3374041004004,24.0,119.0,96.0,239.0
JAWA TENGAH,KOTA SEMARANG,GAYAMSARI,SAMBIREJO,3374041004005,,,,
JAWA TENGAH,KOTA SEMARANG,GAYAMSARI,SAMBIREJO,3374041004006,22.0,122.0,98.0,242.0
JAWA TENGAH,KOTA SEMARANG,GAYAMSARI,SAMBIREJO,3374041004007,14.0,101.0,109.0,224.0
JAWA TENGAH,KOTA SEMARANG,GAYAMSARI,SAMBIREJO,3374041004008,,,,
JAWA TENGAH,KOTA SEMARANG,GAYAMSARI,SAMBIREJO,3374041004009,28.0,103.0,105.0,236.0
JAWA TENGAH,KOTA SEMARANG,GAYAMSARI,SAMBIREJO,3374041004010,22.0,102.0,106.0,230.0
JAWA TENGAH,KOTA SEMARANG,GAYAMSARI,SAMBIREJO,3374041004011,23.0,101.0,114.0,238.0
JAWA TENGAH,KOTA SEMARANG,GAYAMSARI,SAMBIREJO,3374041004012,18.0,111.0,96.0,225.0
JAWA TENGAH,KOTA SEMARANG,GAYAMSARI,SAMBIREJO,3374041004013,,,,
JAWA TENGAH,KOTA SEMARANG,GAYAMSARI,SAMBIREJO,3374041004014,32.0,114.0,83.0,229.0
JAWA TENGAH,KOTA SEMARANG,GAYAMSARI,SAMBIREJO,3374041004015,42.0,105.0,73.0,220.0
JAWA TENGAH,KOTA SEMARANG,GAYAMSARI,SAMBIREJO,3374041004016,,,,
JAWA TENGAH,KOTA SEMARANG,GAYAMSARI,SAMBIREJO,3374041004017,21.0,113.0,106.0,240.0
JAWA TENGAH,KOTA SEMARANG,GAYAMSARI,SAMBIREJO,3374041004018,14.0,89.0,111.0,214.0
JAWA TENGAH,KOTA SEMARANG,GAYAMSARI,SAMBIREJO,3374041004019,11.0,125.0,71.0,207.0
JAWA TENGAH,KOTA SEMARANG,GAYAMSARI,SAMBIREJO,3374041004020,34.0,127.0,81.0,242.0
JAWA TENGAH,KOTA SEMARANG,GAYAMSARI,SAMBIREJO,3374041004021,17.0,69.0,93.0,179.0
JAWA TENGAH,KOTA SEMARANG,GAYAMSARI,SAMBIREJO,3374041004022,14.0,93.0,90.0,197.0
JAWA TENGAH,KOTA SEMARANG,GAYAMSARI,SAWAH BESAR,3374041003001,22.0,117.0,100.0,239.0
JAWA TENGAH,KOTA SEMARANG,GAYAMSARI,SAWAH BESAR,3374041003002,,,,
JAWA TENGAH,KOTA SEMARANG,GAYAMSARI,SAWAH BESAR,3374041003003,,,,
JAWA TENGAH,KOTA SEMARANG,GAYAMSARI,SAWAH BESAR,3374041003004,14.0,124.0,93.0,231.0
JAWA TENGAH,KOTA SEMARANG,GAYAMSARI,SAWAH BESAR,3374041003005,18.0,99.0,83.0,200.0
JAWA TENGAH,KOTA SEMARANG,GAYAMSARI,SAWAH BESAR,3374041003006,20.0,97.0,116.0,233.0
JAWA TENGAH,KOTA SEMARANG,GAYAMSARI,SAWAH BESAR,3374041003007,48.0,96.0,92.0,236.0
JAWA TENGAH,KOTA SEMARANG,GAYAMSARI,SAWAH BESAR,3374041003008,21.0,144.0,94.0,259.0
JAWA TENGAH,KOTA SEMARANG,GAYAMSARI,SAWAH BESAR,3374041003009,36.0,89.0,112.0,237.0
JAWA TENGAH,KOTA SEMARANG,GAYAMSARI,SAWAH BESAR,3374041003010,16.0,91.0,123.0,230.0
JAWA TENGAH,KOTA SEMARANG,GAYAMSARI,SAWAH BESAR,3374041003011,19.0,91.0,135.0,245.0
JAWA TENGAH,KOTA SEMARANG,GAYAMSARI,SAWAH BESAR,3374041003012,23.0,114.0,110.0,247.0
JAWA TENGAH,KOTA SEMARANG,GAYAMSARI,SAWAH BESAR,3374041003013,15.0,134.0,79.0,228.0
JAWA TENGAH,KOTA SEMARANG,GAYAMSARI,SAWAH BESAR,3374041003014,17.0,107.0,98.0,222.0
JAWA TENGAH,KOTA SEMARANG,GAYAMSARI,SAWAH BESAR,3374041003015,15.0,130.0,96.0,241.0
JAWA TENGAH,KOTA SEMARANG,GAYAMSARI,SAWAH BESAR,3374041003016,16.0,108.0,93.0,217.0
JAWA TENGAH,KOTA SEMARANG,GAYAMSARI,SAWAH BESAR,3374041003017,9.0,108.0,105.0,222.0
JAWA TENGAH,KOTA SEMARANG,GAYAMSARI,SAWAH BESAR,3374041003018,18.0,108.0,84.0,210.0
JAWA TENGAH,KOTA SEMARANG,GAYAMSARI,SAWAH BESAR,3374041003019,,,,
JAWA TENGAH,KOTA SEMARANG,GAYAMSARI,SAWAH BESAR,3374041003020,,,,242.0
JAWA TENGAH,KOTA SEMARANG,GAYAMSARI,SAWAH BESAR,3374041003021,15.0,152.0,73.0,240.0
JAWA TENGAH,KOTA SEMARANG,GAYAMSARI,SAWAH BESAR,3374041003022,18.0,108.0,103.0,229.0
JAWA TENGAH,KOTA SEMARANG,GAYAMSARI,SAWAH BESAR,3374041003023,15.0,120.0,88.0,223.0
JAWA TENGAH,KOTA SEMARANG,GAYAMSARI,SAWAH BESAR,3374041003024,,,,
JAWA TENGAH,KOTA SEMARANG,GAYAMSARI,SAWAH BESAR,3374041003025,13.0,111.0,66.0,190.0
JAWA TENGAH,KOTA SEMARANG,GAYAMSARI,SIWALAN,3374041005001,,,,
JAWA TENGAH,KOTA SEMARANG,GAYAMSARI,SIWALAN,3374041005002,,,,
JAWA TENGAH,KOTA SEMARANG,GAYAMSARI,SIWALAN,3374041005003,,,,
JAWA TENGAH,KOTA SEMARANG,GAYAMSARI,SIWALAN,3374041005004,,,,
JAWA TENGAH,KOTA SEMARANG,GAYAMSARI,SIWALAN,3374041005005,23.0,92.0,109.0,224.0
JAWA TENGAH,KOTA SEMARANG,GAYAMSARI,SIWALAN,3374041005006,16.0,112.0,99.0,227.0
JAWA TENGAH,KOTA SEMARANG,GAYAMSARI,SIWALAN,3374041005007,17.0,111.0,92.0,220.0
JAWA TENGAH,KOTA SEMARANG,GAYAMSARI,SIWALAN,3374041005008,,,,
JAWA TENGAH,KOTA SEMARANG,GAYAMSARI,SIWALAN,3374041005009,,,,
JAWA TENGAH,KOTA SEMARANG,GAYAMSARI,SIWALAN,3374041005010,10.0,125.0,61.0,196.0
JAWA TENGAH,KOTA SEMARANG,GAYAMSARI,SIWALAN,3374041005011,,,,
JAWA TENGAH,KOTA SEMARANG,GAYAMSARI,SIWALAN,3374041005012,13.0,100.0,75.0,188.0
JAWA TENGAH,KOTA SEMARANG,GAYAMSARI,SIWALAN,3374041005013,,,,
JAWA TENGAH,KOTA SEMARANG,GAYAMSARI,SIWALAN,3374041005014,,,,
JAWA TENGAH,KOTA SEMARANG,GAYAMSARI,SIWALAN,3374041005015,,,,
JAWA TENGAH,KOTA SEMARANG,GAYAMSARI,SIWALAN,3374041005016,,,,
JAWA TENGAH,KOTA SEMARANG,GAYAMSARI,SIWALAN,3374041005017,,,,
JAWA TENGAH,KOTA SEMARANG,GAYAMSARI,SIWALAN,3374041005018,22.0,122.0,106.0,250.0
JAWA TENGAH,KOTA SEMARANG,GAYAMSARI,SIWALAN,3374041005019,,,,
JAWA TENGAH,KOTA SEMARANG,GAYAMSARI,SIWALAN,3374041005020,12.0,121.0,106.0,239.0
JAWA TENGAH,KOTA SEMARANG,GAYAMSARI,SIWALAN,3374041005021,18.0,95.0,103.0,216.0
JAWA TENGAH,KOTA SEMARANG,GAYAMSARI,SIWALAN,3374041005022,,,,
JAWA TENGAH,KOTA SEMARANG,GAYAMSARI,TAMBAKREJO,3374041001001,21.0,62.0,60.0,143.0
JAWA TENGAH,KOTA SEMARANG,GAYAMSARI,TAMBAKREJO,3374041001002,20.0,115.0,94.0,229.0
JAWA TENGAH,KOTA SEMARANG,GAYAMSARI,TAMBAKREJO,3374041001003,31.0,90.0,43.0,164.0
JAWA TENGAH,KOTA SEMARANG,GAYAMSARI,TAMBAKREJO,3374041001004,54.0,87.0,44.0,185.0
JAWA TENGAH,KOTA SEMARANG,GAYAMSARI,TAMBAKREJO,3374041001005,26.0,108.0,116.0,250.0
JAWA TENGAH,KOTA SEMARANG,GAYAMSARI,TAMBAKREJO,3374041001006,24.0,110.0,88.0,222.0
JAWA TENGAH,KOTA SEMARANG,GAYAMSARI,TAMBAKREJO,3374041001007,12.0,127.0,87.0,226.0
JAWA TENGAH,KOTA SEMARANG,GAYAMSARI,TAMBAKREJO,3374041001008,17.0,108.0,75.0,200.0
JAWA TENGAH,KOTA SEMARANG,GAYAMSARI,TAMBAKREJO,3374041001009,33.0,96.0,89.0,218.0
JAWA TENGAH,KOTA SEMARANG,GAYAMSARI,TAMBAKREJO,3374041001010,7.0,100.0,119.0,226.0
JAWA TENGAH,KOTA SEMARANG,GAYAMSARI,TAMBAKREJO,3374041001011,28.0,117.0,92.0,237.0
JAWA TENGAH,KOTA SEMARANG,GAYAMSARI,TAMBAKREJO,3374041001012,10.0,127.0,88.0,225.0
JAWA TENGAH,KOTA SEMARANG,GAYAMSARI,TAMBAKREJO,3374041001013,12.0,107.0,105.0,224.0
JAWA TENGAH,KOTA SEMARANG,GAYAMSARI,TAMBAKREJO,3374041001014,25.0,100.0,94.0,219.0
JAWA TENGAH,KOTA SEMARANG,GAYAMSARI,TAMBAKREJO,3374041001015,13.0,118.0,96.0,227.0
JAWA TENGAH,KOTA SEMARANG,GAYAMSARI,TAMBAKREJO,3374041001016,5.0,129.0,88.0,222.0
JAWA TENGAH,KOTA SEMARANG,GAYAMSARI,TAMBAKREJO,3374041001017,10.0,121.0,102.0,233.0
JAWA TENGAH,KOTA SEMARANG,GAYAMSARI,TAMBAKREJO,3374041001018,8.0,129.0,109.0,246.0
JAWA TENGAH,KOTA SEMARANG,GAYAMSARI,TAMBAKREJO,3374041001019,13.0,143.0,103.0,259.0
JAWA TENGAH,KOTA SEMARANG,GAYAMSARI,TAMBAKREJO,3374041001020,13.0,132.0,97.0,242.0
JAWA TENGAH,KOTA SEMARANG,GAYAMSARI,TAMBAKREJO,3374041001021,18.0,117.0,106.0,241.0
JAWA TENGAH,KOTA SEMARANG,GAYAMSARI,TAMBAKREJO,3374041001022,12.0,122.0,87.0,221.0
JAWA TENGAH,KOTA SEMARANG,GAYAMSARI,TAMBAKREJO,3374041001023,15.0,87.0,123.0,225.0
JAWA TENGAH,KOTA SEMARANG,GAYAMSARI,TAMBAKREJO,3374041001024,,,,
JAWA TENGAH,KOTA SEMARANG,GAYAMSARI,TAMBAKREJO,3374041001025,29.0,142.0,74.0,245.0
JAWA TENGAH,KOTA SEMARANG,GAYAMSARI,TAMBAKREJO,3374041001026,17.0,155.0,73.0,245.0
JAWA TENGAH,KOTA SEMARANG,GENUK,BANGETAYU KULON,3374051010001,24.0,127.0,122.0,273.0
JAWA TENGAH,KOTA SEMARANG,GENUK,BANGETAYU KULON,3374051010002,,,,
JAWA TENGAH,KOTA SEMARANG,GENUK,BANGETAYU KULON,3374051010003,25.0,127.0,111.0,263.0
JAWA TENGAH,KOTA SEMARANG,GENUK,BANGETAYU KULON,3374051010004,39.0,93.0,83.0,215.0
JAWA TENGAH,KOTA SEMARANG,GENUK,BANGETAYU KULON,3374051010005,12.0,143.0,96.0,251.0
JAWA TENGAH,KOTA SEMARANG,GENUK,BANGETAYU KULON,3374051010006,,,,
JAWA TENGAH,KOTA SEMARANG,GENUK,BANGETAYU KULON,3374051010007,23.0,124.0,92.0,239.0
JAWA TENGAH,KOTA SEMARANG,GENUK,BANGETAYU KULON,3374051010008,23.0,104.0,99.0,226.0
JAWA TENGAH,KOTA SEMARANG,GENUK,BANGETAYU KULON,3374051010009,24.0,151.0,76.0,251.0
JAWA TENGAH,KOTA SEMARANG,GENUK,BANGETAYU KULON,3374051010010,32.0,98.0,96.0,226.0
JAWA TENGAH,KOTA SEMARANG,GENUK,BANGETAYU KULON,3374051010011,15.0,114.0,100.0,229.0
JAWA TENGAH,KOTA SEMARANG,GENUK,BANGETAYU KULON,3374051010012,47.0,127.0,81.0,255.0
JAWA TENGAH,KOTA SEMARANG,GENUK,BANGETAYU KULON,3374051010013,32.0,154.0,83.0,269.0
JAWA TENGAH,KOTA SEMARANG,GENUK,BANGETAYU KULON,3374051010014,35.0,133.0,77.0,245.0
JAWA TENGAH,KOTA SEMARANG,GENUK,BANGETAYU KULON,3374051010015,29.0,84.0,83.0,196.0
JAWA TENGAH,KOTA SEMARANG,GENUK,BANGETAYU KULON,3374051010016,30.0,113.0,66.0,209.0
JAWA TENGAH,KOTA SEMARANG,GENUK,BANGETAYU KULON,3374051010017,22.0,113.0,53.0,188.0
JAWA TENGAH,KOTA SEMARANG,GENUK,BANGETAYU KULON,3374051010018,24.0,128.0,59.0,211.0
JAWA TENGAH,KOTA SEMARANG,GENUK,BANGETAYU KULON,3374051010019,,,,254.0
JAWA TENGAH,KOTA SEMARANG,GENUK,BANGETAYU KULON,3374051010020,17.0,124.0,106.0,247.0
JAWA TENGAH,KOTA SEMARANG,GENUK,BANGETAYU KULON,3374051010021,16.0,142.0,82.0,240.0
JAWA TENGAH,KOTA SEMARANG,GENUK,BANGETAYU KULON,3374051010022,27.0,158.0,70.0,255.0
JAWA TENGAH,KOTA SEMARANG,GENUK,BANGETAYU KULON,3374051010023,15.0,129.0,90.0,234.0
JAWA TENGAH,KOTA SEMARANG,GENUK,BANGETAYU KULON,3374051010024,17.0,148.0,64.0,229.0
JAWA TENGAH,KOTA SEMARANG,GENUK,BANGETAYU KULON,3374051010025,16.0,128.0,104.0,248.0
JAWA TENGAH,KOTA SEMARANG,GENUK,BANGETAYU KULON,3374051010026,9.0,92.0,97.0,198.0
JAWA TENGAH,KOTA SEMARANG,GENUK,BANGETAYU KULON,3374051010027,38.0,126.0,74.0,238.0
JAWA TENGAH,KOTA SEMARANG,GENUK,BANGETAYU KULON,3374051010028,20.0,89.0,85.0,194.0
JAWA TENGAH,KOTA SEMARANG,GENUK,BANGETAYU KULON,3374051010029,31.0,132.0,94.0,257.0
JAWA TENGAH,KOTA SEMARANG,GENUK,BANGETAYU KULON,3374051010030,11.0,102.0,96.0,209.0
JAWA TENGAH,KOTA SEMARANG,GENUK,BANGETAYU KULON,3374051010031,33.0,90.0,85.0,208.0
JAWA TENGAH,KOTA SEMARANG,GENUK,BANGETAYU KULON,3374051010032,29.0,105.0,114.0,248.0
JAWA TENGAH,KOTA SEMARANG,GENUK,BANGETAYU KULON,3374051010033,26.0,106.0,55.0,187.0
JAWA TENGAH,KOTA SEMARANG,GENUK,BANGETAYU KULON,3374051010034,,,,
JAWA TENGAH,KOTA SEMARANG,GENUK,BANGETAYU KULON,3374051010035,,,,
JAWA TENGAH,KOTA SEMARANG,GENUK,BANGETAYU KULON,3374051010036,51.0,171.0,53.0,275.0
JAWA TENGAH,KOTA SEMARANG,GENUK,BANGETAYU KULON,3374051010037,21.0,137.0,72.0,230.0
JAWA TENGAH,KOTA SEMARANG,GENUK,BANGETAYU KULON,3374051010038,34.0,140.0,100.0,274.0
JAWA TENGAH,KOTA SEMARANG,GENUK,BANGETAYU KULON,3374051010039,24.0,141.0,56.0,221.0
JAWA TENGAH,KOTA SEMARANG,GENUK,BANGETAYU KULON,3374051010040,,,,
JAWA TENGAH,KOTA SEMARANG,GENUK,BANGETAYU KULON,3374051010041,24.0,110.0,95.0,229.0
JAWA TENGAH,KOTA SEMARANG,GENUK,BANGETAYU KULON,3374051010042,27.0,103.0,71.0,201.0
JAWA TENGAH,KOTA SEMARANG,GENUK,BANGETAYU KULON,3374051010043,15.0,129.0,125.0,269.0
JAWA TENGAH,KOTA SEMARANG,GENUK,BANGETAYU KULON,3374051010044,24.0,108.0,97.0,229.0
JAWA TENGAH,KOTA SEMARANG,GENUK,BANGETAYU KULON,3374051010045,9.0,107.0,73.0,189.0
JAWA TENGAH,KOTA SEMARANG,GENUK,BANGETAYU KULON,3374051010046,46.0,127.0,100.0,273.0
JAWA TENGAH,KOTA SEMARANG,GENUK,BANGETAYU KULON,3374051010047,18.0,146.0,92.0,256.0
JAWA TENGAH,KOTA SEMARANG,GENUK,BANGETAYU KULON,3374051010048,18.0,137.0,98.0,253.0
JAWA TENGAH,KOTA SEMARANG,GENUK,BANGETAYU KULON,3374051010049,12.0,102.0,98.0,212.0
JAWA TENGAH,KOTA SEMARANG,GENUK,BANGETAYU KULON,3374051010050,,,,
JAWA TENGAH,KOTA SEMARANG,GENUK,BANGETAYU WETAN,3374051011001,46.0,119.0,59.0,224.0
JAWA TENGAH,KOTA SEMARANG,GENUK,BANGETAYU WETAN,3374051011002,28.0,132.0,77.0,237.0
JAWA TENGAH,KOTA SEMARANG,GENUK,BANGETAYU WETAN,3374051011003,54.0,112.0,55.0,221.0
JAWA TENGAH,KOTA SEMARANG,GENUK,BANGETAYU WETAN,3374051011004,39.0,128.0,72.0,239.0
JAWA TENGAH,KOTA SEMARANG,GENUK,BANGETAYU WETAN,3374051011005,48.0,121.0,72.0,241.0
JAWA TENGAH,KOTA SEMARANG,GENUK,BANGETAYU WETAN,3374051011006,24.0,129.0,59.0,212.0
JAWA TENGAH,KOTA SEMARANG,GENUK,BANGETAYU WETAN,3374051011007,25.0,131.0,93.0,249.0
JAWA TENGAH,KOTA SEMARANG,GENUK,BANGETAYU WETAN,3374051011008,30.0,127.0,86.0,243.0
JAWA TENGAH,KOTA SEMARANG,GENUK,BANGETAYU WETAN,3374051011009,,,,
JAWA TENGAH,KOTA SEMARANG,GENUK,BANGETAYU WETAN,3374051011010,39.0,112.0,84.0,235.0
JAWA TENGAH,KOTA SEMARANG,GENUK,BANGETAYU WETAN,3374051011011,34.0,128.0,87.0,249.0
JAWA TENGAH,KOTA SEMARANG,GENUK,BANGETAYU WETAN,3374051011012,49.0,98.0,84.0,231.0
JAWA TENGAH,KOTA SEMARANG,GENUK,BANGETAYU WETAN,3374051011013,20.0,137.0,84.0,241.0
JAWA TENGAH,KOTA SEMARANG,GENUK,BANGETAYU WETAN,3374051011014,19.0,134.0,88.0,241.0
JAWA TENGAH,KOTA SEMARANG,GENUK,BANGETAYU WETAN,3374051011015,31.0,129.0,81.0,241.0
JAWA TENGAH,KOTA SEMARANG,GENUK,BANGETAYU WETAN,3374051011016,28.0,145.0,63.0,236.0
JAWA TENGAH,KOTA SEMARANG,GENUK,BANGETAYU WETAN,3374051011017,17.0,148.0,72.0,237.0
JAWA TENGAH,KOTA SEMARANG,GENUK,BANGETAYU WETAN,3374051011018,31.0,136.0,69.0,236.0
JAWA TENGAH,KOTA SEMARANG,GENUK,BANGETAYU WETAN,3374051011019,35.0,108.0,78.0,221.0
JAWA TENGAH,KOTA SEMARANG,GENUK,BANGETAYU WETAN,3374051011020,47.0,135.0,70.0,252.0
JAWA TENGAH,KOTA SEMARANG,GENUK,BANGETAYU WETAN,3374051011021,47.0,129.0,74.0,250.0
JAWA TENGAH,KOTA SEMARANG,GENUK,BANGETAYU WETAN,3374051011022,24.0,146.0,78.0,248.0
JAWA TENGAH,KOTA SEMARANG,GENUK,BANGETAYU WETAN,3374051011023,23.0,122.0,129.0,274.0
JAWA TENGAH,KOTA SEMARANG,GENUK,BANGETAYU WETAN,3374051011024,34.0,141.0,67.0,242.0
JAWA TENGAH,KOTA SEMARANG,GENUK,BANGETAYU WETAN,3374051011025,24.0,152.0,82.0,258.0
JAWA TENGAH,KOTA SEMARANG,GENUK,BANGETAYU WETAN,3374051011026,11.0,130.0,120.0,261.0
JAWA TENGAH,KOTA SEMARANG,GENUK,BANGETAYU WETAN,3374051011027,,,,
JAWA TENGAH,KOTA SEMARANG,GENUK,BANGETAYU WETAN,3374051011028,30.0,143.0,65.0,238.0
JAWA TENGAH,KOTA SEMARANG,GENUK,BANGETAYU WETAN,3374051011029,43.0,134.0,68.0,245.0
JAWA TENGAH,KOTA SEMARANG,GENUK,BANGETAYU WETAN,3374051011030,31.0,133.0,78.0,242.0
JAWA TENGAH,KOTA SEMARANG,GENUK,BANGETAYU WETAN,3374051011031,27.0,143.0,72.0,242.0
JAWA TENGAH,KOTA SEMARANG,GENUK,BANGETAYU WETAN,3374051011032,13.0,111.0,106.0,230.0
JAWA TENGAH,KOTA SEMARANG,GENUK,BANGETAYU WETAN,3374051011033,8.0,98.0,108.0,214.0
JAWA TENGAH,KOTA SEMARANG,GENUK,BANGETAYU WETAN,3374051011034,41.0,130.0,96.0,267.0
JAWA TENGAH,KOTA SEMARANG,GENUK,BANGETAYU WETAN,3374051011035,40.0,123.0,80.0,243.0
JAWA TENGAH,KOTA SEMARANG,GENUK,BANGETAYU WETAN,3374051011036,18.0,140.0,98.0,256.0
JAWA TENGAH,KOTA SEMARANG,GENUK,BANGETAYU WETAN,3374051011037,36.0,145.0,72.0,253.0
JAWA TENGAH,KOTA SEMARANG,GENUK,BANGETAYU WETAN,3374051011038,48.0,102.0,90.0,240.0
JAWA TENGAH,KOTA SEMARANG,GENUK,BANGETAYU WETAN,3374051011039,44.0,131.0,92.0,267.0
JAWA TENGAH,KOTA SEMARANG,GENUK,BANJARDOWO,3374051005001,57.0,98.0,64.0,219.0
JAWA TENGAH,KOTA SEMARANG,GENUK,BANJARDOWO,3374051005002,13.0,135.0,79.0,227.0
JAWA TENGAH,KOTA SEMARANG,GENUK,BANJARDOWO,3374051005003,20.0,164.0,67.0,251.0
JAWA TENGAH,KOTA SEMARANG,GENUK,BANJARDOWO,3374051005004,54.0,128.0,62.0,244.0
JAWA TENGAH,KOTA SEMARANG,GENUK,BANJARDOWO,3374051005005,27.0,129.0,83.0,239.0
JAWA TENGAH,KOTA SEMARANG,GENUK,BANJARDOWO,3374051005006,26.0,123.0,99.0,248.0
JAWA TENGAH,KOTA SEMARANG,GENUK,BANJARDOWO,3374051005007,22.0,150.0,92.0,264.0
JAWA TENGAH,KOTA SEMARANG,GENUK,BANJARDOWO,3374051005008,52.0,127.0,67.0,246.0
JAWA TENGAH,KOTA SEMARANG,GENUK,BANJARDOWO,3374051005009,27.0,144.0,94.0,265.0
JAWA TENGAH,KOTA SEMARANG,GENUK,BANJARDOWO,3374051005010,27.0,162.0,60.0,249.0
JAWA TENGAH,KOTA SEMARANG,GENUK,BANJARDOWO,3374051005011,30.0,112.0,96.0,238.0
JAWA TENGAH,KOTA SEMARANG,GENUK,BANJARDOWO,3374051005012,23.0,156.0,62.0,241.0
JAWA TENGAH,KOTA SEMARANG,GENUK,BANJARDOWO,3374051005013,29.0,100.0,84.0,213.0
JAWA TENGAH,KOTA SEMARANG,GENUK,BANJARDOWO,3374051005014,34.0,111.0,91.0,236.0
JAWA TENGAH,KOTA SEMARANG,GENUK,BANJARDOWO,3374051005015,58.0,122.0,77.0,257.0
JAWA TENGAH,KOTA SEMARANG,GENUK,BANJARDOWO,3374051005016,60.0,98.0,71.0,229.0
JAWA TENGAH,KOTA SEMARANG,GENUK,BANJARDOWO,3374051005017,,,,
JAWA TENGAH,KOTA SEMARANG,GENUK,BANJARDOWO,3374051005018,60.0,114.0,54.0,228.0
JAWA TENGAH,KOTA SEMARANG,GENUK,BANJARDOWO,3374051005019,37.0,154.0,47.0,238.0
JAWA TENGAH,KOTA SEMARANG,GENUK,BANJARDOWO,3374051005020,47.0,131.0,56.0,234.0
JAWA TENGAH,KOTA SEMARANG,GENUK,BANJARDOWO,3374051005021,57.0,94.0,55.0,206.0
JAWA TENGAH,KOTA SEMARANG,GENUK,BANJARDOWO,3374051005022,48.0,95.0,72.0,215.0
JAWA TENGAH,KOTA SEMARANG,GENUK,BANJARDOWO,3374051005023,32.0,122.0,68.0,222.0
JAWA TENGAH,KOTA SEMARANG,GENUK,BANJARDOWO,3374051005024,34.0,123.0,61.0,218.0
JAWA TENGAH,KOTA SEMARANG,GENUK,BANJARDOWO,3374051005025,23.0,141.0,58.0,222.0
JAWA TENGAH,KOTA SEMARANG,GENUK,BANJARDOWO,3374051005026,11.0,126.0,57.0,194.0
JAWA TENGAH,KOTA SEMARANG,GENUK,BANJARDOWO,3374051005027,,,,
JAWA TENGAH,KOTA SEMARANG,GENUK,BANJARDOWO,3374051005028,17.0,129.0,60.0,206.0
JAWA TENGAH,KOTA SEMARANG,GENUK,BANJARDOWO,3374051005029,15.0,128.0,102.0,245.0
JAWA TENGAH,KOTA SEMARANG,GENUK,GEBANGSARI,3374051006001,38.0,122.0,62.0,222.0
JAWA TENGAH,KOTA SEMARANG,GENUK,GEBANGSARI,3374051006002,51.0,92.0,69.0,212.0
JAWA TENGAH,KOTA SEMARANG,GENUK,GEBANGSARI,3374051006003,30.0,100.0,62.0,192.0
JAWA TENGAH,KOTA SEMARANG,GENUK,GEBANGSARI,3374051006004,44.0,96.0,73.0,213.0
JAWA TENGAH,KOTA SEMARANG,GENUK,GEBANGSARI,3374051006005,31.0,72.0,80.0,183.0
JAWA TENGAH,KOTA SEMARANG,GENUK,GEBANGSARI,3374051006006,41.0,105.0,67.0,213.0
JAWA TENGAH,KOTA SEMARANG,GENUK,GEBANGSARI,3374051006007,,,,
JAWA TENGAH,KOTA SEMARANG,GENUK,GEBANGSARI,3374051006008,33.0,94.0,78.0,205.0
JAWA TENGAH,KOTA SEMARANG,GENUK,GEBANGSARI,3374051006009,39.0,92.0,76.0,207.0
JAWA TENGAH,KOTA SEMARANG,GENUK,GEBANGSARI,3374051006010,17.0,102.0,77.0,196.0
JAWA TENGAH,KOTA SEMARANG,GENUK,GEBANGSARI,3374051006011,19.0,104.0,93.0,216.0
JAWA TENGAH,KOTA SEMARANG,GENUK,GEBANGSARI,3374051006012,24.0,117.0,80.0,221.0
JAWA TENGAH,KOTA SEMARANG,GENUK,GEBANGSARI,3374051006013,81.0,72.0,71.0,224.0
JAWA TENGAH,KOTA SEMARANG,GENUK,GEBANGSARI,3374051006014,19.0,86.0,88.0,193.0
JAWA TENGAH,KOTA SEMARANG,GENUK,GEBANGSARI,3374051006015,,,,
JAWA TENGAH,KOTA SEMARANG,GENUK,GENUKSARI,3374051004001,37.0,115.0,87.0,239.0
JAWA TENGAH,KOTA SEMARANG,GENUK,GENUKSARI,3374051004002,37.0,129.0,64.0,230.0
JAWA TENGAH,KOTA SEMARANG,GENUK,GENUKSARI,3374051004003,48.0,125.0,63.0,236.0
JAWA TENGAH,KOTA SEMARANG,GENUK,GENUKSARI,3374051004004,33.0,105.0,83.0,221.0
JAWA TENGAH,KOTA SEMARANG,GENUK,GENUKSARI,3374051004005,28.0,147.0,72.0,247.0
JAWA TENGAH,KOTA SEMARANG,GENUK,GENUKSARI,3374051004006,9.0,145.0,87.0,241.0
JAWA TENGAH,KOTA SEMARANG,GENUK,GENUKSARI,3374051004007,32.0,133.0,73.0,238.0
JAWA TENGAH,KOTA SEMARANG,GENUK,GENUKSARI,3374051004008,7.0,149.0,89.0,245.0
JAWA TENGAH,KOTA SEMARANG,GENUK,GENUKSARI,3374051004009,22.0,144.0,76.0,242.0
JAWA TENGAH,KOTA SEMARANG,GENUK,GENUKSARI,3374051004010,4.0,126.0,80.0,210.0
JAWA TENGAH,KOTA SEMARANG,GENUK,GENUKSARI,3374051004011,25.0,115.0,79.0,219.0
JAWA TENGAH,KOTA SEMARANG,GENUK,GENUKSARI,3374051004012,32.0,135.0,67.0,234.0
JAWA TENGAH,KOTA SEMARANG,GENUK,GENUKSARI,3374051004013,49.0,124.0,66.0,239.0
JAWA TENGAH,KOTA SEMARANG,GENUK,GENUKSARI,3374051004014,38.0,117.0,79.0,234.0
JAWA TENGAH,KOTA SEMARANG,GENUK,GENUKSARI,3374051004015,,,,
JAWA TENGAH,KOTA SEMARANG,GENUK,GENUKSARI,3374051004016,25.0,138.0,80.0,243.0
JAWA TENGAH,KOTA SEMARANG,GENUK,GENUKSARI,3374051004017,26.0,161.0,68.0,255.0
JAWA TENGAH,KOTA SEMARANG,GENUK,GENUKSARI,3374051004018,47.0,71.0,64.0,182.0
JAWA TENGAH,KOTA SEMARANG,GENUK,GENUKSARI,3374051004019,46.0,130.0,55.0,231.0
JAWA TENGAH,KOTA SEMARANG,GENUK,GENUKSARI,3374051004020,24.0,137.0,56.0,217.0
JAWA TENGAH,KOTA SEMARANG,GENUK,GENUKSARI,3374051004021,,,,
JAWA TENGAH,KOTA SEMARANG,GENUK,GENUKSARI,3374051004022,26.0,125.0,109.0,260.0
JAWA TENGAH,KOTA SEMARANG,GENUK,GENUKSARI,3374051004023,10.0,94.0,63.0,167.0
JAWA TENGAH,KOTA SEMARANG,GENUK,GENUKSARI,3374051004024,28.0,147.0,80.0,255.0
JAWA TENGAH,KOTA SEMARANG,GENUK,GENUKSARI,3374051004025,17.0,150.0,102.0,269.0
JAWA TENGAH,KOTA SEMARANG,GENUK,GENUKSARI,3374051004026,20.0,142.0,81.0,243.0
JAWA TENGAH,KOTA SEMARANG,GENUK,GENUKSARI,3374051004027,23.0,132.0,84.0,239.0
JAWA TENGAH,KOTA SEMARANG,GENUK,GENUKSARI,3374051004028,19.0,143.0,83.0,245.0
JAWA TENGAH,KOTA SEMARANG,GENUK,GENUKSARI,3374051004029,19.0,133.0,83.0,235.0
JAWA TENGAH,KOTA SEMARANG,GENUK,GENUKSARI,3374051004030,23.0,141.0,94.0,258.0
JAWA TENGAH,KOTA SEMARANG,GENUK,GENUKSARI,3374051004031,23.0,154.0,87.0,264.0
JAWA TENGAH,KOTA SEMARANG,GENUK,GENUKSARI,3374051004032,22.0,109.0,91.0,222.0
JAWA TENGAH,KOTA SEMARANG,GENUK,GENUKSARI,3374051004033,,,,
JAWA TENGAH,KOTA SEMARANG,GENUK,GENUKSARI,3374051004034,34.0,126.0,89.0,249.0
JAWA TENGAH,KOTA SEMARANG,GENUK,GENUKSARI,3374051004035,30.0,125.0,84.0,239.0
JAWA TENGAH,KOTA SEMARANG,GENUK,GENUKSARI,3374051004036,16.0,121.0,120.0,257.0
JAWA TENGAH,KOTA SEMARANG,GENUK,GENUKSARI,3374051004037,8.0,128.0,112.0,248.0
JAWA TENGAH,KOTA SEMARANG,GENUK,GENUKSARI,3374051004038,23.0,100.0,109.0,232.0
JAWA TENGAH,KOTA SEMARANG,GENUK,GENUKSARI,3374051004039,10.0,131.0,102.0,243.0
JAWA TENGAH,KOTA SEMARANG,GENUK,GENUKSARI,3374051004040,,,,
JAWA TENGAH,KOTA SEMARANG,GENUK,GENUKSARI,3374051004041,17.0,110.0,107.0,234.0
JAWA TENGAH,KOTA SEMARANG,GENUK,GENUKSARI,3374051004042,28.0,110.0,96.0,234.0
JAWA TENGAH,KOTA SEMARANG,GENUK,GENUKSARI,3374051004043,48.0,114.0,71.0,233.0
JAWA TENGAH,KOTA SEMARANG,GENUK,GENUKSARI,3374051004044,23.0,90.0,57.0,170.0
JAWA TENGAH,KOTA SEMARANG,GENUK,GENUKSARI,3374051004045,8.0,118.0,80.0,206.0
JAWA TENGAH,KOTA SEMARANG,GENUK,GENUKSARI,3374051004046,16.0,123.0,68.0,207.0
JAWA TENGAH,KOTA SEMARANG,GENUK,GENUKSARI,3374051004047,26.0,85.0,52.0,163.0
JAWA TENGAH,KOTA SEMARANG,GENUK,KARANGROTO,3374051003001,26.0,156.0,82.0,264.0
JAWA TENGAH,KOTA SEMARANG,GENUK,KARANGROTO,3374051003002,11.0,154.0,88.0,253.0
JAWA TENGAH,KOTA SEMARANG,GENUK,KARANGROTO,3374051003003,11.0,139.0,68.0,218.0
JAWA TENGAH,KOTA SEMARANG,GENUK,KARANGROTO,3374051003004,13.0,137.0,86.0,236.0
JAWA TENGAH,KOTA SEMARANG,GENUK,KARANGROTO,3374051003005,38.0,112.0,70.0,220.0
JAWA TENGAH,KOTA SEMARANG,GENUK,KARANGROTO,3374051003006,18.0,112.0,102.0,232.0
JAWA TENGAH,KOTA SEMARANG,GENUK,KARANGROTO,3374051003007,,,,
JAWA TENGAH,KOTA SEMARANG,GENUK,KARANGROTO,3374051003008,12.0,106.0,122.0,240.0
JAWA TENGAH,KOTA SEMARANG,GENUK,KARANGROTO,3374051003009,31.0,112.0,79.0,222.0
JAWA TENGAH,KOTA SEMARANG,GENUK,KARANGROTO,3374051003010,26.0,145.0,97.0,268.0
JAWA TENGAH,KOTA SEMARANG,GENUK,KARANGROTO,3374051003011,31.0,131.0,88.0,250.0
JAWA TENGAH,KOTA SEMARANG,GENUK,KARANGROTO,3374051003012,,,,
JAWA TENGAH,KOTA SEMARANG,GENUK,KARANGROTO,3374051003013,33.0,136.0,55.0,224.0
JAWA TENGAH,KOTA SEMARANG,GENUK,KARANGROTO,3374051003014,,,,
JAWA TENGAH,KOTA SEMARANG,GENUK,KARANGROTO,3374051003015,25.0,124.0,60.0,209.0
JAWA TENGAH,KOTA SEMARANG,GENUK,KARANGROTO,3374051003016,28.0,102.0,80.0,210.0
JAWA TENGAH,KOTA SEMARANG,GENUK,KARANGROTO,3374051003017,15.0,118.0,88.0,221.0
JAWA TENGAH,KOTA SEMARANG,GENUK,KARANGROTO,3374051003018,,,,
JAWA TENGAH,KOTA SEMARANG,GENUK,KARANGROTO,3374051003019,14.0,112.0,78.0,204.0
JAWA TENGAH,KOTA SEMARANG,GENUK,KARANGROTO,3374051003020,46.0,150.0,56.0,252.0
JAWA TENGAH,KOTA SEMARANG,GENUK,KARANGROTO,3374051003021,,,,
JAWA TENGAH,KOTA SEMARANG,GENUK,KARANGROTO,3374051003022,19.0,101.0,91.0,211.0
JAWA TENGAH,KOTA SEMARANG,GENUK,KARANGROTO,3374051003023,30.0,124.0,51.0,205.0
JAWA TENGAH,KOTA SEMARANG,GENUK,KARANGROTO,3374051003024,35.0,120.0,76.0,231.0
JAWA TENGAH,KOTA SEMARANG,GENUK,KARANGROTO,3374051003025,20.0,132.0,87.0,239.0
JAWA TENGAH,KOTA SEMARANG,GENUK,KARANGROTO,3374051003026,,,,
JAWA TENGAH,KOTA SEMARANG,GENUK,KARANGROTO,3374051003027,26.0,160.0,65.0,251.0
JAWA TENGAH,KOTA SEMARANG,GENUK,KARANGROTO,3374051003028,17.0,120.0,83.0,220.0
JAWA TENGAH,KOTA SEMARANG,GENUK,KARANGROTO,3374051003029,12.0,125.0,76.0,213.0
JAWA TENGAH,KOTA SEMARANG,GENUK,KARANGROTO,3374051003030,,,,
JAWA TENGAH,KOTA SEMARANG,GENUK,KARANGROTO,3374051003031,10.0,65.0,122.0,197.0
JAWA TENGAH,KOTA SEMARANG,GENUK,KARANGROTO,3374051003032,18.0,112.0,90.0,220.0
JAWA TENGAH,KOTA SEMARANG,GENUK,KARANGROTO,3374051003033,24.0,125.0,82.0,231.0
JAWA TENGAH,KOTA SEMARANG,GENUK,KARANGROTO,3374051003034,,,,
JAWA TENGAH,KOTA SEMARANG,GENUK,KARANGROTO,3374051003035,19.0,96.0,105.0,220.0
JAWA TENGAH,KOTA SEMARANG,GENUK,KARANGROTO,3374051003036,28.0,111.0,85.0,224.0
JAWA TENGAH,KOTA SEMARANG,GENUK,KARANGROTO,3374051003037,13.0,113.0,88.0,214.0
JAWA TENGAH,KOTA SEMARANG,GENUK,KARANGROTO,3374051003038,22.0,135.0,83.0,240.0
JAWA TENGAH,KOTA SEMARANG,GENUK,KARANGROTO,3374051003039,23.0,149.0,67.0,239.0
JAWA TENGAH,KOTA SEMARANG,GENUK,KUDU,3374051002001,24.0,153.0,68.0,245.0
JAWA TENGAH,KOTA SEMARANG,GENUK,KUDU,3374051002002,17.0,124.0,97.0,238.0
JAWA TENGAH,KOTA SEMARANG,GENUK,KUDU,3374051002003,,,,
JAWA TENGAH,KOTA SEMARANG,GENUK,KUDU,3374051002004,31.0,130.0,95.0,256.0
JAWA TENGAH,KOTA SEMARANG,GENUK,KUDU,3374051002005,41.0,147.0,69.0,257.0
JAWA TENGAH,KOTA SEMARANG,GENUK,KUDU,3374051002006,25.0,142.0,63.0,230.0
JAWA TENGAH,KOTA SEMARANG,GENUK,KUDU,3374051002007,30.0,112.0,71.0,213.0
JAWA TENGAH,KOTA SEMARANG,GENUK,KUDU,3374051002008,29.0,147.0,81.0,257.0
JAWA TENGAH,KOTA SEMARANG,GENUK,KUDU,3374051002009,,,,
JAWA TENGAH,KOTA SEMARANG,GENUK,KUDU,3374051002010,10.0,158.0,80.0,248.0
JAWA TENGAH,KOTA SEMARANG,GENUK,KUDU,3374051002011,,,,
JAWA TENGAH,KOTA SEMARANG,GENUK,KUDU,3374051002012,27.0,129.0,111.0,267.0
JAWA TENGAH,KOTA SEMARANG,GENUK,KUDU,3374051002013,19.0,136.0,82.0,237.0
JAWA TENGAH,KOTA SEMARANG,GENUK,KUDU,3374051002014,15.0,138.0,66.0,219.0
JAWA TENGAH,KOTA SEMARANG,GENUK,KUDU,3374051002015,18.0,159.0,60.0,237.0
JAWA TENGAH,KOTA SEMARANG,GENUK,KUDU,3374051002016,27.0,123.0,82.0,232.0
JAWA TENGAH,KOTA SEMARANG,GENUK,KUDU,3374051002017,14.0,156.0,86.0,256.0
JAWA TENGAH,KOTA SEMARANG,GENUK,KUDU,3374051002018,19.0,122.0,94.0,235.0
JAWA TENGAH,KOTA SEMARANG,GENUK,KUDU,3374051002019,14.0,149.0,102.0,265.0
JAWA TENGAH,KOTA SEMARANG,GENUK,KUDU,3374051002020,,,,
JAWA TENGAH,KOTA SEMARANG,GENUK,KUDU,3374051002021,10.0,152.0,82.0,244.0
JAWA TENGAH,KOTA SEMARANG,GENUK,KUDU,3374051002022,18.0,138.0,72.0,228.0
JAWA TENGAH,KOTA SEMARANG,GENUK,KUDU,3374051002023,,,,
JAWA TENGAH,KOTA SEMARANG,GENUK,KUDU,3374051002024,14.0,136.0,93.0,243.0
JAWA TENGAH,KOTA SEMARANG,GENUK,KUDU,3374051002025,10.0,132.0,96.0,238.0
JAWA TENGAH,KOTA SEMARANG,GENUK,KUDU,3374051002026,10.0,111.0,65.0,186.0
JAWA TENGAH,KOTA SEMARANG,GENUK,MUKTIHARJO LOR,3374051009001,13.0,98.0,67.0,178.0
JAWA TENGAH,KOTA SEMARANG,GENUK,MUKTIHARJO LOR,3374051009002,11.0,94.0,65.0,170.0
JAWA TENGAH,KOTA SEMARANG,GENUK,MUKTIHARJO LOR,3374051009003,,,,
JAWA TENGAH,KOTA SEMARANG,GENUK,MUKTIHARJO LOR,3374051009004,,,,
JAWA TENGAH,KOTA SEMARANG,GENUK,MUKTIHARJO LOR,3374051009005,10.0,145.0,106.0,261.0
JAWA TENGAH,KOTA SEMARANG,GENUK,MUKTIHARJO LOR,3374051009006,14.0,113.0,126.0,253.0
JAWA TENGAH,KOTA SEMARANG,GENUK,MUKTIHARJO LOR,3374051009007,28.0,94.0,102.0,224.0
JAWA TENGAH,KOTA SEMARANG,GENUK,MUKTIHARJO LOR,3374051009008,32.0,125.0,97.0,254.0
JAWA TENGAH,KOTA SEMARANG,GENUK,MUKTIHARJO LOR,3374051009009,13.0,109.0,112.0,234.0
JAWA TENGAH,KOTA SEMARANG,GENUK,MUKTIHARJO LOR,3374051009010,11.0,104.0,118.0,233.0
JAWA TENGAH,KOTA SEMARANG,GENUK,MUKTIHARJO LOR,3374051009011,1.0,104.0,86.0,191.0
JAWA TENGAH,KOTA SEMARANG,GENUK,PENGGARON LOR,3374051008001,34.0,145.0,69.0,248.0
JAWA TENGAH,KOTA SEMARANG,GENUK,PENGGARON LOR,3374051008002,33.0,120.0,83.0,236.0
JAWA TENGAH,KOTA SEMARANG,GENUK,PENGGARON LOR,3374051008003,11.0,148.0,83.0,242.0
JAWA TENGAH,KOTA SEMARANG,GENUK,PENGGARON LOR,3374051008004,17.0,159.0,77.0,253.0
JAWA TENGAH,KOTA SEMARANG,GENUK,PENGGARON LOR,3374051008005,,,,
JAWA TENGAH,KOTA SEMARANG,GENUK,PENGGARON LOR,3374051008006,,,,
JAWA TENGAH,KOTA SEMARANG,GENUK,PENGGARON LOR,3374051008007,43.0,131.0,51.0,225.0
JAWA TENGAH,KOTA SEMARANG,GENUK,PENGGARON LOR,3374051008008,22.0,138.0,93.0,253.0
JAWA TENGAH,KOTA SEMARANG,GENUK,PENGGARON LOR,3374051008009,37.0,121.0,78.0,236.0
JAWA TENGAH,KOTA SEMARANG,GENUK,PENGGARON LOR,3374051008010,15.0,132.0,67.0,214.0
JAWA TENGAH,KOTA SEMARANG,GENUK,PENGGARON LOR,3374051008011,25.0,122.0,75.0,222.0
JAWA TENGAH,KOTA SEMARANG,GENUK,PENGGARON LOR,3374051008012,14.0,102.0,95.0,211.0
JAWA TENGAH,KOTA SEMARANG,GENUK,PENGGARON LOR,3374051008013,22.0,146.0,81.0,249.0
JAWA TENGAH,KOTA SEMARANG,GENUK,PENGGARON LOR,3374051008014,31.0,144.0,81.0,256.0
JAWA TENGAH,KOTA SEMARANG,GENUK,PENGGARON LOR,3374051008015,31.0,116.0,74.0,221.0
JAWA TENGAH,KOTA SEMARANG,GENUK,PENGGARON LOR,3374051008016,18.0,89.0,142.0,249.0
JAWA TENGAH,KOTA SEMARANG,GENUK,PENGGARON LOR,3374051008017,,,,
JAWA TENGAH,KOTA SEMARANG,GENUK,SEMBUNGHARJO,3374051001001,,,,
JAWA TENGAH,KOTA SEMARANG,GENUK,SEMBUNGHARJO,3374051001002,38.0,134.0,79.0,251.0
JAWA TENGAH,KOTA SEMARANG,GENUK,SEMBUNGHARJO,3374051001003,38.0,154.0,69.0,261.0
JAWA TENGAH,KOTA SEMARANG,GENUK,SEMBUNGHARJO,3374051001004,26.0,147.0,82.0,255.0
JAWA TENGAH,KOTA SEMARANG,GENUK,SEMBUNGHARJO,3374051001005,,,,
JAWA TENGAH,KOTA SEMARANG,GENUK,SEMBUNGHARJO,3374051001006,14.0,148.0,87.0,249.0
JAWA TENGAH,KOTA SEMARANG,GENUK,SEMBUNGHARJO,3374051001007,15.0,113.0,121.0,249.0
JAWA TENGAH,KOTA SEMARANG,GENUK,SEMBUNGHARJO,3374051001008,15.0,167.0,59.0,241.0
JAWA TENGAH,KOTA SEMARANG,GENUK,SEMBUNGHARJO,3374051001009,,,,
JAWA TENGAH,KOTA SEMARANG,GENUK,SEMBUNGHARJO,3374051001010,38.0,142.0,102.0,282.0
JAWA TENGAH,KOTA SEMARANG,GENUK,SEMBUNGHARJO,3374051001011,,,,
JAWA TENGAH,KOTA SEMARANG,GENUK,SEMBUNGHARJO,3374051001012,33.0,118.0,85.0,236.0
JAWA TENGAH,KOTA SEMARANG,GENUK,SEMBUNGHARJO,3374051001013,32.0,141.0,85.0,258.0
JAWA TENGAH,KOTA SEMARANG,GENUK,SEMBUNGHARJO,3374051001014,33.0,125.0,103.0,261.0
JAWA TENGAH,KOTA SEMARANG,GENUK,SEMBUNGHARJO,3374051001015,24.0,128.0,99.0,251.0
JAWA TENGAH,KOTA SEMARANG,GENUK,SEMBUNGHARJO,3374051001016,,,,
JAWA TENGAH,KOTA SEMARANG,GENUK,SEMBUNGHARJO,3374051001017,,,,
JAWA TENGAH,KOTA SEMARANG,GENUK,SEMBUNGHARJO,3374051001018,,,,
JAWA TENGAH,KOTA SEMARANG,GENUK,SEMBUNGHARJO,3374051001019,37.0,132.0,74.0,243.0
JAWA TENGAH,KOTA SEMARANG,GENUK,SEMBUNGHARJO,3374051001020,32.0,130.0,89.0,251.0
JAWA TENGAH,KOTA SEMARANG,GENUK,SEMBUNGHARJO,3374051001021,32.0,109.0,92.0,233.0
JAWA TENGAH,KOTA SEMARANG,GENUK,SEMBUNGHARJO,3374051001022,34.0,129.0,77.0,240.0
JAWA TENGAH,KOTA SEMARANG,GENUK,SEMBUNGHARJO,3374051001023,71.0,109.0,64.0,244.0
JAWA TENGAH,KOTA SEMARANG,GENUK,SEMBUNGHARJO,3374051001024,36.0,117.0,71.0,224.0
JAWA TENGAH,KOTA SEMARANG,GENUK,SEMBUNGHARJO,3374051001025,32.0,130.0,98.0,260.0
JAWA TENGAH,KOTA SEMARANG,GENUK,SEMBUNGHARJO,3374051001026,48.0,95.0,86.0,229.0
JAWA TENGAH,KOTA SEMARANG,GENUK,SEMBUNGHARJO,3374051001027,76.0,96.0,66.0,238.0
JAWA TENGAH,KOTA SEMARANG,GENUK,SEMBUNGHARJO,3374051001028,41.0,97.0,85.0,223.0
JAWA TENGAH,KOTA SEMARANG,GENUK,SEMBUNGHARJO,3374051001029,19.0,142.0,81.0,242.0
JAWA TENGAH,KOTA SEMARANG,GENUK,SEMBUNGHARJO,3374051001030,31.0,122.0,100.0,253.0
JAWA TENGAH,KOTA SEMARANG,GENUK,SEMBUNGHARJO,3374051001031,22.0,122.0,57.0,201.0
JAWA TENGAH,KOTA SEMARANG,GENUK,SEMBUNGHARJO,3374051001032,23.0,143.0,83.0,249.0
JAWA TENGAH,KOTA SEMARANG,GENUK,SEMBUNGHARJO,3374051001033,19.0,156.0,72.0,247.0
JAWA TENGAH,KOTA SEMARANG,GENUK,SEMBUNGHARJO,3374051001034,18.0,134.0,78.0,230.0
JAWA TENGAH,KOTA SEMARANG,GENUK,SEMBUNGHARJO,3374051001035,14.0,133.0,101.0,248.0
JAWA TENGAH,KOTA SEMARANG,GENUK,SEMBUNGHARJO,3374051001036,9.0,131.0,110.0,250.0
JAWA TENGAH,KOTA SEMARANG,GENUK,TERBOYO KULON,3374051012001,15.0,115.0,77.0,207.0
JAWA TENGAH,KOTA SEMARANG,GENUK,TERBOYO KULON,3374051012002,13.0,101.0,59.0,173.0
JAWA TENGAH,KOTA SEMARANG,GENUK,TERBOYO WETAN,3374051013001,9.0,121.0,81.0,211.0
JAWA TENGAH,KOTA SEMARANG,GENUK,TERBOYO WETAN,3374051013002,26.0,94.0,101.0,221.0
JAWA TENGAH,KOTA SEMARANG,GENUK,TERBOYO WETAN,3374051013003,21.0,136.0,112.0,269.0
JAWA TENGAH,KOTA SEMARANG,GENUK,TERBOYO WETAN,3374051013004,23.0,120.0,97.0,240.0
JAWA TENGAH,KOTA SEMARANG,GENUK,TRIMULYO,3374051007001,23.0,125.0,82.0,230.0
JAWA TENGAH,KOTA SEMARANG,GENUK,TRIMULYO,3374051007002,10.0,146.0,84.0,240.0
JAWA TENGAH,KOTA SEMARANG,GENUK,TRIMULYO,3374051007003,14.0,134.0,71.0,219.0
JAWA TENGAH,KOTA SEMARANG,GENUK,TRIMULYO,3374051007004,32.0,81.0,61.0,174.0
JAWA TENGAH,KOTA SEMARANG,GENUK,TRIMULYO,3374051007005,19.0,107.0,61.0,187.0
JAWA TENGAH,KOTA SEMARANG,GENUK,TRIMULYO,3374051007006,13.0,113.0,58.0,184.0
JAWA TENGAH,KOTA SEMARANG,GENUK,TRIMULYO,3374051007007,24.0,106.0,89.0,219.0
JAWA TENGAH,KOTA SEMARANG,GENUK,TRIMULYO,3374051007008,,,,
JAWA TENGAH,KOTA SEMARANG,GENUK,TRIMULYO,3374051007009,,,,
JAWA TENGAH,KOTA SEMARANG,GENUK,TRIMULYO,3374051007010,,,,
JAWA TENGAH,KOTA SEMARANG,GUNUNGPATI,CEPOKO,3374121012001,,,,
JAWA TENGAH,KOTA SEMARANG,GUNUNGPATI,CEPOKO,3374121012002,,,,
JAWA TENGAH,KOTA SEMARANG,GUNUNGPATI,CEPOKO,3374121012003,,,,
JAWA TENGAH,KOTA SEMARANG,GUNUNGPATI,CEPOKO,3374121012004,,,,
JAWA TENGAH,KOTA SEMARANG,GUNUNGPATI,CEPOKO,3374121012005,31.0,108.0,94.0,233.0
JAWA TENGAH,KOTA SEMARANG,GUNUNGPATI,CEPOKO,3374121012006,,,,
JAWA TENGAH,KOTA SEMARANG,GUNUNGPATI,CEPOKO,3374121012007,9.0,99.0,95.0,203.0
JAWA TENGAH,KOTA SEMARANG,GUNUNGPATI,CEPOKO,3374121012008,45.0,103.0,119.0,267.0
JAWA TENGAH,KOTA SEMARANG,GUNUNGPATI,CEPOKO,3374121012009,26.0,131.0,121.0,278.0
JAWA TENGAH,KOTA SEMARANG,GUNUNGPATI,GUNUNGPATI,3374121004001,27.0,131.0,94.0,252.0
JAWA TENGAH,KOTA SEMARANG,GUNUNGPATI,GUNUNGPATI,3374121004002,48.0,141.0,64.0,253.0
JAWA TENGAH,KOTA SEMARANG,GUNUNGPATI,GUNUNGPATI,3374121004003,78.0,124.0,69.0,271.0
JAWA TENGAH,KOTA SEMARANG,GUNUNGPATI,GUNUNGPATI,3374121004004,59.0,125.0,68.0,252.0
JAWA TENGAH,KOTA SEMARANG,GUNUNGPATI,GUNUNGPATI,3374121004005,45.0,83.0,65.0,193.0
JAWA TENGAH,KOTA SEMARANG,GUNUNGPATI,GUNUNGPATI,3374121004006,36.0,112.0,85.0,233.0
JAWA TENGAH,KOTA SEMARANG,GUNUNGPATI,GUNUNGPATI,3374121004007,52.0,106.0,94.0,252.0
JAWA TENGAH,KOTA SEMARANG,GUNUNGPATI,GUNUNGPATI,3374121004008,27.0,111.0,62.0,200.0
JAWA TENGAH,KOTA SEMARANG,GUNUNGPATI,GUNUNGPATI,3374121004009,27.0,94.0,67.0,188.0
JAWA TENGAH,KOTA SEMARANG,GUNUNGPATI,GUNUNGPATI,3374121004010,33.0,145.0,80.0,258.0
JAWA TENGAH,KOTA SEMARANG,GUNUNGPATI,GUNUNGPATI,3374121004011,27.0,137.0,83.0,247.0
JAWA TENGAH,KOTA SEMARANG,GUNUNGPATI,GUNUNGPATI,3374121004012,15.0,158.0,77.0,250.0
JAWA TENGAH,KOTA SEMARANG,GUNUNGPATI,GUNUNGPATI,3374121004013,25.0,131.0,62.0,218.0
JAWA TENGAH,KOTA SEMARANG,GUNUNGPATI,GUNUNGPATI,3374121004014,35.0,128.0,67.0,230.0
JAWA TENGAH,KOTA SEMARANG,GUNUNGPATI,GUNUNGPATI,3374121004015,12.0,99.0,70.0,181.0
JAWA TENGAH,KOTA SEMARANG,GUNUNGPATI,GUNUNGPATI,3374121004016,24.0,121.0,93.0,238.0
JAWA TENGAH,KOTA SEMARANG,GUNUNGPATI,GUNUNGPATI,3374121004017,,,,
JAWA TENGAH,KOTA SEMARANG,GUNUNGPATI,GUNUNGPATI,3374121004018,16.0,117.0,134.0,267.0
JAWA TENGAH,KOTA SEMARANG,GUNUNGPATI,GUNUNGPATI,3374121004019,33.0,132.0,79.0,244.0
JAWA TENGAH,KOTA SEMARANG,GUNUNGPATI,GUNUNGPATI,3374121004020,17.0,106.0,95.0,218.0
JAWA TENGAH,KOTA SEMARANG,GUNUNGPATI,GUNUNGPATI,3374121004021,24.0,100.0,120.0,244.0
JAWA TENGAH,KOTA SEMARANG,GUNUNGPATI,JATIREJO,3374121013001,17.0,138.0,98.0,253.0
JAWA TENGAH,KOTA SEMARANG,GUNUNGPATI,JATIREJO,3374121013002,,,,
JAWA TENGAH,KOTA SEMARANG,GUNUNGPATI,JATIREJO,3374121013003,17.0,100.0,80.0,197.0
JAWA TENGAH,KOTA SEMARANG,GUNUNGPATI,JATIREJO,3374121013004,8.0,136.0,95.0,239.0
JAWA TENGAH,KOTA SEMARANG,GUNUNGPATI,JATIREJO,3374121013005,,,,
JAWA TENGAH,KOTA SEMARANG,GUNUNGPATI,JATIREJO,3374121013006,,,,
JAWA TENGAH,KOTA SEMARANG,GUNUNGPATI,JATIREJO,3374121013007,,,,
JAWA TENGAH,KOTA SEMARANG,GUNUNGPATI,KALISEGORO,3374121015001,25.0,125.0,108.0,258.0
JAWA TENGAH,KOTA SEMARANG,GUNUNGPATI,KALISEGORO,3374121015002,29.0,150.0,95.0,274.0
JAWA TENGAH,KOTA SEMARANG,GUNUNGPATI,KALISEGORO,3374121015003,36.0,137.0,97.0,270.0
JAWA TENGAH,KOTA SEMARANG,GUNUNGPATI,KALISEGORO,3374121015004,35.0,113.0,102.0,250.0
JAWA TENGAH,KOTA SEMARANG,GUNUNGPATI,KALISEGORO,3374121015005,,,,
JAWA TENGAH,KOTA SEMARANG,GUNUNGPATI,KALISEGORO,3374121015006,24.0,106.0,91.0,221.0
JAWA TENGAH,KOTA SEMARANG,GUNUNGPATI,KALISEGORO,3374121015007,,,,
JAWA TENGAH,KOTA SEMARANG,GUNUNGPATI,KALISEGORO,3374121015008,66.0,123.0,74.0,263.0
JAWA TENGAH,KOTA SEMARANG,GUNUNGPATI,KALISEGORO,3374121015009,87.0,125.0,56.0,268.0
JAWA TENGAH,KOTA SEMARANG,GUNUNGPATI,KALISEGORO,3374121015010,46.0,116.0,111.0,273.0
JAWA TENGAH,KOTA SEMARANG,GUNUNGPATI,KANDRI,3374121016001,25.0,115.0,83.0,223.0
JAWA TENGAH,KOTA SEMARANG,GUNUNGPATI,KANDRI,3374121016002,18.0,115.0,66.0,199.0
JAWA TENGAH,KOTA SEMARANG,GUNUNGPATI,KANDRI,3374121016003,35.0,101.0,78.0,214.0
JAWA TENGAH,KOTA SEMARANG,GUNUNGPATI,KANDRI,3374121016004,16.0,117.0,81.0,214.0
JAWA TENGAH,KOTA SEMARANG,GUNUNGPATI,KANDRI,3374121016005,29.0,110.0,78.0,217.0
JAWA TENGAH,KOTA SEMARANG,GUNUNGPATI,KANDRI,3374121016006,24.0,112.0,82.0,218.0
JAWA TENGAH,KOTA SEMARANG,GUNUNGPATI,KANDRI,3374121016007,20.0,130.0,72.0,222.0
JAWA TENGAH,KOTA SEMARANG,GUNUNGPATI,KANDRI,3374121016008,14.0,121.0,104.0,239.0
JAWA TENGAH,KOTA SEMARANG,GUNUNGPATI,KANDRI,3374121016009,21.0,121.0,97.0,239.0
JAWA TENGAH,KOTA SEMARANG,GUNUNGPATI,KANDRI,3374121016010,7.0,147.0,80.0,234.0
JAWA TENGAH,KOTA SEMARANG,GUNUNGPATI,KANDRI,3374121016011,6.0,135.0,92.0,233.0
JAWA TENGAH,KOTA SEMARANG,GUNUNGPATI,KANDRI,3374121016012,29.0,133.0,70.0,232.0
JAWA TENGAH,KOTA SEMARANG,GUNUNGPATI,KANDRI,3374121016013,51.0,120.0,59.0,230.0
JAWA TENGAH,KOTA SEMARANG,GUNUNGPATI,KANDRI,3374121016014,58.0,103.0,75.0,236.0
JAWA TENGAH,KOTA SEMARANG,GUNUNGPATI,MANGUNSARI,3374121002001,,,,
JAWA TENGAH,KOTA SEMARANG,GUNUNGPATI,MANGUNSARI,3374121002002,25.0,143.0,124.0,292.0
JAWA TENGAH,KOTA SEMARANG,GUNUNGPATI,MANGUNSARI,3374121002003,,,,
JAWA TENGAH,KOTA SEMARANG,GUNUNGPATI,MANGUNSARI,3374121002004,,,,
JAWA TENGAH,KOTA SEMARANG,GUNUNGPATI,MANGUNSARI,3374121002005,,,,
JAWA TENGAH,KOTA SEMARANG,GUNUNGPATI,MANGUNSARI,3374121002006,,,,
JAWA TENGAH,KOTA SEMARANG,GUNUNGPATI,MANGUNSARI,3374121002007,,,,
JAWA TENGAH,KOTA SEMARANG,GUNUNGPATI,MANGUNSARI,3374121002008,,,,
JAWA TENGAH,KOTA SEMARANG,GUNUNGPATI,MANGUNSARI,3374121002009,,,,
JAWA TENGAH,KOTA SEMARANG,GUNUNGPATI,MANGUNSARI,3374121002010,,,,
JAWA TENGAH,KOTA SEMARANG,GUNUNGPATI,MANGUNSARI,3374121002011,,,,
JAWA TENGAH,KOTA SEMARANG,GUNUNGPATI,MANGUNSARI,3374121002012,,,,
JAWA TENGAH,KOTA SEMARANG,GUNUNGPATI,MANGUNSARI,3374121002013,,,,
JAWA TENGAH,KOTA SEMARANG,GUNUNGPATI,MANGUNSARI,3374121002014,,,,
JAWA TENGAH,KOTA SEMARANG,GUNUNGPATI,MANGUNSARI,3374121002015,,,,
JAWA TENGAH,KOTA SEMARANG,GUNUNGPATI,MANGUNSARI,3374121002016,,,,
JAWA TENGAH,KOTA SEMARANG,GUNUNGPATI,NGIJO,3374121007001,23.0,150.0,62.0,235.0
JAWA TENGAH,KOTA SEMARANG,GUNUNGPATI,NGIJO,3374121007002,34.0,133.0,67.0,234.0
JAWA TENGAH,KOTA SEMARANG,GUNUNGPATI,NGIJO,3374121007003,,,,
JAWA TENGAH,KOTA SEMARANG,GUNUNGPATI,NGIJO,3374121007004,22.0,135.0,108.0,265.0
JAWA TENGAH,KOTA SEMARANG,GUNUNGPATI,NGIJO,3374121007005,45.0,136.0,86.0,267.0
JAWA TENGAH,KOTA SEMARANG,GUNUNGPATI,NGIJO,3374121007006,,,,
JAWA TENGAH,KOTA SEMARANG,GUNUNGPATI,NGIJO,3374121007007,,,,
JAWA TENGAH,KOTA SEMARANG,GUNUNGPATI,NGIJO,3374121007008,16.0,120.0,117.0,253.0
JAWA TENGAH,KOTA SEMARANG,GUNUNGPATI,NGIJO,3374121007009,70.0,125.0,60.0,255.0
JAWA TENGAH,KOTA SEMARANG,GUNUNGPATI,NGIJO,3374121007010,,,,
JAWA TENGAH,KOTA SEMARANG,GUNUNGPATI,NGIJO,3374121007011,32.0,144.0,104.0,280.0
JAWA TENGAH,KOTA SEMARANG,GUNUNGPATI,NGIJO,3374121007012,,,,
JAWA TENGAH,KOTA SEMARANG,GUNUNGPATI,NONGKOSAWIT,3374121005001,32.0,152.0,75.0,259.0
JAWA TENGAH,KOTA SEMARANG,GUNUNGPATI,NONGKOSAWIT,3374121005002,25.0,127.0,100.0,252.0
JAWA TENGAH,KOTA SEMARANG,GUNUNGPATI,NONGKOSAWIT,3374121005003,22.0,155.0,84.0,261.0
JAWA TENGAH,KOTA SEMARANG,GUNUNGPATI,NONGKOSAWIT,3374121005004,35.0,131.0,80.0,246.0
JAWA TENGAH,KOTA SEMARANG,GUNUNGPATI,NONGKOSAWIT,3374121005005,63.0,117.0,67.0,247.0
JAWA TENGAH,KOTA SEMARANG,GUNUNGPATI,NONGKOSAWIT,3374121005006,21.0,148.0,79.0,248.0
JAWA TENGAH,KOTA SEMARANG,GUNUNGPATI,NONGKOSAWIT,3374121005007,28.0,153.0,58.0,239.0
JAWA TENGAH,KOTA SEMARANG,GUNUNGPATI,NONGKOSAWIT,3374121005008,39.0,120.0,77.0,236.0
JAWA TENGAH,KOTA SEMARANG,GUNUNGPATI,NONGKOSAWIT,3374121005009,,,,
JAWA TENGAH,KOTA SEMARANG,GUNUNGPATI,NONGKOSAWIT,3374121005010,,,,
JAWA TENGAH,KOTA SEMARANG,GUNUNGPATI,NONGKOSAWIT,3374121005011,33.0,92.0,60.0,185.0
JAWA TENGAH,KOTA SEMARANG,GUNUNGPATI,NONGKOSAWIT,3374121005012,24.0,103.0,46.0,173.0
JAWA TENGAH,KOTA SEMARANG,GUNUNGPATI,NONGKOSAWIT,3374121005013,29.0,60.0,45.0,134.0
JAWA TENGAH,KOTA SEMARANG,GUNUNGPATI,NONGKOSAWIT,3374121005014,35.0,151.0,78.0,264.0
JAWA TENGAH,KOTA SEMARANG,GUNUNGPATI,NONGKOSAWIT,3374121005015,,,,
JAWA TENGAH,KOTA SEMARANG,GUNUNGPATI,NONGKOSAWIT,3374121005016,24.0,147.0,100.0,271.0
JAWA TENGAH,KOTA SEMARANG,GUNUNGPATI,PAKINTELAN,3374121001001,18.0,129.0,98.0,245.0
JAWA TENGAH,KOTA SEMARANG,GUNUNGPATI,PAKINTELAN,3374121001002,25.0,117.0,79.0,221.0
JAWA TENGAH,KOTA SEMARANG,GUNUNGPATI,PAKINTELAN,3374121001003,21.0,124.0,76.0,221.0
JAWA TENGAH,KOTA SEMARANG,GUNUNGPATI,PAKINTELAN,3374121001004,,,,
JAWA TENGAH,KOTA SEMARANG,GUNUNGPATI,PAKINTELAN,3374121001005,12.0,126.0,79.0,217.0
JAWA TENGAH,KOTA SEMARANG,GUNUNGPATI,PAKINTELAN,3374121001006,25.0,125.0,60.0,210.0
JAWA TENGAH,KOTA SEMARANG,GUNUNGPATI,PAKINTELAN,3374121001007,,,,
JAWA TENGAH,KOTA SEMARANG,GUNUNGPATI,PAKINTELAN,3374121001008,34.0,100.0,107.0,241.0
JAWA TENGAH,KOTA SEMARANG,GUNUNGPATI,PAKINTELAN,3374121001009,26.0,90.0,106.0,222.0
JAWA TENGAH,KOTA SEMARANG,GUNUNGPATI,PAKINTELAN,3374121001010,20.0,70.0,98.0,188.0
JAWA TENGAH,KOTA SEMARANG,GUNUNGPATI,PAKINTELAN,3374121001011,26.0,142.0,78.0,246.0
JAWA TENGAH,KOTA SEMARANG,GUNUNGPATI,PAKINTELAN,3374121001012,16.0,144.0,88.0,248.0
JAWA TENGAH,KOTA SEMARANG,GUNUNGPATI,PAKINTELAN,3374121001013,31.0,111.0,83.0,225.0
JAWA TENGAH,KOTA SEMARANG,GUNUNGPATI,PAKINTELAN,3374121001014,24.0,116.0,119.0,259.0
JAWA TENGAH,KOTA SEMARANG,GUNUNGPATI,PAKINTELAN,3374121001015,44.0,123.0,111.0,278.0
JAWA TENGAH,KOTA SEMARANG,GUNUNGPATI,PAKINTELAN,3374121001016,,,,
JAWA TENGAH,KOTA SEMARANG,GUNUNGPATI,PAKINTELAN,3374121001017,39.0,131.0,121.0,291.0
JAWA TENGAH,KOTA SEMARANG,GUNUNGPATI,PATEMON,3374121008001,39.0,145.0,68.0,252.0
JAWA TENGAH,KOTA SEMARANG,GUNUNGPATI,PATEMON,3374121008002,,,,
JAWA TENGAH,KOTA SEMARANG,GUNUNGPATI,PATEMON,3374121008003,,,,
JAWA TENGAH,KOTA SEMARANG,GUNUNGPATI,PATEMON,3374121008004,48.0,145.0,73.0,266.0
JAWA TENGAH,KOTA SEMARANG,GUNUNGPATI,PATEMON,3374121008005,,,,
JAWA TENGAH,KOTA SEMARANG,GUNUNGPATI,PATEMON,3374121008006,,,,
JAWA TENGAH,KOTA SEMARANG,GUNUNGPATI,PATEMON,3374121008007,39.0,151.0,73.0,263.0
JAWA TENGAH,KOTA SEMARANG,GUNUNGPATI,PATEMON,3374121008008,59.0,145.0,76.0,280.0
JAWA TENGAH,KOTA SEMARANG,GUNUNGPATI,PATEMON,3374121008009,81.0,142.0,47.0,270.0
JAWA TENGAH,KOTA SEMARANG,GUNUNGPATI,PATEMON,3374121008010,52.0,126.0,77.0,255.0
JAWA TENGAH,KOTA SEMARANG,GUNUNGPATI,PATEMON,3374121008011,50.0,147.0,60.0,257.0
JAWA TENGAH,KOTA SEMARANG,GUNUNGPATI,PATEMON,3374121008012,,,,
JAWA TENGAH,KOTA SEMARANG,GUNUNGPATI,PATEMON,3374121008013,32.0,136.0,102.0,270.0
JAWA TENGAH,KOTA SEMARANG,GUNUNGPATI,PATEMON,3374121008014,41.0,135.0,89.0,265.0
JAWA TENGAH,KOTA SEMARANG,GUNUNGPATI,PATEMON,3374121008015,,,,
JAWA TENGAH,KOTA SEMARANG,GUNUNGPATI,PATEMON,3374121008016,33.0,70.0,69.0,172.0
JAWA TENGAH,KOTA SEMARANG,GUNUNGPATI,PLALANGAN,3374121003001,47.0,143.0,70.0,260.0
JAWA TENGAH,KOTA SEMARANG,GUNUNGPATI,PLALANGAN,3374121003002,59.0,114.0,78.0,251.0
JAWA TENGAH,KOTA SEMARANG,GUNUNGPATI,PLALANGAN,3374121003003,37.0,119.0,86.0,242.0
JAWA TENGAH,KOTA SEMARANG,GUNUNGPATI,PLALANGAN,3374121003004,,,,
JAWA TENGAH,KOTA SEMARANG,GUNUNGPATI,PLALANGAN,3374121003005,19.0,102.0,60.0,181.0
JAWA TENGAH,KOTA SEMARANG,GUNUNGPATI,PLALANGAN,3374121003006,,,,
JAWA TENGAH,KOTA SEMARANG,GUNUNGPATI,PLALANGAN,3374121003007,43.0,136.0,62.0,241.0
JAWA TENGAH,KOTA SEMARANG,GUNUNGPATI,PLALANGAN,3374121003008,15.0,101.0,90.0,206.0
JAWA TENGAH,KOTA SEMARANG,GUNUNGPATI,PLALANGAN,3374121003009,,,,
JAWA TENGAH,KOTA SEMARANG,GUNUNGPATI,PLALANGAN,3374121003010,12.0,83.0,95.0,190.0
JAWA TENGAH,KOTA SEMARANG,GUNUNGPATI,PLALANGAN,3374121003011,36.0,130.0,81.0,247.0
JAWA TENGAH,KOTA SEMARANG,GUNUNGPATI,PLALANGAN,3374121003012,,,,
JAWA TENGAH,KOTA SEMARANG,GUNUNGPATI,PONGANGAN,3374121006001,22.0,119.0,101.0,242.0
JAWA TENGAH,KOTA SEMARANG,GUNUNGPATI,PONGANGAN,3374121006002,24.0,127.0,100.0,251.0
JAWA TENGAH,KOTA SEMARANG,GUNUNGPATI,PONGANGAN,3374121006003,31.0,124.0,102.0,257.0
JAWA TENGAH,KOTA SEMARANG,GUNUNGPATI,PONGANGAN,3374121006004,,,,
JAWA TENGAH,KOTA SEMARANG,GUNUNGPATI,PONGANGAN,3374121006005,,,,
JAWA TENGAH,KOTA SEMARANG,GUNUNGPATI,PONGANGAN,3374121006006,,,,
JAWA TENGAH,KOTA SEMARANG,GUNUNGPATI,PONGANGAN,3374121006007,,,,
JAWA TENGAH,KOTA SEMARANG,GUNUNGPATI,PONGANGAN,3374121006008,,,,
JAWA TENGAH,KOTA SEMARANG,GUNUNGPATI,PONGANGAN,3374121006009,,,,
JAWA TENGAH,KOTA SEMARANG,GUNUNGPATI,PONGANGAN,3374121006010,,,,
JAWA TENGAH,KOTA SEMARANG,GUNUNGPATI,PONGANGAN,3374121006011,,,,
JAWA TENGAH,KOTA SEMARANG,GUNUNGPATI,PONGANGAN,3374121006012,16.0,78.0,95.0,189.0
JAWA TENGAH,KOTA SEMARANG,GUNUNGPATI,PONGANGAN,3374121006013,13.0,125.0,85.0,223.0
JAWA TENGAH,KOTA SEMARANG,GUNUNGPATI,PONGANGAN,3374121006014,,,,
JAWA TENGAH,KOTA SEMARANG,GUNUNGPATI,PONGANGAN,3374121006015,,,,
JAWA TENGAH,KOTA SEMARANG,GUNUNGPATI,PONGANGAN,3374121006016,9.0,68.0,105.0,182.0
JAWA TENGAH,KOTA SEMARANG,GUNUNGPATI,PONGANGAN,3374121006017,21.0,72.0,122.0,215.0
JAWA TENGAH,KOTA SEMARANG,GUNUNGPATI,SADENG,3374121011001,16.0,141.0,74.0,231.0
JAWA TENGAH,KOTA SEMARANG,GUNUNGPATI,SADENG,3374121011002,37.0,129.0,66.0,232.0
JAWA TENGAH,KOTA SEMARANG,GUNUNGPATI,SADENG,3374121011003,20.0,132.0,78.0,230.0
JAWA TENGAH,KOTA SEMARANG,GUNUNGPATI,SADENG,3374121011004,26.0,133.0,70.0,229.0
JAWA TENGAH,KOTA SEMARANG,GUNUNGPATI,SADENG,3374121011005,21.0,148.0,68.0,237.0
JAWA TENGAH,KOTA SEMARANG,GUNUNGPATI,SADENG,3374121011006,28.0,178.0,47.0,253.0
JAWA TENGAH,KOTA SEMARANG,GUNUNGPATI,SADENG,3374121011007,24.0,160.0,70.0,254.0
JAWA TENGAH,KOTA SEMARANG,GUNUNGPATI,SADENG,3374121011008,18.0,121.0,82.0,221.0
JAWA TENGAH,KOTA SEMARANG,GUNUNGPATI,SADENG,3374121011009,12.0,155.0,71.0,238.0
JAWA TENGAH,KOTA SEMARANG,GUNUNGPATI,SADENG,3374121011010,21.0,156.0,71.0,248.0
JAWA TENGAH,KOTA SEMARANG,GUNUNGPATI,SADENG,3374121011011,18.0,143.0,88.0,249.0
JAWA TENGAH,KOTA SEMARANG,GUNUNGPATI,SADENG,3374121011012,36.0,127.0,87.0,250.0
JAWA TENGAH,KOTA SEMARANG,GUNUNGPATI,SADENG,3374121011013,34.0,97.0,115.0,246.0
JAWA TENGAH,KOTA SEMARANG,GUNUNGPATI,SADENG,3374121011014,38.0,90.0,80.0,208.0
JAWA TENGAH,KOTA SEMARANG,GUNUNGPATI,SADENG,3374121011015,42.0,85.0,69.0,196.0
JAWA TENGAH,KOTA SEMARANG,GUNUNGPATI,SADENG,3374121011016,20.0,67.0,69.0,156.0
JAWA TENGAH,KOTA SEMARANG,GUNUNGPATI,SADENG,3374121011017,37.0,131.0,70.0,238.0
JAWA TENGAH,KOTA SEMARANG,GUNUNGPATI,SADENG,3374121011018,35.0,94.0,72.0,201.0
JAWA TENGAH,KOTA SEMARANG,GUNUNGPATI,SADENG,3374121011019,52.0,86.0,60.0,198.0
JAWA TENGAH,KOTA SEMARANG,GUNUNGPATI,SADENG,3374121011020,72.0,125.0,79.0,276.0
JAWA TENGAH,KOTA SEMARANG,GUNUNGPATI,SADENG,3374121011021,31.0,110.0,94.0,235.0
JAWA TENGAH,KOTA SEMARANG,GUNUNGPATI,SEKARAN,3374121009001,24.0,135.0,95.0,254.0
JAWA TENGAH,KOTA SEMARANG,GUNUNGPATI,SEKARAN,3374121009002,29.0,159.0,69.0,257.0
JAWA TENGAH,KOTA SEMARANG,GUNUNGPATI,SEKARAN,3374121009003,,,,
JAWA TENGAH,KOTA SEMARANG,GUNUNGPATI,SEKARAN,3374121009004,21.0,133.0,87.0,241.0
JAWA TENGAH,KOTA SEMARANG,GUNUNGPATI,SEKARAN,3374121009005,39.0,118.0,86.0,243.0
JAWA TENGAH,KOTA SEMARANG,GUNUNGPATI,SEKARAN,3374121009006,33.0,138.0,71.0,242.0
JAWA TENGAH,KOTA SEMARANG,GUNUNGPATI,SEKARAN,3374121009007,37.0,119.0,69.0,225.0
JAWA TENGAH,KOTA SEMARANG,GUNUNGPATI,SEKARAN,3374121009008,31.0,111.0,101.0,243.0
JAWA TENGAH,KOTA SEMARANG,GUNUNGPATI,SEKARAN,3374121009009,38.0,135.0,78.0,251.0
JAWA TENGAH,KOTA SEMARANG,GUNUNGPATI,SEKARAN,3374121009010,,,,
JAWA TENGAH,KOTA SEMARANG,GUNUNGPATI,SEKARAN,3374121009011,22.0,137.0,91.0,250.0
JAWA TENGAH,KOTA SEMARANG,GUNUNGPATI,SEKARAN,3374121009012,26.0,97.0,73.0,196.0
JAWA TENGAH,KOTA SEMARANG,GUNUNGPATI,SEKARAN,3374121009013,64.0,109.0,91.0,264.0
JAWA TENGAH,KOTA SEMARANG,GUNUNGPATI,SEKARAN,3374121009014,49.0,130.0,82.0,261.0
JAWA TENGAH,KOTA SEMARANG,GUNUNGPATI,SEKARAN,3374121009015,32.0,113.0,73.0,218.0
JAWA TENGAH,KOTA SEMARANG,GUNUNGPATI,SEKARAN,3374121009016,27.0,145.0,92.0,264.0
JAWA TENGAH,KOTA SEMARANG,GUNUNGPATI,SEKARAN,3374121009017,56.0,141.0,69.0,266.0
JAWA TENGAH,KOTA SEMARANG,GUNUNGPATI,SEKARAN,3374121009018,53.0,127.0,70.0,250.0
JAWA TENGAH,KOTA SEMARANG,GUNUNGPATI,SEKARAN,3374121009019,49.0,131.0,60.0,240.0
JAWA TENGAH,KOTA SEMARANG,GUNUNGPATI,SEKARAN,3374121009020,,,,
JAWA TENGAH,KOTA SEMARANG,GUNUNGPATI,SEKARAN,3374121009021,29.0,105.0,108.0,242.0
JAWA TENGAH,KOTA SEMARANG,GUNUNGPATI,SEKARAN,3374121009022,18.0,130.0,114.0,262.0
JAWA TENGAH,KOTA SEMARANG,GUNUNGPATI,SEKARAN,3374121009023,24.0,116.0,120.0,260.0
JAWA TENGAH,KOTA SEMARANG,GUNUNGPATI,SEKARAN,3374121009024,35.0,156.0,85.0,276.0
JAWA TENGAH,KOTA SEMARANG,GUNUNGPATI,SUKOREJO,3374121010001,,,,
JAWA TENGAH,KOTA SEMARANG,GUNUNGPATI,SUKOREJO,3374121010002,36.0,115.0,111.0,262.0
JAWA TENGAH,KOTA SEMARANG,GUNUNGPATI,SUKOREJO,3374121010003,41.0,141.0,82.0,264.0
JAWA TENGAH,KOTA SEMARANG,GUNUNGPATI,SUKOREJO,3374121010004,,,,
JAWA TENGAH,KOTA SEMARANG,GUNUNGPATI,SUKOREJO,3374121010005,,,,
JAWA TENGAH,KOTA SEMARANG,GUNUNGPATI,SUKOREJO,3374121010006,29.0,142.0,112.0,283.0
JAWA TENGAH,KOTA SEMARANG,GUNUNGPATI,SUKOREJO,3374121010007,,,,
JAWA TENGAH,KOTA SEMARANG,GUNUNGPATI,SUKOREJO,3374121010008,38.0,154.0,76.0,268.0
JAWA TENGAH,KOTA SEMARANG,GUNUNGPATI,SUKOREJO,3374121010009,59.0,108.0,98.0,265.0
JAWA TENGAH,KOTA SEMARANG,GUNUNGPATI,SUKOREJO,3374121010010,,,,
JAWA TENGAH,KOTA SEMARANG,GUNUNGPATI,SUKOREJO,3374121010011,,,,
JAWA TENGAH,KOTA SEMARANG,GUNUNGPATI,SUKOREJO,3374121010012,37.0,117.0,98.0,252.0
JAWA TENGAH,KOTA SEMARANG,GUNUNGPATI,SUKOREJO,3374121010013,,,,
JAWA TENGAH,KOTA SEMARANG,GUNUNGPATI,SUKOREJO,3374121010014,,,,
JAWA TENGAH,KOTA SEMARANG,GUNUNGPATI,SUKOREJO,3374121010015,32.0,121.0,70.0,223.0
JAWA TENGAH,KOTA SEMARANG,GUNUNGPATI,SUKOREJO,3374121010016,75.0,101.0,78.0,254.0
JAWA TENGAH,KOTA SEMARANG,GUNUNGPATI,SUKOREJO,3374121010017,,,,
JAWA TENGAH,KOTA SEMARANG,GUNUNGPATI,SUKOREJO,3374121010018,51.0,108.0,94.0,253.0
JAWA TENGAH,KOTA SEMARANG,GUNUNGPATI,SUKOREJO,3374121010019,53.0,122.0,70.0,245.0
JAWA TENGAH,KOTA SEMARANG,GUNUNGPATI,SUKOREJO,3374121010020,46.0,105.0,59.0,210.0
JAWA TENGAH,KOTA SEMARANG,GUNUNGPATI,SUKOREJO,3374121010021,70.0,114.0,78.0,262.0
JAWA TENGAH,KOTA SEMARANG,GUNUNGPATI,SUKOREJO,3374121010022,,,,
JAWA TENGAH,KOTA SEMARANG,GUNUNGPATI,SUKOREJO,3374121010023,8.0,92.0,125.0,225.0
JAWA TENGAH,KOTA SEMARANG,GUNUNGPATI,SUKOREJO,3374121010024,,,,
JAWA TENGAH,KOTA SEMARANG,GUNUNGPATI,SUKOREJO,3374121010025,4.0,85.0,146.0,235.0
JAWA TENGAH,KOTA SEMARANG,GUNUNGPATI,SUKOREJO,3374121010026,22.0,108.0,124.0,254.0
JAWA TENGAH,KOTA SEMARANG,GUNUNGPATI,SUKOREJO,3374121010027,17.0,133.0,108.0,258.0
JAWA TENGAH,KOTA SEMARANG,GUNUNGPATI,SUKOREJO,3374121010028,,,,
JAWA TENGAH,KOTA SEMARANG,GUNUNGPATI,SUKOREJO,3374121010029,,,,
JAWA TENGAH,KOTA SEMARANG,GUNUNGPATI,SUKOREJO,3374121010030,18.0,110.0,78.0,206.0
JAWA TENGAH,KOTA SEMARANG,GUNUNGPATI,SUKOREJO,3374121010031,,,,
JAWA TENGAH,KOTA SEMARANG,GUNUNGPATI,SUKOREJO,3374121010032,8.0,110.0,77.0,195.0
JAWA TENGAH,KOTA SEMARANG,GUNUNGPATI,SUKOREJO,3374121010033,59.0,131.0,78.0,268.0
JAWA TENGAH,KOTA SEMARANG,GUNUNGPATI,SUKOREJO,3374121010034,,,,
JAWA TENGAH,KOTA SEMARANG,GUNUNGPATI,SUKOREJO,3374121010035,,,,
JAWA TENGAH,KOTA SEMARANG,GUNUNGPATI,SUKOREJO,3374121010036,,,,
JAWA TENGAH,KOTA SEMARANG,GUNUNGPATI,SUKOREJO,3374121010037,,,,
JAWA TENGAH,KOTA SEMARANG,GUNUNGPATI,SUKOREJO,3374121010038,,,,
JAWA TENGAH,KOTA SEMARANG,GUNUNGPATI,SUKOREJO,3374121010039,,,,
JAWA TENGAH,KOTA SEMARANG,GUNUNGPATI,SUKOREJO,3374121010040,,,,
JAWA TENGAH,KOTA SEMARANG,GUNUNGPATI,SUMURREJO,3374121014001,,,,
JAWA TENGAH,KOTA SEMARANG,GUNUNGPATI,SUMURREJO,3374121014002,51.0,118.0,84.0,253.0
JAWA TENGAH,KOTA SEMARANG,GUNUNGPATI,SUMURREJO,3374121014003,75.0,114.0,48.0,237.0
JAWA TENGAH,KOTA SEMARANG,GUNUNGPATI,SUMURREJO,3374121014004,34.0,94.0,77.0,205.0
JAWA TENGAH,KOTA SEMARANG,GUNUNGPATI,SUMURREJO,3374121014005,35.0,144.0,88.0,267.0
JAWA TENGAH,KOTA SEMARANG,GUNUNGPATI,SUMURREJO,3374121014006,,,,
JAWA TENGAH,KOTA SEMARANG,GUNUNGPATI,SUMURREJO,3374121014007,46.0,121.0,87.0,254.0
JAWA TENGAH,KOTA SEMARANG,GUNUNGPATI,SUMURREJO,3374121014008,,,,
JAWA TENGAH,KOTA SEMARANG,GUNUNGPATI,SUMURREJO,3374121014009,23.0,124.0,103.0,250.0
JAWA TENGAH,KOTA SEMARANG,GUNUNGPATI,SUMURREJO,3374121014010,25.0,149.0,82.0,256.0
JAWA TENGAH,KOTA SEMARANG,GUNUNGPATI,SUMURREJO,3374121014011,31.0,124.0,93.0,248.0
JAWA TENGAH,KOTA SEMARANG,GUNUNGPATI,SUMURREJO,3374121014012,,,,
JAWA TENGAH,KOTA SEMARANG,GUNUNGPATI,SUMURREJO,3374121014013,26.0,109.0,65.0,200.0
JAWA TENGAH,KOTA SEMARANG,GUNUNGPATI,SUMURREJO,3374121014014,,,,
JAWA TENGAH,KOTA SEMARANG,GUNUNGPATI,SUMURREJO,3374121014015,,,,
JAWA TENGAH,KOTA SEMARANG,GUNUNGPATI,SUMURREJO,3374121014016,,,,
JAWA TENGAH,KOTA SEMARANG,GUNUNGPATI,SUMURREJO,3374121014017,,,,
JAWA TENGAH,KOTA SEMARANG,GUNUNGPATI,SUMURREJO,3374121014018,,,,
JAWA TENGAH,KOTA SEMARANG,GUNUNGPATI,SUMURREJO,3374121014019,,,,
JAWA TENGAH,KOTA SEMARANG,MIJEN,BUBAKAN,3374141002001,43.0,134.0,92.0,269.0
JAWA TENGAH,KOTA SEMARANG,MIJEN,BUBAKAN,3374141002002,,,,
JAWA TENGAH,KOTA SEMARANG,MIJEN,BUBAKAN,3374141002003,29.0,160.0,61.0,250.0
JAWA TENGAH,KOTA SEMARANG,MIJEN,BUBAKAN,3374141002004,45.0,134.0,51.0,230.0
JAWA TENGAH,KOTA SEMARANG,MIJEN,BUBAKAN,3374141002005,15.0,129.0,60.0,204.0
JAWA TENGAH,KOTA SEMARANG,MIJEN,BUBAKAN,3374141002006,28.0,114.0,69.0,211.0
JAWA TENGAH,KOTA SEMARANG,MIJEN,BUBAKAN,3374141002007,51.0,119.0,61.0,231.0
JAWA TENGAH,KOTA SEMARANG,MIJEN,BUBAKAN,3374141002008,25.0,137.0,73.0,235.0
JAWA TENGAH,KOTA SEMARANG,MIJEN,BUBAKAN,3374141002009,60.0,143.0,65.0,268.0
JAWA TENGAH,KOTA SEMARANG,MIJEN,CANGKIRAN,3374141001001,42.0,129.0,77.0,248.0
JAWA TENGAH,KOTA SEMARANG,MIJEN,CANGKIRAN,3374141001002,23.0,110.0,73.0,206.0
JAWA TENGAH,KOTA SEMARANG,MIJEN,CANGKIRAN,3374141001003,26.0,153.0,75.0,254.0
JAWA TENGAH,KOTA SEMARANG,MIJEN,CANGKIRAN,3374141001004,24.0,112.0,103.0,239.0
JAWA TENGAH,KOTA SEMARANG,MIJEN,CANGKIRAN,3374141001005,25.0,114.0,89.0,228.0
JAWA TENGAH,KOTA SEMARANG,MIJEN,CANGKIRAN,3374141001006,32.0,119.0,81.0,232.0
JAWA TENGAH,KOTA SEMARANG,MIJEN,CANGKIRAN,3374141001007,14.0,113.0,95.0,222.0
JAWA TENGAH,KOTA SEMARANG,MIJEN,CANGKIRAN,3374141001008,16.0,108.0,98.0,222.0
JAWA TENGAH,KOTA SEMARANG,MIJEN,CANGKIRAN,3374141001009,41.0,111.0,84.0,236.0
JAWA TENGAH,KOTA SEMARANG,MIJEN,CANGKIRAN,3374141001010,29.0,110.0,80.0,219.0
JAWA TENGAH,KOTA SEMARANG,MIJEN,CANGKIRAN,3374141001011,4.0,129.0,77.0,210.0
JAWA TENGAH,KOTA SEMARANG,MIJEN,CANGKIRAN,3374141001012,25.0,132.0,76.0,233.0
JAWA TENGAH,KOTA SEMARANG,MIJEN,CANGKIRAN,3374141001013,36.0,123.0,79.0,238.0
JAWA TENGAH,KOTA SEMARANG,MIJEN,JATIBARANG,3374141009001,23.0,118.0,87.0,228.0
JAWA TENGAH,KOTA SEMARANG,MIJEN,JATIBARANG,3374141009002,20.0,155.0,64.0,239.0
JAWA TENGAH,KOTA SEMARANG,MIJEN,JATIBARANG,3374141009003,,,,
JAWA TENGAH,KOTA SEMARANG,MIJEN,JATIBARANG,3374141009004,24.0,132.0,69.0,225.0
JAWA TENGAH,KOTA SEMARANG,MIJEN,JATIBARANG,3374141009005,,,,
JAWA TENGAH,KOTA SEMARANG,MIJEN,JATIBARANG,3374141009006,17.0,103.0,113.0,233.0
JAWA TENGAH,KOTA SEMARANG,MIJEN,JATIBARANG,3374141009007,18.0,104.0,89.0,211.0
JAWA TENGAH,KOTA SEMARANG,MIJEN,JATIBARANG,3374141009008,19.0,113.0,60.0,192.0
JAWA TENGAH,KOTA SEMARANG,MIJEN,JATIBARANG,3374141009009,25.0,123.0,65.0,213.0
JAWA TENGAH,KOTA SEMARANG,MIJEN,JATIBARANG,3374141009010,26.0,127.0,58.0,211.0
JAWA TENGAH,KOTA SEMARANG,MIJEN,JATISARI,3374141013001,,,,203.0
JAWA TENGAH,KOTA SEMARANG,MIJEN,JATISARI,3374141013002,27.0,135.0,66.0,228.0
JAWA TENGAH,KOTA SEMARANG,MIJEN,JATISARI,3374141013003,16.0,120.0,94.0,230.0
JAWA TENGAH,KOTA SEMARANG,MIJEN,JATISARI,3374141013004,24.0,137.0,75.0,236.0
JAWA TENGAH,KOTA SEMARANG,MIJEN,JATISARI,3374141013005,31.0,148.0,71.0,250.0
JAWA TENGAH,KOTA SEMARANG,MIJEN,JATISARI,3374141013006,29.0,121.0,67.0,217.0
JAWA TENGAH,KOTA SEMARANG,MIJEN,JATISARI,3374141013007,39.0,134.0,72.0,245.0
JAWA TENGAH,KOTA SEMARANG,MIJEN,JATISARI,3374141013008,73.0,97.0,68.0,238.0
JAWA TENGAH,KOTA SEMARANG,MIJEN,JATISARI,3374141013009,52.0,119.0,54.0,225.0
JAWA TENGAH,KOTA SEMARANG,MIJEN,JATISARI,3374141013010,,,,178.0
JAWA TENGAH,KOTA SEMARANG,MIJEN,JATISARI,3374141013011,28.0,131.0,71.0,230.0
JAWA TENGAH,KOTA SEMARANG,MIJEN,JATISARI,3374141013012,21.0,83.0,56.0,160.0
JAWA TENGAH,KOTA SEMARANG,MIJEN,JATISARI,3374141013013,53.0,114.0,64.0,231.0
JAWA TENGAH,KOTA SEMARANG,MIJEN,JATISARI,3374141013014,70.0,98.0,62.0,230.0
JAWA TENGAH,KOTA SEMARANG,MIJEN,JATISARI,3374141013015,57.0,122.0,77.0,256.0
JAWA TENGAH,KOTA SEMARANG,MIJEN,JATISARI,3374141013016,52.0,94.0,67.0,213.0
JAWA TENGAH,KOTA SEMARANG,MIJEN,JATISARI,3374141013017,56.0,109.0,77.0,242.0
JAWA TENGAH,KOTA SEMARANG,MIJEN,JATISARI,3374141013018,58.0,109.0,72.0,239.0
JAWA TENGAH,KOTA SEMARANG,MIJEN,JATISARI,3374141013019,48.0,127.0,92.0,267.0
JAWA TENGAH,KOTA SEMARANG,MIJEN,JATISARI,3374141013020,52.0,109.0,78.0,239.0
JAWA TENGAH,KOTA SEMARANG,MIJEN,JATISARI,3374141013021,72.0,112.0,59.0,243.0
JAWA TENGAH,KOTA SEMARANG,MIJEN,JATISARI,3374141013022,58.0,127.0,78.0,263.0
JAWA TENGAH,KOTA SEMARANG,MIJEN,JATISARI,3374141013023,39.0,121.0,97.0,257.0
JAWA TENGAH,KOTA SEMARANG,MIJEN,JATISARI,3374141013024,32.0,149.0,62.0,243.0
JAWA TENGAH,KOTA SEMARANG,MIJEN,JATISARI,3374141013025,53.0,136.0,52.0,241.0
JAWA TENGAH,KOTA SEMARANG,MIJEN,JATISARI,3374141013026,29.0,143.0,67.0,239.0
JAWA TENGAH,KOTA SEMARANG,MIJEN,JATISARI,3374141013027,47.0,110.0,73.0,230.0
JAWA TENGAH,KOTA SEMARANG,MIJEN,JATISARI,3374141013028,64.0,127.0,64.0,255.0
JAWA TENGAH,KOTA SEMARANG,MIJEN,JATISARI,3374141013029,54.0,109.0,85.0,248.0
JAWA TENGAH,KOTA SEMARANG,MIJEN,JATISARI,3374141013030,51.0,103.0,71.0,225.0
JAWA TENGAH,KOTA SEMARANG,MIJEN,JATISARI,3374141013031,58.0,104.0,73.0,235.0
JAWA TENGAH,KOTA SEMARANG,MIJEN,JATISARI,3374141013032,26.0,117.0,58.0,201.0
JAWA TENGAH,KOTA SEMARANG,MIJEN,KARANGMALANG,3374141003001,37.0,112.0,110.0,259.0
JAWA TENGAH,KOTA SEMARANG,MIJEN,KARANGMALANG,3374141003002,27.0,139.0,80.0,246.0
JAWA TENGAH,KOTA SEMARANG,MIJEN,KARANGMALANG,3374141003003,27.0,121.0,77.0,225.0
JAWA TENGAH,KOTA SEMARANG,MIJEN,KARANGMALANG,3374141003004,33.0,96.0,105.0,234.0
JAWA TENGAH,KOTA SEMARANG,MIJEN,KARANGMALANG,3374141003005,34.0,127.0,89.0,250.0
JAWA TENGAH,KOTA SEMARANG,MIJEN,KARANGMALANG,3374141003006,13.0,137.0,94.0,244.0
JAWA TENGAH,KOTA SEMARANG,MIJEN,KARANGMALANG,3374141003007,8.0,141.0,97.0,246.0
JAWA TENGAH,KOTA SEMARANG,MIJEN,KEDUNGPANE,3374141010001,28.0,113.0,84.0,225.0
JAWA TENGAH,KOTA SEMARANG,MIJEN,KEDUNGPANE,3374141010002,19.0,123.0,80.0,222.0
JAWA TENGAH,KOTA SEMARANG,MIJEN,KEDUNGPANE,3374141010003,14.0,141.0,69.0,224.0
JAWA TENGAH,KOTA SEMARANG,MIJEN,KEDUNGPANE,3374141010004,,,,
JAWA TENGAH,KOTA SEMARANG,MIJEN,KEDUNGPANE,3374141010005,12.0,140.0,68.0,220.0
JAWA TENGAH,KOTA SEMARANG,MIJEN,KEDUNGPANE,3374141010006,11.0,127.0,91.0,229.0
JAWA TENGAH,KOTA SEMARANG,MIJEN,KEDUNGPANE,3374141010007,11.0,113.0,80.0,204.0
JAWA TENGAH,KOTA SEMARANG,MIJEN,KEDUNGPANE,3374141010008,11.0,130.0,81.0,222.0
JAWA TENGAH,KOTA SEMARANG,MIJEN,KEDUNGPANE,3374141010009,24.0,123.0,76.0,223.0
JAWA TENGAH,KOTA SEMARANG,MIJEN,KEDUNGPANE,3374141010010,23.0,146.0,72.0,241.0
JAWA TENGAH,KOTA SEMARANG,MIJEN,KEDUNGPANE,3374141010011,23.0,128.0,84.0,235.0
JAWA TENGAH,KOTA SEMARANG,MIJEN,KEDUNGPANE,3374141010012,,,,
JAWA TENGAH,KOTA SEMARANG,MIJEN,KEDUNGPANE,3374141010013,20.0,96.0,96.0,212.0
JAWA TENGAH,KOTA SEMARANG,MIJEN,KEDUNGPANE,3374141010014,10.0,153.0,71.0,234.0
JAWA TENGAH,KOTA SEMARANG,MIJEN,KEDUNGPANE,3374141010015,20.0,119.0,99.0,238.0
JAWA TENGAH,KOTA SEMARANG,MIJEN,KEDUNGPANE,3374141010016,19.0,104.0,88.0,211.0
JAWA TENGAH,KOTA SEMARANG,MIJEN,KEDUNGPANE,3374141010017,21.0,143.0,65.0,229.0
JAWA TENGAH,KOTA SEMARANG,MIJEN,KEDUNGPANE,3374141010018,31.0,159.0,54.0,244.0
JAWA TENGAH,KOTA SEMARANG,MIJEN,KEDUNGPANE,3374141010019,35.0,116.0,86.0,237.0
JAWA TENGAH,KOTA SEMARANG,MIJEN,KEDUNGPANE,3374141010020,59.0,87.0,67.0,213.0
JAWA TENGAH,KOTA SEMARANG,MIJEN,KEDUNGPANE,3374141010021,66.0,63.0,101.0,230.0
JAWA TENGAH,KOTA SEMARANG,MIJEN,KEDUNGPANE,3374141010022,70.0,92.0,73.0,235.0
JAWA TENGAH,KOTA SEMARANG,MIJEN,MIJEN,3374141008001,31.0,120.0,72.0,223.0
JAWA TENGAH,KOTA SEMARANG,MIJEN,MIJEN,3374141008002,30.0,156.0,59.0,245.0
JAWA TENGAH,KOTA SEMARANG,MIJEN,MIJEN,3374141008003,45.0,101.0,62.0,208.0
JAWA TENGAH,KOTA SEMARANG,MIJEN,MIJEN,3374141008004,42.0,142.0,48.0,232.0
JAWA TENGAH,KOTA SEMARANG,MIJEN,MIJEN,3374141008005,79.0,155.0,40.0,274.0
JAWA TENGAH,KOTA SEMARANG,MIJEN,MIJEN,3374141008006,53.0,125.0,30.0,208.0
JAWA TENGAH,KOTA SEMARANG,MIJEN,MIJEN,3374141008007,31.0,129.0,95.0,255.0
JAWA TENGAH,KOTA SEMARANG,MIJEN,MIJEN,3374141008008,34.0,127.0,83.0,244.0
JAWA TENGAH,KOTA SEMARANG,MIJEN,MIJEN,3374141008009,10.0,131.0,65.0,206.0
JAWA TENGAH,KOTA SEMARANG,MIJEN,MIJEN,3374141008010,13.0,146.0,71.0,230.0
JAWA TENGAH,KOTA SEMARANG,MIJEN,MIJEN,3374141008011,12.0,82.0,49.0,143.0
JAWA TENGAH,KOTA SEMARANG,MIJEN,MIJEN,3374141008012,12.0,107.0,48.0,167.0
JAWA TENGAH,KOTA SEMARANG,MIJEN,MIJEN,3374141008013,30.0,123.0,79.0,232.0
JAWA TENGAH,KOTA SEMARANG,MIJEN,MIJEN,3374141008014,38.0,133.0,83.0,254.0
JAWA TENGAH,KOTA SEMARANG,MIJEN,MIJEN,3374141008015,37.0,120.0,76.0,233.0
JAWA TENGAH,KOTA SEMARANG,MIJEN,MIJEN,3374141008016,50.0,116.0,52.0,218.0
JAWA TENGAH,KOTA SEMARANG,MIJEN,MIJEN,3374141008017,,,,
JAWA TENGAH,KOTA SEMARANG,MIJEN,MIJEN,3374141008018,,,,
JAWA TENGAH,KOTA SEMARANG,MIJEN,MIJEN,3374141008019,45.0,113.0,72.0,230.0
JAWA TENGAH,KOTA SEMARANG,MIJEN,MIJEN,3374141008020,38.0,134.0,62.0,234.0
JAWA TENGAH,KOTA SEMARANG,MIJEN,MIJEN,3374141008021,48.0,132.0,64.0,244.0
JAWA TENGAH,KOTA SEMARANG,MIJEN,NGADIRGO,3374141011001,,,,
JAWA TENGAH,KOTA SEMARANG,MIJEN,NGADIRGO,3374141011002,13.0,148.0,91.0,252.0
JAWA TENGAH,KOTA SEMARANG,MIJEN,NGADIRGO,3374141011003,36.0,144.0,80.0,260.0
JAWA TENGAH,KOTA SEMARANG,MIJEN,NGADIRGO,3374141011004,27.0,128.0,87.0,242.0
JAWA TENGAH,KOTA SEMARANG,MIJEN,NGADIRGO,3374141011005,21.0,147.0,88.0,256.0
JAWA TENGAH,KOTA SEMARANG,MIJEN,NGADIRGO,3374141011006,23.0,131.0,103.0,257.0
JAWA TENGAH,KOTA SEMARANG,MIJEN,NGADIRGO,3374141011007,34.0,127.0,99.0,260.0
JAWA TENGAH,KOTA SEMARANG,MIJEN,NGADIRGO,3374141011008,23.0,115.0,123.0,261.0
JAWA TENGAH,KOTA SEMARANG,MIJEN,NGADIRGO,3374141011009,13.0,110.0,134.0,257.0
JAWA TENGAH,KOTA SEMARANG,MIJEN,NGADIRGO,3374141011010,,,,
JAWA TENGAH,KOTA SEMARANG,MIJEN,NGADIRGO,3374141011011,27.0,121.0,68.0,216.0
JAWA TENGAH,KOTA SEMARANG,MIJEN,NGADIRGO,3374141011012,20.0,111.0,61.0,192.0
JAWA TENGAH,KOTA SEMARANG,MIJEN,NGADIRGO,3374141011013,27.0,138.0,46.0,211.0
JAWA TENGAH,KOTA SEMARANG,MIJEN,NGADIRGO,3374141011014,,,,
JAWA TENGAH,KOTA SEMARANG,MIJEN,NGADIRGO,3374141011015,12.0,110.0,98.0,220.0
JAWA TENGAH,KOTA SEMARANG,MIJEN,NGADIRGO,3374141011016,31.0,112.0,66.0,209.0
JAWA TENGAH,KOTA SEMARANG,MIJEN,NGADIRGO,3374141011017,34.0,105.0,77.0,216.0
JAWA TENGAH,KOTA SEMARANG,MIJEN,NGADIRGO,3374141011018,37.0,103.0,63.0,203.0
JAWA TENGAH,KOTA SEMARANG,MIJEN,NGADIRGO,3374141011019,27.0,110.0,72.0,209.0
JAWA TENGAH,KOTA SEMARANG,MIJEN,PESANTREN,3374141014001,21.0,126.0,64.0,211.0
JAWA TENGAH,KOTA SEMARANG,MIJEN,PESANTREN,3374141014002,16.0,120.0,86.0,222.0
JAWA TENGAH,KOTA SEMARANG,MIJEN,PESANTREN,3374141014003,22.0,117.0,100.0,239.0
JAWA TENGAH,KOTA SEMARANG,MIJEN,PESANTREN,3374141014004,33.0,147.0,66.0,246.0
JAWA TENGAH,KOTA SEMARANG,MIJEN,PESANTREN,3374141014005,55.0,131.0,75.0,261.0
JAWA TENGAH,KOTA SEMARANG,MIJEN,PESANTREN,3374141014006,69.0,97.0,80.0,246.0
JAWA TENGAH,KOTA SEMARANG,MIJEN,PESANTREN,3374141014007,78.0,130.0,44.0,252.0
JAWA TENGAH,KOTA SEMARANG,MIJEN,POLAMAN,3374141004001,58.0,135.0,62.0,255.0
JAWA TENGAH,KOTA SEMARANG,MIJEN,POLAMAN,3374141004002,28.0,118.0,89.0,235.0
JAWA TENGAH,KOTA SEMARANG,MIJEN,POLAMAN,3374141004003,44.0,101.0,108.0,253.0
JAWA TENGAH,KOTA SEMARANG,MIJEN,POLAMAN,3374141004004,8.0,99.0,52.0,159.0
JAWA TENGAH,KOTA SEMARANG,MIJEN,POLAMAN,3374141004005,11.0,95.0,69.0,175.0
JAWA TENGAH,KOTA SEMARANG,MIJEN,POLAMAN,3374141004006,15.0,106.0,49.0,170.0
JAWA TENGAH,KOTA SEMARANG,MIJEN,PURWOSARI,3374141005001,,,,
JAWA TENGAH,KOTA SEMARANG,MIJEN,PURWOSARI,3374141005002,9.0,142.0,74.0,225.0
JAWA TENGAH,KOTA SEMARANG,MIJEN,PURWOSARI,3374141005003,27.0,132.0,73.0,232.0
JAWA TENGAH,KOTA SEMARANG,MIJEN,PURWOSARI,3374141005004,12.0,148.0,89.0,249.0
JAWA TENGAH,KOTA SEMARANG,MIJEN,PURWOSARI,3374141005005,8.0,91.0,92.0,191.0
JAWA TENGAH,KOTA SEMARANG,MIJEN,PURWOSARI,3374141005006,5.0,104.0,92.0,201.0
JAWA TENGAH,KOTA SEMARANG,MIJEN,PURWOSARI,3374141005007,18.0,146.0,86.0,250.0
JAWA TENGAH,KOTA SEMARANG,MIJEN,PURWOSARI,3374141005008,,,,
JAWA TENGAH,KOTA SEMARANG,MIJEN,PURWOSARI,3374141005009,16.0,152.0,47.0,215.0
JAWA TENGAH,KOTA SEMARANG,MIJEN,PURWOSARI,3374141005010,17.0,133.0,71.0,221.0
JAWA TENGAH,KOTA SEMARANG,MIJEN,PURWOSARI,3374141005011,25.0,115.0,82.0,222.0
JAWA TENGAH,KOTA SEMARANG,MIJEN,PURWOSARI,3374141005012,18.0,76.0,44.0,138.0
JAWA TENGAH,KOTA SEMARANG,MIJEN,PURWOSARI,3374141005013,23.0,94.0,49.0,166.0
JAWA TENGAH,KOTA SEMARANG,MIJEN,PURWOSARI,3374141005014,26.0,91.0,101.0,218.0
JAWA TENGAH,KOTA SEMARANG,MIJEN,PURWOSARI,3374141005015,22.0,113.0,69.0,204.0
JAWA TENGAH,KOTA SEMARANG,MIJEN,TAMBANGAN,3374141006001,12.0,121.0,70.0,203.0
JAWA TENGAH,KOTA SEMARANG,MIJEN,TAMBANGAN,3374141006002,17.0,109.0,89.0,215.0
JAWA TENGAH,KOTA SEMARANG,MIJEN,TAMBANGAN,3374141006003,24.0,93.0,103.0,220.0
JAWA TENGAH,KOTA SEMARANG,MIJEN,TAMBANGAN,3374141006004,17.0,114.0,96.0,227.0
JAWA TENGAH,KOTA SEMARANG,MIJEN,TAMBANGAN,3374141006005,31.0,144.0,75.0,250.0
JAWA TENGAH,KOTA SEMARANG,MIJEN,TAMBANGAN,3374141006006,26.0,162.0,62.0,250.0
JAWA TENGAH,KOTA SEMARANG,MIJEN,TAMBANGAN,3374141006007,36.0,115.0,74.0,225.0
JAWA TENGAH,KOTA SEMARANG,MIJEN,TAMBANGAN,3374141006008,14.0,157.0,86.0,257.0
JAWA TENGAH,KOTA SEMARANG,MIJEN,TAMBANGAN,3374141006009,18.0,143.0,89.0,250.0
JAWA TENGAH,KOTA SEMARANG,MIJEN,TAMBANGAN,3374141006010,18.0,186.0,73.0,277.0
JAWA TENGAH,KOTA SEMARANG,MIJEN,TAMBANGAN,3374141006011,24.0,131.0,80.0,235.0
JAWA TENGAH,KOTA SEMARANG,MIJEN,TAMBANGAN,3374141006012,38.0,132.0,60.0,230.0
JAWA TENGAH,KOTA SEMARANG,MIJEN,TAMBANGAN,3374141006013,31.0,142.0,67.0,240.0
JAWA TENGAH,KOTA SEMARANG,MIJEN,TAMBANGAN,3374141006014,29.0,115.0,80.0,224.0
JAWA TENGAH,KOTA SEMARANG,MIJEN,WONOLOPO,3374141007001,,,,
JAWA TENGAH,KOTA SEMARANG,MIJEN,WONOLOPO,3374141007002,30.0,162.0,67.0,259.0
JAWA TENGAH,KOTA SEMARANG,MIJEN,WONOLOPO,3374141007003,25.0,152.0,74.0,251.0
JAWA TENGAH,KOTA SEMARANG,MIJEN,WONOLOPO,3374141007004,12.0,91.0,97.0,200.0
JAWA TENGAH,KOTA SEMARANG,MIJEN,WONOLOPO,3374141007005,28.0,125.0,99.0,252.0
JAWA TENGAH,KOTA SEMARANG,MIJEN,WONOLOPO,3374141007006,57.0,115.0,85.0,257.0
JAWA TENGAH,KOTA SEMARANG,MIJEN,WONOLOPO,3374141007007,22.0,137.0,103.0,262.0
JAWA TENGAH,KOTA SEMARANG,MIJEN,WONOLOPO,3374141007008,11.0,129.0,86.0,226.0
JAWA TENGAH,KOTA SEMARANG,MIJEN,WONOLOPO,3374141007009,29.0,171.0,54.0,254.0
JAWA TENGAH,KOTA SEMARANG,MIJEN,WONOLOPO,3374141007010,60.0,82.0,81.0,223.0
JAWA TENGAH,KOTA SEMARANG,MIJEN,WONOLOPO,3374141007011,28.0,118.0,112.0,258.0
JAWA TENGAH,KOTA SEMARANG,MIJEN,WONOLOPO,3374141007012,74.0,85.0,53.0,212.0
JAWA TENGAH,KOTA SEMARANG,MIJEN,WONOLOPO,3374141007013,27.0,166.0,59.0,252.0
JAWA TENGAH,KOTA SEMARANG,MIJEN,WONOLOPO,3374141007014,26.0,151.0,72.0,249.0
JAWA TENGAH,KOTA SEMARANG,MIJEN,WONOLOPO,3374141007015,45.0,133.0,65.0,243.0
JAWA TENGAH,KOTA SEMARANG,MIJEN,WONOLOPO,3374141007016,43.0,101.0,72.0,216.0
JAWA TENGAH,KOTA SEMARANG,MIJEN,WONOLOPO,3374141007017,33.0,88.0,79.0,200.0
JAWA TENGAH,KOTA SEMARANG,MIJEN,WONOLOPO,3374141007018,27.0,101.0,73.0,201.0
JAWA TENGAH,KOTA SEMARANG,MIJEN,WONOLOPO,3374141007019,33.0,128.0,73.0,234.0
JAWA TENGAH,KOTA SEMARANG,MIJEN,WONOLOPO,3374141007020,17.0,110.0,42.0,169.0
JAWA TENGAH,KOTA SEMARANG,MIJEN,WONOLOPO,3374141007021,11.0,103.0,59.0,173.0
JAWA TENGAH,KOTA SEMARANG,MIJEN,WONOLOPO,3374141007022,17.0,103.0,52.0,172.0
JAWA TENGAH,KOTA SEMARANG,MIJEN,WONOLOPO,3374141007023,,,,
JAWA TENGAH,KOTA SEMARANG,MIJEN,WONOLOPO,3374141007024,44.0,141.0,60.0,245.0
JAWA TENGAH,KOTA SEMARANG,MIJEN,WONOLOPO,3374141007025,53.0,125.0,60.0,238.0
JAWA TENGAH,KOTA SEMARANG,MIJEN,WONOLOPO,3374141007026,35.0,143.0,58.0,236.0
JAWA TENGAH,KOTA SEMARANG,MIJEN,WONOLOPO,3374141007027,33.0,151.0,43.0,227.0
JAWA TENGAH,KOTA SEMARANG,MIJEN,WONOLOPO,3374141007028,,,,
JAWA TENGAH,KOTA SEMARANG,MIJEN,WONOPLUMBON,3374141012001,11.0,147.0,86.0,244.0
JAWA TENGAH,KOTA SEMARANG,MIJEN,WONOPLUMBON,3374141012002,19.0,166.0,65.0,250.0
JAWA TENGAH,KOTA SEMARANG,MIJEN,WONOPLUMBON,3374141012003,15.0,162.0,92.0,269.0
JAWA TENGAH,KOTA SEMARANG,MIJEN,WONOPLUMBON,3374141012004,23.0,146.0,77.0,246.0
JAWA TENGAH,KOTA SEMARANG,MIJEN,WONOPLUMBON,3374141012005,28.0,128.0,94.0,250.0
JAWA TENGAH,KOTA SEMARANG,MIJEN,WONOPLUMBON,3374141012006,27.0,167.0,67.0,261.0
JAWA TENGAH,KOTA SEMARANG,MIJEN,WONOPLUMBON,3374141012007,,,,
JAWA TENGAH,KOTA SEMARANG,MIJEN,WONOPLUMBON,3374141012008,31.0,126.0,89.0,246.0
JAWA TENGAH,KOTA SEMARANG,MIJEN,WONOPLUMBON,3374141012009,7.0,133.0,77.0,217.0
JAWA TENGAH,KOTA SEMARANG,MIJEN,WONOPLUMBON,3374141012010,6.0,134.0,84.0,224.0
JAWA TENGAH,KOTA SEMARANG,MIJEN,WONOPLUMBON,3374141012011,12.0,120.0,95.0,227.0
JAWA TENGAH,KOTA SEMARANG,NGALIYAN,BAMBANKEREP,3374151006001,10.0,117.0,88.0,215.0
JAWA TENGAH,KOTA SEMARANG,NGALIYAN,BAMBANKEREP,3374151006002,21.0,134.0,64.0,219.0
JAWA TENGAH,KOTA SEMARANG,NGALIYAN,BAMBANKEREP,3374151006003,11.0,110.0,76.0,197.0
JAWA TENGAH,KOTA SEMARANG,NGALIYAN,BAMBANKEREP,3374151006004,24.0,97.0,42.0,163.0
JAWA TENGAH,KOTA SEMARANG,NGALIYAN,BAMBANKEREP,3374151006005,20.0,125.0,76.0,221.0
JAWA TENGAH,KOTA SEMARANG,NGALIYAN,BAMBANKEREP,3374151006006,25.0,134.0,88.0,247.0
JAWA TENGAH,KOTA SEMARANG,NGALIYAN,BAMBANKEREP,3374151006007,22.0,149.0,77.0,248.0
JAWA TENGAH,KOTA SEMARANG,NGALIYAN,BAMBANKEREP,3374151006008,9.0,126.0,108.0,243.0
JAWA TENGAH,KOTA SEMARANG,NGALIYAN,BAMBANKEREP,3374151006009,13.0,127.0,67.0,207.0
JAWA TENGAH,KOTA SEMARANG,NGALIYAN,BAMBANKEREP,3374151006010,20.0,118.0,103.0,241.0
JAWA TENGAH,KOTA SEMARANG,NGALIYAN,BAMBANKEREP,3374151006011,17.0,66.0,92.0,175.0
JAWA TENGAH,KOTA SEMARANG,NGALIYAN,BAMBANKEREP,3374151006012,17.0,116.0,72.0,205.0
JAWA TENGAH,KOTA SEMARANG,NGALIYAN,BAMBANKEREP,3374151006013,41.0,120.0,74.0,235.0
JAWA TENGAH,KOTA SEMARANG,NGALIYAN,BAMBANKEREP,3374151006014,15.0,125.0,96.0,236.0
JAWA TENGAH,KOTA SEMARANG,NGALIYAN,BAMBANKEREP,3374151006015,,,,259.0
JAWA TENGAH,KOTA SEMARANG,NGALIYAN,BAMBANKEREP,3374151006016,26.0,140.0,30.0,196.0
JAWA TENGAH,KOTA SEMARANG,NGALIYAN,BAMBANKEREP,3374151006017,36.0,124.0,92.0,252.0
JAWA TENGAH,KOTA SEMARANG,NGALIYAN,BRINGIN,3374151003001,60.0,124.0,87.0,271.0
JAWA TENGAH,KOTA SEMARANG,NGALIYAN,BRINGIN,3374151003002,63.0,140.0,52.0,255.0
JAWA TENGAH,KOTA SEMARANG,NGALIYAN,BRINGIN,3374151003003,63.0,93.0,72.0,228.0
JAWA TENGAH,KOTA SEMARANG,NGALIYAN,BRINGIN,3374151003004,65.0,93.0,59.0,217.0
JAWA TENGAH,KOTA SEMARANG,NGALIYAN,BRINGIN,3374151003005,77.0,104.0,69.0,250.0
JAWA TENGAH,KOTA SEMARANG,NGALIYAN,BRINGIN,3374151003006,52.0,132.0,70.0,254.0
JAWA TENGAH,KOTA SEMARANG,NGALIYAN,BRINGIN,3374151003007,46.0,137.0,68.0,251.0
JAWA TENGAH,KOTA SEMARANG,NGALIYAN,BRINGIN,3374151003008,62.0,100.0,65.0,227.0
JAWA TENGAH,KOTA SEMARANG,NGALIYAN,BRINGIN,3374151003009,,,,
JAWA TENGAH,KOTA SEMARANG,NGALIYAN,BRINGIN,3374151003010,54.0,115.0,53.0,222.0
JAWA TENGAH,KOTA SEMARANG,NGALIYAN,BRINGIN,3374151003011,56.0,86.0,50.0,192.0
JAWA TENGAH,KOTA SEMARANG,NGALIYAN,BRINGIN,3374151003012,53.0,120.0,81.0,254.0
JAWA TENGAH,KOTA SEMARANG,NGALIYAN,BRINGIN,3374151003013,27.0,109.0,57.0,193.0
JAWA TENGAH,KOTA SEMARANG,NGALIYAN,BRINGIN,3374151003014,39.0,139.0,81.0,259.0
JAWA TENGAH,KOTA SEMARANG,NGALIYAN,BRINGIN,3374151003015,25.0,162.0,65.0,252.0
JAWA TENGAH,KOTA SEMARANG,NGALIYAN,BRINGIN,3374151003016,39.0,118.0,59.0,216.0
JAWA TENGAH,KOTA SEMARANG,NGALIYAN,BRINGIN,3374151003017,54.0,143.0,64.0,261.0
JAWA TENGAH,KOTA SEMARANG,NGALIYAN,BRINGIN,3374151003018,18.0,168.0,80.0,266.0
JAWA TENGAH,KOTA SEMARANG,NGALIYAN,BRINGIN,3374151003019,28.0,159.0,80.0,267.0
JAWA TENGAH,KOTA SEMARANG,NGALIYAN,BRINGIN,3374151003020,,,,
JAWA TENGAH,KOTA SEMARANG,NGALIYAN,BRINGIN,3374151003021,42.0,124.0,71.0,237.0
JAWA TENGAH,KOTA SEMARANG,NGALIYAN,BRINGIN,3374151003022,31.0,133.0,74.0,238.0
JAWA TENGAH,KOTA SEMARANG,NGALIYAN,BRINGIN,3374151003023,62.0,125.0,65.0,252.0
JAWA TENGAH,KOTA SEMARANG,NGALIYAN,BRINGIN,3374151003024,66.0,111.0,63.0,240.0
JAWA TENGAH,KOTA SEMARANG,NGALIYAN,BRINGIN,3374151003025,86.0,114.0,65.0,265.0
JAWA TENGAH,KOTA SEMARANG,NGALIYAN,BRINGIN,3374151003026,101.0,89.0,55.0,245.0
JAWA TENGAH,KOTA SEMARANG,NGALIYAN,BRINGIN,3374151003027,87.0,88.0,69.0,244.0
JAWA TENGAH,KOTA SEMARANG,NGALIYAN,BRINGIN,3374151003028,75.0,115.0,53.0,243.0
JAWA TENGAH,KOTA SEMARANG,NGALIYAN,BRINGIN,3374151003029,28.0,82.0,59.0,169.0
JAWA TENGAH,KOTA SEMARANG,NGALIYAN,BRINGIN,3374151003030,32.0,96.0,52.0,180.0
JAWA TENGAH,KOTA SEMARANG,NGALIYAN,BRINGIN,3374151003031,59.0,97.0,79.0,235.0
JAWA TENGAH,KOTA SEMARANG,NGALIYAN,BRINGIN,3374151003032,76.0,92.0,62.0,230.0
JAWA TENGAH,KOTA SEMARANG,NGALIYAN,BRINGIN,3374151003033,58.0,93.0,73.0,224.0
JAWA TENGAH,KOTA SEMARANG,NGALIYAN,BRINGIN,3374151003034,54.0,102.0,69.0,225.0
JAWA TENGAH,KOTA SEMARANG,NGALIYAN,BRINGIN,3374151003035,74.0,92.0,83.0,249.0
JAWA TENGAH,KOTA SEMARANG,NGALIYAN,BRINGIN,3374151003036,66.0,101.0,59.0,226.0
JAWA TENGAH,KOTA SEMARANG,NGALIYAN,BRINGIN,3374151003037,49.0,133.0,83.0,265.0
JAWA TENGAH,KOTA SEMARANG,NGALIYAN,BRINGIN,3374151003038,62.0,105.0,80.0,247.0
JAWA TENGAH,KOTA SEMARANG,NGALIYAN,BRINGIN,3374151003039,39.0,111.0,63.0,213.0
JAWA TENGAH,KOTA SEMARANG,NGALIYAN,BRINGIN,3374151003040,40.0,125.0,66.0,231.0
JAWA TENGAH,KOTA SEMARANG,NGALIYAN,BRINGIN,3374151003041,63.0,101.0,72.0,236.0
JAWA TENGAH,KOTA SEMARANG,NGALIYAN,BRINGIN,3374151003042,34.0,124.0,73.0,231.0
JAWA TENGAH,KOTA SEMARANG,NGALIYAN,BRINGIN,3374151003043,22.0,111.0,53.0,186.0
JAWA TENGAH,KOTA SEMARANG,NGALIYAN,BRINGIN,3374151003044,,,,
JAWA TENGAH,KOTA SEMARANG,NGALIYAN,BRINGIN,3374151003045,19.0,76.0,39.0,134.0
JAWA TENGAH,KOTA SEMARANG,NGALIYAN,BRINGIN,3374151003046,73.0,112.0,66.0,251.0
JAWA TENGAH,KOTA SEMARANG,NGALIYAN,BRINGIN,3374151003047,29.0,121.0,92.0,242.0
JAWA TENGAH,KOTA SEMARANG,NGALIYAN,BRINGIN,3374151003048,60.0,118.0,88.0,266.0
JAWA TENGAH,KOTA SEMARANG,NGALIYAN,GONDORIYO,3374151001001,25.0,168.0,49.0,242.0
JAWA TENGAH,KOTA SEMARANG,NGALIYAN,GONDORIYO,3374151001002,,,,
JAWA TENGAH,KOTA SEMARANG,NGALIYAN,GONDORIYO,3374151001003,9.0,106.0,126.0,241.0
JAWA TENGAH,KOTA SEMARANG,NGALIYAN,GONDORIYO,3374151001004,30.0,115.0,71.0,216.0
JAWA TENGAH,KOTA SEMARANG,NGALIYAN,GONDORIYO,3374151001005,37.0,143.0,55.0,235.0
JAWA TENGAH,KOTA SEMARANG,NGALIYAN,GONDORIYO,3374151001006,21.0,104.0,117.0,242.0
JAWA TENGAH,KOTA SEMARANG,NGALIYAN,GONDORIYO,3374151001007,,,,241.0
JAWA TENGAH,KOTA SEMARANG,NGALIYAN,GONDORIYO,3374151001008,,,,
JAWA TENGAH,KOTA SEMARANG,NGALIYAN,GONDORIYO,3374151001009,41.0,63.0,47.0,151.0
JAWA TENGAH,KOTA SEMARANG,NGALIYAN,GONDORIYO,3374151001010,54.0,120.0,68.0,242.0
JAWA TENGAH,KOTA SEMARANG,NGALIYAN,GONDORIYO,3374151001011,51.0,126.0,71.0,248.0
JAWA TENGAH,KOTA SEMARANG,NGALIYAN,GONDORIYO,3374151001012,46.0,106.0,48.0,200.0
JAWA TENGAH,KOTA SEMARANG,NGALIYAN,GONDORIYO,3374151001013,69.0,108.0,76.0,253.0
JAWA TENGAH,KOTA SEMARANG,NGALIYAN,GONDORIYO,3374151001014,,,,
JAWA TENGAH,KOTA SEMARANG,NGALIYAN,GONDORIYO,3374151001015,32.0,136.0,83.0,251.0
JAWA TENGAH,KOTA SEMARANG,NGALIYAN,GONDORIYO,3374151001016,,,,
JAWA TENGAH,KOTA SEMARANG,NGALIYAN,GONDORIYO,3374151001017,,,,
JAWA TENGAH,KOTA SEMARANG,NGALIYAN,GONDORIYO,3374151001018,,,,
JAWA TENGAH,KOTA SEMARANG,NGALIYAN,GONDORIYO,3374151001019,,,,
JAWA TENGAH,KOTA SEMARANG,NGALIYAN,GONDORIYO,3374151001020,58.0,142.0,63.0,263.0
JAWA TENGAH,KOTA SEMARANG,NGALIYAN,KALIPANCUR,3374151005001,17.0,133.0,96.0,246.0
JAWA TENGAH,KOTA SEMARANG,NGALIYAN,KALIPANCUR,3374151005002,26.0,132.0,91.0,249.0
JAWA TENGAH,KOTA SEMARANG,NGALIYAN,KALIPANCUR,3374151005003,34.0,132.0,87.0,253.0
JAWA TENGAH,KOTA SEMARANG,NGALIYAN,KALIPANCUR,3374151005004,21.0,151.0,94.0,266.0
JAWA TENGAH,KOTA SEMARANG,NGALIYAN,KALIPANCUR,3374151005005,33.0,88.0,123.0,244.0
JAWA TENGAH,KOTA SEMARANG,NGALIYAN,KALIPANCUR,3374151005006,21.0,123.0,108.0,252.0
JAWA TENGAH,KOTA SEMARANG,NGALIYAN,KALIPANCUR,3374151005007,23.0,124.0,104.0,251.0
JAWA TENGAH,KOTA SEMARANG,NGALIYAN,KALIPANCUR,3374151005008,16.0,132.0,113.0,261.0
JAWA TENGAH,KOTA SEMARANG,NGALIYAN,KALIPANCUR,3374151005009,38.0,108.0,68.0,214.0
JAWA TENGAH,KOTA SEMARANG,NGALIYAN,KALIPANCUR,3374151005010,29.0,103.0,79.0,211.0
JAWA TENGAH,KOTA SEMARANG,NGALIYAN,KALIPANCUR,3374151005011,17.0,128.0,86.0,231.0
JAWA TENGAH,KOTA SEMARANG,NGALIYAN,KALIPANCUR,3374151005012,17.0,105.0,96.0,218.0
JAWA TENGAH,KOTA SEMARANG,NGALIYAN,KALIPANCUR,3374151005013,20.0,108.0,65.0,193.0
JAWA TENGAH,KOTA SEMARANG,NGALIYAN,KALIPANCUR,3374151005014,7.0,104.0,92.0,203.0
JAWA TENGAH,KOTA SEMARANG,NGALIYAN,KALIPANCUR,3374151005015,18.0,126.0,81.0,225.0
JAWA TENGAH,KOTA SEMARANG,NGALIYAN,KALIPANCUR,3374151005016,20.0,134.0,92.0,246.0
JAWA TENGAH,KOTA SEMARANG,NGALIYAN,KALIPANCUR,3374151005017,33.0,92.0,43.0,168.0
JAWA TENGAH,KOTA SEMARANG,NGALIYAN,KALIPANCUR,3374151005018,36.0,120.0,84.0,240.0
JAWA TENGAH,KOTA SEMARANG,NGALIYAN,KALIPANCUR,3374151005019,31.0,89.0,75.0,195.0
JAWA TENGAH,KOTA SEMARANG,NGALIYAN,KALIPANCUR,3374151005020,27.0,118.0,77.0,222.0
JAWA TENGAH,KOTA SEMARANG,NGALIYAN,KALIPANCUR,3374151005021,37.0,129.0,67.0,233.0
JAWA TENGAH,KOTA SEMARANG,NGALIYAN,KALIPANCUR,3374151005022,30.0,114.0,79.0,223.0
JAWA TENGAH,KOTA SEMARANG,NGALIYAN,KALIPANCUR,3374151005023,41.0,126.0,78.0,245.0
JAWA TENGAH,KOTA SEMARANG,NGALIYAN,KALIPANCUR,3374151005024,33.0,111.0,90.0,234.0
JAWA TENGAH,KOTA SEMARANG,NGALIYAN,KALIPANCUR,3374151005025,24.0,112.0,112.0,248.0
JAWA TENGAH,KOTA SEMARANG,NGALIYAN,KALIPANCUR,3374151005026,31.0,116.0,87.0,234.0
JAWA TENGAH,KOTA SEMARANG,NGALIYAN,KALIPANCUR,3374151005027,28.0,130.0,76.0,234.0
JAWA TENGAH,KOTA SEMARANG,NGALIYAN,KALIPANCUR,3374151005028,26.0,129.0,86.0,241.0
JAWA TENGAH,KOTA SEMARANG,NGALIYAN,KALIPANCUR,3374151005029,22.0,158.0,72.0,252.0
JAWA TENGAH,KOTA SEMARANG,NGALIYAN,KALIPANCUR,3374151005030,47.0,88.0,76.0,211.0
JAWA TENGAH,KOTA SEMARANG,NGALIYAN,KALIPANCUR,3374151005031,39.0,70.0,82.0,191.0
JAWA TENGAH,KOTA SEMARANG,NGALIYAN,KALIPANCUR,3374151005032,38.0,93.0,68.0,199.0
JAWA TENGAH,KOTA SEMARANG,NGALIYAN,KALIPANCUR,3374151005033,52.0,107.0,70.0,229.0
JAWA TENGAH,KOTA SEMARANG,NGALIYAN,KALIPANCUR,3374151005034,64.0,93.0,85.0,242.0
JAWA TENGAH,KOTA SEMARANG,NGALIYAN,KALIPANCUR,3374151005035,47.0,98.0,98.0,243.0
JAWA TENGAH,KOTA SEMARANG,NGALIYAN,KALIPANCUR,3374151005036,58.0,109.0,90.0,257.0
JAWA TENGAH,KOTA SEMARANG,NGALIYAN,KALIPANCUR,3374151005037,53.0,112.0,95.0,260.0
JAWA TENGAH,KOTA SEMARANG,NGALIYAN,KALIPANCUR,3374151005038,49.0,100.0,83.0,232.0
JAWA TENGAH,KOTA SEMARANG,NGALIYAN,KALIPANCUR,3374151005039,44.0,108.0,76.0,228.0
JAWA TENGAH,KOTA SEMARANG,NGALIYAN,KALIPANCUR,3374151005040,35.0,78.0,48.0,161.0
JAWA TENGAH,KOTA SEMARANG,NGALIYAN,KALIPANCUR,3374151005041,49.0,101.0,82.0,232.0
JAWA TENGAH,KOTA SEMARANG,NGALIYAN,KALIPANCUR,3374151005042,60.0,100.0,76.0,236.0
JAWA TENGAH,KOTA SEMARANG,NGALIYAN,KALIPANCUR,3374151005043,52.0,111.0,71.0,234.0
JAWA TENGAH,KOTA SEMARANG,NGALIYAN,KALIPANCUR,3374151005044,50.0,105.0,97.0,252.0
JAWA TENGAH,KOTA SEMARANG,NGALIYAN,KALIPANCUR,3374151005045,,,,
JAWA TENGAH,KOTA SEMARANG,NGALIYAN,KALIPANCUR,3374151005046,48.0,74.0,96.0,218.0
JAWA TENGAH,KOTA SEMARANG,NGALIYAN,KALIPANCUR,3374151005047,57.0,84.0,82.0,223.0
JAWA TENGAH,KOTA SEMARANG,NGALIYAN,KALIPANCUR,3374151005048,55.0,108.0,81.0,244.0
JAWA TENGAH,KOTA SEMARANG,NGALIYAN,KALIPANCUR,3374151005049,42.0,142.0,75.0,259.0
JAWA TENGAH,KOTA SEMARANG,NGALIYAN,KALIPANCUR,3374151005050,54.0,96.0,75.0,225.0
JAWA TENGAH,KOTA SEMARANG,NGALIYAN,KALIPANCUR,3374151005051,21.0,83.0,56.0,160.0
JAWA TENGAH,KOTA SEMARANG,NGALIYAN,KALIPANCUR,3374151005052,72.0,115.0,40.0,227.0
JAWA TENGAH,KOTA SEMARANG,NGALIYAN,KALIPANCUR,3374151005053,39.0,115.0,65.0,219.0
JAWA TENGAH,KOTA SEMARANG,NGALIYAN,KALIPANCUR,3374151005054,36.0,119.0,67.0,222.0
JAWA TENGAH,KOTA SEMARANG,NGALIYAN,KALIPANCUR,3374151005055,45.0,138.0,53.0,236.0
JAWA TENGAH,KOTA SEMARANG,NGALIYAN,KALIPANCUR,3374151005056,50.0,67.0,67.0,184.0
JAWA TENGAH,KOTA SEMARANG,NGALIYAN,KALIPANCUR,3374151005057,37.0,77.0,52.0,166.0
JAWA TENGAH,KOTA SEMARANG,NGALIYAN,NGALIYAN,3374151007001,34.0,99.0,69.0,202.0
JAWA TENGAH,KOTA SEMARANG,NGALIYAN,NGALIYAN,3374151007002,23.0,111.0,103.0,237.0
JAWA TENGAH,KOTA SEMARANG,NGALIYAN,NGALIYAN,3374151007003,26.0,91.0,57.0,174.0
JAWA TENGAH,KOTA SEMARANG,NGALIYAN,NGALIYAN,3374151007004,28.0,131.0,95.0,254.0
JAWA TENGAH,KOTA SEMARANG,NGALIYAN,NGALIYAN,3374151007005,25.0,100.0,69.0,194.0
JAWA TENGAH,KOTA SEMARANG,NGALIYAN,NGALIYAN,3374151007006,18.0,143.0,104.0,265.0
JAWA TENGAH,KOTA SEMARANG,NGALIYAN,NGALIYAN,3374151007007,58.0,90.0,87.0,235.0
JAWA TENGAH,KOTA SEMARANG,NGALIYAN,NGALIYAN,3374151007008,82.0,91.0,64.0,237.0
JAWA TENGAH,KOTA SEMARANG,NGALIYAN,NGALIYAN,3374151007009,77.0,112.0,59.0,248.0
JAWA TENGAH,KOTA SEMARANG,NGALIYAN,NGALIYAN,3374151007010,57.0,81.0,78.0,216.0
JAWA TENGAH,KOTA SEMARANG,NGALIYAN,NGALIYAN,3374151007011,18.0,64.0,58.0,140.0
JAWA TENGAH,KOTA SEMARANG,NGALIYAN,NGALIYAN,3374151007012,,,,
JAWA TENGAH,KOTA SEMARANG,NGALIYAN,NGALIYAN,3374151007013,51.0,116.0,72.0,239.0
JAWA TENGAH,KOTA SEMARANG,NGALIYAN,NGALIYAN,3374151007014,48.0,102.0,85.0,235.0
JAWA TENGAH,KOTA SEMARANG,NGALIYAN,NGALIYAN,3374151007015,70.0,104.0,53.0,227.0
JAWA TENGAH,KOTA SEMARANG,NGALIYAN,NGALIYAN,3374151007016,53.0,137.0,45.0,235.0
JAWA TENGAH,KOTA SEMARANG,NGALIYAN,NGALIYAN,3374151007017,68.0,95.0,70.0,233.0
JAWA TENGAH,KOTA SEMARANG,NGALIYAN,NGALIYAN,3374151007018,36.0,125.0,74.0,235.0
JAWA TENGAH,KOTA SEMARANG,NGALIYAN,NGALIYAN,3374151007019,57.0,110.0,67.0,234.0
JAWA TENGAH,KOTA SEMARANG,NGALIYAN,NGALIYAN,3374151007020,39.0,91.0,44.0,174.0
JAWA TENGAH,KOTA SEMARANG,NGALIYAN,NGALIYAN,3374151007021,,,,
JAWA TENGAH,KOTA SEMARANG,NGALIYAN,NGALIYAN,3374151007022,63.0,95.0,86.0,244.0
JAWA TENGAH,KOTA SEMARANG,NGALIYAN,NGALIYAN,3374151007023,41.0,82.0,85.0,208.0
JAWA TENGAH,KOTA SEMARANG,NGALIYAN,NGALIYAN,3374151007024,54.0,83.0,83.0,220.0
JAWA TENGAH,KOTA SEMARANG,NGALIYAN,NGALIYAN,3374151007025,41.0,86.0,114.0,241.0
JAWA TENGAH,KOTA SEMARANG,NGALIYAN,NGALIYAN,3374151007026,73.0,75.0,88.0,236.0
JAWA TENGAH,KOTA SEMARANG,NGALIYAN,NGALIYAN,3374151007027,48.0,99.0,106.0,253.0
JAWA TENGAH,KOTA SEMARANG,NGALIYAN,NGALIYAN,3374151007028,22.0,148.0,80.0,250.0
JAWA TENGAH,KOTA SEMARANG,NGALIYAN,NGALIYAN,3374151007029,25.0,126.0,100.0,251.0
JAWA TENGAH,KOTA SEMARANG,NGALIYAN,NGALIYAN,3374151007030,41.0,139.0,71.0,251.0
JAWA TENGAH,KOTA SEMARANG,NGALIYAN,NGALIYAN,3374151007031,27.0,125.0,82.0,234.0
JAWA TENGAH,KOTA SEMARANG,NGALIYAN,NGALIYAN,3374151007032,25.0,106.0,93.0,224.0
JAWA TENGAH,KOTA SEMARANG,NGALIYAN,NGALIYAN,3374151007033,41.0,111.0,85.0,237.0
JAWA TENGAH,KOTA SEMARANG,NGALIYAN,NGALIYAN,3374151007034,45.0,118.0,65.0,228.0
JAWA TENGAH,KOTA SEMARANG,NGALIYAN,NGALIYAN,3374151007035,42.0,105.0,51.0,198.0
JAWA TENGAH,KOTA SEMARANG,NGALIYAN,NGALIYAN,3374151007036,16.0,119.0,54.0,189.0
JAWA TENGAH,KOTA SEMARANG,NGALIYAN,NGALIYAN,3374151007037,69.0,92.0,90.0,251.0
JAWA TENGAH,KOTA SEMARANG,NGALIYAN,PODOREJO,3374151002001,7.0,142.0,108.0,257.0
JAWA TENGAH,KOTA SEMARANG,NGALIYAN,PODOREJO,3374151002002,18.0,145.0,34.0,197.0
JAWA TENGAH,KOTA SEMARANG,NGALIYAN,PODOREJO,3374151002003,17.0,128.0,76.0,221.0
JAWA TENGAH,KOTA SEMARANG,NGALIYAN,PODOREJO,3374151002004,11.0,138.0,92.0,241.0
JAWA TENGAH,KOTA SEMARANG,NGALIYAN,PODOREJO,3374151002005,17.0,151.0,83.0,251.0
JAWA TENGAH,KOTA SEMARANG,NGALIYAN,PODOREJO,3374151002006,,,,
JAWA TENGAH,KOTA SEMARANG,NGALIYAN,PODOREJO,3374151002007,39.0,118.0,83.0,240.0
JAWA TENGAH,KOTA SEMARANG,NGALIYAN,PODOREJO,3374151002008,43.0,140.0,86.0,269.0
JAWA TENGAH,KOTA SEMARANG,NGALIYAN,PODOREJO,3374151002009,37.0,138.0,77.0,252.0
JAWA TENGAH,KOTA SEMARANG,NGALIYAN,PODOREJO,3374151002010,,,,
JAWA TENGAH,KOTA SEMARANG,NGALIYAN,PODOREJO,3374151002011,24.0,129.0,59.0,212.0
JAWA TENGAH,KOTA SEMARANG,NGALIYAN,PODOREJO,3374151002012,19.0,120.0,107.0,246.0
JAWA TENGAH,KOTA SEMARANG,NGALIYAN,PODOREJO,3374151002013,11.0,106.0,138.0,255.0
JAWA TENGAH,KOTA SEMARANG,NGALIYAN,PODOREJO,3374151002014,,,,235.0
JAWA TENGAH,KOTA SEMARANG,NGALIYAN,PODOREJO,3374151002015,10.0,58.0,121.0,189.0
JAWA TENGAH,KOTA SEMARANG,NGALIYAN,PODOREJO,3374151002016,15.0,92.0,108.0,215.0
JAWA TENGAH,KOTA SEMARANG,NGALIYAN,PODOREJO,3374151002017,28.0,95.0,100.0,223.0
JAWA TENGAH,KOTA SEMARANG,NGALIYAN,PODOREJO,3374151002018,21.0,77.0,114.0,212.0
JAWA TENGAH,KOTA SEMARANG,NGALIYAN,PODOREJO,3374151002019,9.0,82.0,122.0,213.0
JAWA TENGAH,KOTA SEMARANG,NGALIYAN,PODOREJO,3374151002020,14.0,130.0,95.0,239.0
JAWA TENGAH,KOTA SEMARANG,NGALIYAN,PODOREJO,3374151002021,11.0,113.0,99.0,223.0
JAWA TENGAH,KOTA SEMARANG,NGALIYAN,PODOREJO,3374151002022,12.0,123.0,103.0,238.0
JAWA TENGAH,KOTA SEMARANG,NGALIYAN,PODOREJO,3374151002023,14.0,135.0,98.0,247.0
JAWA TENGAH,KOTA SEMARANG,NGALIYAN,PODOREJO,3374151002024,20.0,111.0,122.0,253.0
JAWA TENGAH,KOTA SEMARANG,NGALIYAN,PODOREJO,3374151002025,10.0,140.0,63.0,213.0
JAWA TENGAH,KOTA SEMARANG,NGALIYAN,PODOREJO,3374151002026,17.0,162.0,74.0,253.0
JAWA TENGAH,KOTA SEMARANG,NGALIYAN,PURWOYOSO,3374151004001,34.0,119.0,70.0,223.0
JAWA TENGAH,KOTA SEMARANG,NGALIYAN,PURWOYOSO,3374151004002,43.0,122.0,90.0,255.0
JAWA TENGAH,KOTA SEMARANG,NGALIYAN,PURWOYOSO,3374151004003,40.0,128.0,75.0,243.0
JAWA TENGAH,KOTA SEMARANG,NGALIYAN,PURWOYOSO,3374151004004,32.0,109.0,91.0,232.0
JAWA TENGAH,KOTA SEMARANG,NGALIYAN,PURWOYOSO,3374151004005,34.0,122.0,81.0,237.0
JAWA TENGAH,KOTA SEMARANG,NGALIYAN,PURWOYOSO,3374151004006,34.0,112.0,97.0,243.0
JAWA TENGAH,KOTA SEMARANG,NGALIYAN,PURWOYOSO,3374151004007,43.0,128.0,65.0,236.0
JAWA TENGAH,KOTA SEMARANG,NGALIYAN,PURWOYOSO,3374151004008,29.0,131.0,83.0,243.0
JAWA TENGAH,KOTA SEMARANG,NGALIYAN,PURWOYOSO,3374151004009,52.0,110.0,88.0,250.0
JAWA TENGAH,KOTA SEMARANG,NGALIYAN,PURWOYOSO,3374151004010,36.0,104.0,93.0,233.0
JAWA TENGAH,KOTA SEMARANG,NGALIYAN,PURWOYOSO,3374151004011,31.0,102.0,90.0,223.0
JAWA TENGAH,KOTA SEMARANG,NGALIYAN,PURWOYOSO,3374151004012,26.0,90.0,88.0,204.0
JAWA TENGAH,KOTA SEMARANG,NGALIYAN,PURWOYOSO,3374151004013,24.0,114.0,90.0,228.0
JAWA TENGAH,KOTA SEMARANG,NGALIYAN,PURWOYOSO,3374151004014,18.0,83.0,114.0,215.0
JAWA TENGAH,KOTA SEMARANG,NGALIYAN,PURWOYOSO,3374151004015,31.0,108.0,101.0,240.0
JAWA TENGAH,KOTA SEMARANG,NGALIYAN,PURWOYOSO,3374151004016,34.0,151.0,78.0,263.0
JAWA TENGAH,KOTA SEMARANG,NGALIYAN,PURWOYOSO,3374151004017,45.0,97.0,92.0,234.0
JAWA TENGAH,KOTA SEMARANG,NGALIYAN,PURWOYOSO,3374151004018,14.0,97.0,71.0,182.0
JAWA TENGAH,KOTA SEMARANG,NGALIYAN,PURWOYOSO,3374151004019,14.0,98.0,89.0,201.0
JAWA TENGAH,KOTA SEMARANG,NGALIYAN,PURWOYOSO,3374151004020,46.0,85.0,80.0,211.0
JAWA TENGAH,KOTA SEMARANG,NGALIYAN,PURWOYOSO,3374151004021,,,,
JAWA TENGAH,KOTA SEMARANG,NGALIYAN,PURWOYOSO,3374151004022,29.0,108.0,87.0,224.0
JAWA TENGAH,KOTA SEMARANG,NGALIYAN,PURWOYOSO,3374151004023,35.0,70.0,65.0,170.0
JAWA TENGAH,KOTA SEMARANG,NGALIYAN,PURWOYOSO,3374151004024,38.0,79.0,76.0,193.0
JAWA TENGAH,KOTA SEMARANG,NGALIYAN,PURWOYOSO,3374151004025,62.0,90.0,73.0,225.0
JAWA TENGAH,KOTA SEMARANG,NGALIYAN,PURWOYOSO,3374151004026,63.0,71.0,64.0,198.0
JAWA TENGAH,KOTA SEMARANG,NGALIYAN,PURWOYOSO,3374151004027,66.0,92.0,69.0,227.0
JAWA TENGAH,KOTA SEMARANG,NGALIYAN,PURWOYOSO,3374151004028,83.0,99.0,59.0,241.0
JAWA TENGAH,KOTA SEMARANG,NGALIYAN,PURWOYOSO,3374151004029,49.0,131.0,75.0,255.0
JAWA TENGAH,KOTA SEMARANG,NGALIYAN,PURWOYOSO,3374151004030,46.0,147.0,84.0,277.0
JAWA TENGAH,KOTA SEMARANG,NGALIYAN,PURWOYOSO,3374151004031,14.0,151.0,104.0,269.0
JAWA TENGAH,KOTA SEMARANG,NGALIYAN,PURWOYOSO,3374151004032,33.0,139.0,89.0,261.0
JAWA TENGAH,KOTA SEMARANG,NGALIYAN,PURWOYOSO,3374151004033,51.0,157.0,58.0,266.0
JAWA TENGAH,KOTA SEMARANG,NGALIYAN,PURWOYOSO,3374151004034,27.0,137.0,89.0,253.0
JAWA TENGAH,KOTA SEMARANG,NGALIYAN,PURWOYOSO,3374151004035,24.0,128.0,77.0,229.0
JAWA TENGAH,KOTA SEMARANG,NGALIYAN,PURWOYOSO,3374151004036,9.0,113.0,85.0,207.0
JAWA TENGAH,KOTA SEMARANG,NGALIYAN,PURWOYOSO,3374151004037,12.0,141.0,58.0,211.0
JAWA TENGAH,KOTA SEMARANG,NGALIYAN,PURWOYOSO,3374151004038,23.0,85.0,86.0,194.0
JAWA TENGAH,KOTA SEMARANG,NGALIYAN,PURWOYOSO,3374151004039,16.0,118.0,73.0,207.0
JAWA TENGAH,KOTA SEMARANG,NGALIYAN,PURWOYOSO,3374151004040,16.0,134.0,89.0,239.0
JAWA TENGAH,KOTA SEMARANG,NGALIYAN,PURWOYOSO,3374151004041,26.0,97.0,114.0,237.0
JAWA TENGAH,KOTA SEMARANG,NGALIYAN,PURWOYOSO,3374151004042,,,,
JAWA TENGAH,KOTA SEMARANG,NGALIYAN,PURWOYOSO,3374151004043,30.0,119.0,96.0,245.0
JAWA TENGAH,KOTA SEMARANG,NGALIYAN,TAMBAKAJI,3374151008001,20.0,127.0,59.0,206.0
JAWA TENGAH,KOTA SEMARANG,NGALIYAN,TAMBAKAJI,3374151008002,41.0,124.0,75.0,240.0
JAWA TENGAH,KOTA SEMARANG,NGALIYAN,TAMBAKAJI,3374151008003,29.0,98.0,116.0,243.0
JAWA TENGAH,KOTA SEMARANG,NGALIYAN,TAMBAKAJI,3374151008004,28.0,116.0,68.0,212.0
JAWA TENGAH,KOTA SEMARANG,NGALIYAN,TAMBAKAJI,3374151008005,32.0,112.0,95.0,239.0
JAWA TENGAH,KOTA SEMARANG,NGALIYAN,TAMBAKAJI,3374151008006,40.0,140.0,87.0,267.0
JAWA TENGAH,KOTA SEMARANG,NGALIYAN,TAMBAKAJI,3374151008007,29.0,123.0,77.0,229.0
JAWA TENGAH,KOTA SEMARANG,NGALIYAN,TAMBAKAJI,3374151008008,47.0,122.0,86.0,255.0
JAWA TENGAH,KOTA SEMARANG,NGALIYAN,TAMBAKAJI,3374151008009,30.0,157.0,68.0,255.0
JAWA TENGAH,KOTA SEMARANG,NGALIYAN,TAMBAKAJI,3374151008010,104.0,94.0,48.0,246.0
JAWA TENGAH,KOTA SEMARANG,NGALIYAN,TAMBAKAJI,3374151008011,21.0,98.0,126.0,245.0
JAWA TENGAH,KOTA SEMARANG,NGALIYAN,TAMBAKAJI,3374151008012,51.0,108.0,93.0,252.0
JAWA TENGAH,KOTA SEMARANG,NGALIYAN,TAMBAKAJI,3374151008013,43.0,112.0,83.0,238.0
JAWA TENGAH,KOTA SEMARANG,NGALIYAN,TAMBAKAJI,3374151008014,40.0,90.0,107.0,237.0
JAWA TENGAH,KOTA SEMARANG,NGALIYAN,TAMBAKAJI,3374151008015,50.0,100.0,99.0,249.0
JAWA TENGAH,KOTA SEMARANG,NGALIYAN,TAMBAKAJI,3374151008016,34.0,122.0,88.0,244.0
JAWA TENGAH,KOTA SEMARANG,NGALIYAN,TAMBAKAJI,3374151008017,32.0,146.0,76.0,254.0
JAWA TENGAH,KOTA SEMARANG,NGALIYAN,TAMBAKAJI,3374151008018,41.0,136.0,76.0,253.0
JAWA TENGAH,KOTA SEMARANG,NGALIYAN,TAMBAKAJI,3374151008019,67.0,123.0,74.0,264.0
JAWA TENGAH,KOTA SEMARANG,NGALIYAN,TAMBAKAJI,3374151008020,67.0,75.0,90.0,232.0
JAWA TENGAH,KOTA SEMARANG,NGALIYAN,TAMBAKAJI,3374151008021,55.0,87.0,60.0,202.0
JAWA TENGAH,KOTA SEMARANG,NGALIYAN,TAMBAKAJI,3374151008022,38.0,75.0,75.0,188.0
JAWA TENGAH,KOTA SEMARANG,NGALIYAN,TAMBAKAJI,3374151008023,44.0,130.0,65.0,239.0
JAWA TENGAH,KOTA SEMARANG,NGALIYAN,TAMBAKAJI,3374151008024,33.0,85.0,40.0,158.0
JAWA TENGAH,KOTA SEMARANG,NGALIYAN,TAMBAKAJI,3374151008025,29.0,125.0,59.0,213.0
JAWA TENGAH,KOTA SEMARANG,NGALIYAN,TAMBAKAJI,3374151008026,32.0,123.0,84.0,239.0
JAWA TENGAH,KOTA SEMARANG,NGALIYAN,TAMBAKAJI,3374151008027,46.0,87.0,58.0,191.0
JAWA TENGAH,KOTA SEMARANG,NGALIYAN,TAMBAKAJI,3374151008028,40.0,121.0,75.0,236.0
JAWA TENGAH,KOTA SEMARANG,NGALIYAN,TAMBAKAJI,3374151008029,,,,
JAWA TENGAH,KOTA SEMARANG,NGALIYAN,TAMBAKAJI,3374151008030,33.0,90.0,51.0,174.0
JAWA TENGAH,KOTA SEMARANG,NGALIYAN,TAMBAKAJI,3374151008031,39.0,138.0,56.0,233.0
JAWA TENGAH,KOTA SEMARANG,NGALIYAN,TAMBAKAJI,3374151008032,25.0,134.0,71.0,230.0
JAWA TENGAH,KOTA SEMARANG,NGALIYAN,TAMBAKAJI,3374151008033,73.0,118.0,68.0,259.0
JAWA TENGAH,KOTA SEMARANG,NGALIYAN,TAMBAKAJI,3374151008034,45.0,82.0,56.0,183.0
JAWA TENGAH,KOTA SEMARANG,NGALIYAN,TAMBAKAJI,3374151008035,39.0,73.0,89.0,201.0
JAWA TENGAH,KOTA SEMARANG,NGALIYAN,TAMBAKAJI,3374151008036,38.0,118.0,92.0,248.0
JAWA TENGAH,KOTA SEMARANG,NGALIYAN,TAMBAKAJI,3374151008037,21.0,109.0,86.0,216.0
JAWA TENGAH,KOTA SEMARANG,NGALIYAN,TAMBAKAJI,3374151008038,44.0,144.0,86.0,274.0
JAWA TENGAH,KOTA SEMARANG,NGALIYAN,TAMBAKAJI,3374151008039,29.0,123.0,55.0,207.0
JAWA TENGAH,KOTA SEMARANG,NGALIYAN,TAMBAKAJI,3374151008040,40.0,139.0,104.0,283.0
JAWA TENGAH,KOTA SEMARANG,NGALIYAN,TAMBAKAJI,3374151008041,26.0,157.0,85.0,268.0
JAWA TENGAH,KOTA SEMARANG,NGALIYAN,TAMBAKAJI,3374151008042,23.0,155.0,69.0,247.0
JAWA TENGAH,KOTA SEMARANG,NGALIYAN,TAMBAKAJI,3374151008043,25.0,141.0,74.0,240.0
JAWA TENGAH,KOTA SEMARANG,NGALIYAN,TAMBAKAJI,3374151008044,39.0,147.0,68.0,254.0
JAWA TENGAH,KOTA SEMARANG,NGALIYAN,TAMBAKAJI,3374151008045,26.0,128.0,77.0,231.0
JAWA TENGAH,KOTA SEMARANG,NGALIYAN,TAMBAKAJI,3374151008046,23.0,169.0,71.0,263.0
JAWA TENGAH,KOTA SEMARANG,NGALIYAN,TAMBAKAJI,3374151008047,24.0,153.0,86.0,263.0
JAWA TENGAH,KOTA SEMARANG,NGALIYAN,TAMBAKAJI,3374151008048,20.0,160.0,83.0,263.0
JAWA TENGAH,KOTA SEMARANG,NGALIYAN,TAMBAKAJI,3374151008049,25.0,133.0,114.0,272.0
JAWA TENGAH,KOTA SEMARANG,NGALIYAN,TAMBAKAJI,3374151008050,18.0,155.0,72.0,245.0
JAWA TENGAH,KOTA SEMARANG,NGALIYAN,TAMBAKAJI,3374151008051,36.0,155.0,70.0,261.0
JAWA TENGAH,KOTA SEMARANG,NGALIYAN,TAMBAKAJI,3374151008052,21.0,156.0,73.0,250.0
JAWA TENGAH,KOTA SEMARANG,NGALIYAN,TAMBAKAJI,3374151008053,46.0,148.0,64.0,258.0
JAWA TENGAH,KOTA SEMARANG,NGALIYAN,TAMBAKAJI,3374151008054,47.0,71.0,47.0,165.0
JAWA TENGAH,KOTA SEMARANG,NGALIYAN,TAMBAKAJI,3374151008055,49.0,62.0,52.0,163.0
JAWA TENGAH,KOTA SEMARANG,NGALIYAN,TAMBAKAJI,3374151008056,45.0,133.0,92.0,270.0
JAWA TENGAH,KOTA SEMARANG,NGALIYAN,TAMBAKAJI,3374151008057,42.0,125.0,79.0,246.0
JAWA TENGAH,KOTA SEMARANG,NGALIYAN,WATES,3374151010001,17.0,121.0,68.0,206.0
JAWA TENGAH,KOTA SEMARANG,NGALIYAN,WATES,3374151010002,44.0,120.0,71.0,235.0
JAWA TENGAH,KOTA SEMARANG,NGALIYAN,WATES,3374151010003,37.0,158.0,59.0,254.0
JAWA TENGAH,KOTA SEMARANG,NGALIYAN,WATES,3374151010004,38.0,126.0,71.0,235.0
JAWA TENGAH,KOTA SEMARANG,NGALIYAN,WATES,3374151010005,35.0,139.0,70.0,244.0
JAWA TENGAH,KOTA SEMARANG,NGALIYAN,WATES,3374151010006,19.0,113.0,82.0,214.0
JAWA TENGAH,KOTA SEMARANG,NGALIYAN,WATES,3374151010007,73.0,136.0,53.0,262.0
JAWA TENGAH,KOTA SEMARANG,NGALIYAN,WATES,3374151010008,29.0,150.0,71.0,250.0
JAWA TENGAH,KOTA SEMARANG,NGALIYAN,WATES,3374151010009,18.0,125.0,72.0,215.0
JAWA TENGAH,KOTA SEMARANG,NGALIYAN,WATES,3374151010010,19.0,125.0,92.0,236.0
JAWA TENGAH,KOTA SEMARANG,NGALIYAN,WATES,3374151010011,22.0,137.0,61.0,220.0
JAWA TENGAH,KOTA SEMARANG,NGALIYAN,WATES,3374151010012,49.0,139.0,66.0,254.0
JAWA TENGAH,KOTA SEMARANG,NGALIYAN,WATES,3374151010013,26.0,130.0,58.0,214.0
JAWA TENGAH,KOTA SEMARANG,NGALIYAN,WATES,3374151010014,27.0,136.0,53.0,216.0
JAWA TENGAH,KOTA SEMARANG,NGALIYAN,WATES,3374151010015,43.0,131.0,52.0,226.0
JAWA TENGAH,KOTA SEMARANG,NGALIYAN,WATES,3374151010016,10.0,97.0,79.0,186.0
JAWA TENGAH,KOTA SEMARANG,NGALIYAN,WATES,3374151010901,8.0,77.0,98.0,183.0
JAWA TENGAH,KOTA SEMARANG,NGALIYAN,WATES,3374151010902,4.0,69.0,136.0,209.0
JAWA TENGAH,KOTA SEMARANG,NGALIYAN,WATES,3374151010903,4.0,74.0,117.0,195.0
JAWA TENGAH,KOTA SEMARANG,NGALIYAN,WATES,3374151010904,14.0,116.0,99.0,229.0
JAWA TENGAH,KOTA SEMARANG,NGALIYAN,WATES,3374151010905,15.0,136.0,73.0,224.0
JAWA TENGAH,KOTA SEMARANG,NGALIYAN,WATES,3374151010906,27.0,156.0,57.0,240.0
JAWA TENGAH,KOTA SEMARANG,NGALIYAN,WONOSARI,3374151009001,13.0,118.0,123.0,254.0
JAWA TENGAH,KOTA SEMARANG,NGALIYAN,WONOSARI,3374151009002,21.0,117.0,99.0,237.0
JAWA TENGAH,KOTA SEMARANG,NGALIYAN,WONOSARI,3374151009003,19.0,150.0,89.0,258.0
JAWA TENGAH,KOTA SEMARANG,NGALIYAN,WONOSARI,3374151009004,,,,223.0
JAWA TENGAH,KOTA SEMARANG,NGALIYAN,WONOSARI,3374151009005,15.0,67.0,202.0,284.0
JAWA TENGAH,KOTA SEMARANG,NGALIYAN,WONOSARI,3374151009006,32.0,102.0,101.0,235.0
JAWA TENGAH,KOTA SEMARANG,NGALIYAN,WONOSARI,3374151009007,54.0,116.0,62.0,232.0
JAWA TENGAH,KOTA SEMARANG,NGALIYAN,WONOSARI,3374151009008,50.0,106.0,84.0,240.0
JAWA TENGAH,KOTA SEMARANG,NGALIYAN,WONOSARI,3374151009009,24.0,147.0,74.0,245.0
JAWA TENGAH,KOTA SEMARANG,NGALIYAN,WONOSARI,3374151009010,33.0,137.0,72.0,242.0
JAWA TENGAH,KOTA SEMARANG,NGALIYAN,WONOSARI,3374151009011,11.0,90.0,148.0,249.0
JAWA TENGAH,KOTA SEMARANG,NGALIYAN,WONOSARI,3374151009012,30.0,136.0,90.0,256.0
JAWA TENGAH,KOTA SEMARANG,NGALIYAN,WONOSARI,3374151009013,34.0,137.0,78.0,249.0
JAWA TENGAH,KOTA SEMARANG,NGALIYAN,WONOSARI,3374151009014,21.0,123.0,95.0,239.0
JAWA TENGAH,KOTA SEMARANG,NGALIYAN,WONOSARI,3374151009015,27.0,107.0,102.0,236.0
JAWA TENGAH,KOTA SEMARANG,NGALIYAN,WONOSARI,3374151009016,36.0,101.0,67.0,204.0
JAWA TENGAH,KOTA SEMARANG,NGALIYAN,WONOSARI,3374151009017,39.0,115.0,85.0,239.0
JAWA TENGAH,KOTA SEMARANG,NGALIYAN,WONOSARI,3374151009018,9.0,83.0,71.0,163.0
JAWA TENGAH,KOTA SEMARANG,NGALIYAN,WONOSARI,3374151009019,29.0,120.0,84.0,233.0
JAWA TENGAH,KOTA SEMARANG,NGALIYAN,WONOSARI,3374151009020,28.0,85.0,87.0,200.0
JAWA TENGAH,KOTA SEMARANG,NGALIYAN,WONOSARI,3374151009021,50.0,85.0,68.0,203.0
JAWA TENGAH,KOTA SEMARANG,NGALIYAN,WONOSARI,3374151009022,23.0,92.0,97.0,212.0
JAWA TENGAH,KOTA SEMARANG,NGALIYAN,WONOSARI,3374151009023,13.0,93.0,124.0,230.0
JAWA TENGAH,KOTA SEMARANG,NGALIYAN,WONOSARI,3374151009024,107.0,90.0,46.0,243.0
JAWA TENGAH,KOTA SEMARANG,NGALIYAN,WONOSARI,3374151009025,40.0,88.0,96.0,224.0
JAWA TENGAH,KOTA SEMARANG,NGALIYAN,WONOSARI,3374151009026,10.0,67.0,72.0,149.0
JAWA TENGAH,KOTA SEMARANG,NGALIYAN,WONOSARI,3374151009027,19.0,116.0,121.0,256.0
JAWA TENGAH,KOTA SEMARANG,NGALIYAN,WONOSARI,3374151009028,30.0,107.0,113.0,250.0
JAWA TENGAH,KOTA SEMARANG,NGALIYAN,WONOSARI,3374151009029,40.0,86.0,124.0,250.0
JAWA TENGAH,KOTA SEMARANG,NGALIYAN,WONOSARI,3374151009030,55.0,89.0,103.0,247.0
JAWA TENGAH,KOTA SEMARANG,NGALIYAN,WONOSARI,3374151009031,16.0,122.0,71.0,209.0
JAWA TENGAH,KOTA SEMARANG,NGALIYAN,WONOSARI,3374151009032,47.0,109.0,25.0,181.0
JAWA TENGAH,KOTA SEMARANG,NGALIYAN,WONOSARI,3374151009033,14.0,137.0,85.0,236.0
JAWA TENGAH,KOTA SEMARANG,NGALIYAN,WONOSARI,3374151009034,25.0,106.0,91.0,222.0
JAWA TENGAH,KOTA SEMARANG,NGALIYAN,WONOSARI,3374151009035,19.0,114.0,89.0,222.0
JAWA TENGAH,KOTA SEMARANG,NGALIYAN,WONOSARI,3374151009036,23.0,112.0,113.0,248.0
JAWA TENGAH,KOTA SEMARANG,NGALIYAN,WONOSARI,3374151009037,19.0,115.0,109.0,243.0
JAWA TENGAH,KOTA SEMARANG,NGALIYAN,WONOSARI,3374151009038,25.0,148.0,87.0,260.0
JAWA TENGAH,KOTA SEMARANG,NGALIYAN,WONOSARI,3374151009039,13.0,126.0,84.0,223.0
JAWA TENGAH,KOTA SEMARANG,NGALIYAN,WONOSARI,3374151009040,22.0,132.0,89.0,243.0
JAWA TENGAH,KOTA SEMARANG,NGALIYAN,WONOSARI,3374151009041,25.0,121.0,92.0,238.0
JAWA TENGAH,KOTA SEMARANG,NGALIYAN,WONOSARI,3374151009042,20.0,126.0,77.0,223.0
JAWA TENGAH,KOTA SEMARANG,NGALIYAN,WONOSARI,3374151009043,18.0,103.0,137.0,258.0
JAWA TENGAH,KOTA SEMARANG,NGALIYAN,WONOSARI,3374151009044,6.0,99.0,76.0,181.0
JAWA TENGAH,KOTA SEMARANG,NGALIYAN,WONOSARI,3374151009045,21.0,118.0,60.0,199.0
JAWA TENGAH,KOTA SEMARANG,NGALIYAN,WONOSARI,3374151009046,37.0,130.0,85.0,252.0
JAWA TENGAH,KOTA SEMARANG,NGALIYAN,WONOSARI,3374151009047,21.0,102.0,74.0,197.0
JAWA TENGAH,KOTA SEMARANG,NGALIYAN,WONOSARI,3374151009048,30.0,114.0,48.0,192.0
JAWA TENGAH,KOTA SEMARANG,NGALIYAN,WONOSARI,3374151009049,19.0,98.0,71.0,188.0
JAWA TENGAH,KOTA SEMARANG,NGALIYAN,WONOSARI,3374151009050,19.0,147.0,77.0,243.0
JAWA TENGAH,KOTA SEMARANG,NGALIYAN,WONOSARI,3374151009051,31.0,119.0,85.0,235.0
JAWA TENGAH,KOTA SEMARANG,NGALIYAN,WONOSARI,3374151009052,42.0,133.0,66.0,241.0
JAWA TENGAH,KOTA SEMARANG,NGALIYAN,WONOSARI,3374151009053,36.0,126.0,81.0,243.0
JAWA TENGAH,KOTA SEMARANG,NGALIYAN,WONOSARI,3374151009054,18.0,141.0,87.0,246.0
JAWA TENGAH,KOTA SEMARANG,NGALIYAN,WONOSARI,3374151009055,21.0,112.0,62.0,195.0
JAWA TENGAH,KOTA SEMARANG,NGALIYAN,WONOSARI,3374151009056,25.0,94.0,83.0,202.0
JAWA TENGAH,KOTA SEMARANG,NGALIYAN,WONOSARI,3374151009057,48.0,104.0,69.0,221.0
JAWA TENGAH,KOTA SEMARANG,NGALIYAN,WONOSARI,3374151009058,41.0,136.0,89.0,266.0
JAWA TENGAH,KOTA SEMARANG,NGALIYAN,WONOSARI,3374151009059,55.0,130.0,56.0,241.0
JAWA TENGAH,KOTA SEMARANG,NGALIYAN,WONOSARI,3374151009060,56.0,109.0,51.0,216.0
JAWA TENGAH,KOTA SEMARANG,NGALIYAN,WONOSARI,3374151009061,25.0,87.0,58.0,170.0
JAWA TENGAH,KOTA SEMARANG,NGALIYAN,WONOSARI,3374151009062,37.0,119.0,53.0,209.0
JAWA TENGAH,KOTA SEMARANG,NGALIYAN,WONOSARI,3374151009063,59.0,118.0,67.0,244.0
JAWA TENGAH,KOTA SEMARANG,NGALIYAN,WONOSARI,3374151009064,30.0,120.0,88.0,238.0
JAWA TENGAH,KOTA SEMARANG,NGALIYAN,WONOSARI,3374151009065,54.0,130.0,85.0,269.0
JAWA TENGAH,KOTA SEMARANG,NGALIYAN,WONOSARI,3374151009066,44.0,141.0,57.0,242.0
JAWA TENGAH,KOTA SEMARANG,NGALIYAN,WONOSARI,3374151009067,67.0,112.0,72.0,251.0
JAWA TENGAH,KOTA SEMARANG,PEDURUNGAN,GEMAH,3374061007001,40.0,97.0,67.0,204.0
JAWA TENGAH,KOTA SEMARANG,PEDURUNGAN,GEMAH,3374061007002,54.0,115.0,56.0,225.0
JAWA TENGAH,KOTA SEMARANG,PEDURUNGAN,GEMAH,3374061007003,47.0,96.0,42.0,185.0
JAWA TENGAH,KOTA SEMARANG,PEDURUNGAN,GEMAH,3374061007004,,,,
JAWA TENGAH,KOTA SEMARANG,PEDURUNGAN,GEMAH,3374061007005,58.0,116.0,85.0,259.0
JAWA TENGAH,KOTA SEMARANG,PEDURUNGAN,GEMAH,3374061007006,37.0,107.0,76.0,220.0
JAWA TENGAH,KOTA SEMARANG,PEDURUNGAN,GEMAH,3374061007007,29.0,116.0,92.0,237.0
JAWA TENGAH,KOTA SEMARANG,PEDURUNGAN,GEMAH,3374061007008,39.0,97.0,82.0,218.0
JAWA TENGAH,KOTA SEMARANG,PEDURUNGAN,GEMAH,3374061007009,18.0,133.0,109.0,260.0
JAWA TENGAH,KOTA SEMARANG,PEDURUNGAN,GEMAH,3374061007010,15.0,126.0,90.0,231.0
JAWA TENGAH,KOTA SEMARANG,PEDURUNGAN,GEMAH,3374061007011,33.0,114.0,105.0,252.0
JAWA TENGAH,KOTA SEMARANG,PEDURUNGAN,GEMAH,3374061007012,29.0,123.0,84.0,236.0
JAWA TENGAH,KOTA SEMARANG,PEDURUNGAN,GEMAH,3374061007013,30.0,85.0,107.0,222.0
JAWA TENGAH,KOTA SEMARANG,PEDURUNGAN,GEMAH,3374061007014,43.0,102.0,82.0,227.0
JAWA TENGAH,KOTA SEMARANG,PEDURUNGAN,GEMAH,3374061007015,,,,
JAWA TENGAH,KOTA SEMARANG,PEDURUNGAN,GEMAH,3374061007016,26.0,93.0,78.0,197.0
JAWA TENGAH,KOTA SEMARANG,PEDURUNGAN,GEMAH,3374061007017,15.0,125.0,95.0,235.0
JAWA TENGAH,KOTA SEMARANG,PEDURUNGAN,GEMAH,3374061007018,14.0,128.0,84.0,226.0
JAWA TENGAH,KOTA SEMARANG,PEDURUNGAN,GEMAH,3374061007019,26.0,103.0,80.0,209.0
JAWA TENGAH,KOTA SEMARANG,PEDURUNGAN,GEMAH,3374061007020,47.0,125.0,72.0,244.0
JAWA TENGAH,KOTA SEMARANG,PEDURUNGAN,GEMAH,3374061007021,,,,
JAWA TENGAH,KOTA SEMARANG,PEDURUNGAN,GEMAH,3374061007022,56.0,105.0,78.0,239.0
JAWA TENGAH,KOTA SEMARANG,PEDURUNGAN,GEMAH,3374061007023,50.0,107.0,82.0,239.0
JAWA TENGAH,KOTA SEMARANG,PEDURUNGAN,GEMAH,3374061007024,19.0,120.0,62.0,201.0
JAWA TENGAH,KOTA SEMARANG,PEDURUNGAN,GEMAH,3374061007025,26.0,101.0,115.0,242.0
JAWA TENGAH,KOTA SEMARANG,PEDURUNGAN,GEMAH,3374061007026,33.0,159.0,59.0,251.0
JAWA TENGAH,KOTA SEMARANG,PEDURUNGAN,GEMAH,3374061007027,21.0,90.0,91.0,202.0
JAWA TENGAH,KOTA SEMARANG,PEDURUNGAN,GEMAH,3374061007028,25.0,95.0,132.0,252.0
JAWA TENGAH,KOTA SEMARANG,PEDURUNGAN,GEMAH,3374061007029,22.0,114.0,118.0,254.0
JAWA TENGAH,KOTA SEMARANG,PEDURUNGAN,GEMAH,3374061007030,14.0,136.0,130.0,280.0
JAWA TENGAH,KOTA SEMARANG,PEDURUNGAN,GEMAH,3374061007031,,,,
JAWA TENGAH,KOTA SEMARANG,PEDURUNGAN,GEMAH,3374061007032,17.0,89.0,98.0,204.0
JAWA TENGAH,KOTA SEMARANG,PEDURUNGAN,GEMAH,3374061007033,,,,
JAWA TENGAH,KOTA SEMARANG,PEDURUNGAN,GEMAH,3374061007034,,,,
JAWA TENGAH,KOTA SEMARANG,PEDURUNGAN,GEMAH,3374061007035,23.0,85.0,101.0,209.0
JAWA TENGAH,KOTA SEMARANG,PEDURUNGAN,GEMAH,3374061007036,32.0,90.0,94.0,216.0
JAWA TENGAH,KOTA SEMARANG,PEDURUNGAN,GEMAH,3374061007037,,,,
JAWA TENGAH,KOTA SEMARANG,PEDURUNGAN,GEMAH,3374061007038,12.0,93.0,118.0,223.0
JAWA TENGAH,KOTA SEMARANG,PEDURUNGAN,GEMAH,3374061007039,,,,
JAWA TENGAH,KOTA SEMARANG,PEDURUNGAN,GEMAH,3374061007040,51.0,110.0,79.0,240.0
JAWA TENGAH,KOTA SEMARANG,PEDURUNGAN,GEMAH,3374061007041,9.0,99.0,111.0,219.0
JAWA TENGAH,KOTA SEMARANG,PEDURUNGAN,GEMAH,3374061007042,7.0,107.0,109.0,223.0
JAWA TENGAH,KOTA SEMARANG,PEDURUNGAN,GEMAH,3374061007043,,,,
JAWA TENGAH,KOTA SEMARANG,PEDURUNGAN,KALICARI,3374061012001,44.0,67.0,73.0,184.0
JAWA TENGAH,KOTA SEMARANG,PEDURUNGAN,KALICARI,3374061012002,47.0,89.0,107.0,243.0
JAWA TENGAH,KOTA SEMARANG,PEDURUNGAN,KALICARI,3374061012003,16.0,91.0,123.0,230.0
JAWA TENGAH,KOTA SEMARANG,PEDURUNGAN,KALICARI,3374061012004,34.0,82.0,75.0,191.0
JAWA TENGAH,KOTA SEMARANG,PEDURUNGAN,KALICARI,3374061012005,53.0,91.0,49.0,193.0
JAWA TENGAH,KOTA SEMARANG,PEDURUNGAN,KALICARI,3374061012006,23.0,89.0,98.0,210.0
JAWA TENGAH,KOTA SEMARANG,PEDURUNGAN,KALICARI,3374061012007,30.0,103.0,86.0,219.0
JAWA TENGAH,KOTA SEMARANG,PEDURUNGAN,KALICARI,3374061012008,17.0,73.0,101.0,191.0
JAWA TENGAH,KOTA SEMARANG,PEDURUNGAN,KALICARI,3374061012009,36.0,82.0,102.0,220.0
JAWA TENGAH,KOTA SEMARANG,PEDURUNGAN,KALICARI,3374061012010,22.0,76.0,72.0,170.0
JAWA TENGAH,KOTA SEMARANG,PEDURUNGAN,KALICARI,3374061012011,50.0,112.0,62.0,224.0
JAWA TENGAH,KOTA SEMARANG,PEDURUNGAN,KALICARI,3374061012012,31.0,95.0,94.0,220.0
JAWA TENGAH,KOTA SEMARANG,PEDURUNGAN,KALICARI,3374061012013,49.0,98.0,79.0,226.0
JAWA TENGAH,KOTA SEMARANG,PEDURUNGAN,KALICARI,3374061012014,39.0,105.0,101.0,245.0
JAWA TENGAH,KOTA SEMARANG,PEDURUNGAN,KALICARI,3374061012015,67.0,117.0,84.0,268.0
JAWA TENGAH,KOTA SEMARANG,PEDURUNGAN,KALICARI,3374061012016,22.0,78.0,99.0,199.0
JAWA TENGAH,KOTA SEMARANG,PEDURUNGAN,KALICARI,3374061012017,31.0,88.0,84.0,203.0
JAWA TENGAH,KOTA SEMARANG,PEDURUNGAN,KALICARI,3374061012018,32.0,87.0,79.0,198.0
JAWA TENGAH,KOTA SEMARANG,PEDURUNGAN,KALICARI,3374061012019,31.0,89.0,87.0,207.0
JAWA TENGAH,KOTA SEMARANG,PEDURUNGAN,KALICARI,3374061012020,40.0,98.0,78.0,216.0
JAWA TENGAH,KOTA SEMARANG,PEDURUNGAN,KALICARI,3374061012021,39.0,90.0,84.0,213.0
JAWA TENGAH,KOTA SEMARANG,PEDURUNGAN,KALICARI,3374061012022,27.0,84.0,112.0,223.0
JAWA TENGAH,KOTA SEMARANG,PEDURUNGAN,KALICARI,3374061012023,19.0,97.0,111.0,227.0
JAWA TENGAH,KOTA SEMARANG,PEDURUNGAN,KALICARI,3374061012024,,,,
JAWA TENGAH,KOTA SEMARANG,PEDURUNGAN,KALICARI,3374061012025,36.0,94.0,85.0,215.0
JAWA TENGAH,KOTA SEMARANG,PEDURUNGAN,KALICARI,3374061012026,31.0,83.0,72.0,186.0
JAWA TENGAH,KOTA SEMARANG,PEDURUNGAN,KALICARI,3374061012027,12.0,97.0,97.0,206.0
JAWA TENGAH,KOTA SEMARANG,PEDURUNGAN,MUKTIHARJO KIDUL,3374061005001,41.0,105.0,75.0,221.0
JAWA TENGAH,KOTA SEMARANG,PEDURUNGAN,MUKTIHARJO KIDUL,3374061005002,,,,
JAWA TENGAH,KOTA SEMARANG,PEDURUNGAN,MUKTIHARJO KIDUL,3374061005003,15.0,116.0,83.0,214.0
JAWA TENGAH,KOTA SEMARANG,PEDURUNGAN,MUKTIHARJO KIDUL,3374061005004,24.0,104.0,110.0,238.0
JAWA TENGAH,KOTA SEMARANG,PEDURUNGAN,MUKTIHARJO KIDUL,3374061005005,11.0,86.0,70.0,167.0
JAWA TENGAH,KOTA SEMARANG,PEDURUNGAN,MUKTIHARJO KIDUL,3374061005006,32.0,124.0,67.0,223.0
JAWA TENGAH,KOTA SEMARANG,PEDURUNGAN,MUKTIHARJO KIDUL,3374061005007,13.0,116.0,81.0,210.0
JAWA TENGAH,KOTA SEMARANG,PEDURUNGAN,MUKTIHARJO KIDUL,3374061005008,25.0,96.0,98.0,219.0
JAWA TENGAH,KOTA SEMARANG,PEDURUNGAN,MUKTIHARJO KIDUL,3374061005009,28.0,102.0,107.0,237.0
JAWA TENGAH,KOTA SEMARANG,PEDURUNGAN,MUKTIHARJO KIDUL,3374061005010,22.0,106.0,94.0,222.0
JAWA TENGAH,KOTA SEMARANG,PEDURUNGAN,MUKTIHARJO KIDUL,3374061005011,37.0,116.0,69.0,222.0
JAWA TENGAH,KOTA SEMARANG,PEDURUNGAN,MUKTIHARJO KIDUL,3374061005012,38.0,105.0,58.0,201.0
JAWA TENGAH,KOTA SEMARANG,PEDURUNGAN,MUKTIHARJO KIDUL,3374061005013,9.0,70.0,74.0,153.0
JAWA TENGAH,KOTA SEMARANG,PEDURUNGAN,MUKTIHARJO KIDUL,3374061005014,,,,
JAWA TENGAH,KOTA SEMARANG,PEDURUNGAN,MUKTIHARJO KIDUL,3374061005015,37.0,104.0,75.0,216.0
JAWA TENGAH,KOTA SEMARANG,PEDURUNGAN,MUKTIHARJO KIDUL,3374061005016,,,,
JAWA TENGAH,KOTA SEMARANG,PEDURUNGAN,MUKTIHARJO KIDUL,3374061005017,53.0,75.0,72.0,200.0
JAWA TENGAH,KOTA SEMARANG,PEDURUNGAN,MUKTIHARJO KIDUL,3374061005018,34.0,94.0,97.0,225.0
JAWA TENGAH,KOTA SEMARANG,PEDURUNGAN,MUKTIHARJO KIDUL,3374061005019,57.0,95.0,75.0,227.0
JAWA TENGAH,KOTA SEMARANG,PEDURUNGAN,MUKTIHARJO KIDUL,3374061005020,,,,
JAWA TENGAH,KOTA SEMARANG,PEDURUNGAN,MUKTIHARJO KIDUL,3374061005021,,,,
JAWA TENGAH,KOTA SEMARANG,PEDURUNGAN,MUKTIHARJO KIDUL,3374061005022,44.0,96.0,73.0,213.0
JAWA TENGAH,KOTA SEMARANG,PEDURUNGAN,MUKTIHARJO KIDUL,3374061005023,25.0,93.0,97.0,215.0
JAWA TENGAH,KOTA SEMARANG,PEDURUNGAN,MUKTIHARJO KIDUL,3374061005024,31.0,98.0,82.0,211.0
JAWA TENGAH,KOTA SEMARANG,PEDURUNGAN,MUKTIHARJO KIDUL,3374061005025,29.0,109.0,84.0,222.0
JAWA TENGAH,KOTA SEMARANG,PEDURUNGAN,MUKTIHARJO KIDUL,3374061005026,11.0,91.0,76.0,178.0
JAWA TENGAH,KOTA SEMARANG,PEDURUNGAN,MUKTIHARJO KIDUL,3374061005027,9.0,155.0,80.0,244.0
JAWA TENGAH,KOTA SEMARANG,PEDURUNGAN,MUKTIHARJO KIDUL,3374061005028,10.0,115.0,87.0,212.0
JAWA TENGAH,KOTA SEMARANG,PEDURUNGAN,MUKTIHARJO KIDUL,3374061005029,29.0,109.0,79.0,217.0
JAWA TENGAH,KOTA SEMARANG,PEDURUNGAN,MUKTIHARJO KIDUL,3374061005030,18.0,117.0,107.0,242.0
JAWA TENGAH,KOTA SEMARANG,PEDURUNGAN,MUKTIHARJO KIDUL,3374061005031,15.0,121.0,68.0,204.0
JAWA TENGAH,KOTA SEMARANG,PEDURUNGAN,MUKTIHARJO KIDUL,3374061005032,18.0,124.0,89.0,231.0
JAWA TENGAH,KOTA SEMARANG,PEDURUNGAN,MUKTIHARJO KIDUL,3374061005033,6.0,128.0,88.0,222.0
JAWA TENGAH,KOTA SEMARANG,PEDURUNGAN,MUKTIHARJO KIDUL,3374061005034,12.0,96.0,131.0,239.0
JAWA TENGAH,KOTA SEMARANG,PEDURUNGAN,MUKTIHARJO KIDUL,3374061005035,14.0,109.0,114.0,237.0
JAWA TENGAH,KOTA SEMARANG,PEDURUNGAN,MUKTIHARJO KIDUL,3374061005036,14.0,68.0,102.0,184.0
JAWA TENGAH,KOTA SEMARANG,PEDURUNGAN,MUKTIHARJO KIDUL,3374061005037,3.0,85.0,109.0,197.0
JAWA TENGAH,KOTA SEMARANG,PEDURUNGAN,MUKTIHARJO KIDUL,3374061005038,8.0,115.0,92.0,215.0
JAWA TENGAH,KOTA SEMARANG,PEDURUNGAN,MUKTIHARJO KIDUL,3374061005039,,,,
JAWA TENGAH,KOTA SEMARANG,PEDURUNGAN,MUKTIHARJO KIDUL,3374061005040,16.0,109.0,97.0,222.0
JAWA TENGAH,KOTA SEMARANG,PEDURUNGAN,MUKTIHARJO KIDUL,3374061005041,22.0,117.0,78.0,217.0
JAWA TENGAH,KOTA SEMARANG,PEDURUNGAN,MUKTIHARJO KIDUL,3374061005042,13.0,121.0,86.0,220.0
JAWA TENGAH,KOTA SEMARANG,PEDURUNGAN,MUKTIHARJO KIDUL,3374061005043,,,,
JAWA TENGAH,KOTA SEMARANG,PEDURUNGAN,MUKTIHARJO KIDUL,3374061005044,7.0,134.0,102.0,243.0
JAWA TENGAH,KOTA SEMARANG,PEDURUNGAN,MUKTIHARJO KIDUL,3374061005045,13.0,125.0,87.0,225.0
JAWA TENGAH,KOTA SEMARANG,PEDURUNGAN,MUKTIHARJO KIDUL,3374061005046,16.0,123.0,109.0,248.0
JAWA TENGAH,KOTA SEMARANG,PEDURUNGAN,MUKTIHARJO KIDUL,3374061005047,18.0,126.0,109.0,253.0
JAWA TENGAH,KOTA SEMARANG,PEDURUNGAN,MUKTIHARJO KIDUL,3374061005048,11.0,101.0,119.0,231.0
JAWA TENGAH,KOTA SEMARANG,PEDURUNGAN,MUKTIHARJO KIDUL,3374061005049,,,,
JAWA TENGAH,KOTA SEMARANG,PEDURUNGAN,MUKTIHARJO KIDUL,3374061005050,14.0,140.0,97.0,251.0
JAWA TENGAH,KOTA SEMARANG,PEDURUNGAN,MUKTIHARJO KIDUL,3374061005051,4.0,126.0,78.0,208.0
JAWA TENGAH,KOTA SEMARANG,PEDURUNGAN,MUKTIHARJO KIDUL,3374061005052,7.0,106.0,51.0,164.0
JAWA TENGAH,KOTA SEMARANG,PEDURUNGAN,MUKTIHARJO KIDUL,3374061005053,18.0,110.0,87.0,215.0
JAWA TENGAH,KOTA SEMARANG,PEDURUNGAN,MUKTIHARJO KIDUL,3374061005054,20.0,92.0,99.0,211.0
JAWA TENGAH,KOTA SEMARANG,PEDURUNGAN,MUKTIHARJO KIDUL,3374061005055,12.0,114.0,89.0,215.0
JAWA TENGAH,KOTA SEMARANG,PEDURUNGAN,MUKTIHARJO KIDUL,3374061005056,31.0,101.0,97.0,229.0
JAWA TENGAH,KOTA SEMARANG,PEDURUNGAN,MUKTIHARJO KIDUL,3374061005057,25.0,84.0,97.0,206.0
JAWA TENGAH,KOTA SEMARANG,PEDURUNGAN,MUKTIHARJO KIDUL,3374061005058,27.0,118.0,89.0,234.0
JAWA TENGAH,KOTA SEMARANG,PEDURUNGAN,MUKTIHARJO KIDUL,3374061005059,20.0,83.0,94.0,197.0
JAWA TENGAH,KOTA SEMARANG,PEDURUNGAN,MUKTIHARJO KIDUL,3374061005060,21.0,104.0,90.0,215.0
JAWA TENGAH,KOTA SEMARANG,PEDURUNGAN,MUKTIHARJO KIDUL,3374061005061,27.0,115.0,90.0,232.0
JAWA TENGAH,KOTA SEMARANG,PEDURUNGAN,MUKTIHARJO KIDUL,3374061005062,25.0,117.0,90.0,232.0
JAWA TENGAH,KOTA SEMARANG,PEDURUNGAN,MUKTIHARJO KIDUL,3374061005063,18.0,145.0,58.0,221.0
JAWA TENGAH,KOTA SEMARANG,PEDURUNGAN,MUKTIHARJO KIDUL,3374061005064,22.0,93.0,107.0,222.0
JAWA TENGAH,KOTA SEMARANG,PEDURUNGAN,MUKTIHARJO KIDUL,3374061005065,,,,
JAWA TENGAH,KOTA SEMARANG,PEDURUNGAN,MUKTIHARJO KIDUL,3374061005066,9.0,104.0,113.0,226.0
JAWA TENGAH,KOTA SEMARANG,PEDURUNGAN,MUKTIHARJO KIDUL,3374061005067,49.0,87.0,89.0,225.0
JAWA TENGAH,KOTA SEMARANG,PEDURUNGAN,MUKTIHARJO KIDUL,3374061005068,51.0,90.0,91.0,232.0
JAWA TENGAH,KOTA SEMARANG,PEDURUNGAN,MUKTIHARJO KIDUL,3374061005069,48.0,66.0,69.0,183.0
JAWA TENGAH,KOTA SEMARANG,PEDURUNGAN,MUKTIHARJO KIDUL,3374061005070,36.0,77.0,62.0,175.0
JAWA TENGAH,KOTA SEMARANG,PEDURUNGAN,MUKTIHARJO KIDUL,3374061005071,26.0,95.0,83.0,204.0
JAWA TENGAH,KOTA SEMARANG,PEDURUNGAN,MUKTIHARJO KIDUL,3374061005072,53.0,91.0,79.0,223.0
JAWA TENGAH,KOTA SEMARANG,PEDURUNGAN,MUKTIHARJO KIDUL,3374061005073,33.0,104.0,84.0,221.0
JAWA TENGAH,KOTA SEMARANG,PEDURUNGAN,MUKTIHARJO KIDUL,3374061005074,52.0,116.0,68.0,236.0
JAWA TENGAH,KOTA SEMARANG,PEDURUNGAN,MUKTIHARJO KIDUL,3374061005075,39.0,102.0,91.0,232.0
JAWA TENGAH,KOTA SEMARANG,PEDURUNGAN,MUKTIHARJO KIDUL,3374061005076,34.0,95.0,48.0,177.0
JAWA TENGAH,KOTA SEMARANG,PEDURUNGAN,MUKTIHARJO KIDUL,3374061005077,38.0,90.0,47.0,175.0
JAWA TENGAH,KOTA SEMARANG,PEDURUNGAN,MUKTIHARJO KIDUL,3374061005078,25.0,64.0,64.0,153.0
JAWA TENGAH,KOTA SEMARANG,PEDURUNGAN,MUKTIHARJO KIDUL,3374061005079,38.0,98.0,70.0,206.0
JAWA TENGAH,KOTA SEMARANG,PEDURUNGAN,MUKTIHARJO KIDUL,3374061005080,39.0,120.0,68.0,227.0
JAWA TENGAH,KOTA SEMARANG,PEDURUNGAN,MUKTIHARJO KIDUL,3374061005081,,,,
JAWA TENGAH,KOTA SEMARANG,PEDURUNGAN,MUKTIHARJO KIDUL,3374061005082,23.0,110.0,77.0,210.0
JAWA TENGAH,KOTA SEMARANG,PEDURUNGAN,MUKTIHARJO KIDUL,3374061005083,9.0,97.0,96.0,202.0
JAWA TENGAH,KOTA SEMARANG,PEDURUNGAN,MUKTIHARJO KIDUL,3374061005084,10.0,136.0,98.0,244.0
JAWA TENGAH,KOTA SEMARANG,PEDURUNGAN,MUKTIHARJO KIDUL,3374061005085,12.0,165.0,78.0,255.0
JAWA TENGAH,KOTA SEMARANG,PEDURUNGAN,MUKTIHARJO KIDUL,3374061005086,28.0,95.0,107.0,230.0
JAWA TENGAH,KOTA SEMARANG,PEDURUNGAN,MUKTIHARJO KIDUL,3374061005087,13.0,107.0,115.0,235.0
JAWA TENGAH,KOTA SEMARANG,PEDURUNGAN,MUKTIHARJO KIDUL,3374061005088,28.0,100.0,100.0,228.0
JAWA TENGAH,KOTA SEMARANG,PEDURUNGAN,MUKTIHARJO KIDUL,3374061005089,11.0,94.0,105.0,210.0
JAWA TENGAH,KOTA SEMARANG,PEDURUNGAN,MUKTIHARJO KIDUL,3374061005090,25.0,123.0,101.0,249.0
JAWA TENGAH,KOTA SEMARANG,PEDURUNGAN,MUKTIHARJO KIDUL,3374061005091,24.0,74.0,63.0,161.0
JAWA TENGAH,KOTA SEMARANG,PEDURUNGAN,MUKTIHARJO KIDUL,3374061005092,37.0,70.0,71.0,178.0
JAWA TENGAH,KOTA SEMARANG,PEDURUNGAN,MUKTIHARJO KIDUL,3374061005093,19.0,114.0,89.0,222.0
JAWA TENGAH,KOTA SEMARANG,PEDURUNGAN,MUKTIHARJO KIDUL,3374061005094,24.0,100.0,98.0,222.0
JAWA TENGAH,KOTA SEMARANG,PEDURUNGAN,MUKTIHARJO KIDUL,3374061005095,31.0,101.0,84.0,216.0
JAWA TENGAH,KOTA SEMARANG,PEDURUNGAN,PALEBON,3374061011001,18.0,68.0,87.0,173.0
JAWA TENGAH,KOTA SEMARANG,PEDURUNGAN,PALEBON,3374061011002,29.0,92.0,104.0,225.0
JAWA TENGAH,KOTA SEMARANG,PEDURUNGAN,PALEBON,3374061011003,38.0,111.0,83.0,232.0
JAWA TENGAH,KOTA SEMARANG,PEDURUNGAN,PALEBON,3374061011004,37.0,90.0,70.0,197.0
JAWA TENGAH,KOTA SEMARANG,PEDURUNGAN,PALEBON,3374061011005,31.0,111.0,91.0,233.0
JAWA TENGAH,KOTA SEMARANG,PEDURUNGAN,PALEBON,3374061011006,20.0,86.0,91.0,197.0
JAWA TENGAH,KOTA SEMARANG,PEDURUNGAN,PALEBON,3374061011007,,,,
JAWA TENGAH,KOTA SEMARANG,PEDURUNGAN,PALEBON,3374061011008,34.0,110.0,90.0,234.0
JAWA TENGAH,KOTA SEMARANG,PEDURUNGAN,PALEBON,3374061011009,24.0,124.0,99.0,247.0
JAWA TENGAH,KOTA SEMARANG,PEDURUNGAN,PALEBON,3374061011010,49.0,110.0,75.0,234.0
JAWA TENGAH,KOTA SEMARANG,PEDURUNGAN,PALEBON,3374061011011,43.0,121.0,76.0,240.0
JAWA TENGAH,KOTA SEMARANG,PEDURUNGAN,PALEBON,3374061011012,36.0,104.0,86.0,226.0
JAWA TENGAH,KOTA SEMARANG,PEDURUNGAN,PALEBON,3374061011013,30.0,116.0,89.0,235.0
JAWA TENGAH,KOTA SEMARANG,PEDURUNGAN,PALEBON,3374061011014,39.0,104.0,79.0,222.0
JAWA TENGAH,KOTA SEMARANG,PEDURUNGAN,PALEBON,3374061011015,46.0,85.0,79.0,210.0
JAWA TENGAH,KOTA SEMARANG,PEDURUNGAN,PALEBON,3374061011016,44.0,90.0,75.0,209.0
JAWA TENGAH,KOTA SEMARANG,PEDURUNGAN,PALEBON,3374061011017,35.0,105.0,81.0,221.0
JAWA TENGAH,KOTA SEMARANG,PEDURUNGAN,PALEBON,3374061011018,49.0,79.0,79.0,207.0
JAWA TENGAH,KOTA SEMARANG,PEDURUNGAN,PALEBON,3374061011019,69.0,80.0,72.0,221.0
JAWA TENGAH,KOTA SEMARANG,PEDURUNGAN,PALEBON,3374061011020,50.0,96.0,71.0,217.0
JAWA TENGAH,KOTA SEMARANG,PEDURUNGAN,PALEBON,3374061011021,32.0,83.0,71.0,186.0
JAWA TENGAH,KOTA SEMARANG,PEDURUNGAN,PALEBON,3374061011022,43.0,100.0,88.0,231.0
JAWA TENGAH,KOTA SEMARANG,PEDURUNGAN,PALEBON,3374061011023,49.0,90.0,24.0,163.0
JAWA TENGAH,KOTA SEMARANG,PEDURUNGAN,PALEBON,3374061011024,44.0,75.0,105.0,224.0
JAWA TENGAH,KOTA SEMARANG,PEDURUNGAN,PALEBON,3374061011025,62.0,97.0,61.0,220.0
JAWA TENGAH,KOTA SEMARANG,PEDURUNGAN,PALEBON,3374061011026,56.0,135.0,90.0,281.0
JAWA TENGAH,KOTA SEMARANG,PEDURUNGAN,PALEBON,3374061011027,63.0,76.0,79.0,218.0
JAWA TENGAH,KOTA SEMARANG,PEDURUNGAN,PALEBON,3374061011028,44.0,85.0,72.0,201.0
JAWA TENGAH,KOTA SEMARANG,PEDURUNGAN,PALEBON,3374061011029,21.0,136.0,91.0,248.0
JAWA TENGAH,KOTA SEMARANG,PEDURUNGAN,PALEBON,3374061011030,17.0,113.0,82.0,212.0
JAWA TENGAH,KOTA SEMARANG,PEDURUNGAN,PALEBON,3374061011031,16.0,90.0,52.0,158.0
JAWA TENGAH,KOTA SEMARANG,PEDURUNGAN,PALEBON,3374061011032,46.0,95.0,83.0,224.0
JAWA TENGAH,KOTA SEMARANG,PEDURUNGAN,PALEBON,3374061011033,28.0,120.0,102.0,250.0
JAWA TENGAH,KOTA SEMARANG,PEDURUNGAN,PALEBON,3374061011034,49.0,102.0,62.0,213.0
JAWA TENGAH,KOTA SEMARANG,PEDURUNGAN,PALEBON,3374061011035,57.0,102.0,70.0,229.0
JAWA TENGAH,KOTA SEMARANG,PEDURUNGAN,PALEBON,3374061011036,71.0,83.0,60.0,214.0
JAWA TENGAH,KOTA SEMARANG,PEDURUNGAN,PALEBON,3374061011037,49.0,84.0,103.0,236.0
JAWA TENGAH,KOTA SEMARANG,PEDURUNGAN,PALEBON,3374061011038,46.0,106.0,79.0,231.0
JAWA TENGAH,KOTA SEMARANG,PEDURUNGAN,PALEBON,3374061011039,32.0,126.0,78.0,236.0
JAWA TENGAH,KOTA SEMARANG,PEDURUNGAN,PALEBON,3374061011040,28.0,127.0,91.0,246.0
JAWA TENGAH,KOTA SEMARANG,PEDURUNGAN,PALEBON,3374061011041,28.0,103.0,88.0,219.0
JAWA TENGAH,KOTA SEMARANG,PEDURUNGAN,PEDURUNGAN KIDUL,3374061008001,45.0,70.0,50.0,165.0
JAWA TENGAH,KOTA SEMARANG,PEDURUNGAN,PEDURUNGAN KIDUL,3374061008002,,,,
JAWA TENGAH,KOTA SEMARANG,PEDURUNGAN,PEDURUNGAN KIDUL,3374061008003,37.0,105.0,69.0,211.0
JAWA TENGAH,KOTA SEMARANG,PEDURUNGAN,PEDURUNGAN KIDUL,3374061008004,37.0,138.0,39.0,214.0
JAWA TENGAH,KOTA SEMARANG,PEDURUNGAN,PEDURUNGAN KIDUL,3374061008005,46.0,89.0,47.0,182.0
JAWA TENGAH,KOTA SEMARANG,PEDURUNGAN,PEDURUNGAN KIDUL,3374061008006,,,,
JAWA TENGAH,KOTA SEMARANG,PEDURUNGAN,PEDURUNGAN KIDUL,3374061008007,25.0,114.0,80.0,219.0
JAWA TENGAH,KOTA SEMARANG,PEDURUNGAN,PEDURUNGAN KIDUL,3374061008008,50.0,61.0,82.0,193.0
JAWA TENGAH,KOTA SEMARANG,PEDURUNGAN,PEDURUNGAN KIDUL,3374061008009,58.0,97.0,56.0,211.0
JAWA TENGAH,KOTA SEMARANG,PEDURUNGAN,PEDURUNGAN KIDUL,3374061008010,80.0,84.0,63.0,227.0
JAWA TENGAH,KOTA SEMARANG,PEDURUNGAN,PEDURUNGAN KIDUL,3374061008011,44.0,104.0,73.0,221.0
JAWA TENGAH,KOTA SEMARANG,PEDURUNGAN,PEDURUNGAN KIDUL,3374061008012,32.0,129.0,89.0,250.0
JAWA TENGAH,KOTA SEMARANG,PEDURUNGAN,PEDURUNGAN KIDUL,3374061008013,65.0,100.0,68.0,233.0
JAWA TENGAH,KOTA SEMARANG,PEDURUNGAN,PEDURUNGAN KIDUL,3374061008014,,,,
JAWA TENGAH,KOTA SEMARANG,PEDURUNGAN,PEDURUNGAN KIDUL,3374061008015,62.0,93.0,63.0,218.0
JAWA TENGAH,KOTA SEMARANG,PEDURUNGAN,PEDURUNGAN KIDUL,3374061008016,49.0,98.0,60.0,207.0
JAWA TENGAH,KOTA SEMARANG,PEDURUNGAN,PEDURUNGAN KIDUL,3374061008017,25.0,120.0,91.0,236.0
JAWA TENGAH,KOTA SEMARANG,PEDURUNGAN,PEDURUNGAN KIDUL,3374061008018,38.0,118.0,82.0,238.0
JAWA TENGAH,KOTA SEMARANG,PEDURUNGAN,PEDURUNGAN KIDUL,3374061008019,34.0,113.0,68.0,215.0
JAWA TENGAH,KOTA SEMARANG,PEDURUNGAN,PEDURUNGAN KIDUL,3374061008020,,,,228.0
JAWA TENGAH,KOTA SEMARANG,PEDURUNGAN,PEDURUNGAN KIDUL,3374061008021,38.0,104.0,67.0,209.0
JAWA TENGAH,KOTA SEMARANG,PEDURUNGAN,PEDURUNGAN KIDUL,3374061008022,58.0,94.0,68.0,220.0
JAWA TENGAH,KOTA SEMARANG,PEDURUNGAN,PEDURUNGAN KIDUL,3374061008023,39.0,57.0,82.0,178.0
JAWA TENGAH,KOTA SEMARANG,PEDURUNGAN,PEDURUNGAN KIDUL,3374061008024,18.0,69.0,93.0,180.0
JAWA TENGAH,KOTA SEMARANG,PEDURUNGAN,PEDURUNGAN KIDUL,3374061008025,27.0,90.0,73.0,190.0
JAWA TENGAH,KOTA SEMARANG,PEDURUNGAN,PEDURUNGAN KIDUL,3374061008026,42.0,92.0,72.0,206.0
JAWA TENGAH,KOTA SEMARANG,PEDURUNGAN,PEDURUNGAN KIDUL,3374061008027,34.0,114.0,85.0,233.0
JAWA TENGAH,KOTA SEMARANG,PEDURUNGAN,PEDURUNGAN KIDUL,3374061008028,34.0,132.0,82.0,248.0
JAWA TENGAH,KOTA SEMARANG,PEDURUNGAN,PEDURUNGAN KIDUL,3374061008029,51.0,81.0,104.0,236.0
JAWA TENGAH,KOTA SEMARANG,PEDURUNGAN,PEDURUNGAN KIDUL,3374061008030,,,,
JAWA TENGAH,KOTA SEMARANG,PEDURUNGAN,PEDURUNGAN KIDUL,3374061008031,,,,
JAWA TENGAH,KOTA SEMARANG,PEDURUNGAN,PEDURUNGAN KIDUL,3374061008032,74.0,96.0,68.0,238.0
JAWA TENGAH,KOTA SEMARANG,PEDURUNGAN,PEDURUNGAN KIDUL,3374061008033,64.0,87.0,61.0,212.0
JAWA TENGAH,KOTA SEMARANG,PEDURUNGAN,PEDURUNGAN KIDUL,3374061008034,61.0,98.0,87.0,246.0
JAWA TENGAH,KOTA SEMARANG,PEDURUNGAN,PEDURUNGAN KIDUL,3374061008035,31.0,104.0,97.0,232.0
JAWA TENGAH,KOTA SEMARANG,PEDURUNGAN,PEDURUNGAN KIDUL,3374061008036,37.0,137.0,72.0,246.0
JAWA TENGAH,KOTA SEMARANG,PEDURUNGAN,PEDURUNGAN KIDUL,3374061008037,41.0,127.0,97.0,265.0
JAWA TENGAH,KOTA SEMARANG,PEDURUNGAN,PEDURUNGAN KIDUL,3374061008038,22.0,103.0,82.0,207.0
JAWA TENGAH,KOTA SEMARANG,PEDURUNGAN,PEDURUNGAN KIDUL,3374061008039,11.0,108.0,67.0,186.0
JAWA TENGAH,KOTA SEMARANG,PEDURUNGAN,PEDURUNGAN KIDUL,3374061008040,16.0,137.0,71.0,224.0
JAWA TENGAH,KOTA SEMARANG,PEDURUNGAN,PEDURUNGAN LOR,3374061009001,35.0,94.0,69.0,198.0
JAWA TENGAH,KOTA SEMARANG,PEDURUNGAN,PEDURUNGAN LOR,3374061009002,35.0,99.0,66.0,200.0
JAWA TENGAH,KOTA SEMARANG,PEDURUNGAN,PEDURUNGAN LOR,3374061009003,55.0,99.0,84.0,238.0
JAWA TENGAH,KOTA SEMARANG,PEDURUNGAN,PEDURUNGAN LOR,3374061009004,53.0,112.0,73.0,238.0
JAWA TENGAH,KOTA SEMARANG,PEDURUNGAN,PEDURUNGAN LOR,3374061009005,34.0,67.0,68.0,169.0
JAWA TENGAH,KOTA SEMARANG,PEDURUNGAN,PEDURUNGAN LOR,3374061009006,,,,
JAWA TENGAH,KOTA SEMARANG,PEDURUNGAN,PEDURUNGAN LOR,3374061009007,34.0,100.0,70.0,204.0
JAWA TENGAH,KOTA SEMARANG,PEDURUNGAN,PEDURUNGAN LOR,3374061009008,33.0,69.0,104.0,206.0
JAWA TENGAH,KOTA SEMARANG,PEDURUNGAN,PEDURUNGAN LOR,3374061009009,13.0,68.0,96.0,177.0
JAWA TENGAH,KOTA SEMARANG,PEDURUNGAN,PEDURUNGAN LOR,3374061009010,32.0,78.0,92.0,202.0
JAWA TENGAH,KOTA SEMARANG,PEDURUNGAN,PEDURUNGAN LOR,3374061009011,33.0,84.0,113.0,230.0
JAWA TENGAH,KOTA SEMARANG,PEDURUNGAN,PEDURUNGAN LOR,3374061009012,35.0,105.0,84.0,224.0
JAWA TENGAH,KOTA SEMARANG,PEDURUNGAN,PEDURUNGAN LOR,3374061009013,31.0,117.0,92.0,240.0
JAWA TENGAH,KOTA SEMARANG,PEDURUNGAN,PEDURUNGAN LOR,3374061009014,26.0,72.0,59.0,157.0
JAWA TENGAH,KOTA SEMARANG,PEDURUNGAN,PEDURUNGAN LOR,3374061009015,21.0,77.0,65.0,163.0
JAWA TENGAH,KOTA SEMARANG,PEDURUNGAN,PEDURUNGAN LOR,3374061009016,37.0,80.0,83.0,200.0
JAWA TENGAH,KOTA SEMARANG,PEDURUNGAN,PEDURUNGAN LOR,3374061009017,32.0,127.0,60.0,219.0
JAWA TENGAH,KOTA SEMARANG,PEDURUNGAN,PEDURUNGAN LOR,3374061009018,,,,179.0
JAWA TENGAH,KOTA SEMARANG,PEDURUNGAN,PEDURUNGAN LOR,3374061009019,20.0,125.0,76.0,221.0
JAWA TENGAH,KOTA SEMARANG,PEDURUNGAN,PEDURUNGAN LOR,3374061009020,12.0,60.0,106.0,178.0
JAWA TENGAH,KOTA SEMARANG,PEDURUNGAN,PEDURUNGAN LOR,3374061009021,9.0,72.0,127.0,208.0
JAWA TENGAH,KOTA SEMARANG,PEDURUNGAN,PEDURUNGAN LOR,3374061009022,14.0,47.0,55.0,116.0
JAWA TENGAH,KOTA SEMARANG,PEDURUNGAN,PEDURUNGAN LOR,3374061009023,44.0,129.0,82.0,255.0
JAWA TENGAH,KOTA SEMARANG,PEDURUNGAN,PEDURUNGAN LOR,3374061009024,22.0,106.0,97.0,225.0
JAWA TENGAH,KOTA SEMARANG,PEDURUNGAN,PEDURUNGAN LOR,3374061009025,36.0,111.0,70.0,217.0
JAWA TENGAH,KOTA SEMARANG,PEDURUNGAN,PEDURUNGAN LOR,3374061009026,25.0,86.0,72.0,183.0
JAWA TENGAH,KOTA SEMARANG,PEDURUNGAN,PEDURUNGAN LOR,3374061009027,44.0,97.0,72.0,213.0
JAWA TENGAH,KOTA SEMARANG,PEDURUNGAN,PEDURUNGAN LOR,3374061009028,19.0,104.0,57.0,180.0
JAWA TENGAH,KOTA SEMARANG,PEDURUNGAN,PEDURUNGAN LOR,3374061009029,,,,
JAWA TENGAH,KOTA SEMARANG,PEDURUNGAN,PEDURUNGAN LOR,3374061009030,42.0,77.0,90.0,209.0
JAWA TENGAH,KOTA SEMARANG,PEDURUNGAN,PEDURUNGAN TENGAH,3374061010001,23.0,108.0,75.0,206.0
JAWA TENGAH,KOTA SEMARANG,PEDURUNGAN,PEDURUNGAN TENGAH,3374061010002,41.0,108.0,63.0,212.0
JAWA TENGAH,KOTA SEMARANG,PEDURUNGAN,PEDURUNGAN TENGAH,3374061010003,36.0,101.0,67.0,204.0
JAWA TENGAH,KOTA SEMARANG,PEDURUNGAN,PEDURUNGAN TENGAH,3374061010004,53.0,129.0,72.0,254.0
JAWA TENGAH,KOTA SEMARANG,PEDURUNGAN,PEDURUNGAN TENGAH,3374061010005,21.0,109.0,85.0,215.0
JAWA TENGAH,KOTA SEMARANG,PEDURUNGAN,PEDURUNGAN TENGAH,3374061010006,37.0,137.0,64.0,238.0
JAWA TENGAH,KOTA SEMARANG,PEDURUNGAN,PEDURUNGAN TENGAH,3374061010007,33.0,128.0,84.0,245.0
JAWA TENGAH,KOTA SEMARANG,PEDURUNGAN,PEDURUNGAN TENGAH,3374061010008,26.0,75.0,74.0,175.0
JAWA TENGAH,KOTA SEMARANG,PEDURUNGAN,PEDURUNGAN TENGAH,3374061010009,,,,
JAWA TENGAH,KOTA SEMARANG,PEDURUNGAN,PEDURUNGAN TENGAH,3374061010010,64.0,78.0,75.0,217.0
JAWA TENGAH,KOTA SEMARANG,PEDURUNGAN,PEDURUNGAN TENGAH,3374061010011,38.0,88.0,98.0,224.0
JAWA TENGAH,KOTA SEMARANG,PEDURUNGAN,PEDURUNGAN TENGAH,3374061010012,46.0,94.0,91.0,231.0
JAWA TENGAH,KOTA SEMARANG,PEDURUNGAN,PEDURUNGAN TENGAH,3374061010013,34.0,109.0,90.0,233.0
JAWA TENGAH,KOTA SEMARANG,PEDURUNGAN,PEDURUNGAN TENGAH,3374061010014,36.0,81.0,76.0,193.0
JAWA TENGAH,KOTA SEMARANG,PEDURUNGAN,PEDURUNGAN TENGAH,3374061010015,61.0,77.0,94.0,232.0
JAWA TENGAH,KOTA SEMARANG,PEDURUNGAN,PEDURUNGAN TENGAH,3374061010016,36.0,59.0,105.0,200.0
JAWA TENGAH,KOTA SEMARANG,PEDURUNGAN,PEDURUNGAN TENGAH,3374061010017,36.0,70.0,86.0,192.0
JAWA TENGAH,KOTA SEMARANG,PEDURUNGAN,PEDURUNGAN TENGAH,3374061010018,62.0,89.0,94.0,245.0
JAWA TENGAH,KOTA SEMARANG,PEDURUNGAN,PEDURUNGAN TENGAH,3374061010019,37.0,91.0,85.0,213.0
JAWA TENGAH,KOTA SEMARANG,PEDURUNGAN,PEDURUNGAN TENGAH,3374061010020,58.0,94.0,75.0,227.0
JAWA TENGAH,KOTA SEMARANG,PEDURUNGAN,PEDURUNGAN TENGAH,3374061010021,29.0,113.0,90.0,232.0
JAWA TENGAH,KOTA SEMARANG,PEDURUNGAN,PEDURUNGAN TENGAH,3374061010022,24.0,92.0,90.0,206.0
JAWA TENGAH,KOTA SEMARANG,PEDURUNGAN,PEDURUNGAN TENGAH,3374061010023,23.0,112.0,52.0,187.0
JAWA TENGAH,KOTA SEMARANG,PEDURUNGAN,PEDURUNGAN TENGAH,3374061010024,19.0,124.0,82.0,225.0
JAWA TENGAH,KOTA SEMARANG,PEDURUNGAN,PEDURUNGAN TENGAH,3374061010025,20.0,99.0,74.0,193.0
JAWA TENGAH,KOTA SEMARANG,PEDURUNGAN,PEDURUNGAN TENGAH,3374061010026,27.0,82.0,87.0,196.0
JAWA TENGAH,KOTA SEMARANG,PEDURUNGAN,PEDURUNGAN TENGAH,3374061010027,32.0,95.0,73.0,200.0
JAWA TENGAH,KOTA SEMARANG,PEDURUNGAN,PEDURUNGAN TENGAH,3374061010028,47.0,111.0,72.0,230.0
JAWA TENGAH,KOTA SEMARANG,PEDURUNGAN,PEDURUNGAN TENGAH,3374061010029,28.0,83.0,90.0,201.0
JAWA TENGAH,KOTA SEMARANG,PEDURUNGAN,PEDURUNGAN TENGAH,3374061010030,24.0,93.0,85.0,202.0
JAWA TENGAH,KOTA SEMARANG,PEDURUNGAN,PEDURUNGAN TENGAH,3374061010031,37.0,83.0,68.0,188.0
JAWA TENGAH,KOTA SEMARANG,PEDURUNGAN,PEDURUNGAN TENGAH,3374061010032,31.0,91.0,69.0,191.0
JAWA TENGAH,KOTA SEMARANG,PEDURUNGAN,PEDURUNGAN TENGAH,3374061010033,28.0,123.0,88.0,239.0
JAWA TENGAH,KOTA SEMARANG,PEDURUNGAN,PEDURUNGAN TENGAH,3374061010034,18.0,117.0,96.0,231.0
JAWA TENGAH,KOTA SEMARANG,PEDURUNGAN,PEDURUNGAN TENGAH,3374061010035,34.0,162.0,68.0,264.0
JAWA TENGAH,KOTA SEMARANG,PEDURUNGAN,PEDURUNGAN TENGAH,3374061010036,52.0,110.0,78.0,240.0
JAWA TENGAH,KOTA SEMARANG,PEDURUNGAN,PEDURUNGAN TENGAH,3374061010037,42.0,127.0,102.0,271.0
JAWA TENGAH,KOTA SEMARANG,PEDURUNGAN,PEDURUNGAN TENGAH,3374061010038,30.0,131.0,90.0,251.0
JAWA TENGAH,KOTA SEMARANG,PEDURUNGAN,PEDURUNGAN TENGAH,3374061010039,59.0,128.0,77.0,264.0
JAWA TENGAH,KOTA SEMARANG,PEDURUNGAN,PEDURUNGAN TENGAH,3374061010040,47.0,131.0,89.0,267.0
JAWA TENGAH,KOTA SEMARANG,PEDURUNGAN,PEDURUNGAN TENGAH,3374061010041,34.0,86.0,78.0,198.0
JAWA TENGAH,KOTA SEMARANG,PEDURUNGAN,PEDURUNGAN TENGAH,3374061010042,22.0,105.0,102.0,229.0
JAWA TENGAH,KOTA SEMARANG,PEDURUNGAN,PEDURUNGAN TENGAH,3374061010043,49.0,130.0,72.0,251.0
JAWA TENGAH,KOTA SEMARANG,PEDURUNGAN,PEDURUNGAN TENGAH,3374061010044,32.0,92.0,85.0,209.0
JAWA TENGAH,KOTA SEMARANG,PEDURUNGAN,PENGGARON KIDUL,3374061001001,,,,
JAWA TENGAH,KOTA SEMARANG,PEDURUNGAN,PENGGARON KIDUL,3374061001002,22.0,118.0,85.0,225.0
JAWA TENGAH,KOTA SEMARANG,PEDURUNGAN,PENGGARON KIDUL,3374061001003,22.0,129.0,75.0,226.0
JAWA TENGAH,KOTA SEMARANG,PEDURUNGAN,PENGGARON KIDUL,3374061001004,35.0,115.0,66.0,216.0
JAWA TENGAH,KOTA SEMARANG,PEDURUNGAN,PENGGARON KIDUL,3374061001005,43.0,118.0,73.0,234.0
JAWA TENGAH,KOTA SEMARANG,PEDURUNGAN,PENGGARON KIDUL,3374061001006,47.0,126.0,78.0,251.0
JAWA TENGAH,KOTA SEMARANG,PEDURUNGAN,PENGGARON KIDUL,3374061001007,21.0,154.0,70.0,245.0
JAWA TENGAH,KOTA SEMARANG,PEDURUNGAN,PENGGARON KIDUL,3374061001008,32.0,121.0,65.0,218.0
JAWA TENGAH,KOTA SEMARANG,PEDURUNGAN,PENGGARON KIDUL,3374061001009,,,,
JAWA TENGAH,KOTA SEMARANG,PEDURUNGAN,PENGGARON KIDUL,3374061001010,20.0,106.0,48.0,174.0
JAWA TENGAH,KOTA SEMARANG,PEDURUNGAN,PENGGARON KIDUL,3374061001011,20.0,106.0,51.0,177.0
JAWA TENGAH,KOTA SEMARANG,PEDURUNGAN,PENGGARON KIDUL,3374061001012,21.0,81.0,69.0,171.0
JAWA TENGAH,KOTA SEMARANG,PEDURUNGAN,PENGGARON KIDUL,3374061001013,25.0,147.0,47.0,219.0
JAWA TENGAH,KOTA SEMARANG,PEDURUNGAN,PENGGARON KIDUL,3374061001014,37.0,107.0,63.0,207.0
JAWA TENGAH,KOTA SEMARANG,PEDURUNGAN,PENGGARON KIDUL,3374061001015,30.0,97.0,65.0,192.0
JAWA TENGAH,KOTA SEMARANG,PEDURUNGAN,PENGGARON KIDUL,3374061001016,41.0,122.0,69.0,232.0
JAWA TENGAH,KOTA SEMARANG,PEDURUNGAN,PENGGARON KIDUL,3374061001017,41.0,115.0,74.0,230.0
JAWA TENGAH,KOTA SEMARANG,PEDURUNGAN,PENGGARON KIDUL,3374061001018,55.0,129.0,63.0,247.0
JAWA TENGAH,KOTA SEMARANG,PEDURUNGAN,PENGGARON KIDUL,3374061001019,40.0,131.0,73.0,244.0
JAWA TENGAH,KOTA SEMARANG,PEDURUNGAN,PENGGARON KIDUL,3374061001020,36.0,130.0,61.0,227.0
JAWA TENGAH,KOTA SEMARANG,PEDURUNGAN,PENGGARON KIDUL,3374061001021,44.0,131.0,84.0,259.0
JAWA TENGAH,KOTA SEMARANG,PEDURUNGAN,PLAMONGANSARI,3374061006001,20.0,192.0,50.0,262.0
JAWA TENGAH,KOTA SEMARANG,PEDURUNGAN,PLAMONGANSARI,3374061006002,40.0,119.0,85.0,244.0
JAWA TENGAH,KOTA SEMARANG,PEDURUNGAN,PLAMONGANSARI,3374061006003,28.0,141.0,89.0,258.0
JAWA TENGAH,KOTA SEMARANG,PEDURUNGAN,PLAMONGANSARI,3374061006004,19.0,139.0,86.0,244.0
JAWA TENGAH,KOTA SEMARANG,PEDURUNGAN,PLAMONGANSARI,3374061006005,,,,
JAWA TENGAH,KOTA SEMARANG,PEDURUNGAN,PLAMONGANSARI,3374061006006,26.0,120.0,78.0,224.0
JAWA TENGAH,KOTA SEMARANG,PEDURUNGAN,PLAMONGANSARI,3374061006007,72.0,114.0,66.0,252.0
JAWA TENGAH,KOTA SEMARANG,PEDURUNGAN,PLAMONGANSARI,3374061006008,68.0,136.0,38.0,242.0
JAWA TENGAH,KOTA SEMARANG,PEDURUNGAN,PLAMONGANSARI,3374061006009,40.0,124.0,88.0,252.0
JAWA TENGAH,KOTA SEMARANG,PEDURUNGAN,PLAMONGANSARI,3374061006010,30.0,126.0,75.0,231.0
JAWA TENGAH,KOTA SEMARANG,PEDURUNGAN,PLAMONGANSARI,3374061006011,36.0,148.0,73.0,257.0
JAWA TENGAH,KOTA SEMARANG,PEDURUNGAN,PLAMONGANSARI,3374061006012,44.0,116.0,59.0,219.0
JAWA TENGAH,KOTA SEMARANG,PEDURUNGAN,PLAMONGANSARI,3374061006013,18.0,115.0,80.0,213.0
JAWA TENGAH,KOTA SEMARANG,PEDURUNGAN,PLAMONGANSARI,3374061006014,22.0,128.0,63.0,213.0
JAWA TENGAH,KOTA SEMARANG,PEDURUNGAN,PLAMONGANSARI,3374061006015,21.0,160.0,61.0,242.0
JAWA TENGAH,KOTA SEMARANG,PEDURUNGAN,PLAMONGANSARI,3374061006016,25.0,136.0,57.0,218.0
JAWA TENGAH,KOTA SEMARANG,PEDURUNGAN,PLAMONGANSARI,3374061006017,24.0,85.0,58.0,167.0
JAWA TENGAH,KOTA SEMARANG,PEDURUNGAN,PLAMONGANSARI,3374061006018,37.0,111.0,47.0,195.0
JAWA TENGAH,KOTA SEMARANG,PEDURUNGAN,PLAMONGANSARI,3374061006019,33.0,84.0,84.0,201.0
JAWA TENGAH,KOTA SEMARANG,PEDURUNGAN,PLAMONGANSARI,3374061006020,33.0,69.0,74.0,176.0
JAWA TENGAH,KOTA SEMARANG,PEDURUNGAN,PLAMONGANSARI,3374061006021,35.0,108.0,74.0,217.0
JAWA TENGAH,KOTA SEMARANG,PEDURUNGAN,PLAMONGANSARI,3374061006022,42.0,60.0,70.0,172.0
JAWA TENGAH,KOTA SEMARANG,PEDURUNGAN,PLAMONGANSARI,3374061006023,,,,
JAWA TENGAH,KOTA SEMARANG,PEDURUNGAN,PLAMONGANSARI,3374061006024,34.0,87.0,73.0,194.0
JAWA TENGAH,KOTA SEMARANG,PEDURUNGAN,PLAMONGANSARI,3374061006025,51.0,91.0,77.0,219.0
JAWA TENGAH,KOTA SEMARANG,PEDURUNGAN,PLAMONGANSARI,3374061006026,48.0,91.0,76.0,215.0
JAWA TENGAH,KOTA SEMARANG,PEDURUNGAN,PLAMONGANSARI,3374061006027,33.0,96.0,100.0,229.0
JAWA TENGAH,KOTA SEMARANG,PEDURUNGAN,PLAMONGANSARI,3374061006028,44.0,115.0,59.0,218.0
JAWA TENGAH,KOTA SEMARANG,PEDURUNGAN,PLAMONGANSARI,3374061006029,41.0,111.0,98.0,250.0
JAWA TENGAH,KOTA SEMARANG,PEDURUNGAN,PLAMONGANSARI,3374061006030,40.0,99.0,96.0,235.0
JAWA TENGAH,KOTA SEMARANG,PEDURUNGAN,PLAMONGANSARI,3374061006031,55.0,114.0,76.0,245.0
JAWA TENGAH,KOTA SEMARANG,PEDURUNGAN,PLAMONGANSARI,3374061006032,33.0,107.0,72.0,212.0
JAWA TENGAH,KOTA SEMARANG,PEDURUNGAN,PLAMONGANSARI,3374061006033,43.0,102.0,89.0,234.0
JAWA TENGAH,KOTA SEMARANG,PEDURUNGAN,PLAMONGANSARI,3374061006034,13.0,67.0,98.0,178.0
JAWA TENGAH,KOTA SEMARANG,PEDURUNGAN,PLAMONGANSARI,3374061006035,24.0,70.0,106.0,200.0
JAWA TENGAH,KOTA SEMARANG,PEDURUNGAN,PLAMONGANSARI,3374061006036,24.0,77.0,68.0,169.0
JAWA TENGAH,KOTA SEMARANG,PEDURUNGAN,PLAMONGANSARI,3374061006037,16.0,91.0,91.0,198.0
JAWA TENGAH,KOTA SEMARANG,PEDURUNGAN,PLAMONGANSARI,3374061006038,20.0,66.0,75.0,161.0
JAWA TENGAH,KOTA SEMARANG,PEDURUNGAN,PLAMONGANSARI,3374061006039,15.0,105.0,88.0,208.0
JAWA TENGAH,KOTA SEMARANG,PEDURUNGAN,PLAMONGANSARI,3374061006040,9.0,90.0,42.0,141.0
JAWA TENGAH,KOTA SEMARANG,PEDURUNGAN,PLAMONGANSARI,3374061006041,24.0,134.0,53.0,211.0
JAWA TENGAH,KOTA SEMARANG,PEDURUNGAN,PLAMONGANSARI,3374061006042,37.0,103.0,89.0,229.0
JAWA TENGAH,KOTA SEMARANG,PEDURUNGAN,PLAMONGANSARI,3374061006901,10.0,37.0,51.0,98.0
JAWA TENGAH,KOTA SEMARANG,PEDURUNGAN,TLOGOMULYO,3374061002001,17.0,129.0,94.0,240.0
JAWA TENGAH,KOTA SEMARANG,PEDURUNGAN,TLOGOMULYO,3374061002002,26.0,135.0,84.0,245.0
JAWA TENGAH,KOTA SEMARANG,PEDURUNGAN,TLOGOMULYO,3374061002003,22.0,115.0,90.0,227.0
JAWA TENGAH,KOTA SEMARANG,PEDURUNGAN,TLOGOMULYO,3374061002004,26.0,115.0,91.0,232.0
JAWA TENGAH,KOTA SEMARANG,PEDURUNGAN,TLOGOMULYO,3374061002005,13.0,109.0,106.0,228.0
JAWA TENGAH,KOTA SEMARANG,PEDURUNGAN,TLOGOMULYO,3374061002006,29.0,85.0,125.0,239.0
JAWA TENGAH,KOTA SEMARANG,PEDURUNGAN,TLOGOMULYO,3374061002007,20.0,101.0,89.0,210.0
JAWA TENGAH,KOTA SEMARANG,PEDURUNGAN,TLOGOMULYO,3374061002008,,,,
JAWA TENGAH,KOTA SEMARANG,PEDURUNGAN,TLOGOMULYO,3374061002009,15.0,107.0,69.0,191.0
JAWA TENGAH,KOTA SEMARANG,PEDURUNGAN,TLOGOMULYO,3374061002010,12.0,112.0,68.0,192.0
JAWA TENGAH,KOTA SEMARANG,PEDURUNGAN,TLOGOMULYO,3374061002011,25.0,128.0,85.0,238.0
JAWA TENGAH,KOTA SEMARANG,PEDURUNGAN,TLOGOMULYO,3374061002012,23.0,98.0,101.0,222.0
JAWA TENGAH,KOTA SEMARANG,PEDURUNGAN,TLOGOMULYO,3374061002013,,,,
JAWA TENGAH,KOTA SEMARANG,PEDURUNGAN,TLOGOMULYO,3374061002014,,,,
JAWA TENGAH,KOTA SEMARANG,PEDURUNGAN,TLOGOMULYO,3374061002015,23.0,84.0,140.0,247.0
JAWA TENGAH,KOTA SEMARANG,PEDURUNGAN,TLOGOMULYO,3374061002016,22.0,126.0,104.0,252.0
JAWA TENGAH,KOTA SEMARANG,PEDURUNGAN,TLOGOMULYO,3374061002017,30.0,105.0,118.0,253.0
JAWA TENGAH,KOTA SEMARANG,PEDURUNGAN,TLOGOMULYO,3374061002018,,,,
JAWA TENGAH,KOTA SEMARANG,PEDURUNGAN,TLOGOMULYO,3374061002019,,,,
JAWA TENGAH,KOTA SEMARANG,PEDURUNGAN,TLOGOMULYO,3374061002020,52.0,103.0,52.0,207.0
JAWA TENGAH,KOTA SEMARANG,PEDURUNGAN,TLOGOMULYO,3374061002021,62.0,98.0,60.0,220.0
JAWA TENGAH,KOTA SEMARANG,PEDURUNGAN,TLOGOMULYO,3374061002022,,,,
JAWA TENGAH,KOTA SEMARANG,PEDURUNGAN,TLOGOMULYO,3374061002023,38.0,108.0,75.0,221.0
JAWA TENGAH,KOTA SEMARANG,PEDURUNGAN,TLOGOMULYO,3374061002024,,,,
JAWA TENGAH,KOTA SEMARANG,PEDURUNGAN,TLOGOMULYO,3374061002025,,,,
JAWA TENGAH,KOTA SEMARANG,PEDURUNGAN,TLOGOMULYO,3374061002026,49.0,85.0,91.0,225.0
JAWA TENGAH,KOTA SEMARANG,PEDURUNGAN,TLOGOMULYO,3374061002027,60.0,86.0,88.0,234.0
JAWA TENGAH,KOTA SEMARANG,PEDURUNGAN,TLOGOMULYO,3374061002028,35.0,113.0,96.0,244.0
JAWA TENGAH,KOTA SEMARANG,PEDURUNGAN,TLOGOMULYO,3374061002029,29.0,104.0,84.0,217.0
JAWA TENGAH,KOTA SEMARANG,PEDURUNGAN,TLOGOMULYO,3374061002030,,,,
JAWA TENGAH,KOTA SEMARANG,PEDURUNGAN,TLOGOMULYO,3374061002031,56.0,110.0,66.0,232.0
JAWA TENGAH,KOTA SEMARANG,PEDURUNGAN,TLOGOMULYO,3374061002032,60.0,100.0,71.0,231.0
JAWA TENGAH,KOTA SEMARANG,PEDURUNGAN,TLOGOMULYO,3374061002033,56.0,90.0,97.0,243.0
JAWA TENGAH,KOTA SEMARANG,PEDURUNGAN,TLOGOMULYO,3374061002034,53.0,121.0,79.0,253.0
JAWA TENGAH,KOTA SEMARANG,PEDURUNGAN,TLOGOMULYO,3374061002035,39.0,96.0,77.0,212.0
JAWA TENGAH,KOTA SEMARANG,PEDURUNGAN,TLOGOMULYO,3374061002036,,,,
JAWA TENGAH,KOTA SEMARANG,PEDURUNGAN,TLOGOMULYO,3374061002037,,,,
JAWA TENGAH,KOTA SEMARANG,PEDURUNGAN,TLOGOMULYO,3374061002038,38.0,122.0,68.0,228.0
JAWA TENGAH,KOTA SEMARANG,PEDURUNGAN,TLOGOMULYO,3374061002039,,,,
JAWA TENGAH,KOTA SEMARANG,PEDURUNGAN,TLOGOMULYO,3374061002040,26.0,106.0,77.0,209.0
JAWA TENGAH,KOTA SEMARANG,PEDURUNGAN,TLOGOMULYO,3374061002041,33.0,117.0,46.0,196.0
JAWA TENGAH,KOTA SEMARANG,PEDURUNGAN,TLOGOMULYO,3374061002042,36.0,120.0,87.0,243.0
JAWA TENGAH,KOTA SEMARANG,PEDURUNGAN,TLOGOMULYO,3374061002043,21.0,106.0,44.0,171.0
JAWA TENGAH,KOTA SEMARANG,PEDURUNGAN,TLOGOMULYO,3374061002044,51.0,124.0,69.0,244.0
JAWA TENGAH,KOTA SEMARANG,PEDURUNGAN,TLOGOSARI KULON,3374061004001,31.0,114.0,78.0,223.0
JAWA TENGAH,KOTA SEMARANG,PEDURUNGAN,TLOGOSARI KULON,3374061004002,40.0,104.0,58.0,202.0
JAWA TENGAH,KOTA SEMARANG,PEDURUNGAN,TLOGOSARI KULON,3374061004003,10.0,111.0,98.0,219.0
JAWA TENGAH,KOTA SEMARANG,PEDURUNGAN,TLOGOSARI KULON,3374061004004,13.0,37.0,107.0,157.0
JAWA TENGAH,KOTA SEMARANG,PEDURUNGAN,TLOGOSARI KULON,3374061004005,32.0,89.0,94.0,215.0
JAWA TENGAH,KOTA SEMARANG,PEDURUNGAN,TLOGOSARI KULON,3374061004006,26.0,104.0,100.0,230.0
JAWA TENGAH,KOTA SEMARANG,PEDURUNGAN,TLOGOSARI KULON,3374061004007,41.0,98.0,72.0,211.0
JAWA TENGAH,KOTA SEMARANG,PEDURUNGAN,TLOGOSARI KULON,3374061004008,,,,
JAWA TENGAH,KOTA SEMARANG,PEDURUNGAN,TLOGOSARI KULON,3374061004009,39.0,95.0,64.0,198.0
JAWA TENGAH,KOTA SEMARANG,PEDURUNGAN,TLOGOSARI KULON,3374061004010,40.0,85.0,66.0,191.0
JAWA TENGAH,KOTA SEMARANG,PEDURUNGAN,TLOGOSARI KULON,3374061004011,67.0,71.0,82.0,220.0
JAWA TENGAH,KOTA SEMARANG,PEDURUNGAN,TLOGOSARI KULON,3374061004012,33.0,103.0,82.0,218.0
JAWA TENGAH,KOTA SEMARANG,PEDURUNGAN,TLOGOSARI KULON,3374061004013,37.0,106.0,84.0,227.0
JAWA TENGAH,KOTA SEMARANG,PEDURUNGAN,TLOGOSARI KULON,3374061004014,52.0,90.0,104.0,246.0
JAWA TENGAH,KOTA SEMARANG,PEDURUNGAN,TLOGOSARI KULON,3374061004015,,,,
JAWA TENGAH,KOTA SEMARANG,PEDURUNGAN,TLOGOSARI KULON,3374061004016,62.0,71.0,81.0,214.0
JAWA TENGAH,KOTA SEMARANG,PEDURUNGAN,TLOGOSARI KULON,3374061004017,51.0,79.0,66.0,196.0
JAWA TENGAH,KOTA SEMARANG,PEDURUNGAN,TLOGOSARI KULON,3374061004018,,,,
JAWA TENGAH,KOTA SEMARANG,PEDURUNGAN,TLOGOSARI KULON,3374061004019,42.0,73.0,82.0,197.0
JAWA TENGAH,KOTA SEMARANG,PEDURUNGAN,TLOGOSARI KULON,3374061004020,,,,
JAWA TENGAH,KOTA SEMARANG,PEDURUNGAN,TLOGOSARI KULON,3374061004021,14.0,90.0,119.0,223.0
JAWA TENGAH,KOTA SEMARANG,PEDURUNGAN,TLOGOSARI KULON,3374061004022,28.0,109.0,105.0,242.0
JAWA TENGAH,KOTA SEMARANG,PEDURUNGAN,TLOGOSARI KULON,3374061004023,32.0,130.0,76.0,238.0
JAWA TENGAH,KOTA SEMARANG,PEDURUNGAN,TLOGOSARI KULON,3374061004024,,,,
JAWA TENGAH,KOTA SEMARANG,PEDURUNGAN,TLOGOSARI KULON,3374061004025,,,,
JAWA TENGAH,KOTA SEMARANG,PEDURUNGAN,TLOGOSARI KULON,3374061004026,,,,
JAWA TENGAH,KOTA SEMARANG,PEDURUNGAN,TLOGOSARI KULON,3374061004027,28.0,136.0,55.0,219.0
JAWA TENGAH,KOTA SEMARANG,PEDURUNGAN,TLOGOSARI KULON,3374061004028,60.0,73.0,71.0,204.0
JAWA TENGAH,KOTA SEMARANG,PEDURUNGAN,TLOGOSARI KULON,3374061004029,,,,
JAWA TENGAH,KOTA SEMARANG,PEDURUNGAN,TLOGOSARI KULON,3374061004030,,,,
JAWA TENGAH,KOTA SEMARANG,PEDURUNGAN,TLOGOSARI KULON,3374061004031,48.0,86.0,54.0,188.0
JAWA TENGAH,KOTA SEMARANG,PEDURUNGAN,TLOGOSARI KULON,3374061004032,49.0,93.0,65.0,207.0
JAWA TENGAH,KOTA SEMARANG,PEDURUNGAN,TLOGOSARI KULON,3374061004033,36.0,71.0,64.0,171.0
JAWA TENGAH,KOTA SEMARANG,PEDURUNGAN,TLOGOSARI KULON,3374061004034,46.0,90.0,93.0,229.0
JAWA TENGAH,KOTA SEMARANG,PEDURUNGAN,TLOGOSARI KULON,3374061004035,,,,
JAWA TENGAH,KOTA SEMARANG,PEDURUNGAN,TLOGOSARI KULON,3374061004036,72.0,89.0,79.0,240.0
JAWA TENGAH,KOTA SEMARANG,PEDURUNGAN,TLOGOSARI KULON,3374061004037,,,,
JAWA TENGAH,KOTA SEMARANG,PEDURUNGAN,TLOGOSARI KULON,3374061004038,45.0,100.0,79.0,224.0
JAWA TENGAH,KOTA SEMARANG,PEDURUNGAN,TLOGOSARI KULON,3374061004039,41.0,99.0,81.0,221.0
JAWA TENGAH,KOTA SEMARANG,PEDURUNGAN,TLOGOSARI KULON,3374061004040,,,,196.0
JAWA TENGAH,KOTA SEMARANG,PEDURUNGAN,TLOGOSARI KULON,3374061004041,,,,
JAWA TENGAH,KOTA SEMARANG,PEDURUNGAN,TLOGOSARI KULON,3374061004042,,,,
JAWA TENGAH,KOTA SEMARANG,PEDURUNGAN,TLOGOSARI KULON,3374061004043,69.0,97.0,88.0,254.0
JAWA TENGAH,KOTA SEMARANG,PEDURUNGAN,TLOGOSARI KULON,3374061004044,59.0,96.0,87.0,242.0
JAWA TENGAH,KOTA SEMARANG,PEDURUNGAN,TLOGOSARI KULON,3374061004045,,,,
JAWA TENGAH,KOTA SEMARANG,PEDURUNGAN,TLOGOSARI KULON,3374061004046,39.0,117.0,92.0,248.0
JAWA TENGAH,KOTA SEMARANG,PEDURUNGAN,TLOGOSARI KULON,3374061004047,50.0,100.0,77.0,227.0
JAWA TENGAH,KOTA SEMARANG,PEDURUNGAN,TLOGOSARI KULON,3374061004048,77.0,95.0,58.0,230.0
JAWA TENGAH,KOTA SEMARANG,PEDURUNGAN,TLOGOSARI KULON,3374061004049,49.0,101.0,95.0,245.0
JAWA TENGAH,KOTA SEMARANG,PEDURUNGAN,TLOGOSARI KULON,3374061004050,27.0,110.0,90.0,227.0
JAWA TENGAH,KOTA SEMARANG,PEDURUNGAN,TLOGOSARI KULON,3374061004051,67.0,84.0,67.0,218.0
JAWA TENGAH,KOTA SEMARANG,PEDURUNGAN,TLOGOSARI KULON,3374061004052,50.0,98.0,68.0,216.0
JAWA TENGAH,KOTA SEMARANG,PEDURUNGAN,TLOGOSARI KULON,3374061004053,,,,
JAWA TENGAH,KOTA SEMARANG,PEDURUNGAN,TLOGOSARI KULON,3374061004054,,,,
JAWA TENGAH,KOTA SEMARANG,PEDURUNGAN,TLOGOSARI KULON,3374061004055,41.0,100.0,80.0,221.0
JAWA TENGAH,KOTA SEMARANG,PEDURUNGAN,TLOGOSARI KULON,3374061004056,43.0,77.0,70.0,190.0
JAWA TENGAH,KOTA SEMARANG,PEDURUNGAN,TLOGOSARI KULON,3374061004057,40.0,91.0,97.0,228.0
JAWA TENGAH,KOTA SEMARANG,PEDURUNGAN,TLOGOSARI KULON,3374061004058,,,,
JAWA TENGAH,KOTA SEMARANG,PEDURUNGAN,TLOGOSARI KULON,3374061004059,,,,
JAWA TENGAH,KOTA SEMARANG,PEDURUNGAN,TLOGOSARI KULON,3374061004060,,,,
JAWA TENGAH,KOTA SEMARANG,PEDURUNGAN,TLOGOSARI KULON,3374061004061,72.0,71.0,67.0,210.0
JAWA TENGAH,KOTA SEMARANG,PEDURUNGAN,TLOGOSARI KULON,3374061004062,,,,
JAWA TENGAH,KOTA SEMARANG,PEDURUNGAN,TLOGOSARI KULON,3374061004063,51.0,80.0,59.0,190.0
JAWA TENGAH,KOTA SEMARANG,PEDURUNGAN,TLOGOSARI KULON,3374061004064,,,,
JAWA TENGAH,KOTA SEMARANG,PEDURUNGAN,TLOGOSARI KULON,3374061004065,41.0,27.0,69.0,137.0
JAWA TENGAH,KOTA SEMARANG,PEDURUNGAN,TLOGOSARI KULON,3374061004066,30.0,119.0,94.0,243.0
JAWA TENGAH,KOTA SEMARANG,PEDURUNGAN,TLOGOSARI KULON,3374061004067,22.0,104.0,111.0,237.0
JAWA TENGAH,KOTA SEMARANG,PEDURUNGAN,TLOGOSARI KULON,3374061004068,42.0,91.0,94.0,227.0
JAWA TENGAH,KOTA SEMARANG,PEDURUNGAN,TLOGOSARI KULON,3374061004069,,,,
JAWA TENGAH,KOTA SEMARANG,PEDURUNGAN,TLOGOSARI KULON,3374061004070,,,,
JAWA TENGAH,KOTA SEMARANG,PEDURUNGAN,TLOGOSARI KULON,3374061004071,43.0,93.0,84.0,220.0
JAWA TENGAH,KOTA SEMARANG,PEDURUNGAN,TLOGOSARI KULON,3374061004072,38.0,97.0,99.0,234.0
JAWA TENGAH,KOTA SEMARANG,PEDURUNGAN,TLOGOSARI KULON,3374061004073,46.0,98.0,86.0,230.0
JAWA TENGAH,KOTA SEMARANG,PEDURUNGAN,TLOGOSARI KULON,3374061004074,45.0,85.0,89.0,219.0
JAWA TENGAH,KOTA SEMARANG,PEDURUNGAN,TLOGOSARI KULON,3374061004075,37.0,84.0,108.0,229.0
JAWA TENGAH,KOTA SEMARANG,PEDURUNGAN,TLOGOSARI KULON,3374061004076,37.0,80.0,100.0,217.0
JAWA TENGAH,KOTA SEMARANG,PEDURUNGAN,TLOGOSARI KULON,3374061004077,23.0,97.0,80.0,200.0
JAWA TENGAH,KOTA SEMARANG,PEDURUNGAN,TLOGOSARI KULON,3374061004078,22.0,92.0,58.0,172.0
JAWA TENGAH,KOTA SEMARANG,PEDURUNGAN,TLOGOSARI KULON,3374061004079,34.0,91.0,104.0,229.0
JAWA TENGAH,KOTA SEMARANG,PEDURUNGAN,TLOGOSARI KULON,3374061004080,,,,
JAWA TENGAH,KOTA SEMARANG,PEDURUNGAN,TLOGOSARI KULON,3374061004081,43.0,86.0,96.0,225.0
JAWA TENGAH,KOTA SEMARANG,PEDURUNGAN,TLOGOSARI KULON,3374061004082,,,,
JAWA TENGAH,KOTA SEMARANG,PEDURUNGAN,TLOGOSARI KULON,3374061004083,22.0,106.0,101.0,229.0
JAWA TENGAH,KOTA SEMARANG,PEDURUNGAN,TLOGOSARI KULON,3374061004084,41.0,104.0,81.0,226.0
JAWA TENGAH,KOTA SEMARANG,PEDURUNGAN,TLOGOSARI KULON,3374061004085,,,,
JAWA TENGAH,KOTA SEMARANG,PEDURUNGAN,TLOGOSARI KULON,3374061004086,22.0,133.0,77.0,232.0
JAWA TENGAH,KOTA SEMARANG,PEDURUNGAN,TLOGOSARI KULON,3374061004087,,,,
JAWA TENGAH,KOTA SEMARANG,PEDURUNGAN,TLOGOSARI KULON,3374061004088,,,,
JAWA TENGAH,KOTA SEMARANG,PEDURUNGAN,TLOGOSARI KULON,3374061004089,,,,
JAWA TENGAH,KOTA SEMARANG,PEDURUNGAN,TLOGOSARI KULON,3374061004090,,,,
JAWA TENGAH,KOTA SEMARANG,PEDURUNGAN,TLOGOSARI KULON,3374061004091,,,,
JAWA TENGAH,KOTA SEMARANG,PEDURUNGAN,TLOGOSARI WETAN,3374061003001,42.0,80.0,92.0,214.0
JAWA TENGAH,KOTA SEMARANG,PEDURUNGAN,TLOGOSARI WETAN,3374061003002,63.0,68.0,75.0,206.0
JAWA TENGAH,KOTA SEMARANG,PEDURUNGAN,TLOGOSARI WETAN,3374061003003,50.0,125.0,54.0,229.0
JAWA TENGAH,KOTA SEMARANG,PEDURUNGAN,TLOGOSARI WETAN,3374061003004,,,,
JAWA TENGAH,KOTA SEMARANG,PEDURUNGAN,TLOGOSARI WETAN,3374061003005,30.0,112.0,79.0,221.0
JAWA TENGAH,KOTA SEMARANG,PEDURUNGAN,TLOGOSARI WETAN,3374061003006,41.0,98.0,78.0,217.0
JAWA TENGAH,KOTA SEMARANG,PEDURUNGAN,TLOGOSARI WETAN,3374061003007,25.0,136.0,78.0,239.0
JAWA TENGAH,KOTA SEMARANG,PEDURUNGAN,TLOGOSARI WETAN,3374061003008,,,,
JAWA TENGAH,KOTA SEMARANG,PEDURUNGAN,TLOGOSARI WETAN,3374061003009,,,,
JAWA TENGAH,KOTA SEMARANG,PEDURUNGAN,TLOGOSARI WETAN,3374061003010,,,,
JAWA TENGAH,KOTA SEMARANG,PEDURUNGAN,TLOGOSARI WETAN,3374061003011,25.0,117.0,103.0,245.0
JAWA TENGAH,KOTA SEMARANG,PEDURUNGAN,TLOGOSARI WETAN,3374061003012,,,,
JAWA TENGAH,KOTA SEMARANG,PEDURUNGAN,TLOGOSARI WETAN,3374061003013,29.0,98.0,76.0,203.0
JAWA TENGAH,KOTA SEMARANG,PEDURUNGAN,TLOGOSARI WETAN,3374061003014,22.0,111.0,100.0,233.0
JAWA TENGAH,KOTA SEMARANG,PEDURUNGAN,TLOGOSARI WETAN,3374061003015,43.0,92.0,102.0,237.0
JAWA TENGAH,KOTA SEMARANG,PEDURUNGAN,TLOGOSARI WETAN,3374061003016,31.0,120.0,92.0,243.0
JAWA TENGAH,KOTA SEMARANG,PEDURUNGAN,TLOGOSARI WETAN,3374061003017,38.0,102.0,101.0,241.0
JAWA TENGAH,KOTA SEMARANG,PEDURUNGAN,TLOGOSARI WETAN,3374061003018,32.0,97.0,100.0,229.0
JAWA TENGAH,KOTA SEMARANG,PEDURUNGAN,TLOGOSARI WETAN,3374061003019,34.0,102.0,85.0,221.0
JAWA TENGAH,KOTA SEMARANG,PEDURUNGAN,TLOGOSARI WETAN,3374061003020,22.0,104.0,106.0,232.0
JAWA TENGAH,KOTA SEMARANG,PEDURUNGAN,TLOGOSARI WETAN,3374061003021,24.0,108.0,95.0,227.0
JAWA TENGAH,KOTA SEMARANG,PEDURUNGAN,TLOGOSARI WETAN,3374061003022,38.0,104.0,94.0,236.0
JAWA TENGAH,KOTA SEMARANG,PEDURUNGAN,TLOGOSARI WETAN,3374061003023,44.0,108.0,76.0,228.0
JAWA TENGAH,KOTA SEMARANG,PEDURUNGAN,TLOGOSARI WETAN,3374061003024,47.0,118.0,80.0,245.0
JAWA TENGAH,KOTA SEMARANG,PEDURUNGAN,TLOGOSARI WETAN,3374061003025,26.0,92.0,92.0,210.0
JAWA TENGAH,KOTA SEMARANG,SEMARANG BARAT,BOJONGSALAMAN,3374131009001,41.0,98.0,77.0,216.0
JAWA TENGAH,KOTA SEMARANG,SEMARANG BARAT,BOJONGSALAMAN,3374131009002,,,,
JAWA TENGAH,KOTA SEMARANG,SEMARANG BARAT,BOJONGSALAMAN,3374131009003,,,,
JAWA TENGAH,KOTA SEMARANG,SEMARANG BARAT,BOJONGSALAMAN,3374131009004,,,,
JAWA TENGAH,KOTA SEMARANG,SEMARANG BARAT,BOJONGSALAMAN,3374131009005,,,,
JAWA TENGAH,KOTA SEMARANG,SEMARANG BARAT,BOJONGSALAMAN,3374131009006,26.0,97.0,94.0,217.0
JAWA TENGAH,KOTA SEMARANG,SEMARANG BARAT,BOJONGSALAMAN,3374131009007,,,,
JAWA TENGAH,KOTA SEMARANG,SEMARANG BARAT,BOJONGSALAMAN,3374131009008,,,,
JAWA TENGAH,KOTA SEMARANG,SEMARANG BARAT,BOJONGSALAMAN,3374131009009,31.0,97.0,87.0,215.0
JAWA TENGAH,KOTA SEMARANG,SEMARANG BARAT,BOJONGSALAMAN,3374131009010,26.0,96.0,80.0,202.0
JAWA TENGAH,KOTA SEMARANG,SEMARANG BARAT,BOJONGSALAMAN,3374131009011,,,,
JAWA TENGAH,KOTA SEMARANG,SEMARANG BARAT,BOJONGSALAMAN,3374131009012,,,,
JAWA TENGAH,KOTA SEMARANG,SEMARANG BARAT,BOJONGSALAMAN,3374131009013,20.0,93.0,80.0,193.0
JAWA TENGAH,KOTA SEMARANG,SEMARANG BARAT,BOJONGSALAMAN,3374131009014,35.0,94.0,104.0,233.0
JAWA TENGAH,KOTA SEMARANG,SEMARANG BARAT,BOJONGSALAMAN,3374131009015,,,,
JAWA TENGAH,KOTA SEMARANG,SEMARANG BARAT,BOJONGSALAMAN,3374131009016,,,,
JAWA TENGAH,KOTA SEMARANG,SEMARANG BARAT,BOJONGSALAMAN,3374131009017,20.0,116.0,94.0,230.0
JAWA TENGAH,KOTA SEMARANG,SEMARANG BARAT,BOJONGSALAMAN,3374131009018,17.0,129.0,78.0,224.0
JAWA TENGAH,KOTA SEMARANG,SEMARANG BARAT,BOJONGSALAMAN,3374131009019,,,,
JAWA TENGAH,KOTA SEMARANG,SEMARANG BARAT,BOJONGSALAMAN,3374131009020,,,,
JAWA TENGAH,KOTA SEMARANG,SEMARANG BARAT,BOJONGSALAMAN,3374131009021,,,,
JAWA TENGAH,KOTA SEMARANG,SEMARANG BARAT,BOJONGSALAMAN,3374131009022,27.0,108.0,99.0,234.0
JAWA TENGAH,KOTA SEMARANG,SEMARANG BARAT,BOJONGSALAMAN,3374131009023,,,,
JAWA TENGAH,KOTA SEMARANG,SEMARANG BARAT,BONGSARI,3374131008001,26.0,105.0,89.0,220.0
JAWA TENGAH,KOTA SEMARANG,SEMARANG BARAT,BONGSARI,3374131008002,16.0,83.0,127.0,226.0
JAWA TENGAH,KOTA SEMARANG,SEMARANG BARAT,BONGSARI,3374131008003,,,,
JAWA TENGAH,KOTA SEMARANG,SEMARANG BARAT,BONGSARI,3374131008004,,,,
JAWA TENGAH,KOTA SEMARANG,SEMARANG BARAT,BONGSARI,3374131008005,15.0,103.0,110.0,228.0
JAWA TENGAH,KOTA SEMARANG,SEMARANG BARAT,BONGSARI,3374131008006,26.0,115.0,75.0,216.0
JAWA TENGAH,KOTA SEMARANG,SEMARANG BARAT,BONGSARI,3374131008007,40.0,95.0,78.0,213.0
JAWA TENGAH,KOTA SEMARANG,SEMARANG BARAT,BONGSARI,3374131008008,,,,
JAWA TENGAH,KOTA SEMARANG,SEMARANG BARAT,BONGSARI,3374131008009,,,,216.0
JAWA TENGAH,KOTA SEMARANG,SEMARANG BARAT,BONGSARI,3374131008010,28.0,109.0,95.0,232.0
JAWA TENGAH,KOTA SEMARANG,SEMARANG BARAT,BONGSARI,3374131008011,9.0,118.0,105.0,232.0
JAWA TENGAH,KOTA SEMARANG,SEMARANG BARAT,BONGSARI,3374131008012,,,,
JAWA TENGAH,KOTA SEMARANG,SEMARANG BARAT,BONGSARI,3374131008013,,,,
JAWA TENGAH,KOTA SEMARANG,SEMARANG BARAT,BONGSARI,3374131008014,,,,
JAWA TENGAH,KOTA SEMARANG,SEMARANG BARAT,BONGSARI,3374131008015,28.0,116.0,85.0,229.0
JAWA TENGAH,KOTA SEMARANG,SEMARANG BARAT,BONGSARI,3374131008016,17.0,102.0,115.0,234.0
JAWA TENGAH,KOTA SEMARANG,SEMARANG BARAT,BONGSARI,3374131008017,,,,
JAWA TENGAH,KOTA SEMARANG,SEMARANG BARAT,BONGSARI,3374131008018,16.0,115.0,105.0,236.0
JAWA TENGAH,KOTA SEMARANG,SEMARANG BARAT,BONGSARI,3374131008019,17.0,121.0,87.0,225.0
JAWA TENGAH,KOTA SEMARANG,SEMARANG BARAT,BONGSARI,3374131008020,23.0,133.0,79.0,235.0
JAWA TENGAH,KOTA SEMARANG,SEMARANG BARAT,BONGSARI,3374131008021,29.0,110.0,92.0,231.0
JAWA TENGAH,KOTA SEMARANG,SEMARANG BARAT,BONGSARI,3374131008022,9.0,126.0,101.0,236.0
JAWA TENGAH,KOTA SEMARANG,SEMARANG BARAT,BONGSARI,3374131008023,18.0,121.0,92.0,231.0
JAWA TENGAH,KOTA SEMARANG,SEMARANG BARAT,BONGSARI,3374131008024,28.0,82.0,88.0,198.0
JAWA TENGAH,KOTA SEMARANG,SEMARANG BARAT,BONGSARI,3374131008025,,,,
JAWA TENGAH,KOTA SEMARANG,SEMARANG BARAT,BONGSARI,3374131008026,26.0,112.0,95.0,233.0
JAWA TENGAH,KOTA SEMARANG,SEMARANG BARAT,BONGSARI,3374131008027,,,,
JAWA TENGAH,KOTA SEMARANG,SEMARANG BARAT,BONGSARI,3374131008028,,,,
JAWA TENGAH,KOTA SEMARANG,SEMARANG BARAT,BONGSARI,3374131008029,8.0,100.0,110.0,218.0
JAWA TENGAH,KOTA SEMARANG,SEMARANG BARAT,BONGSARI,3374131008030,10.0,87.0,106.0,203.0
JAWA TENGAH,KOTA SEMARANG,SEMARANG BARAT,BONGSARI,3374131008031,,,,
JAWA TENGAH,KOTA SEMARANG,SEMARANG BARAT,BONGSARI,3374131008032,11.0,94.0,112.0,217.0
JAWA TENGAH,KOTA SEMARANG,SEMARANG BARAT,BONGSARI,3374131008033,22.0,96.0,90.0,208.0
JAWA TENGAH,KOTA SEMARANG,SEMARANG BARAT,BONGSARI,3374131008034,35.0,69.0,80.0,184.0
JAWA TENGAH,KOTA SEMARANG,SEMARANG BARAT,BONGSARI,3374131008035,27.0,95.0,76.0,198.0
JAWA TENGAH,KOTA SEMARANG,SEMARANG BARAT,CABEAN,3374131011001,37.0,84.0,102.0,223.0
JAWA TENGAH,KOTA SEMARANG,SEMARANG BARAT,CABEAN,3374131011002,31.0,106.0,86.0,223.0
JAWA TENGAH,KOTA SEMARANG,SEMARANG BARAT,CABEAN,3374131011003,45.0,100.0,97.0,242.0
JAWA TENGAH,KOTA SEMARANG,SEMARANG BARAT,CABEAN,3374131011004,41.0,91.0,77.0,209.0
JAWA TENGAH,KOTA SEMARANG,SEMARANG BARAT,CABEAN,3374131011005,32.0,86.0,98.0,216.0
JAWA TENGAH,KOTA SEMARANG,SEMARANG BARAT,CABEAN,3374131011006,30.0,68.0,104.0,202.0
JAWA TENGAH,KOTA SEMARANG,SEMARANG BARAT,CABEAN,3374131011007,20.0,57.0,74.0,151.0
JAWA TENGAH,KOTA SEMARANG,SEMARANG BARAT,CABEAN,3374131011008,47.0,83.0,82.0,212.0
JAWA TENGAH,KOTA SEMARANG,SEMARANG BARAT,GISIKDRONO,3374131007001,20.0,130.0,99.0,249.0
JAWA TENGAH,KOTA SEMARANG,SEMARANG BARAT,GISIKDRONO,3374131007002,21.0,100.0,114.0,235.0
JAWA TENGAH,KOTA SEMARANG,SEMARANG BARAT,GISIKDRONO,3374131007003,41.0,88.0,95.0,224.0
JAWA TENGAH,KOTA SEMARANG,SEMARANG BARAT,GISIKDRONO,3374131007004,37.0,111.0,81.0,229.0
JAWA TENGAH,KOTA SEMARANG,SEMARANG BARAT,GISIKDRONO,3374131007005,34.0,101.0,103.0,238.0
JAWA TENGAH,KOTA SEMARANG,SEMARANG BARAT,GISIKDRONO,3374131007006,40.0,102.0,87.0,229.0
JAWA TENGAH,KOTA SEMARANG,SEMARANG BARAT,GISIKDRONO,3374131007007,32.0,95.0,122.0,249.0
JAWA TENGAH,KOTA SEMARANG,SEMARANG BARAT,GISIKDRONO,3374131007008,26.0,60.0,118.0,204.0
JAWA TENGAH,KOTA SEMARANG,SEMARANG BARAT,GISIKDRONO,3374131007009,43.0,96.0,83.0,222.0
JAWA TENGAH,KOTA SEMARANG,SEMARANG BARAT,GISIKDRONO,3374131007010,28.0,97.0,80.0,205.0
JAWA TENGAH,KOTA SEMARANG,SEMARANG BARAT,GISIKDRONO,3374131007011,,,,
JAWA TENGAH,KOTA SEMARANG,SEMARANG BARAT,GISIKDRONO,3374131007012,18.0,105.0,82.0,205.0
JAWA TENGAH,KOTA SEMARANG,SEMARANG BARAT,GISIKDRONO,3374131007013,49.0,93.0,88.0,230.0
JAWA TENGAH,KOTA SEMARANG,SEMARANG BARAT,GISIKDRONO,3374131007014,32.0,94.0,106.0,232.0
JAWA TENGAH,KOTA SEMARANG,SEMARANG BARAT,GISIKDRONO,3374131007015,,,,
JAWA TENGAH,KOTA SEMARANG,SEMARANG BARAT,GISIKDRONO,3374131007016,26.0,125.0,75.0,226.0
JAWA TENGAH,KOTA SEMARANG,SEMARANG BARAT,GISIKDRONO,3374131007017,23.0,89.0,90.0,202.0
JAWA TENGAH,KOTA SEMARANG,SEMARANG BARAT,GISIKDRONO,3374131007018,42.0,117.0,94.0,253.0
JAWA TENGAH,KOTA SEMARANG,SEMARANG BARAT,GISIKDRONO,3374131007019,14.0,111.0,87.0,212.0
JAWA TENGAH,KOTA SEMARANG,SEMARANG BARAT,GISIKDRONO,3374131007020,24.0,113.0,72.0,209.0
JAWA TENGAH,KOTA SEMARANG,SEMARANG BARAT,GISIKDRONO,3374131007021,26.0,120.0,104.0,250.0
JAWA TENGAH,KOTA SEMARANG,SEMARANG BARAT,GISIKDRONO,3374131007022,18.0,117.0,75.0,210.0
JAWA TENGAH,KOTA SEMARANG,SEMARANG BARAT,GISIKDRONO,3374131007023,,,,
JAWA TENGAH,KOTA SEMARANG,SEMARANG BARAT,GISIKDRONO,3374131007024,,,,
JAWA TENGAH,KOTA SEMARANG,SEMARANG BARAT,GISIKDRONO,3374131007025,10.0,92.0,84.0,186.0
JAWA TENGAH,KOTA SEMARANG,SEMARANG BARAT,GISIKDRONO,3374131007026,,,,
JAWA TENGAH,KOTA SEMARANG,SEMARANG BARAT,GISIKDRONO,3374131007027,31.0,95.0,116.0,242.0
JAWA TENGAH,KOTA SEMARANG,SEMARANG BARAT,GISIKDRONO,3374131007028,25.0,86.0,112.0,223.0
JAWA TENGAH,KOTA SEMARANG,SEMARANG BARAT,GISIKDRONO,3374131007029,,,,
JAWA TENGAH,KOTA SEMARANG,SEMARANG BARAT,GISIKDRONO,3374131007030,14.0,89.0,87.0,190.0
JAWA TENGAH,KOTA SEMARANG,SEMARANG BARAT,GISIKDRONO,3374131007031,,,,
JAWA TENGAH,KOTA SEMARANG,SEMARANG BARAT,GISIKDRONO,3374131007032,17.0,111.0,74.0,202.0
JAWA TENGAH,KOTA SEMARANG,SEMARANG BARAT,GISIKDRONO,3374131007033,18.0,72.0,40.0,130.0
JAWA TENGAH,KOTA SEMARANG,SEMARANG BARAT,GISIKDRONO,3374131007034,19.0,124.0,102.0,245.0
JAWA TENGAH,KOTA SEMARANG,SEMARANG BARAT,GISIKDRONO,3374131007035,18.0,91.0,90.0,199.0
JAWA TENGAH,KOTA SEMARANG,SEMARANG BARAT,GISIKDRONO,3374131007036,16.0,111.0,76.0,203.0
JAWA TENGAH,KOTA SEMARANG,SEMARANG BARAT,GISIKDRONO,3374131007037,12.0,91.0,116.0,219.0
JAWA TENGAH,KOTA SEMARANG,SEMARANG BARAT,GISIKDRONO,3374131007038,16.0,106.0,111.0,233.0
JAWA TENGAH,KOTA SEMARANG,SEMARANG BARAT,GISIKDRONO,3374131007039,23.0,115.0,99.0,237.0
JAWA TENGAH,KOTA SEMARANG,SEMARANG BARAT,GISIKDRONO,3374131007040,,,,
JAWA TENGAH,KOTA SEMARANG,SEMARANG BARAT,GISIKDRONO,3374131007041,10.0,123.0,99.0,232.0
JAWA TENGAH,KOTA SEMARANG,SEMARANG BARAT,GISIKDRONO,3374131007042,31.0,105.0,98.0,234.0
JAWA TENGAH,KOTA SEMARANG,SEMARANG BARAT,GISIKDRONO,3374131007043,,,,
JAWA TENGAH,KOTA SEMARANG,SEMARANG BARAT,GISIKDRONO,3374131007044,24.0,137.0,80.0,241.0
JAWA TENGAH,KOTA SEMARANG,SEMARANG BARAT,GISIKDRONO,3374131007045,21.0,119.0,82.0,222.0
JAWA TENGAH,KOTA SEMARANG,SEMARANG BARAT,GISIKDRONO,3374131007046,,,,
JAWA TENGAH,KOTA SEMARANG,SEMARANG BARAT,GISIKDRONO,3374131007047,42.0,106.0,86.0,234.0
JAWA TENGAH,KOTA SEMARANG,SEMARANG BARAT,GISIKDRONO,3374131007048,29.0,111.0,88.0,228.0
JAWA TENGAH,KOTA SEMARANG,SEMARANG BARAT,GISIKDRONO,3374131007049,,,,
JAWA TENGAH,KOTA SEMARANG,SEMARANG BARAT,GISIKDRONO,3374131007050,,,,
JAWA TENGAH,KOTA SEMARANG,SEMARANG BARAT,GISIKDRONO,3374131007051,10.0,76.0,72.0,158.0
JAWA TENGAH,KOTA SEMARANG,SEMARANG BARAT,GISIKDRONO,3374131007052,21.0,72.0,73.0,166.0
JAWA TENGAH,KOTA SEMARANG,SEMARANG BARAT,KALIBANTENG KIDUL,3374131006001,44.0,91.0,26.0,161.0
JAWA TENGAH,KOTA SEMARANG,SEMARANG BARAT,KALIBANTENG KIDUL,3374131006002,,,,
JAWA TENGAH,KOTA SEMARANG,SEMARANG BARAT,KALIBANTENG KIDUL,3374131006003,18.0,79.0,73.0,170.0
JAWA TENGAH,KOTA SEMARANG,SEMARANG BARAT,KALIBANTENG KIDUL,3374131006004,,,,
JAWA TENGAH,KOTA SEMARANG,SEMARANG BARAT,KALIBANTENG KIDUL,3374131006005,55.0,104.0,88.0,247.0
JAWA TENGAH,KOTA SEMARANG,SEMARANG BARAT,KALIBANTENG KIDUL,3374131006006,,,,
JAWA TENGAH,KOTA SEMARANG,SEMARANG BARAT,KALIBANTENG KIDUL,3374131006007,28.0,90.0,87.0,205.0
JAWA TENGAH,KOTA SEMARANG,SEMARANG BARAT,KALIBANTENG KIDUL,3374131006008,22.0,103.0,86.0,211.0
JAWA TENGAH,KOTA SEMARANG,SEMARANG BARAT,KALIBANTENG KIDUL,3374131006009,11.0,110.0,77.0,198.0
JAWA TENGAH,KOTA SEMARANG,SEMARANG BARAT,KALIBANTENG KIDUL,3374131006010,,,,
JAWA TENGAH,KOTA SEMARANG,SEMARANG BARAT,KALIBANTENG KIDUL,3374131006011,,,,
JAWA TENGAH,KOTA SEMARANG,SEMARANG BARAT,KALIBANTENG KIDUL,3374131006012,,,,
JAWA TENGAH,KOTA SEMARANG,SEMARANG BARAT,KALIBANTENG KIDUL,3374131006013,,,,
JAWA TENGAH,KOTA SEMARANG,SEMARANG BARAT,KALIBANTENG KIDUL,3374131006014,,,,
JAWA TENGAH,KOTA SEMARANG,SEMARANG BARAT,KALIBANTENG KIDUL,3374131006015,29.0,87.0,54.0,170.0
JAWA TENGAH,KOTA SEMARANG,SEMARANG BARAT,KALIBANTENG KULON,3374131005001,42.0,69.0,29.0,140.0
JAWA TENGAH,KOTA SEMARANG,SEMARANG BARAT,KALIBANTENG KULON,3374131005002,19.0,59.0,77.0,155.0
JAWA TENGAH,KOTA SEMARANG,SEMARANG BARAT,KALIBANTENG KULON,3374131005003,17.0,83.0,74.0,174.0
JAWA TENGAH,KOTA SEMARANG,SEMARANG BARAT,KALIBANTENG KULON,3374131005004,16.0,123.0,94.0,233.0
JAWA TENGAH,KOTA SEMARANG,SEMARANG BARAT,KALIBANTENG KULON,3374131005005,27.0,110.0,90.0,227.0
JAWA TENGAH,KOTA SEMARANG,SEMARANG BARAT,KALIBANTENG KULON,3374131005006,15.0,93.0,121.0,229.0
JAWA TENGAH,KOTA SEMARANG,SEMARANG BARAT,KALIBANTENG KULON,3374131005007,9.0,107.0,114.0,230.0
JAWA TENGAH,KOTA SEMARANG,SEMARANG BARAT,KALIBANTENG KULON,3374131005008,26.0,107.0,74.0,207.0
JAWA TENGAH,KOTA SEMARANG,SEMARANG BARAT,KALIBANTENG KULON,3374131005009,19.0,103.0,107.0,229.0
JAWA TENGAH,KOTA SEMARANG,SEMARANG BARAT,KALIBANTENG KULON,3374131005010,24.0,108.0,85.0,217.0
JAWA TENGAH,KOTA SEMARANG,SEMARANG BARAT,KALIBANTENG KULON,3374131005011,13.0,95.0,77.0,185.0
JAWA TENGAH,KOTA SEMARANG,SEMARANG BARAT,KALIBANTENG KULON,3374131005012,5.0,69.0,72.0,146.0
JAWA TENGAH,KOTA SEMARANG,SEMARANG BARAT,KALIBANTENG KULON,3374131005013,,,,
JAWA TENGAH,KOTA SEMARANG,SEMARANG BARAT,KALIBANTENG KULON,3374131005014,42.0,108.0,83.0,233.0
JAWA TENGAH,KOTA SEMARANG,SEMARANG BARAT,KALIBANTENG KULON,3374131005015,68.0,97.0,60.0,225.0
JAWA TENGAH,KOTA SEMARANG,SEMARANG BARAT,KALIBANTENG KULON,3374131005016,49.0,124.0,67.0,240.0
JAWA TENGAH,KOTA SEMARANG,SEMARANG BARAT,KALIBANTENG KULON,3374131005017,38.0,100.0,74.0,212.0
JAWA TENGAH,KOTA SEMARANG,SEMARANG BARAT,KALIBANTENG KULON,3374131005018,58.0,83.0,84.0,225.0
JAWA TENGAH,KOTA SEMARANG,SEMARANG BARAT,KALIBANTENG KULON,3374131005019,28.0,87.0,120.0,235.0
JAWA TENGAH,KOTA SEMARANG,SEMARANG BARAT,KARANGAYU,3374131012001,44.0,99.0,75.0,218.0
JAWA TENGAH,KOTA SEMARANG,SEMARANG BARAT,KARANGAYU,3374131012002,23.0,98.0,105.0,226.0
JAWA TENGAH,KOTA SEMARANG,SEMARANG BARAT,KARANGAYU,3374131012003,31.0,106.0,85.0,222.0
JAWA TENGAH,KOTA SEMARANG,SEMARANG BARAT,KARANGAYU,3374131012004,28.0,118.0,88.0,234.0
JAWA TENGAH,KOTA SEMARANG,SEMARANG BARAT,KARANGAYU,3374131012005,20.0,102.0,70.0,192.0
JAWA TENGAH,KOTA SEMARANG,SEMARANG BARAT,KARANGAYU,3374131012006,32.0,103.0,75.0,210.0
JAWA TENGAH,KOTA SEMARANG,SEMARANG BARAT,KARANGAYU,3374131012007,19.0,79.0,62.0,160.0
JAWA TENGAH,KOTA SEMARANG,SEMARANG BARAT,KARANGAYU,3374131012008,12.0,76.0,112.0,200.0
JAWA TENGAH,KOTA SEMARANG,SEMARANG BARAT,KARANGAYU,3374131012009,23.0,108.0,93.0,224.0
JAWA TENGAH,KOTA SEMARANG,SEMARANG BARAT,KARANGAYU,3374131012010,22.0,75.0,82.0,179.0
JAWA TENGAH,KOTA SEMARANG,SEMARANG BARAT,KARANGAYU,3374131012011,35.0,78.0,80.0,193.0
JAWA TENGAH,KOTA SEMARANG,SEMARANG BARAT,KARANGAYU,3374131012012,,,,
JAWA TENGAH,KOTA SEMARANG,SEMARANG BARAT,KARANGAYU,3374131012013,11.0,110.0,88.0,209.0
JAWA TENGAH,KOTA SEMARANG,SEMARANG BARAT,KARANGAYU,3374131012014,17.0,118.0,92.0,227.0
JAWA TENGAH,KOTA SEMARANG,SEMARANG BARAT,KARANGAYU,3374131012015,37.0,94.0,76.0,207.0
JAWA TENGAH,KOTA SEMARANG,SEMARANG BARAT,KARANGAYU,3374131012016,,,,
JAWA TENGAH,KOTA SEMARANG,SEMARANG BARAT,KARANGAYU,3374131012017,33.0,93.0,85.0,211.0
JAWA TENGAH,KOTA SEMARANG,SEMARANG BARAT,KARANGAYU,3374131012018,23.0,127.0,76.0,226.0
JAWA TENGAH,KOTA SEMARANG,SEMARANG BARAT,KARANGAYU,3374131012019,26.0,110.0,87.0,223.0
JAWA TENGAH,KOTA SEMARANG,SEMARANG BARAT,KARANGAYU,3374131012020,,,,
JAWA TENGAH,KOTA SEMARANG,SEMARANG BARAT,KARANGAYU,3374131012021,16.0,142.0,76.0,234.0
JAWA TENGAH,KOTA SEMARANG,SEMARANG BARAT,KEMBANGARUM,3374131016001,,,,
JAWA TENGAH,KOTA SEMARANG,SEMARANG BARAT,KEMBANGARUM,3374131016002,17.0,132.0,73.0,222.0
JAWA TENGAH,KOTA SEMARANG,SEMARANG BARAT,KEMBANGARUM,3374131016003,51.0,89.0,87.0,227.0
JAWA TENGAH,KOTA SEMARANG,SEMARANG BARAT,KEMBANGARUM,3374131016004,16.0,99.0,99.0,214.0
JAWA TENGAH,KOTA SEMARANG,SEMARANG BARAT,KEMBANGARUM,3374131016005,23.0,174.0,10.0,207.0
JAWA TENGAH,KOTA SEMARANG,SEMARANG BARAT,KEMBANGARUM,3374131016006,,,,
JAWA TENGAH,KOTA SEMARANG,SEMARANG BARAT,KEMBANGARUM,3374131016007,38.0,119.0,69.0,226.0
JAWA TENGAH,KOTA SEMARANG,SEMARANG BARAT,KEMBANGARUM,3374131016008,33.0,155.0,66.0,254.0
JAWA TENGAH,KOTA SEMARANG,SEMARANG BARAT,KEMBANGARUM,3374131016009,43.0,105.0,68.0,216.0
JAWA TENGAH,KOTA SEMARANG,SEMARANG BARAT,KEMBANGARUM,3374131016010,38.0,135.0,59.0,232.0
JAWA TENGAH,KOTA SEMARANG,SEMARANG BARAT,KEMBANGARUM,3374131016011,,,,
JAWA TENGAH,KOTA SEMARANG,SEMARANG BARAT,KEMBANGARUM,3374131016012,29.0,101.0,67.0,197.0
JAWA TENGAH,KOTA SEMARANG,SEMARANG BARAT,KEMBANGARUM,3374131016013,,,,
JAWA TENGAH,KOTA SEMARANG,SEMARANG BARAT,KEMBANGARUM,3374131016014,,,,
JAWA TENGAH,KOTA SEMARANG,SEMARANG BARAT,KEMBANGARUM,3374131016015,18.0,102.0,105.0,225.0
JAWA TENGAH,KOTA SEMARANG,SEMARANG BARAT,KEMBANGARUM,3374131016016,61.0,93.0,88.0,242.0
JAWA TENGAH,KOTA SEMARANG,SEMARANG BARAT,KEMBANGARUM,3374131016017,27.0,92.0,90.0,209.0
JAWA TENGAH,KOTA SEMARANG,SEMARANG BARAT,KEMBANGARUM,3374131016018,,,,
JAWA TENGAH,KOTA SEMARANG,SEMARANG BARAT,KEMBANGARUM,3374131016019,27.0,123.0,77.0,227.0
JAWA TENGAH,KOTA SEMARANG,SEMARANG BARAT,KEMBANGARUM,3374131016020,25.0,70.0,55.0,150.0
JAWA TENGAH,KOTA SEMARANG,SEMARANG BARAT,KEMBANGARUM,3374131016021,,,,
JAWA TENGAH,KOTA SEMARANG,SEMARANG BARAT,KEMBANGARUM,3374131016022,29.0,72.0,68.0,169.0
JAWA TENGAH,KOTA SEMARANG,SEMARANG BARAT,KEMBANGARUM,3374131016023,37.0,115.0,81.0,233.0
JAWA TENGAH,KOTA SEMARANG,SEMARANG BARAT,KEMBANGARUM,3374131016024,29.0,110.0,66.0,205.0
JAWA TENGAH,KOTA SEMARANG,SEMARANG BARAT,KEMBANGARUM,3374131016025,,,,
JAWA TENGAH,KOTA SEMARANG,SEMARANG BARAT,KEMBANGARUM,3374131016026,,,,
JAWA TENGAH,KOTA SEMARANG,SEMARANG BARAT,KEMBANGARUM,3374131016027,24.0,130.0,84.0,238.0
JAWA TENGAH,KOTA SEMARANG,SEMARANG BARAT,KEMBANGARUM,3374131016028,,,,
JAWA TENGAH,KOTA SEMARANG,SEMARANG BARAT,KEMBANGARUM,3374131016029,,,,
JAWA TENGAH,KOTA SEMARANG,SEMARANG BARAT,KEMBANGARUM,3374131016030,19.0,95.0,74.0,188.0
JAWA TENGAH,KOTA SEMARANG,SEMARANG BARAT,KEMBANGARUM,3374131016031,,,,
JAWA TENGAH,KOTA SEMARANG,SEMARANG BARAT,KEMBANGARUM,3374131016032,25.0,113.0,72.0,210.0
JAWA TENGAH,KOTA SEMARANG,SEMARANG BARAT,KEMBANGARUM,3374131016033,26.0,118.0,71.0,215.0
JAWA TENGAH,KOTA SEMARANG,SEMARANG BARAT,KEMBANGARUM,3374131016034,,,,
JAWA TENGAH,KOTA SEMARANG,SEMARANG BARAT,KEMBANGARUM,3374131016035,,,,
JAWA TENGAH,KOTA SEMARANG,SEMARANG BARAT,KEMBANGARUM,3374131016036,23.0,130.0,85.0,238.0
JAWA TENGAH,KOTA SEMARANG,SEMARANG BARAT,KEMBANGARUM,3374131016037,,,,
JAWA TENGAH,KOTA SEMARANG,SEMARANG BARAT,KEMBANGARUM,3374131016038,21.0,106.0,98.0,225.0
JAWA TENGAH,KOTA SEMARANG,SEMARANG BARAT,KEMBANGARUM,3374131016039,22.0,125.0,97.0,244.0
JAWA TENGAH,KOTA SEMARANG,SEMARANG BARAT,KEMBANGARUM,3374131016040,,,,
JAWA TENGAH,KOTA SEMARANG,SEMARANG BARAT,KEMBANGARUM,3374131016041,31.0,104.0,78.0,213.0
JAWA TENGAH,KOTA SEMARANG,SEMARANG BARAT,KEMBANGARUM,3374131016042,,,,
JAWA TENGAH,KOTA SEMARANG,SEMARANG BARAT,KEMBANGARUM,3374131016043,,,,
JAWA TENGAH,KOTA SEMARANG,SEMARANG BARAT,KEMBANGARUM,3374131016044,23.0,121.0,103.0,247.0
JAWA TENGAH,KOTA SEMARANG,SEMARANG BARAT,KEMBANGARUM,3374131016045,,,,
JAWA TENGAH,KOTA SEMARANG,SEMARANG BARAT,KEMBANGARUM,3374131016046,,,,
JAWA TENGAH,KOTA SEMARANG,SEMARANG BARAT,KEMBANGARUM,3374131016047,26.0,118.0,79.0,223.0
JAWA TENGAH,KOTA SEMARANG,SEMARANG BARAT,KEMBANGARUM,3374131016048,30.0,125.0,89.0,244.0
JAWA TENGAH,KOTA SEMARANG,SEMARANG BARAT,KEMBANGARUM,3374131016049,,,,
JAWA TENGAH,KOTA SEMARANG,SEMARANG BARAT,KEMBANGARUM,3374131016050,24.0,93.0,79.0,196.0
JAWA TENGAH,KOTA SEMARANG,SEMARANG BARAT,KEMBANGARUM,3374131016051,,,,
JAWA TENGAH,KOTA SEMARANG,SEMARANG BARAT,KEMBANGARUM,3374131016052,,,,
JAWA TENGAH,KOTA SEMARANG,SEMARANG BARAT,KEMBANGARUM,3374131016053,43.0,81.0,76.0,200.0
JAWA TENGAH,KOTA SEMARANG,SEMARANG BARAT,KRAPYAK,3374131003001,,,,
JAWA TENGAH,KOTA SEMARANG,SEMARANG BARAT,KRAPYAK,3374131003002,,,,
JAWA TENGAH,KOTA SEMARANG,SEMARANG BARAT,KRAPYAK,3374131003003,,,,
JAWA TENGAH,KOTA SEMARANG,SEMARANG BARAT,KRAPYAK,3374131003004,20.0,123.0,91.0,234.0
JAWA TENGAH,KOTA SEMARANG,SEMARANG BARAT,KRAPYAK,3374131003005,19.0,142.0,91.0,252.0
JAWA TENGAH,KOTA SEMARANG,SEMARANG BARAT,KRAPYAK,3374131003006,17.0,126.0,91.0,234.0
JAWA TENGAH,KOTA SEMARANG,SEMARANG BARAT,KRAPYAK,3374131003007,,,,
JAWA TENGAH,KOTA SEMARANG,SEMARANG BARAT,KRAPYAK,3374131003008,,,,
JAWA TENGAH,KOTA SEMARANG,SEMARANG BARAT,KRAPYAK,3374131003009,,,,
JAWA TENGAH,KOTA SEMARANG,SEMARANG BARAT,KRAPYAK,3374131003010,35.0,100.0,80.0,215.0
JAWA TENGAH,KOTA SEMARANG,SEMARANG BARAT,KRAPYAK,3374131003011,51.0,79.0,99.0,229.0
JAWA TENGAH,KOTA SEMARANG,SEMARANG BARAT,KRAPYAK,3374131003012,,,,
JAWA TENGAH,KOTA SEMARANG,SEMARANG BARAT,KRAPYAK,3374131003013,53.0,97.0,84.0,234.0
JAWA TENGAH,KOTA SEMARANG,SEMARANG BARAT,KRAPYAK,3374131003014,,,,
JAWA TENGAH,KOTA SEMARANG,SEMARANG BARAT,KRAPYAK,3374131003015,,,,
JAWA TENGAH,KOTA SEMARANG,SEMARANG BARAT,KRAPYAK,3374131003016,,,,
JAWA TENGAH,KOTA SEMARANG,SEMARANG BARAT,KRAPYAK,3374131003017,,,,
JAWA TENGAH,KOTA SEMARANG,SEMARANG BARAT,KROBOKAN,3374131013001,23.0,77.0,134.0,234.0
JAWA TENGAH,KOTA SEMARANG,SEMARANG BARAT,KROBOKAN,3374131013002,33.0,102.0,82.0,217.0
JAWA TENGAH,KOTA SEMARANG,SEMARANG BARAT,KROBOKAN,3374131013003,,,,
JAWA TENGAH,KOTA SEMARANG,SEMARANG BARAT,KROBOKAN,3374131013004,,,,
JAWA TENGAH,KOTA SEMARANG,SEMARANG BARAT,KROBOKAN,3374131013005,44.0,74.0,88.0,206.0
JAWA TENGAH,KOTA SEMARANG,SEMARANG BARAT,KROBOKAN,3374131013006,37.0,94.0,70.0,201.0
JAWA TENGAH,KOTA SEMARANG,SEMARANG BARAT,KROBOKAN,3374131013007,29.0,91.0,77.0,197.0
JAWA TENGAH,KOTA SEMARANG,SEMARANG BARAT,KROBOKAN,3374131013008,61.0,77.0,82.0,220.0
JAWA TENGAH,KOTA SEMARANG,SEMARANG BARAT,KROBOKAN,3374131013009,,,,
JAWA TENGAH,KOTA SEMARANG,SEMARANG BARAT,KROBOKAN,3374131013010,11.0,108.0,76.0,195.0
JAWA TENGAH,KOTA SEMARANG,SEMARANG BARAT,KROBOKAN,3374131013011,32.0,88.0,101.0,221.0
JAWA TENGAH,KOTA SEMARANG,SEMARANG BARAT,KROBOKAN,3374131013012,21.0,98.0,73.0,192.0
JAWA TENGAH,KOTA SEMARANG,SEMARANG BARAT,KROBOKAN,3374131013013,,,,
JAWA TENGAH,KOTA SEMARANG,SEMARANG BARAT,KROBOKAN,3374131013014,22.0,90.0,99.0,211.0
JAWA TENGAH,KOTA SEMARANG,SEMARANG BARAT,KROBOKAN,3374131013015,21.0,131.0,95.0,247.0
JAWA TENGAH,KOTA SEMARANG,SEMARANG BARAT,KROBOKAN,3374131013016,,,,
JAWA TENGAH,KOTA SEMARANG,SEMARANG BARAT,KROBOKAN,3374131013017,43.0,94.0,102.0,239.0
JAWA TENGAH,KOTA SEMARANG,SEMARANG BARAT,KROBOKAN,3374131013018,,,,
JAWA TENGAH,KOTA SEMARANG,SEMARANG BARAT,KROBOKAN,3374131013019,9.0,80.0,110.0,199.0
JAWA TENGAH,KOTA SEMARANG,SEMARANG BARAT,KROBOKAN,3374131013020,10.0,92.0,75.0,177.0
JAWA TENGAH,KOTA SEMARANG,SEMARANG BARAT,KROBOKAN,3374131013021,,,,
JAWA TENGAH,KOTA SEMARANG,SEMARANG BARAT,KROBOKAN,3374131013022,,,,
JAWA TENGAH,KOTA SEMARANG,SEMARANG BARAT,KROBOKAN,3374131013023,,,,
JAWA TENGAH,KOTA SEMARANG,SEMARANG BARAT,KROBOKAN,3374131013024,,,,
JAWA TENGAH,KOTA SEMARANG,SEMARANG BARAT,KROBOKAN,3374131013025,39.0,92.0,94.0,225.0
JAWA TENGAH,KOTA SEMARANG,SEMARANG BARAT,KROBOKAN,3374131013026,15.0,105.0,110.0,230.0
JAWA TENGAH,KOTA SEMARANG,SEMARANG BARAT,KROBOKAN,3374131013027,25.0,104.0,83.0,212.0
JAWA TENGAH,KOTA SEMARANG,SEMARANG BARAT,KROBOKAN,3374131013028,,,,
JAWA TENGAH,KOTA SEMARANG,SEMARANG BARAT,KROBOKAN,3374131013029,14.0,73.0,112.0,199.0
JAWA TENGAH,KOTA SEMARANG,SEMARANG BARAT,KROBOKAN,3374131013030,,,,
JAWA TENGAH,KOTA SEMARANG,SEMARANG BARAT,KROBOKAN,3374131013031,18.0,115.0,90.0,223.0
JAWA TENGAH,KOTA SEMARANG,SEMARANG BARAT,KROBOKAN,3374131013032,,,,
JAWA TENGAH,KOTA SEMARANG,SEMARANG BARAT,KROBOKAN,3374131013033,,,,
JAWA TENGAH,KOTA SEMARANG,SEMARANG BARAT,KROBOKAN,3374131013034,16.0,118.0,68.0,202.0
JAWA TENGAH,KOTA SEMARANG,SEMARANG BARAT,KROBOKAN,3374131013035,11.0,131.0,87.0,229.0
JAWA TENGAH,KOTA SEMARANG,SEMARANG BARAT,KROBOKAN,3374131013036,18.0,153.0,70.0,241.0
JAWA TENGAH,KOTA SEMARANG,SEMARANG BARAT,KROBOKAN,3374131013037,,,,
JAWA TENGAH,KOTA SEMARANG,SEMARANG BARAT,KROBOKAN,3374131013038,,,,
JAWA TENGAH,KOTA SEMARANG,SEMARANG BARAT,KROBOKAN,3374131013039,,,,
JAWA TENGAH,KOTA SEMARANG,SEMARANG BARAT,KROBOKAN,3374131013040,,,,
JAWA TENGAH,KOTA SEMARANG,SEMARANG BARAT,MANYARAN,3374131002001,,,,
JAWA TENGAH,KOTA SEMARANG,SEMARANG BARAT,MANYARAN,3374131002002,22.0,126.0,102.0,250.0
JAWA TENGAH,KOTA SEMARANG,SEMARANG BARAT,MANYARAN,3374131002003,,,,
JAWA TENGAH,KOTA SEMARANG,SEMARANG BARAT,MANYARAN,3374131002004,,,,
JAWA TENGAH,KOTA SEMARANG,SEMARANG BARAT,MANYARAN,3374131002005,,,,
JAWA TENGAH,KOTA SEMARANG,SEMARANG BARAT,MANYARAN,3374131002006,,,,
JAWA TENGAH,KOTA SEMARANG,SEMARANG BARAT,MANYARAN,3374131002007,,,,
JAWA TENGAH,KOTA SEMARANG,SEMARANG BARAT,MANYARAN,3374131002008,,,,
JAWA TENGAH,KOTA SEMARANG,SEMARANG BARAT,MANYARAN,3374131002009,,,,
JAWA TENGAH,KOTA SEMARANG,SEMARANG BARAT,MANYARAN,3374131002010,,,,
JAWA TENGAH,KOTA SEMARANG,SEMARANG BARAT,MANYARAN,3374131002011,,,,
JAWA TENGAH,KOTA SEMARANG,SEMARANG BARAT,MANYARAN,3374131002012,,,,
JAWA TENGAH,KOTA SEMARANG,SEMARANG BARAT,MANYARAN,3374131002013,,,,
JAWA TENGAH,KOTA SEMARANG,SEMARANG BARAT,MANYARAN,3374131002014,,,,
JAWA TENGAH,KOTA SEMARANG,SEMARANG BARAT,MANYARAN,3374131002015,22.0,98.0,73.0,193.0
JAWA TENGAH,KOTA SEMARANG,SEMARANG BARAT,MANYARAN,3374131002016,,,,
JAWA TENGAH,KOTA SEMARANG,SEMARANG BARAT,MANYARAN,3374131002017,,,,
JAWA TENGAH,KOTA SEMARANG,SEMARANG BARAT,MANYARAN,3374131002018,,,,
JAWA TENGAH,KOTA SEMARANG,SEMARANG BARAT,MANYARAN,3374131002019,,,,
JAWA TENGAH,KOTA SEMARANG,SEMARANG BARAT,MANYARAN,3374131002020,31.0,109.0,91.0,231.0
JAWA TENGAH,KOTA SEMARANG,SEMARANG BARAT,MANYARAN,3374131002021,,,,
JAWA TENGAH,KOTA SEMARANG,SEMARANG BARAT,MANYARAN,3374131002022,,,,
JAWA TENGAH,KOTA SEMARANG,SEMARANG BARAT,MANYARAN,3374131002023,,,,
JAWA TENGAH,KOTA SEMARANG,SEMARANG BARAT,MANYARAN,3374131002024,27.0,106.0,88.0,221.0
JAWA TENGAH,KOTA SEMARANG,SEMARANG BARAT,MANYARAN,3374131002025,,,,
JAWA TENGAH,KOTA SEMARANG,SEMARANG BARAT,MANYARAN,3374131002026,,,,
JAWA TENGAH,KOTA SEMARANG,SEMARANG BARAT,MANYARAN,3374131002027,43.0,106.0,78.0,227.0
JAWA TENGAH,KOTA SEMARANG,SEMARANG BARAT,MANYARAN,3374131002028,26.0,111.0,92.0,229.0
JAWA TENGAH,KOTA SEMARANG,SEMARANG BARAT,MANYARAN,3374131002029,,,,
JAWA TENGAH,KOTA SEMARANG,SEMARANG BARAT,MANYARAN,3374131002030,,,,
JAWA TENGAH,KOTA SEMARANG,SEMARANG BARAT,MANYARAN,3374131002031,,,,
JAWA TENGAH,KOTA SEMARANG,SEMARANG BARAT,MANYARAN,3374131002032,,,,
JAWA TENGAH,KOTA SEMARANG,SEMARANG BARAT,MANYARAN,3374131002033,,,,
JAWA TENGAH,KOTA SEMARANG,SEMARANG BARAT,MANYARAN,3374131002034,,,,
JAWA TENGAH,KOTA SEMARANG,SEMARANG BARAT,MANYARAN,3374131002035,,,,
JAWA TENGAH,KOTA SEMARANG,SEMARANG BARAT,MANYARAN,3374131002036,,,,
JAWA TENGAH,KOTA SEMARANG,SEMARANG BARAT,MANYARAN,3374131002037,,,,
JAWA TENGAH,KOTA SEMARANG,SEMARANG BARAT,MANYARAN,3374131002038,,,,
JAWA TENGAH,KOTA SEMARANG,SEMARANG BARAT,MANYARAN,3374131002039,,,,
JAWA TENGAH,KOTA SEMARANG,SEMARANG BARAT,MANYARAN,3374131002040,,,,
JAWA TENGAH,KOTA SEMARANG,SEMARANG BARAT,MANYARAN,3374131002041,,,,
JAWA TENGAH,KOTA SEMARANG,SEMARANG BARAT,MANYARAN,3374131002042,,,,
JAWA TENGAH,KOTA SEMARANG,SEMARANG BARAT,MANYARAN,3374131002043,,,,
JAWA TENGAH,KOTA SEMARANG,SEMARANG BARAT,MANYARAN,3374131002044,,,,
JAWA TENGAH,KOTA SEMARANG,SEMARANG BARAT,MANYARAN,3374131002045,,,,
JAWA TENGAH,KOTA SEMARANG,SEMARANG BARAT,MANYARAN,3374131002046,,,,
JAWA TENGAH,KOTA SEMARANG,SEMARANG BARAT,MANYARAN,3374131002047,,,,
JAWA TENGAH,KOTA SEMARANG,SEMARANG BARAT,MANYARAN,3374131002048,,,,
JAWA TENGAH,KOTA SEMARANG,SEMARANG BARAT,NGEMPLAK SIMONGAN,3374131001001,,,,
JAWA TENGAH,KOTA SEMARANG,SEMARANG BARAT,NGEMPLAK SIMONGAN,3374131001002,,,,
JAWA TENGAH,KOTA SEMARANG,SEMARANG BARAT,NGEMPLAK SIMONGAN,3374131001003,24.0,130.0,96.0,250.0
JAWA TENGAH,KOTA SEMARANG,SEMARANG BARAT,NGEMPLAK SIMONGAN,3374131001004,33.0,109.0,81.0,223.0
JAWA TENGAH,KOTA SEMARANG,SEMARANG BARAT,NGEMPLAK SIMONGAN,3374131001005,,,,
JAWA TENGAH,KOTA SEMARANG,SEMARANG BARAT,NGEMPLAK SIMONGAN,3374131001006,22.0,105.0,114.0,241.0
JAWA TENGAH,KOTA SEMARANG,SEMARANG BARAT,NGEMPLAK SIMONGAN,3374131001007,15.0,156.0,82.0,253.0
JAWA TENGAH,KOTA SEMARANG,SEMARANG BARAT,NGEMPLAK SIMONGAN,3374131001008,10.0,124.0,99.0,233.0
JAWA TENGAH,KOTA SEMARANG,SEMARANG BARAT,NGEMPLAK SIMONGAN,3374131001009,20.0,111.0,92.0,223.0
JAWA TENGAH,KOTA SEMARANG,SEMARANG BARAT,NGEMPLAK SIMONGAN,3374131001010,19.0,97.0,100.0,216.0
JAWA TENGAH,KOTA SEMARANG,SEMARANG BARAT,NGEMPLAK SIMONGAN,3374131001011,38.0,130.0,70.0,238.0
JAWA TENGAH,KOTA SEMARANG,SEMARANG BARAT,NGEMPLAK SIMONGAN,3374131001012,21.0,67.0,71.0,159.0
JAWA TENGAH,KOTA SEMARANG,SEMARANG BARAT,NGEMPLAK SIMONGAN,3374131001013,,,,
JAWA TENGAH,KOTA SEMARANG,SEMARANG BARAT,NGEMPLAK SIMONGAN,3374131001014,,,,
JAWA TENGAH,KOTA SEMARANG,SEMARANG BARAT,NGEMPLAK SIMONGAN,3374131001015,29.0,93.0,96.0,218.0
JAWA TENGAH,KOTA SEMARANG,SEMARANG BARAT,NGEMPLAK SIMONGAN,3374131001016,23.0,108.0,94.0,225.0
JAWA TENGAH,KOTA SEMARANG,SEMARANG BARAT,NGEMPLAK SIMONGAN,3374131001017,,,,
JAWA TENGAH,KOTA SEMARANG,SEMARANG BARAT,NGEMPLAK SIMONGAN,3374131001018,9.0,109.0,116.0,234.0
JAWA TENGAH,KOTA SEMARANG,SEMARANG BARAT,NGEMPLAK SIMONGAN,3374131001019,19.0,115.0,90.0,224.0
JAWA TENGAH,KOTA SEMARANG,SEMARANG BARAT,NGEMPLAK SIMONGAN,3374131001020,35.0,99.0,84.0,218.0
JAWA TENGAH,KOTA SEMARANG,SEMARANG BARAT,NGEMPLAK SIMONGAN,3374131001021,11.0,85.0,110.0,206.0
JAWA TENGAH,KOTA SEMARANG,SEMARANG BARAT,NGEMPLAK SIMONGAN,3374131001022,,,,
JAWA TENGAH,KOTA SEMARANG,SEMARANG BARAT,NGEMPLAK SIMONGAN,3374131001023,,,,
JAWA TENGAH,KOTA SEMARANG,SEMARANG BARAT,NGEMPLAK SIMONGAN,3374131001024,,,,
JAWA TENGAH,KOTA SEMARANG,SEMARANG BARAT,NGEMPLAK SIMONGAN,3374131001025,34.0,112.0,94.0,240.0
JAWA TENGAH,KOTA SEMARANG,SEMARANG BARAT,NGEMPLAK SIMONGAN,3374131001026,,,,
JAWA TENGAH,KOTA SEMARANG,SEMARANG BARAT,NGEMPLAK SIMONGAN,3374131001027,42.0,97.0,109.0,248.0
JAWA TENGAH,KOTA SEMARANG,SEMARANG BARAT,NGEMPLAK SIMONGAN,3374131001028,28.0,86.0,86.0,200.0
JAWA TENGAH,KOTA SEMARANG,SEMARANG BARAT,NGEMPLAK SIMONGAN,3374131001029,21.0,72.0,98.0,191.0
JAWA TENGAH,KOTA SEMARANG,SEMARANG BARAT,NGEMPLAK SIMONGAN,3374131001030,32.0,59.0,91.0,182.0
JAWA TENGAH,KOTA SEMARANG,SEMARANG BARAT,NGEMPLAK SIMONGAN,3374131001031,,,,
JAWA TENGAH,KOTA SEMARANG,SEMARANG BARAT,NGEMPLAK SIMONGAN,3374131001032,45.0,97.0,87.0,229.0
JAWA TENGAH,KOTA SEMARANG,SEMARANG BARAT,NGEMPLAK SIMONGAN,3374131001033,,,,
JAWA TENGAH,KOTA SEMARANG,SEMARANG BARAT,NGEMPLAK SIMONGAN,3374131001034,,,,
JAWA TENGAH,KOTA SEMARANG,SEMARANG BARAT,NGEMPLAK SIMONGAN,3374131001035,,,,
JAWA TENGAH,KOTA SEMARANG,SEMARANG BARAT,NGEMPLAK SIMONGAN,3374131001036,12.0,103.0,107.0,222.0
JAWA TENGAH,KOTA SEMARANG,SEMARANG BARAT,SALAMANMLOYO,3374131010001,,,,
JAWA TENGAH,KOTA SEMARANG,SEMARANG BARAT,SALAMANMLOYO,3374131010002,41.0,92.0,82.0,215.0
JAWA TENGAH,KOTA SEMARANG,SEMARANG BARAT,SALAMANMLOYO,3374131010003,29.0,69.0,72.0,170.0
JAWA TENGAH,KOTA SEMARANG,SEMARANG BARAT,SALAMANMLOYO,3374131010004,,,,
JAWA TENGAH,KOTA SEMARANG,SEMARANG BARAT,SALAMANMLOYO,3374131010005,,,,
JAWA TENGAH,KOTA SEMARANG,SEMARANG BARAT,SALAMANMLOYO,3374131010006,41.0,53.0,81.0,175.0
JAWA TENGAH,KOTA SEMARANG,SEMARANG BARAT,SALAMANMLOYO,3374131010007,24.0,83.0,113.0,220.0
JAWA TENGAH,KOTA SEMARANG,SEMARANG BARAT,SALAMANMLOYO,3374131010008,64.0,96.0,60.0,220.0
JAWA TENGAH,KOTA SEMARANG,SEMARANG BARAT,SALAMANMLOYO,3374131010009,20.0,109.0,96.0,225.0
JAWA TENGAH,KOTA SEMARANG,SEMARANG BARAT,SALAMANMLOYO,3374131010010,27.0,88.0,108.0,223.0
JAWA TENGAH,KOTA SEMARANG,SEMARANG BARAT,TAMBAKHARJO,3374131004001,30.0,111.0,71.0,212.0
JAWA TENGAH,KOTA SEMARANG,SEMARANG BARAT,TAMBAKHARJO,3374131004002,23.0,117.0,66.0,206.0
JAWA TENGAH,KOTA SEMARANG,SEMARANG BARAT,TAMBAKHARJO,3374131004003,27.0,132.0,54.0,213.0
JAWA TENGAH,KOTA SEMARANG,SEMARANG BARAT,TAMBAKHARJO,3374131004004,21.0,113.0,71.0,205.0
JAWA TENGAH,KOTA SEMARANG,SEMARANG BARAT,TAMBAKHARJO,3374131004005,24.0,105.0,81.0,210.0
JAWA TENGAH,KOTA SEMARANG,SEMARANG BARAT,TAMBAKHARJO,3374131004006,,,,
JAWA TENGAH,KOTA SEMARANG,SEMARANG BARAT,TAMBAKHARJO,3374131004007,16.0,73.0,95.0,184.0
JAWA TENGAH,KOTA SEMARANG,SEMARANG BARAT,TAMBAKHARJO,3374131004008,,,,
JAWA TENGAH,KOTA SEMARANG,SEMARANG BARAT,TAMBAKHARJO,3374131004009,,,,
JAWA TENGAH,KOTA SEMARANG,SEMARANG BARAT,TAMBAKHARJO,3374131004010,,,,190.0
JAWA TENGAH,KOTA SEMARANG,SEMARANG BARAT,TAWANGMAS,3374131015001,,,,
JAWA TENGAH,KOTA SEMARANG,SEMARANG BARAT,TAWANGMAS,3374131015002,,,,
JAWA TENGAH,KOTA SEMARANG,SEMARANG BARAT,TAWANGMAS,3374131015003,20.0,77.0,91.0,188.0
JAWA TENGAH,KOTA SEMARANG,SEMARANG BARAT,TAWANGMAS,3374131015004,,,,
JAWA TENGAH,KOTA SEMARANG,SEMARANG BARAT,TAWANGMAS,3374131015005,20.0,86.0,119.0,225.0
JAWA TENGAH,KOTA SEMARANG,SEMARANG BARAT,TAWANGMAS,3374131015006,,,,
JAWA TENGAH,KOTA SEMARANG,SEMARANG BARAT,TAWANGMAS,3374131015007,22.0,129.0,64.0,215.0
JAWA TENGAH,KOTA SEMARANG,SEMARANG BARAT,TAWANGMAS,3374131015008,24.0,124.0,54.0,202.0
JAWA TENGAH,KOTA SEMARANG,SEMARANG BARAT,TAWANGMAS,3374131015009,32.0,146.0,74.0,252.0
JAWA TENGAH,KOTA SEMARANG,SEMARANG BARAT,TAWANGMAS,3374131015010,,,,
JAWA TENGAH,KOTA SEMARANG,SEMARANG BARAT,TAWANGMAS,3374131015011,,,,
JAWA TENGAH,KOTA SEMARANG,SEMARANG BARAT,TAWANGMAS,3374131015012,8.0,83.0,94.0,185.0
JAWA TENGAH,KOTA SEMARANG,SEMARANG BARAT,TAWANGMAS,3374131015013,14.0,105.0,88.0,207.0
JAWA TENGAH,KOTA SEMARANG,SEMARANG BARAT,TAWANGMAS,3374131015014,16.0,120.0,74.0,210.0
JAWA TENGAH,KOTA SEMARANG,SEMARANG BARAT,TAWANGMAS,3374131015015,,,,
JAWA TENGAH,KOTA SEMARANG,SEMARANG BARAT,TAWANGMAS,3374131015016,11.0,55.0,117.0,183.0
JAWA TENGAH,KOTA SEMARANG,SEMARANG BARAT,TAWANGMAS,3374131015017,11.0,62.0,138.0,211.0
JAWA TENGAH,KOTA SEMARANG,SEMARANG BARAT,TAWANGMAS,3374131015018,19.0,87.0,129.0,235.0
JAWA TENGAH,KOTA SEMARANG,SEMARANG BARAT,TAWANGMAS,3374131015019,,,,
JAWA TENGAH,KOTA SEMARANG,SEMARANG BARAT,TAWANGMAS,3374131015020,8.0,98.0,138.0,244.0
JAWA TENGAH,KOTA SEMARANG,SEMARANG BARAT,TAWANGMAS,3374131015021,,,,
JAWA TENGAH,KOTA SEMARANG,SEMARANG BARAT,TAWANGSARI,3374131014001,4.0,74.0,90.0,168.0
JAWA TENGAH,KOTA SEMARANG,SEMARANG BARAT,TAWANGSARI,3374131014002,4.0,60.0,97.0,161.0
JAWA TENGAH,KOTA SEMARANG,SEMARANG BARAT,TAWANGSARI,3374131014003,1.0,76.0,125.0,202.0
JAWA TENGAH,KOTA SEMARANG,SEMARANG BARAT,TAWANGSARI,3374131014004,,,,
JAWA TENGAH,KOTA SEMARANG,SEMARANG BARAT,TAWANGSARI,3374131014005,10.0,103.0,108.0,221.0
JAWA TENGAH,KOTA SEMARANG,SEMARANG BARAT,TAWANGSARI,3374131014006,9.0,84.0,129.0,222.0
JAWA TENGAH,KOTA SEMARANG,SEMARANG BARAT,TAWANGSARI,3374131014007,,,,
JAWA TENGAH,KOTA SEMARANG,SEMARANG BARAT,TAWANGSARI,3374131014008,1.0,92.0,121.0,214.0
JAWA TENGAH,KOTA SEMARANG,SEMARANG BARAT,TAWANGSARI,3374131014009,5.0,93.0,108.0,206.0
JAWA TENGAH,KOTA SEMARANG,SEMARANG BARAT,TAWANGSARI,3374131014010,,,,
JAWA TENGAH,KOTA SEMARANG,SEMARANG BARAT,TAWANGSARI,3374131014011,19.0,154.0,74.0,247.0
JAWA TENGAH,KOTA SEMARANG,SEMARANG BARAT,TAWANGSARI,3374131014012,12.0,107.0,95.0,214.0
JAWA TENGAH,KOTA SEMARANG,SEMARANG BARAT,TAWANGSARI,3374131014013,9.0,56.0,148.0,213.0
JAWA TENGAH,KOTA SEMARANG,SEMARANG BARAT,TAWANGSARI,3374131014014,9.0,53.0,113.0,175.0
JAWA TENGAH,KOTA SEMARANG,SEMARANG BARAT,TAWANGSARI,3374131014015,,,,
JAWA TENGAH,KOTA SEMARANG,SEMARANG BARAT,TAWANGSARI,3374131014016,2.0,95.0,123.0,220.0
JAWA TENGAH,KOTA SEMARANG,SEMARANG BARAT,TAWANGSARI,3374131014017,6.0,85.0,95.0,186.0
JAWA TENGAH,KOTA SEMARANG,SEMARANG BARAT,TAWANGSARI,3374131014018,3.0,75.0,146.0,224.0
JAWA TENGAH,KOTA SEMARANG,SEMARANG BARAT,TAWANGSARI,3374131014019,1.0,93.0,86.0,180.0
JAWA TENGAH,KOTA SEMARANG,SEMARANG BARAT,TAWANGSARI,3374131014020,,,,
JAWA TENGAH,KOTA SEMARANG,SEMARANG SELATAN,BARUSARI,3374071003001,47.0,106.0,78.0,231.0
JAWA TENGAH,KOTA SEMARANG,SEMARANG SELATAN,BARUSARI,3374071003002,35.0,82.0,86.0,203.0
JAWA TENGAH,KOTA SEMARANG,SEMARANG SELATAN,BARUSARI,3374071003003,68.0,87.0,78.0,233.0
JAWA TENGAH,KOTA SEMARANG,SEMARANG SELATAN,BARUSARI,3374071003004,33.0,138.0,44.0,215.0
JAWA TENGAH,KOTA SEMARANG,SEMARANG SELATAN,BARUSARI,3374071003005,43.0,123.0,52.0,218.0
JAWA TENGAH,KOTA SEMARANG,SEMARANG SELATAN,BARUSARI,3374071003006,34.0,108.0,70.0,212.0
JAWA TENGAH,KOTA SEMARANG,SEMARANG SELATAN,BARUSARI,3374071003007,21.0,101.0,108.0,230.0
JAWA TENGAH,KOTA SEMARANG,SEMARANG SELATAN,BARUSARI,3374071003008,32.0,68.0,103.0,203.0
JAWA TENGAH,KOTA SEMARANG,SEMARANG SELATAN,BARUSARI,3374071003009,34.0,104.0,96.0,234.0
JAWA TENGAH,KOTA SEMARANG,SEMARANG SELATAN,BARUSARI,3374071003010,23.0,97.0,112.0,232.0
JAWA TENGAH,KOTA SEMARANG,SEMARANG SELATAN,BARUSARI,3374071003011,31.0,151.0,69.0,251.0
JAWA TENGAH,KOTA SEMARANG,SEMARANG SELATAN,BARUSARI,3374071003012,,,,
JAWA TENGAH,KOTA SEMARANG,SEMARANG SELATAN,BARUSARI,3374071003013,19.0,119.0,75.0,213.0
JAWA TENGAH,KOTA SEMARANG,SEMARANG SELATAN,BARUSARI,3374071003014,25.0,114.0,102.0,241.0
JAWA TENGAH,KOTA SEMARANG,SEMARANG SELATAN,BARUSARI,3374071003015,21.0,124.0,82.0,227.0
JAWA TENGAH,KOTA SEMARANG,SEMARANG SELATAN,BARUSARI,3374071003016,28.0,104.0,51.0,183.0
JAWA TENGAH,KOTA SEMARANG,SEMARANG SELATAN,BULUSTALAN,3374071002001,45.0,73.0,61.0,179.0
JAWA TENGAH,KOTA SEMARANG,SEMARANG SELATAN,BULUSTALAN,3374071002002,55.0,99.0,75.0,229.0
JAWA TENGAH,KOTA SEMARANG,SEMARANG SELATAN,BULUSTALAN,3374071002003,38.0,77.0,111.0,226.0
JAWA TENGAH,KOTA SEMARANG,SEMARANG SELATAN,BULUSTALAN,3374071002004,103.0,61.0,50.0,214.0
JAWA TENGAH,KOTA SEMARANG,SEMARANG SELATAN,BULUSTALAN,3374071002005,55.0,53.0,63.0,171.0
JAWA TENGAH,KOTA SEMARANG,SEMARANG SELATAN,BULUSTALAN,3374071002006,52.0,87.0,79.0,218.0
JAWA TENGAH,KOTA SEMARANG,SEMARANG SELATAN,BULUSTALAN,3374071002007,45.0,87.0,94.0,226.0
JAWA TENGAH,KOTA SEMARANG,SEMARANG SELATAN,BULUSTALAN,3374071002008,60.0,87.0,93.0,240.0
JAWA TENGAH,KOTA SEMARANG,SEMARANG SELATAN,BULUSTALAN,3374071002009,,,,
JAWA TENGAH,KOTA SEMARANG,SEMARANG SELATAN,BULUSTALAN,3374071002010,25.0,76.0,75.0,176.0
JAWA TENGAH,KOTA SEMARANG,SEMARANG SELATAN,BULUSTALAN,3374071002011,31.0,85.0,72.0,188.0
JAWA TENGAH,KOTA SEMARANG,SEMARANG SELATAN,BULUSTALAN,3374071002012,33.0,89.0,100.0,222.0
JAWA TENGAH,KOTA SEMARANG,SEMARANG SELATAN,BULUSTALAN,3374071002013,,,,
JAWA TENGAH,KOTA SEMARANG,SEMARANG SELATAN,LAMPER KIDUL,3374071009001,,,,
JAWA TENGAH,KOTA SEMARANG,SEMARANG SELATAN,LAMPER KIDUL,3374071009002,28.0,108.0,81.0,217.0
JAWA TENGAH,KOTA SEMARANG,SEMARANG SELATAN,LAMPER KIDUL,3374071009003,41.0,90.0,96.0,227.0
JAWA TENGAH,KOTA SEMARANG,SEMARANG SELATAN,LAMPER KIDUL,3374071009004,50.0,95.0,83.0,228.0
JAWA TENGAH,KOTA SEMARANG,SEMARANG SELATAN,LAMPER KIDUL,3374071009005,50.0,78.0,103.0,231.0
JAWA TENGAH,KOTA SEMARANG,SEMARANG SELATAN,LAMPER KIDUL,3374071009006,35.0,79.0,107.0,221.0
JAWA TENGAH,KOTA SEMARANG,SEMARANG SELATAN,LAMPER KIDUL,3374071009007,53.0,95.0,88.0,236.0
JAWA TENGAH,KOTA SEMARANG,SEMARANG SELATAN,LAMPER KIDUL,3374071009008,54.0,67.0,44.0,165.0
JAWA TENGAH,KOTA SEMARANG,SEMARANG SELATAN,LAMPER KIDUL,3374071009009,27.0,60.0,70.0,157.0
JAWA TENGAH,KOTA SEMARANG,SEMARANG SELATAN,LAMPER KIDUL,3374071009010,39.0,91.0,75.0,205.0
JAWA TENGAH,KOTA SEMARANG,SEMARANG SELATAN,LAMPER KIDUL,3374071009011,22.0,96.0,91.0,209.0
JAWA TENGAH,KOTA SEMARANG,SEMARANG SELATAN,LAMPER KIDUL,3374071009012,35.0,57.0,84.0,176.0
JAWA TENGAH,KOTA SEMARANG,SEMARANG SELATAN,LAMPER LOR,3374071008001,,,,
JAWA TENGAH,KOTA SEMARANG,SEMARANG SELATAN,LAMPER LOR,3374071008002,13.0,112.0,95.0,220.0
JAWA TENGAH,KOTA SEMARANG,SEMARANG SELATAN,LAMPER LOR,3374071008003,16.0,115.0,98.0,229.0
JAWA TENGAH,KOTA SEMARANG,SEMARANG SELATAN,LAMPER LOR,3374071008004,,,,
JAWA TENGAH,KOTA SEMARANG,SEMARANG SELATAN,LAMPER LOR,3374071008005,11.0,72.0,77.0,160.0
JAWA TENGAH,KOTA SEMARANG,SEMARANG SELATAN,LAMPER LOR,3374071008006,29.0,98.0,74.0,201.0
JAWA TENGAH,KOTA SEMARANG,SEMARANG SELATAN,LAMPER LOR,3374071008007,20.0,105.0,97.0,222.0
JAWA TENGAH,KOTA SEMARANG,SEMARANG SELATAN,LAMPER LOR,3374071008008,25.0,130.0,71.0,226.0
JAWA TENGAH,KOTA SEMARANG,SEMARANG SELATAN,LAMPER LOR,3374071008009,,,,
JAWA TENGAH,KOTA SEMARANG,SEMARANG SELATAN,LAMPER LOR,3374071008010,,,,
JAWA TENGAH,KOTA SEMARANG,SEMARANG SELATAN,LAMPER LOR,3374071008011,31.0,91.0,121.0,243.0
JAWA TENGAH,KOTA SEMARANG,SEMARANG SELATAN,LAMPER LOR,3374071008012,,,,
JAWA TENGAH,KOTA SEMARANG,SEMARANG SELATAN,LAMPER LOR,3374071008013,26.0,116.0,92.0,234.0
JAWA TENGAH,KOTA SEMARANG,SEMARANG SELATAN,LAMPER LOR,3374071008014,,,,
JAWA TENGAH,KOTA SEMARANG,SEMARANG SELATAN,LAMPER LOR,3374071008015,22.0,78.0,74.0,174.0
JAWA TENGAH,KOTA SEMARANG,SEMARANG SELATAN,LAMPER LOR,3374071008016,22.0,92.0,68.0,182.0
JAWA TENGAH,KOTA SEMARANG,SEMARANG SELATAN,LAMPER TENGAH,3374071010001,,,,
JAWA TENGAH,KOTA SEMARANG,SEMARANG SELATAN,LAMPER TENGAH,3374071010002,9.0,126.0,111.0,246.0
JAWA TENGAH,KOTA SEMARANG,SEMARANG SELATAN,LAMPER TENGAH,3374071010003,19.0,92.0,104.0,215.0
JAWA TENGAH,KOTA SEMARANG,SEMARANG SELATAN,LAMPER TENGAH,3374071010004,,,,
JAWA TENGAH,KOTA SEMARANG,SEMARANG SELATAN,LAMPER TENGAH,3374071010005,25.0,87.0,60.0,172.0
JAWA TENGAH,KOTA SEMARANG,SEMARANG SELATAN,LAMPER TENGAH,3374071010006,,,,
JAWA TENGAH,KOTA SEMARANG,SEMARANG SELATAN,LAMPER TENGAH,3374071010007,29.0,103.0,106.0,238.0
JAWA TENGAH,KOTA SEMARANG,SEMARANG SELATAN,LAMPER TENGAH,3374071010008,,,,
JAWA TENGAH,KOTA SEMARANG,SEMARANG SELATAN,LAMPER TENGAH,3374071010009,,,,
JAWA TENGAH,KOTA SEMARANG,SEMARANG SELATAN,LAMPER TENGAH,3374071010010,,,,
JAWA TENGAH,KOTA SEMARANG,SEMARANG SELATAN,LAMPER TENGAH,3374071010011,20.0,75.0,97.0,192.0
JAWA TENGAH,KOTA SEMARANG,SEMARANG SELATAN,LAMPER TENGAH,3374071010012,23.0,98.0,82.0,203.0
JAWA TENGAH,KOTA SEMARANG,SEMARANG SELATAN,LAMPER TENGAH,3374071010013,42.0,118.0,74.0,234.0
JAWA TENGAH,KOTA SEMARANG,SEMARANG SELATAN,LAMPER TENGAH,3374071010014,,,,
JAWA TENGAH,KOTA SEMARANG,SEMARANG SELATAN,LAMPER TENGAH,3374071010015,44.0,97.0,91.0,232.0
JAWA TENGAH,KOTA SEMARANG,SEMARANG SELATAN,LAMPER TENGAH,3374071010016,40.0,114.0,81.0,235.0
JAWA TENGAH,KOTA SEMARANG,SEMARANG SELATAN,LAMPER TENGAH,3374071010017,33.0,106.0,95.0,234.0
JAWA TENGAH,KOTA SEMARANG,SEMARANG SELATAN,LAMPER TENGAH,3374071010018,,,,
JAWA TENGAH,KOTA SEMARANG,SEMARANG SELATAN,LAMPER TENGAH,3374071010019,25.0,109.0,112.0,246.0
JAWA TENGAH,KOTA SEMARANG,SEMARANG SELATAN,LAMPER TENGAH,3374071010020,28.0,118.0,88.0,234.0
JAWA TENGAH,KOTA SEMARANG,SEMARANG SELATAN,LAMPER TENGAH,3374071010021,,,,
JAWA TENGAH,KOTA SEMARANG,SEMARANG SELATAN,LAMPER TENGAH,3374071010022,23.0,77.0,86.0,186.0
JAWA TENGAH,KOTA SEMARANG,SEMARANG SELATAN,LAMPER TENGAH,3374071010023,,,,
JAWA TENGAH,KOTA SEMARANG,SEMARANG SELATAN,LAMPER TENGAH,3374071010024,38.0,87.0,89.0,214.0
JAWA TENGAH,KOTA SEMARANG,SEMARANG SELATAN,LAMPER TENGAH,3374071010025,34.0,97.0,100.0,231.0
JAWA TENGAH,KOTA SEMARANG,SEMARANG SELATAN,LAMPER TENGAH,3374071010026,,,,
JAWA TENGAH,KOTA SEMARANG,SEMARANG SELATAN,LAMPER TENGAH,3374071010027,,,,
JAWA TENGAH,KOTA SEMARANG,SEMARANG SELATAN,LAMPER TENGAH,3374071010028,,,,
JAWA TENGAH,KOTA SEMARANG,SEMARANG SELATAN,LAMPER TENGAH,3374071010029,,,,
JAWA TENGAH,KOTA SEMARANG,SEMARANG SELATAN,LAMPER TENGAH,3374071010030,26.0,116.0,94.0,236.0
JAWA TENGAH,KOTA SEMARANG,SEMARANG SELATAN,LAMPER TENGAH,3374071010031,30.0,118.0,79.0,227.0
JAWA TENGAH,KOTA SEMARANG,SEMARANG SELATAN,LAMPER TENGAH,3374071010032,26.0,132.0,93.0,251.0
JAWA TENGAH,KOTA SEMARANG,SEMARANG SELATAN,LAMPER TENGAH,3374071010033,13.0,90.0,79.0,182.0
JAWA TENGAH,KOTA SEMARANG,SEMARANG SELATAN,MUGASARI,3374071004001,47.0,82.0,94.0,223.0
JAWA TENGAH,KOTA SEMARANG,SEMARANG SELATAN,MUGASARI,3374071004002,31.0,111.0,94.0,236.0
JAWA TENGAH,KOTA SEMARANG,SEMARANG SELATAN,MUGASARI,3374071004003,,,,
JAWA TENGAH,KOTA SEMARANG,SEMARANG SELATAN,MUGASARI,3374071004004,42.0,70.0,105.0,217.0
JAWA TENGAH,KOTA SEMARANG,SEMARANG SELATAN,MUGASARI,3374071004005,17.0,88.0,104.0,209.0
JAWA TENGAH,KOTA SEMARANG,SEMARANG SELATAN,MUGASARI,3374071004006,19.0,103.0,121.0,243.0
JAWA TENGAH,KOTA SEMARANG,SEMARANG SELATAN,MUGASARI,3374071004007,,,,
JAWA TENGAH,KOTA SEMARANG,SEMARANG SELATAN,MUGASARI,3374071004008,,,,
JAWA TENGAH,KOTA SEMARANG,SEMARANG SELATAN,MUGASARI,3374071004009,28.0,95.0,84.0,207.0
JAWA TENGAH,KOTA SEMARANG,SEMARANG SELATAN,MUGASARI,3374071004010,43.0,77.0,59.0,179.0
JAWA TENGAH,KOTA SEMARANG,SEMARANG SELATAN,MUGASARI,3374071004011,,,,
JAWA TENGAH,KOTA SEMARANG,SEMARANG SELATAN,MUGASARI,3374071004012,25.0,93.0,104.0,222.0
JAWA TENGAH,KOTA SEMARANG,SEMARANG SELATAN,MUGASARI,3374071004013,,,,
JAWA TENGAH,KOTA SEMARANG,SEMARANG SELATAN,MUGASARI,3374071004014,58.0,103.0,84.0,245.0
JAWA TENGAH,KOTA SEMARANG,SEMARANG SELATAN,MUGASARI,3374071004015,,,,
JAWA TENGAH,KOTA SEMARANG,SEMARANG SELATAN,MUGASARI,3374071004016,30.0,108.0,92.0,230.0
JAWA TENGAH,KOTA SEMARANG,SEMARANG SELATAN,MUGASARI,3374071004017,,,,
JAWA TENGAH,KOTA SEMARANG,SEMARANG SELATAN,MUGASARI,3374071004018,24.0,129.0,86.0,239.0
JAWA TENGAH,KOTA SEMARANG,SEMARANG SELATAN,MUGASARI,3374071004019,31.0,78.0,90.0,199.0
JAWA TENGAH,KOTA SEMARANG,SEMARANG SELATAN,MUGASARI,3374071004020,,,,
JAWA TENGAH,KOTA SEMARANG,SEMARANG SELATAN,PETERONGAN,3374071007001,,,,
JAWA TENGAH,KOTA SEMARANG,SEMARANG SELATAN,PETERONGAN,3374071007002,34.0,141.0,81.0,256.0
JAWA TENGAH,KOTA SEMARANG,SEMARANG SELATAN,PETERONGAN,3374071007003,9.0,93.0,80.0,182.0
JAWA TENGAH,KOTA SEMARANG,SEMARANG SELATAN,PETERONGAN,3374071007004,10.0,104.0,115.0,229.0
JAWA TENGAH,KOTA SEMARANG,SEMARANG SELATAN,PETERONGAN,3374071007005,,,,
JAWA TENGAH,KOTA SEMARANG,SEMARANG SELATAN,PETERONGAN,3374071007006,,,,
JAWA TENGAH,KOTA SEMARANG,SEMARANG SELATAN,PETERONGAN,3374071007007,,,,
JAWA TENGAH,KOTA SEMARANG,SEMARANG SELATAN,PETERONGAN,3374071007008,,,,
JAWA TENGAH,KOTA SEMARANG,SEMARANG SELATAN,PETERONGAN,3374071007009,,,,
JAWA TENGAH,KOTA SEMARANG,SEMARANG SELATAN,PETERONGAN,3374071007010,25.0,92.0,91.0,208.0
JAWA TENGAH,KOTA SEMARANG,SEMARANG SELATAN,PETERONGAN,3374071007011,10.0,97.0,94.0,201.0
JAWA TENGAH,KOTA SEMARANG,SEMARANG SELATAN,PETERONGAN,3374071007012,7.0,106.0,86.0,199.0
JAWA TENGAH,KOTA SEMARANG,SEMARANG SELATAN,PETERONGAN,3374071007013,,,,
JAWA TENGAH,KOTA SEMARANG,SEMARANG SELATAN,PETERONGAN,3374071007014,,,,
JAWA TENGAH,KOTA SEMARANG,SEMARANG SELATAN,PETERONGAN,3374071007015,,,,
JAWA TENGAH,KOTA SEMARANG,SEMARANG SELATAN,PETERONGAN,3374071007016,9.0,122.0,100.0,231.0
JAWA TENGAH,KOTA SEMARANG,SEMARANG SELATAN,PETERONGAN,3374071007017,31.0,88.0,84.0,203.0
JAWA TENGAH,KOTA SEMARANG,SEMARANG SELATAN,PLEBURAN,3374071005001,47.0,82.0,84.0,213.0
JAWA TENGAH,KOTA SEMARANG,SEMARANG SELATAN,PLEBURAN,3374071005002,42.0,104.0,64.0,210.0
JAWA TENGAH,KOTA SEMARANG,SEMARANG SELATAN,PLEBURAN,3374071005003,,,,
JAWA TENGAH,KOTA SEMARANG,SEMARANG SELATAN,PLEBURAN,3374071005004,31.0,112.0,103.0,246.0
JAWA TENGAH,KOTA SEMARANG,SEMARANG SELATAN,PLEBURAN,3374071005005,17.0,108.0,94.0,219.0
JAWA TENGAH,KOTA SEMARANG,SEMARANG SELATAN,PLEBURAN,3374071005006,11.0,73.0,104.0,188.0
JAWA TENGAH,KOTA SEMARANG,SEMARANG SELATAN,PLEBURAN,3374071005007,,,,
JAWA TENGAH,KOTA SEMARANG,SEMARANG SELATAN,PLEBURAN,3374071005008,34.0,81.0,67.0,182.0
JAWA TENGAH,KOTA SEMARANG,SEMARANG SELATAN,PLEBURAN,3374071005009,45.0,53.0,88.0,186.0
JAWA TENGAH,KOTA SEMARANG,SEMARANG SELATAN,PLEBURAN,3374071005010,33.0,68.0,84.0,185.0
JAWA TENGAH,KOTA SEMARANG,SEMARANG SELATAN,PLEBURAN,3374071005011,50.0,81.0,61.0,192.0
JAWA TENGAH,KOTA SEMARANG,SEMARANG SELATAN,PLEBURAN,3374071005012,34.0,106.0,62.0,202.0
JAWA TENGAH,KOTA SEMARANG,SEMARANG SELATAN,PLEBURAN,3374071005013,49.0,77.0,95.0,221.0
JAWA TENGAH,KOTA SEMARANG,SEMARANG SELATAN,RANDUSARI,3374071001001,46.0,73.0,67.0,186.0
JAWA TENGAH,KOTA SEMARANG,SEMARANG SELATAN,RANDUSARI,3374071001002,12.0,90.0,94.0,196.0
JAWA TENGAH,KOTA SEMARANG,SEMARANG SELATAN,RANDUSARI,3374071001003,17.0,91.0,70.0,178.0
JAWA TENGAH,KOTA SEMARANG,SEMARANG SELATAN,RANDUSARI,3374071001004,,,,
JAWA TENGAH,KOTA SEMARANG,SEMARANG SELATAN,RANDUSARI,3374071001005,,,,
JAWA TENGAH,KOTA SEMARANG,SEMARANG SELATAN,RANDUSARI,3374071001006,9.0,107.0,122.0,238.0
JAWA TENGAH,KOTA SEMARANG,SEMARANG SELATAN,RANDUSARI,3374071001007,25.0,93.0,92.0,210.0
JAWA TENGAH,KOTA SEMARANG,SEMARANG SELATAN,RANDUSARI,3374071001008,,,,
JAWA TENGAH,KOTA SEMARANG,SEMARANG SELATAN,RANDUSARI,3374071001009,13.0,114.0,75.0,202.0
JAWA TENGAH,KOTA SEMARANG,SEMARANG SELATAN,RANDUSARI,3374071001010,11.0,100.0,110.0,221.0
JAWA TENGAH,KOTA SEMARANG,SEMARANG SELATAN,RANDUSARI,3374071001011,13.0,90.0,77.0,180.0
JAWA TENGAH,KOTA SEMARANG,SEMARANG SELATAN,RANDUSARI,3374071001012,23.0,126.0,100.0,249.0
JAWA TENGAH,KOTA SEMARANG,SEMARANG SELATAN,RANDUSARI,3374071001013,25.0,129.0,73.0,227.0
JAWA TENGAH,KOTA SEMARANG,SEMARANG SELATAN,RANDUSARI,3374071001014,14.0,107.0,116.0,237.0
JAWA TENGAH,KOTA SEMARANG,SEMARANG SELATAN,RANDUSARI,3374071001015,,,,
JAWA TENGAH,KOTA SEMARANG,SEMARANG SELATAN,RANDUSARI,3374071001016,11.0,90.0,69.0,170.0
JAWA TENGAH,KOTA SEMARANG,SEMARANG SELATAN,RANDUSARI,3374071001017,13.0,72.0,90.0,175.0
JAWA TENGAH,KOTA SEMARANG,SEMARANG SELATAN,RANDUSARI,3374071001018,34.0,123.0,75.0,232.0
JAWA TENGAH,KOTA SEMARANG,SEMARANG SELATAN,RANDUSARI,3374071001019,28.0,104.0,96.0,228.0
JAWA TENGAH,KOTA SEMARANG,SEMARANG SELATAN,RANDUSARI,3374071001020,18.0,87.0,92.0,197.0
JAWA TENGAH,KOTA SEMARANG,SEMARANG SELATAN,RANDUSARI,3374071001021,,,,
JAWA TENGAH,KOTA SEMARANG,SEMARANG SELATAN,WONODRI,3374071006001,,,,
JAWA TENGAH,KOTA SEMARANG,SEMARANG SELATAN,WONODRI,3374071006002,,,,
JAWA TENGAH,KOTA SEMARANG,SEMARANG SELATAN,WONODRI,3374071006003,,,,
JAWA TENGAH,KOTA SEMARANG,SEMARANG SELATAN,WONODRI,3374071006004,37.0,93.0,84.0,214.0
JAWA TENGAH,KOTA SEMARANG,SEMARANG SELATAN,WONODRI,3374071006005,28.0,95.0,102.0,225.0
JAWA TENGAH,KOTA SEMARANG,SEMARANG SELATAN,WONODRI,3374071006006,,,,
JAWA TENGAH,KOTA SEMARANG,SEMARANG SELATAN,WONODRI,3374071006007,,,,
JAWA TENGAH,KOTA SEMARANG,SEMARANG SELATAN,WONODRI,3374071006008,,,,
JAWA TENGAH,KOTA SEMARANG,SEMARANG SELATAN,WONODRI,3374071006009,28.0,91.0,95.0,214.0
JAWA TENGAH,KOTA SEMARANG,SEMARANG SELATAN,WONODRI,3374071006010,22.0,116.0,88.0,226.0
JAWA TENGAH,KOTA SEMARANG,SEMARANG SELATAN,WONODRI,3374071006011,,,,
JAWA TENGAH,KOTA SEMARANG,SEMARANG SELATAN,WONODRI,3374071006012,,,,
JAWA TENGAH,KOTA SEMARANG,SEMARANG SELATAN,WONODRI,3374071006013,20.0,78.0,83.0,181.0
JAWA TENGAH,KOTA SEMARANG,SEMARANG SELATAN,WONODRI,3374071006014,48.0,95.0,71.0,214.0
JAWA TENGAH,KOTA SEMARANG,SEMARANG SELATAN,WONODRI,3374071006015,23.0,95.0,98.0,216.0
JAWA TENGAH,KOTA SEMARANG,SEMARANG SELATAN,WONODRI,3374071006016,36.0,85.0,113.0,234.0
JAWA TENGAH,KOTA SEMARANG,SEMARANG SELATAN,WONODRI,3374071006017,26.0,97.0,84.0,207.0
JAWA TENGAH,KOTA SEMARANG,SEMARANG SELATAN,WONODRI,3374071006018,22.0,82.0,111.0,215.0
JAWA TENGAH,KOTA SEMARANG,SEMARANG SELATAN,WONODRI,3374071006019,13.0,105.0,71.0,189.0
JAWA TENGAH,KOTA SEMARANG,SEMARANG SELATAN,WONODRI,3374071006020,22.0,88.0,103.0,213.0
JAWA TENGAH,KOTA SEMARANG,SEMARANG SELATAN,WONODRI,3374071006021,29.0,111.0,67.0,207.0
JAWA TENGAH,KOTA SEMARANG,SEMARANG SELATAN,WONODRI,3374071006022,41.0,82.0,69.0,192.0
JAWA TENGAH,KOTA SEMARANG,SEMARANG SELATAN,WONODRI,3374071006023,21.0,135.0,78.0,234.0
JAWA TENGAH,KOTA SEMARANG,SEMARANG SELATAN,WONODRI,3374071006024,17.0,115.0,100.0,232.0
JAWA TENGAH,KOTA SEMARANG,SEMARANG SELATAN,WONODRI,3374071006025,19.0,119.0,77.0,215.0
JAWA TENGAH,KOTA SEMARANG,SEMARANG SELATAN,WONODRI,3374071006026,24.0,114.0,97.0,235.0
JAWA TENGAH,KOTA SEMARANG,SEMARANG SELATAN,WONODRI,3374071006027,11.0,101.0,92.0,204.0
JAWA TENGAH,KOTA SEMARANG,SEMARANG TENGAH,BANGUNHARJO,3374011009001,26.0,108.0,94.0,228.0
JAWA TENGAH,KOTA SEMARANG,SEMARANG TENGAH,BANGUNHARJO,3374011009002,84.0,70.0,69.0,223.0
JAWA TENGAH,KOTA SEMARANG,SEMARANG TENGAH,BANGUNHARJO,3374011009003,91.0,68.0,45.0,204.0
JAWA TENGAH,KOTA SEMARANG,SEMARANG TENGAH,BANGUNHARJO,3374011009004,,,,
JAWA TENGAH,KOTA SEMARANG,SEMARANG TENGAH,BANGUNHARJO,3374011009005,9.0,51.0,111.0,171.0
JAWA TENGAH,KOTA SEMARANG,SEMARANG TENGAH,BANGUNHARJO,3374011009006,1.0,78.0,98.0,177.0
JAWA TENGAH,KOTA SEMARANG,SEMARANG TENGAH,BANGUNHARJO,3374011009007,26.0,53.0,61.0,140.0
JAWA TENGAH,KOTA SEMARANG,SEMARANG TENGAH,BRUMBUNGAN,3374011002001,,,,
JAWA TENGAH,KOTA SEMARANG,SEMARANG TENGAH,BRUMBUNGAN,3374011002002,27.0,84.0,5.0,116.0
JAWA TENGAH,KOTA SEMARANG,SEMARANG TENGAH,BRUMBUNGAN,3374011002003,,,,
JAWA TENGAH,KOTA SEMARANG,SEMARANG TENGAH,BRUMBUNGAN,3374011002004,10.0,56.0,147.0,213.0
JAWA TENGAH,KOTA SEMARANG,SEMARANG TENGAH,BRUMBUNGAN,3374011002005,,,,
JAWA TENGAH,KOTA SEMARANG,SEMARANG TENGAH,BRUMBUNGAN,3374011002006,13.0,88.0,90.0,191.0
JAWA TENGAH,KOTA SEMARANG,SEMARANG TENGAH,BRUMBUNGAN,3374011002007,2.0,75.0,143.0,220.0
JAWA TENGAH,KOTA SEMARANG,SEMARANG TENGAH,BRUMBUNGAN,3374011002008,10.0,82.0,131.0,223.0
JAWA TENGAH,KOTA SEMARANG,SEMARANG TENGAH,BRUMBUNGAN,3374011002009,,,,
JAWA TENGAH,KOTA SEMARANG,SEMARANG TENGAH,BRUMBUNGAN,3374011002010,,,,
JAWA TENGAH,KOTA SEMARANG,SEMARANG TENGAH,BRUMBUNGAN,3374011002011,20.0,98.0,108.0,226.0
JAWA TENGAH,KOTA SEMARANG,SEMARANG TENGAH,GABAHAN,3374011005001,14.0,48.0,143.0,205.0
JAWA TENGAH,KOTA SEMARANG,SEMARANG TENGAH,GABAHAN,3374011005002,3.0,65.0,111.0,179.0
JAWA TENGAH,KOTA SEMARANG,SEMARANG TENGAH,GABAHAN,3374011005003,3.0,74.0,108.0,185.0
JAWA TENGAH,KOTA SEMARANG,SEMARANG TENGAH,GABAHAN,3374011005004,,,,
JAWA TENGAH,KOTA SEMARANG,SEMARANG TENGAH,GABAHAN,3374011005005,,,,
JAWA TENGAH,KOTA SEMARANG,SEMARANG TENGAH,GABAHAN,3374011005006,4.0,63.0,115.0,182.0
JAWA TENGAH,KOTA SEMARANG,SEMARANG TENGAH,GABAHAN,3374011005007,11.0,87.0,121.0,219.0
JAWA TENGAH,KOTA SEMARANG,SEMARANG TENGAH,GABAHAN,3374011005008,2.0,78.0,122.0,202.0
JAWA TENGAH,KOTA SEMARANG,SEMARANG TENGAH,GABAHAN,3374011005009,16.0,90.0,137.0,243.0
JAWA TENGAH,KOTA SEMARANG,SEMARANG TENGAH,GABAHAN,3374011005010,9.0,61.0,132.0,202.0
JAWA TENGAH,KOTA SEMARANG,SEMARANG TENGAH,GABAHAN,3374011005011,9.0,92.0,120.0,221.0
JAWA TENGAH,KOTA SEMARANG,SEMARANG TENGAH,GABAHAN,3374011005012,4.0,42.0,104.0,150.0
JAWA TENGAH,KOTA SEMARANG,SEMARANG TENGAH,GABAHAN,3374011005013,11.0,84.0,98.0,193.0
JAWA TENGAH,KOTA SEMARANG,SEMARANG TENGAH,GABAHAN,3374011005014,,,,
JAWA TENGAH,KOTA SEMARANG,SEMARANG TENGAH,GABAHAN,3374011005015,,,,
JAWA TENGAH,KOTA SEMARANG,SEMARANG TENGAH,GABAHAN,3374011005016,10.0,83.0,126.0,219.0
JAWA TENGAH,KOTA SEMARANG,SEMARANG TENGAH,GABAHAN,3374011005017,,,,
JAWA TENGAH,KOTA SEMARANG,SEMARANG TENGAH,GABAHAN,3374011005018,,,,
JAWA TENGAH,KOTA SEMARANG,SEMARANG TENGAH,GABAHAN,3374011005019,7.0,85.0,120.0,212.0
JAWA TENGAH,KOTA SEMARANG,SEMARANG TENGAH,GABAHAN,3374011005020,12.0,66.0,145.0,223.0
JAWA TENGAH,KOTA SEMARANG,SEMARANG TENGAH,GABAHAN,3374011005021,9.0,84.0,145.0,238.0
JAWA TENGAH,KOTA SEMARANG,SEMARANG TENGAH,JAGALAN,3374011003001,14.0,89.0,112.0,215.0
JAWA TENGAH,KOTA SEMARANG,SEMARANG TENGAH,JAGALAN,3374011003002,13.0,91.0,103.0,207.0
JAWA TENGAH,KOTA SEMARANG,SEMARANG TENGAH,JAGALAN,3374011003003,11.0,79.0,119.0,209.0
JAWA TENGAH,KOTA SEMARANG,SEMARANG TENGAH,JAGALAN,3374011003004,10.0,86.0,111.0,207.0
JAWA TENGAH,KOTA SEMARANG,SEMARANG TENGAH,JAGALAN,3374011003005,8.0,104.0,108.0,220.0
JAWA TENGAH,KOTA SEMARANG,SEMARANG TENGAH,JAGALAN,3374011003006,11.0,62.0,108.0,181.0
JAWA TENGAH,KOTA SEMARANG,SEMARANG TENGAH,JAGALAN,3374011003007,12.0,42.0,91.0,145.0
JAWA TENGAH,KOTA SEMARANG,SEMARANG TENGAH,JAGALAN,3374011003008,6.0,59.0,98.0,163.0
JAWA TENGAH,KOTA SEMARANG,SEMARANG TENGAH,JAGALAN,3374011003009,,,,
JAWA TENGAH,KOTA SEMARANG,SEMARANG TENGAH,JAGALAN,3374011003010,16.0,90.0,113.0,219.0
JAWA TENGAH,KOTA SEMARANG,SEMARANG TENGAH,JAGALAN,3374011003011,2.0,47.0,119.0,168.0
JAWA TENGAH,KOTA SEMARANG,SEMARANG TENGAH,JAGALAN,3374011003012,,,,
JAWA TENGAH,KOTA SEMARANG,SEMARANG TENGAH,JAGALAN,3374011003013,7.0,69.0,134.0,210.0
JAWA TENGAH,KOTA SEMARANG,SEMARANG TENGAH,JAGALAN,3374011003014,4.0,67.0,86.0,157.0
JAWA TENGAH,KOTA SEMARANG,SEMARANG TENGAH,JAGALAN,3374011003015,,,,
JAWA TENGAH,KOTA SEMARANG,SEMARANG TENGAH,JAGALAN,3374011003016,10.0,92.0,90.0,192.0
JAWA TENGAH,KOTA SEMARANG,SEMARANG TENGAH,JAGALAN,3374011003017,,,,
JAWA TENGAH,KOTA SEMARANG,SEMARANG TENGAH,KARANG KIDUL,3374011012001,,,,
JAWA TENGAH,KOTA SEMARANG,SEMARANG TENGAH,KARANG KIDUL,3374011012002,8.0,49.0,111.0,168.0
JAWA TENGAH,KOTA SEMARANG,SEMARANG TENGAH,KARANG KIDUL,3374011012003,,,,
JAWA TENGAH,KOTA SEMARANG,SEMARANG TENGAH,KARANG KIDUL,3374011012004,21.0,111.0,82.0,214.0
JAWA TENGAH,KOTA SEMARANG,SEMARANG TENGAH,KARANG KIDUL,3374011012005,27.0,98.0,97.0,222.0
JAWA TENGAH,KOTA SEMARANG,SEMARANG TENGAH,KARANG KIDUL,3374011012006,11.0,115.0,109.0,235.0
JAWA TENGAH,KOTA SEMARANG,SEMARANG TENGAH,KARANG KIDUL,3374011012007,17.0,104.0,116.0,237.0
JAWA TENGAH,KOTA SEMARANG,SEMARANG TENGAH,KARANG KIDUL,3374011012008,,,,
JAWA TENGAH,KOTA SEMARANG,SEMARANG TENGAH,KARANG KIDUL,3374011012009,12.0,77.0,128.0,217.0
JAWA TENGAH,KOTA SEMARANG,SEMARANG TENGAH,KARANG KIDUL,3374011012010,11.0,73.0,84.0,168.0
JAWA TENGAH,KOTA SEMARANG,SEMARANG TENGAH,KARANG KIDUL,3374011012011,,,,
JAWA TENGAH,KOTA SEMARANG,SEMARANG TENGAH,KARANG KIDUL,3374011012012,8.0,80.0,81.0,169.0
JAWA TENGAH,KOTA SEMARANG,SEMARANG TENGAH,KAUMAN,3374011010001,,,,
JAWA TENGAH,KOTA SEMARANG,SEMARANG TENGAH,KAUMAN,3374011010002,,,,
JAWA TENGAH,KOTA SEMARANG,SEMARANG TENGAH,KAUMAN,3374011010003,,,,
JAWA TENGAH,KOTA SEMARANG,SEMARANG TENGAH,KAUMAN,3374011010004,30.0,89.0,89.0,208.0
JAWA TENGAH,KOTA SEMARANG,SEMARANG TENGAH,KAUMAN,3374011010005,,,,
JAWA TENGAH,KOTA SEMARANG,SEMARANG TENGAH,KAUMAN,3374011010006,24.0,78.0,68.0,170.0
JAWA TENGAH,KOTA SEMARANG,SEMARANG TENGAH,KAUMAN,3374011010007,15.0,73.0,57.0,145.0
JAWA TENGAH,KOTA SEMARANG,SEMARANG TENGAH,KEMBANGSARI,3374011006001,6.0,80.0,75.0,161.0
JAWA TENGAH,KOTA SEMARANG,SEMARANG TENGAH,KEMBANGSARI,3374011006002,,,,
JAWA TENGAH,KOTA SEMARANG,SEMARANG TENGAH,KEMBANGSARI,3374011006003,14.0,79.0,78.0,171.0
JAWA TENGAH,KOTA SEMARANG,SEMARANG TENGAH,KEMBANGSARI,3374011006004,7.0,74.0,113.0,194.0
JAWA TENGAH,KOTA SEMARANG,SEMARANG TENGAH,KEMBANGSARI,3374011006005,24.0,68.0,91.0,183.0
JAWA TENGAH,KOTA SEMARANG,SEMARANG TENGAH,KEMBANGSARI,3374011006006,29.0,87.0,86.0,202.0
JAWA TENGAH,KOTA SEMARANG,SEMARANG TENGAH,KEMBANGSARI,3374011006007,,,,
JAWA TENGAH,KOTA SEMARANG,SEMARANG TENGAH,KEMBANGSARI,3374011006008,129.0,89.0,80.0,298.0
JAWA TENGAH,KOTA SEMARANG,SEMARANG TENGAH,KEMBANGSARI,3374011006009,22.0,78.0,87.0,187.0
JAWA TENGAH,KOTA SEMARANG,SEMARANG TENGAH,KEMBANGSARI,3374011006010,30.0,76.0,102.0,208.0
JAWA TENGAH,KOTA SEMARANG,SEMARANG TENGAH,KEMBANGSARI,3374011006011,23.0,83.0,104.0,210.0
JAWA TENGAH,KOTA SEMARANG,SEMARANG TENGAH,KRANGGAN,3374011004001,5.0,62.0,134.0,201.0
JAWA TENGAH,KOTA SEMARANG,SEMARANG TENGAH,KRANGGAN,3374011004002,,,,
JAWA TENGAH,KOTA SEMARANG,SEMARANG TENGAH,KRANGGAN,3374011004003,,,,
JAWA TENGAH,KOTA SEMARANG,SEMARANG TENGAH,KRANGGAN,3374011004004,,,,
JAWA TENGAH,KOTA SEMARANG,SEMARANG TENGAH,KRANGGAN,3374011004005,,,,
JAWA TENGAH,KOTA SEMARANG,SEMARANG TENGAH,KRANGGAN,3374011004006,3.0,75.0,78.0,156.0
JAWA TENGAH,KOTA SEMARANG,SEMARANG TENGAH,KRANGGAN,3374011004007,9.0,68.0,122.0,199.0
JAWA TENGAH,KOTA SEMARANG,SEMARANG TENGAH,KRANGGAN,3374011004008,2.0,59.0,132.0,193.0
JAWA TENGAH,KOTA SEMARANG,SEMARANG TENGAH,KRANGGAN,3374011004009,,,,
JAWA TENGAH,KOTA SEMARANG,SEMARANG TENGAH,KRANGGAN,3374011004010,,,,
JAWA TENGAH,KOTA SEMARANG,SEMARANG TENGAH,KRANGGAN,3374011004011,,,,
JAWA TENGAH,KOTA SEMARANG,SEMARANG TENGAH,KRANGGAN,3374011004012,2.0,56.0,122.0,180.0
JAWA TENGAH,KOTA SEMARANG,SEMARANG TENGAH,MIROTO,3374011001001,,,,
JAWA TENGAH,KOTA SEMARANG,SEMARANG TENGAH,MIROTO,3374011001002,27.0,84.0,121.0,232.0
JAWA TENGAH,KOTA SEMARANG,SEMARANG TENGAH,MIROTO,3374011001003,16.0,115.0,107.0,238.0
JAWA TENGAH,KOTA SEMARANG,SEMARANG TENGAH,MIROTO,3374011001004,34.0,76.0,110.0,220.0
JAWA TENGAH,KOTA SEMARANG,SEMARANG TENGAH,MIROTO,3374011001005,24.0,71.0,107.0,202.0
JAWA TENGAH,KOTA SEMARANG,SEMARANG TENGAH,MIROTO,3374011001006,,,,
JAWA TENGAH,KOTA SEMARANG,SEMARANG TENGAH,MIROTO,3374011001007,,,,
JAWA TENGAH,KOTA SEMARANG,SEMARANG TENGAH,MIROTO,3374011001008,,,,
JAWA TENGAH,KOTA SEMARANG,SEMARANG TENGAH,MIROTO,3374011001009,5.0,55.0,117.0,177.0
JAWA TENGAH,KOTA SEMARANG,SEMARANG TENGAH,MIROTO,3374011001010,,,,
JAWA TENGAH,KOTA SEMARANG,SEMARANG TENGAH,MIROTO,3374011001011,,,,
JAWA TENGAH,KOTA SEMARANG,SEMARANG TENGAH,MIROTO,3374011001012,,,,
JAWA TENGAH,KOTA SEMARANG,SEMARANG TENGAH,MIROTO,3374011001013,14.0,85.0,93.0,192.0
JAWA TENGAH,KOTA SEMARANG,SEMARANG TENGAH,MIROTO,3374011001014,7.0,86.0,116.0,209.0
JAWA TENGAH,KOTA SEMARANG,SEMARANG TENGAH,PANDANSARI,3374011008001,,,,
JAWA TENGAH,KOTA SEMARANG,SEMARANG TENGAH,PANDANSARI,3374011008002,24.0,67.0,90.0,181.0
JAWA TENGAH,KOTA SEMARANG,SEMARANG TENGAH,PANDANSARI,3374011008003,39.0,81.0,74.0,194.0
JAWA TENGAH,KOTA SEMARANG,SEMARANG TENGAH,PANDANSARI,3374011008004,27.0,69.0,56.0,152.0
JAWA TENGAH,KOTA SEMARANG,SEMARANG TENGAH,PANDANSARI,3374011008005,33.0,67.0,58.0,158.0
JAWA TENGAH,KOTA SEMARANG,SEMARANG TENGAH,PANDANSARI,3374011008006,23.0,78.0,101.0,202.0
JAWA TENGAH,KOTA SEMARANG,SEMARANG TENGAH,PANDANSARI,3374011008007,32.0,72.0,63.0,167.0
JAWA TENGAH,KOTA SEMARANG,SEMARANG TENGAH,PANDANSARI,3374011008008,,,,
JAWA TENGAH,KOTA SEMARANG,SEMARANG TENGAH,PEKUNDEN,3374011013001,6.0,65.0,64.0,135.0
JAWA TENGAH,KOTA SEMARANG,SEMARANG TENGAH,PEKUNDEN,3374011013002,11.0,103.0,66.0,180.0
JAWA TENGAH,KOTA SEMARANG,SEMARANG TENGAH,PEKUNDEN,3374011013003,16.0,97.0,87.0,200.0
JAWA TENGAH,KOTA SEMARANG,SEMARANG TENGAH,PEKUNDEN,3374011013004,,,,
JAWA TENGAH,KOTA SEMARANG,SEMARANG TENGAH,PEKUNDEN,3374011013005,23.0,79.0,84.0,186.0
JAWA TENGAH,KOTA SEMARANG,SEMARANG TENGAH,PEKUNDEN,3374011013006,17.0,81.0,93.0,191.0
JAWA TENGAH,KOTA SEMARANG,SEMARANG TENGAH,PEKUNDEN,3374011013007,16.0,68.0,110.0,194.0
JAWA TENGAH,KOTA SEMARANG,SEMARANG TENGAH,PEKUNDEN,3374011013008,,,,
JAWA TENGAH,KOTA SEMARANG,SEMARANG TENGAH,PEKUNDEN,3374011013009,1.0,56.0,136.0,193.0
JAWA TENGAH,KOTA SEMARANG,SEMARANG TENGAH,PEKUNDEN,3374011013010,21.0,103.0,112.0,236.0
JAWA TENGAH,KOTA SEMARANG,SEMARANG TENGAH,PEKUNDEN,3374011013011,9.0,87.0,87.0,183.0
JAWA TENGAH,KOTA SEMARANG,SEMARANG TENGAH,PINDRIKAN KIDUL,3374011014001,44.0,72.0,92.0,208.0
JAWA TENGAH,KOTA SEMARANG,SEMARANG TENGAH,PINDRIKAN KIDUL,3374011014002,,,,
JAWA TENGAH,KOTA SEMARANG,SEMARANG TENGAH,PINDRIKAN KIDUL,3374011014003,41.0,56.0,70.0,167.0
JAWA TENGAH,KOTA SEMARANG,SEMARANG TENGAH,PINDRIKAN KIDUL,3374011014004,,,,
JAWA TENGAH,KOTA SEMARANG,SEMARANG TENGAH,PINDRIKAN KIDUL,3374011014005,69.0,87.0,58.0,214.0
JAWA TENGAH,KOTA SEMARANG,SEMARANG TENGAH,PINDRIKAN KIDUL,3374011014006,41.0,67.0,74.0,182.0
JAWA TENGAH,KOTA SEMARANG,SEMARANG TENGAH,PINDRIKAN KIDUL,3374011014007,,,,
JAWA TENGAH,KOTA SEMARANG,SEMARANG TENGAH,PINDRIKAN KIDUL,3374011014008,28.0,94.0,91.0,213.0
JAWA TENGAH,KOTA SEMARANG,SEMARANG TENGAH,PINDRIKAN KIDUL,3374011014901,8.0,132.0,82.0,222.0
JAWA TENGAH,KOTA SEMARANG,SEMARANG TENGAH,PINDRIKAN LOR,3374011015001,33.0,84.0,96.0,213.0
JAWA TENGAH,KOTA SEMARANG,SEMARANG TENGAH,PINDRIKAN LOR,3374011015002,34.0,76.0,102.0,212.0
JAWA TENGAH,KOTA SEMARANG,SEMARANG TENGAH,PINDRIKAN LOR,3374011015003,30.0,111.0,60.0,201.0
JAWA TENGAH,KOTA SEMARANG,SEMARANG TENGAH,PINDRIKAN LOR,3374011015004,,,,
JAWA TENGAH,KOTA SEMARANG,SEMARANG TENGAH,PINDRIKAN LOR,3374011015005,55.0,90.0,79.0,224.0
JAWA TENGAH,KOTA SEMARANG,SEMARANG TENGAH,PINDRIKAN LOR,3374011015006,34.0,109.0,82.0,225.0
JAWA TENGAH,KOTA SEMARANG,SEMARANG TENGAH,PINDRIKAN LOR,3374011015007,,,,
JAWA TENGAH,KOTA SEMARANG,SEMARANG TENGAH,PINDRIKAN LOR,3374011015008,,,,
JAWA TENGAH,KOTA SEMARANG,SEMARANG TENGAH,PINDRIKAN LOR,3374011015009,,,,
JAWA TENGAH,KOTA SEMARANG,SEMARANG TENGAH,PINDRIKAN LOR,3374011015010,52.0,80.0,105.0,237.0
JAWA TENGAH,KOTA SEMARANG,SEMARANG TENGAH,PINDRIKAN LOR,3374011015011,28.0,96.0,95.0,219.0
JAWA TENGAH,KOTA SEMARANG,SEMARANG TENGAH,PINDRIKAN LOR,3374011015012,,,,
JAWA TENGAH,KOTA SEMARANG,SEMARANG TENGAH,PINDRIKAN LOR,3374011015013,28.0,75.0,117.0,220.0
JAWA TENGAH,KOTA SEMARANG,SEMARANG TENGAH,PINDRIKAN LOR,3374011015014,,,,
JAWA TENGAH,KOTA SEMARANG,SEMARANG TENGAH,PINDRIKAN LOR,3374011015015,13.0,56.0,65.0,134.0
JAWA TENGAH,KOTA SEMARANG,SEMARANG TENGAH,PURWODINATAN,3374011011001,,,,
JAWA TENGAH,KOTA SEMARANG,SEMARANG TENGAH,PURWODINATAN,3374011011002,,,,
JAWA TENGAH,KOTA SEMARANG,SEMARANG TENGAH,PURWODINATAN,3374011011003,,,,
JAWA TENGAH,KOTA SEMARANG,SEMARANG TENGAH,PURWODINATAN,3374011011004,,,,
JAWA TENGAH,KOTA SEMARANG,SEMARANG TENGAH,PURWODINATAN,3374011011005,,,,
JAWA TENGAH,KOTA SEMARANG,SEMARANG TENGAH,PURWODINATAN,3374011011006,29.0,76.0,103.0,208.0
JAWA TENGAH,KOTA SEMARANG,SEMARANG TENGAH,PURWODINATAN,3374011011007,68.0,97.0,47.0,212.0
JAWA TENGAH,KOTA SEMARANG,SEMARANG TENGAH,PURWODINATAN,3374011011008,,,,
JAWA TENGAH,KOTA SEMARANG,SEMARANG TENGAH,PURWODINATAN,3374011011009,,,,
JAWA TENGAH,KOTA SEMARANG,SEMARANG TENGAH,PURWODINATAN,3374011011010,,,,
JAWA TENGAH,KOTA SEMARANG,SEMARANG TENGAH,PURWODINATAN,3374011011011,17.0,65.0,99.0,181.0
JAWA TENGAH,KOTA SEMARANG,SEMARANG TENGAH,PURWODINATAN,3374011011012,,,,
JAWA TENGAH,KOTA SEMARANG,SEMARANG TENGAH,PURWODINATAN,3374011011013,,,,
JAWA TENGAH,KOTA SEMARANG,SEMARANG TENGAH,SEKAYU,3374011007001,59.0,75.0,67.0,201.0
JAWA TENGAH,KOTA SEMARANG,SEMARANG TENGAH,SEKAYU,3374011007002,29.0,99.0,55.0,183.0
JAWA TENGAH,KOTA SEMARANG,SEMARANG TENGAH,SEKAYU,3374011007003,,,,
JAWA TENGAH,KOTA SEMARANG,SEMARANG TENGAH,SEKAYU,3374011007004,,,,
JAWA TENGAH,KOTA SEMARANG,SEMARANG TENGAH,SEKAYU,3374011007005,33.0,99.0,71.0,203.0
JAWA TENGAH,KOTA SEMARANG,SEMARANG TENGAH,SEKAYU,3374011007006,,,,
JAWA TENGAH,KOTA SEMARANG,SEMARANG TENGAH,SEKAYU,3374011007007,31.0,72.0,95.0,198.0
JAWA TENGAH,KOTA SEMARANG,SEMARANG TENGAH,SEKAYU,3374011007008,20.0,93.0,80.0,193.0
JAWA TENGAH,KOTA SEMARANG,SEMARANG TENGAH,SEKAYU,3374011007009,,,,
JAWA TENGAH,KOTA SEMARANG,SEMARANG TENGAH,SEKAYU,3374011007010,11.0,73.0,103.0,187.0
JAWA TENGAH,KOTA SEMARANG,SEMARANG TIMUR,BUGANGAN,3374031006001,17.0,82.0,104.0,203.0
JAWA TENGAH,KOTA SEMARANG,SEMARANG TIMUR,BUGANGAN,3374031006002,18.0,87.0,130.0,235.0
JAWA TENGAH,KOTA SEMARANG,SEMARANG TIMUR,BUGANGAN,3374031006003,,,,
JAWA TENGAH,KOTA SEMARANG,SEMARANG TIMUR,BUGANGAN,3374031006004,,,,
JAWA TENGAH,KOTA SEMARANG,SEMARANG TIMUR,BUGANGAN,3374031006005,,,,
JAWA TENGAH,KOTA SEMARANG,SEMARANG TIMUR,BUGANGAN,3374031006006,,,,
JAWA TENGAH,KOTA SEMARANG,SEMARANG TIMUR,BUGANGAN,3374031006007,31.0,69.0,112.0,212.0
JAWA TENGAH,KOTA SEMARANG,SEMARANG TIMUR,BUGANGAN,3374031006008,19.0,75.0,99.0,193.0
JAWA TENGAH,KOTA SEMARANG,SEMARANG TIMUR,BUGANGAN,3374031006009,,,,
JAWA TENGAH,KOTA SEMARANG,SEMARANG TIMUR,BUGANGAN,3374031006010,,,,
JAWA TENGAH,KOTA SEMARANG,SEMARANG TIMUR,BUGANGAN,3374031006011,21.0,130.0,77.0,228.0
JAWA TENGAH,KOTA SEMARANG,SEMARANG TIMUR,BUGANGAN,3374031006012,29.0,110.0,102.0,241.0
JAWA TENGAH,KOTA SEMARANG,SEMARANG TIMUR,BUGANGAN,3374031006013,,,,
JAWA TENGAH,KOTA SEMARANG,SEMARANG TIMUR,BUGANGAN,3374031006014,24.0,97.0,115.0,236.0
JAWA TENGAH,KOTA SEMARANG,SEMARANG TIMUR,BUGANGAN,3374031006015,7.0,88.0,88.0,183.0
JAWA TENGAH,KOTA SEMARANG,SEMARANG TIMUR,BUGANGAN,3374031006016,,,,
JAWA TENGAH,KOTA SEMARANG,SEMARANG TIMUR,BUGANGAN,3374031006017,,,,
JAWA TENGAH,KOTA SEMARANG,SEMARANG TIMUR,BUGANGAN,3374031006018,,,,
JAWA TENGAH,KOTA SEMARANG,SEMARANG TIMUR,BUGANGAN,3374031006019,,,,
JAWA TENGAH,KOTA SEMARANG,SEMARANG TIMUR,BUGANGAN,3374031006020,3.0,86.0,95.0,184.0
JAWA TENGAH,KOTA SEMARANG,SEMARANG TIMUR,BUGANGAN,3374031006021,12.0,63.0,125.0,200.0
JAWA TENGAH,KOTA SEMARANG,SEMARANG TIMUR,BUGANGAN,3374031006022,4.0,68.0,80.0,152.0
JAWA TENGAH,KOTA SEMARANG,SEMARANG TIMUR,BUGANGAN,3374031006023,,,,
JAWA TENGAH,KOTA SEMARANG,SEMARANG TIMUR,KARANGTEMPEL,3374031010001,,,,
JAWA TENGAH,KOTA SEMARANG,SEMARANG TIMUR,KARANGTEMPEL,3374031010002,,,,
JAWA TENGAH,KOTA SEMARANG,SEMARANG TIMUR,KARANGTEMPEL,3374031010003,,,,
JAWA TENGAH,KOTA SEMARANG,SEMARANG TIMUR,KARANGTEMPEL,3374031010004,,,,
JAWA TENGAH,KOTA SEMARANG,SEMARANG TIMUR,KARANGTEMPEL,3374031010005,,,,
JAWA TENGAH,KOTA SEMARANG,SEMARANG TIMUR,KARANGTEMPEL,3374031010006,9.0,87.0,126.0,222.0
JAWA TENGAH,KOTA SEMARANG,SEMARANG TIMUR,KARANGTEMPEL,3374031010007,,,,
JAWA TENGAH,KOTA SEMARANG,SEMARANG TIMUR,KARANGTEMPEL,3374031010008,,,,
JAWA TENGAH,KOTA SEMARANG,SEMARANG TIMUR,KARANGTEMPEL,3374031010009,38.0,87.0,102.0,227.0
JAWA TENGAH,KOTA SEMARANG,SEMARANG TIMUR,KARANGTEMPEL,3374031010010,,,,
JAWA TENGAH,KOTA SEMARANG,SEMARANG TIMUR,KARANGTEMPEL,3374031010011,,,,
JAWA TENGAH,KOTA SEMARANG,SEMARANG TIMUR,KARANGTURI,3374031009001,,,,
JAWA TENGAH,KOTA SEMARANG,SEMARANG TIMUR,KARANGTURI,3374031009002,21.0,83.0,107.0,211.0
JAWA TENGAH,KOTA SEMARANG,SEMARANG TIMUR,KARANGTURI,3374031009003,,,,
JAWA TENGAH,KOTA SEMARANG,SEMARANG TIMUR,KARANGTURI,3374031009004,,,,
JAWA TENGAH,KOTA SEMARANG,SEMARANG TIMUR,KARANGTURI,3374031009005,,,,
JAWA TENGAH,KOTA SEMARANG,SEMARANG TIMUR,KARANGTURI,3374031009006,,,,
JAWA TENGAH,KOTA SEMARANG,SEMARANG TIMUR,KARANGTURI,3374031009007,24.0,76.0,105.0,205.0
JAWA TENGAH,KOTA SEMARANG,SEMARANG TIMUR,KARANGTURI,3374031009008,8.0,68.0,119.0,195.0
JAWA TENGAH,KOTA SEMARANG,SEMARANG TIMUR,KEBONAGUNG,3374031004001,,,,
JAWA TENGAH,KOTA SEMARANG,SEMARANG TIMUR,KEBONAGUNG,3374031004002,,,,
JAWA TENGAH,KOTA SEMARANG,SEMARANG TIMUR,KEBONAGUNG,3374031004003,57.0,100.0,73.0,230.0
JAWA TENGAH,KOTA SEMARANG,SEMARANG TIMUR,KEBONAGUNG,3374031004004,54.0,93.0,83.0,230.0
JAWA TENGAH,KOTA SEMARANG,SEMARANG TIMUR,KEBONAGUNG,3374031004005,100.0,63.0,60.0,223.0
JAWA TENGAH,KOTA SEMARANG,SEMARANG TIMUR,KEBONAGUNG,3374031004006,,,,
JAWA TENGAH,KOTA SEMARANG,SEMARANG TIMUR,KEBONAGUNG,3374031004007,19.0,77.0,109.0,205.0
JAWA TENGAH,KOTA SEMARANG,SEMARANG TIMUR,KEBONAGUNG,3374031004008,40.0,61.0,87.0,188.0
JAWA TENGAH,KOTA SEMARANG,SEMARANG TIMUR,KEBONAGUNG,3374031004009,5.0,62.0,154.0,221.0
JAWA TENGAH,KOTA SEMARANG,SEMARANG TIMUR,KEBONAGUNG,3374031004010,20.0,78.0,91.0,189.0
JAWA TENGAH,KOTA SEMARANG,SEMARANG TIMUR,KEBONAGUNG,3374031004011,,,,
JAWA TENGAH,KOTA SEMARANG,SEMARANG TIMUR,KEBONAGUNG,3374031004012,19.0,73.0,96.0,188.0
JAWA TENGAH,KOTA SEMARANG,SEMARANG TIMUR,KEBONAGUNG,3374031004013,,,,
JAWA TENGAH,KOTA SEMARANG,SEMARANG TIMUR,KEMIJEN,3374031001001,,,,
JAWA TENGAH,KOTA SEMARANG,SEMARANG TIMUR,KEMIJEN,3374031001002,20.0,88.0,80.0,188.0
JAWA TENGAH,KOTA SEMARANG,SEMARANG TIMUR,KEMIJEN,3374031001003,14.0,103.0,99.0,216.0
JAWA TENGAH,KOTA SEMARANG,SEMARANG TIMUR,KEMIJEN,3374031001004,,,,
JAWA TENGAH,KOTA SEMARANG,SEMARANG TIMUR,KEMIJEN,3374031001005,,,,
JAWA TENGAH,KOTA SEMARANG,SEMARANG TIMUR,KEMIJEN,3374031001006,57.0,125.0,58.0,240.0
JAWA TENGAH,KOTA SEMARANG,SEMARANG TIMUR,KEMIJEN,3374031001007,,,,
JAWA TENGAH,KOTA SEMARANG,SEMARANG TIMUR,KEMIJEN,3374031001008,12.0,98.0,107.0,217.0
JAWA TENGAH,KOTA SEMARANG,SEMARANG TIMUR,KEMIJEN,3374031001009,24.0,68.0,117.0,209.0
JAWA TENGAH,KOTA SEMARANG,SEMARANG TIMUR,KEMIJEN,3374031001010,25.0,85.0,120.0,230.0
JAWA TENGAH,KOTA SEMARANG,SEMARANG TIMUR,KEMIJEN,3374031001011,21.0,111.0,92.0,224.0
JAWA TENGAH,KOTA SEMARANG,SEMARANG TIMUR,KEMIJEN,3374031001012,24.0,100.0,113.0,237.0
JAWA TENGAH,KOTA SEMARANG,SEMARANG TIMUR,KEMIJEN,3374031001013,6.0,98.0,111.0,215.0
JAWA TENGAH,KOTA SEMARANG,SEMARANG TIMUR,KEMIJEN,3374031001014,7.0,123.0,83.0,213.0
JAWA TENGAH,KOTA SEMARANG,SEMARANG TIMUR,KEMIJEN,3374031001015,15.0,98.0,84.0,197.0
JAWA TENGAH,KOTA SEMARANG,SEMARANG TIMUR,KEMIJEN,3374031001016,,,,
JAWA TENGAH,KOTA SEMARANG,SEMARANG TIMUR,KEMIJEN,3374031001017,15.0,127.0,65.0,207.0
JAWA TENGAH,KOTA SEMARANG,SEMARANG TIMUR,KEMIJEN,3374031001018,14.0,118.0,84.0,216.0
JAWA TENGAH,KOTA SEMARANG,SEMARANG TIMUR,KEMIJEN,3374031001019,16.0,107.0,98.0,221.0
JAWA TENGAH,KOTA SEMARANG,SEMARANG TIMUR,KEMIJEN,3374031001020,25.0,135.0,75.0,235.0
JAWA TENGAH,KOTA SEMARANG,SEMARANG TIMUR,KEMIJEN,3374031001021,,,,
JAWA TENGAH,KOTA SEMARANG,SEMARANG TIMUR,KEMIJEN,3374031001022,14.0,106.0,94.0,214.0
JAWA TENGAH,KOTA SEMARANG,SEMARANG TIMUR,KEMIJEN,3374031001023,10.0,124.0,80.0,214.0
JAWA TENGAH,KOTA SEMARANG,SEMARANG TIMUR,KEMIJEN,3374031001024,,,,
JAWA TENGAH,KOTA SEMARANG,SEMARANG TIMUR,KEMIJEN,3374031001025,,,,
JAWA TENGAH,KOTA SEMARANG,SEMARANG TIMUR,KEMIJEN,3374031001026,,,,
JAWA TENGAH,KOTA SEMARANG,SEMARANG TIMUR,KEMIJEN,3374031001027,,,,
JAWA TENGAH,KOTA SEMARANG,SEMARANG TIMUR,KEMIJEN,3374031001028,6.0,126.0,67.0,199.0
JAWA TENGAH,KOTA SEMARANG,SEMARANG TIMUR,KEMIJEN,3374031001029,,,,
JAWA TENGAH,KOTA SEMARANG,SEMARANG TIMUR,KEMIJEN,3374031001030,,,,
JAWA TENGAH,KOTA SEMARANG,SEMARANG TIMUR,KEMIJEN,3374031001031,,,,
JAWA TENGAH,KOTA SEMARANG,SEMARANG TIMUR,KEMIJEN,3374031001032,,,,
JAWA TENGAH,KOTA SEMARANG,SEMARANG TIMUR,KEMIJEN,3374031001033,16.0,103.0,96.0,215.0
JAWA TENGAH,KOTA SEMARANG,SEMARANG TIMUR,KEMIJEN,3374031001034,19.0,87.0,105.0,211.0
JAWA TENGAH,KOTA SEMARANG,SEMARANG TIMUR,KEMIJEN,3374031001035,17.0,90.0,101.0,208.0
JAWA TENGAH,KOTA SEMARANG,SEMARANG TIMUR,KEMIJEN,3374031001036,,,,
JAWA TENGAH,KOTA SEMARANG,SEMARANG TIMUR,KEMIJEN,3374031001037,13.0,125.0,85.0,223.0
JAWA TENGAH,KOTA SEMARANG,SEMARANG TIMUR,MLATIBARU,3374031003001,14.0,55.0,124.0,193.0
JAWA TENGAH,KOTA SEMARANG,SEMARANG TIMUR,MLATIBARU,3374031003002,,,,
JAWA TENGAH,KOTA SEMARANG,SEMARANG TIMUR,MLATIBARU,3374031003003,,,,
JAWA TENGAH,KOTA SEMARANG,SEMARANG TIMUR,MLATIBARU,3374031003004,61.0,69.0,80.0,210.0
JAWA TENGAH,KOTA SEMARANG,SEMARANG TIMUR,MLATIBARU,3374031003005,,,,
JAWA TENGAH,KOTA SEMARANG,SEMARANG TIMUR,MLATIBARU,3374031003006,,,,
JAWA TENGAH,KOTA SEMARANG,SEMARANG TIMUR,MLATIBARU,3374031003007,,,,
JAWA TENGAH,KOTA SEMARANG,SEMARANG TIMUR,MLATIBARU,3374031003008,6.0,87.0,102.0,195.0
JAWA TENGAH,KOTA SEMARANG,SEMARANG TIMUR,MLATIBARU,3374031003009,24.0,108.0,98.0,230.0
JAWA TENGAH,KOTA SEMARANG,SEMARANG TIMUR,MLATIBARU,3374031003010,,,,
JAWA TENGAH,KOTA SEMARANG,SEMARANG TIMUR,MLATIBARU,3374031003011,18.0,96.0,94.0,208.0
JAWA TENGAH,KOTA SEMARANG,SEMARANG TIMUR,MLATIBARU,3374031003012,,,,
JAWA TENGAH,KOTA SEMARANG,SEMARANG TIMUR,MLATIBARU,3374031003013,24.0,109.0,76.0,209.0
JAWA TENGAH,KOTA SEMARANG,SEMARANG TIMUR,MLATIBARU,3374031003014,,,,
JAWA TENGAH,KOTA SEMARANG,SEMARANG TIMUR,MLATIBARU,3374031003015,,,,
JAWA TENGAH,KOTA SEMARANG,SEMARANG TIMUR,MLATIBARU,3374031003016,,,,
JAWA TENGAH,KOTA SEMARANG,SEMARANG TIMUR,MLATIBARU,3374031003017,15.0,101.0,104.0,220.0
JAWA TENGAH,KOTA SEMARANG,SEMARANG TIMUR,MLATIBARU,3374031003018,26.0,132.0,64.0,222.0
JAWA TENGAH,KOTA SEMARANG,SEMARANG TIMUR,MLATIHARJO,3374031005001,,,,
JAWA TENGAH,KOTA SEMARANG,SEMARANG TIMUR,MLATIHARJO,3374031005002,,,,
JAWA TENGAH,KOTA SEMARANG,SEMARANG TIMUR,MLATIHARJO,3374031005003,15.0,88.0,75.0,178.0
JAWA TENGAH,KOTA SEMARANG,SEMARANG TIMUR,MLATIHARJO,3374031005004,,,,
JAWA TENGAH,KOTA SEMARANG,SEMARANG TIMUR,MLATIHARJO,3374031005005,23.0,102.0,99.0,224.0
JAWA TENGAH,KOTA SEMARANG,SEMARANG TIMUR,MLATIHARJO,3374031005006,,,,
JAWA TENGAH,KOTA SEMARANG,SEMARANG TIMUR,MLATIHARJO,3374031005007,,,,
JAWA TENGAH,KOTA SEMARANG,SEMARANG TIMUR,MLATIHARJO,3374031005008,,,,
JAWA TENGAH,KOTA SEMARANG,SEMARANG TIMUR,MLATIHARJO,3374031005009,,,,
JAWA TENGAH,KOTA SEMARANG,SEMARANG TIMUR,MLATIHARJO,3374031005010,,,,
JAWA TENGAH,KOTA SEMARANG,SEMARANG TIMUR,MLATIHARJO,3374031005011,,,,
JAWA TENGAH,KOTA SEMARANG,SEMARANG TIMUR,MLATIHARJO,3374031005012,,,,
JAWA TENGAH,KOTA SEMARANG,SEMARANG TIMUR,MLATIHARJO,3374031005013,,,,
JAWA TENGAH,KOTA SEMARANG,SEMARANG TIMUR,MLATIHARJO,3374031005014,,,,
JAWA TENGAH,KOTA SEMARANG,SEMARANG TIMUR,REJOMULYO,3374031002001,17.0,49.0,136.0,202.0
JAWA TENGAH,KOTA SEMARANG,SEMARANG TIMUR,REJOMULYO,3374031002002,,,,
JAWA TENGAH,KOTA SEMARANG,SEMARANG TIMUR,REJOMULYO,3374031002003,27.0,83.0,86.0,196.0
JAWA TENGAH,KOTA SEMARANG,SEMARANG TIMUR,REJOMULYO,3374031002004,,,,
JAWA TENGAH,KOTA SEMARANG,SEMARANG TIMUR,REJOMULYO,3374031002005,16.0,95.0,96.0,207.0
JAWA TENGAH,KOTA SEMARANG,SEMARANG TIMUR,REJOMULYO,3374031002006,,,,
JAWA TENGAH,KOTA SEMARANG,SEMARANG TIMUR,REJOMULYO,3374031002007,,,,
JAWA TENGAH,KOTA SEMARANG,SEMARANG TIMUR,REJOMULYO,3374031002008,,,,
JAWA TENGAH,KOTA SEMARANG,SEMARANG TIMUR,REJOMULYO,3374031002009,39.0,82.0,60.0,181.0
JAWA TENGAH,KOTA SEMARANG,SEMARANG TIMUR,REJOMULYO,3374031002010,26.0,92.0,92.0,210.0
JAWA TENGAH,KOTA SEMARANG,SEMARANG TIMUR,REJOMULYO,3374031002011,,,,
JAWA TENGAH,KOTA SEMARANG,SEMARANG TIMUR,REJOSARI,3374031008001,4.0,47.0,131.0,182.0
JAWA TENGAH,KOTA SEMARANG,SEMARANG TIMUR,REJOSARI,3374031008002,22.0,72.0,117.0,211.0
JAWA TENGAH,KOTA SEMARANG,SEMARANG TIMUR,REJOSARI,3374031008003,28.0,78.0,99.0,205.0
JAWA TENGAH,KOTA SEMARANG,SEMARANG TIMUR,REJOSARI,3374031008004,,,,
JAWA TENGAH,KOTA SEMARANG,SEMARANG TIMUR,REJOSARI,3374031008005,,,,
JAWA TENGAH,KOTA SEMARANG,SEMARANG TIMUR,REJOSARI,3374031008006,15.0,61.0,74.0,150.0
JAWA TENGAH,KOTA SEMARANG,SEMARANG TIMUR,REJOSARI,3374031008007,17.0,92.0,93.0,202.0
JAWA TENGAH,KOTA SEMARANG,SEMARANG TIMUR,REJOSARI,3374031008008,,,,
JAWA TENGAH,KOTA SEMARANG,SEMARANG TIMUR,REJOSARI,3374031008009,,,,
JAWA TENGAH,KOTA SEMARANG,SEMARANG TIMUR,REJOSARI,3374031008010,25.0,87.0,86.0,198.0
JAWA TENGAH,KOTA SEMARANG,SEMARANG TIMUR,REJOSARI,3374031008011,29.0,81.0,99.0,209.0
JAWA TENGAH,KOTA SEMARANG,SEMARANG TIMUR,REJOSARI,3374031008012,17.0,80.0,67.0,164.0
JAWA TENGAH,KOTA SEMARANG,SEMARANG TIMUR,REJOSARI,3374031008013,38.0,90.0,87.0,215.0
JAWA TENGAH,KOTA SEMARANG,SEMARANG TIMUR,REJOSARI,3374031008014,,,,
JAWA TENGAH,KOTA SEMARANG,SEMARANG TIMUR,REJOSARI,3374031008015,12.0,118.0,87.0,217.0
JAWA TENGAH,KOTA SEMARANG,SEMARANG TIMUR,REJOSARI,3374031008016,19.0,54.0,80.0,153.0
JAWA TENGAH,KOTA SEMARANG,SEMARANG TIMUR,REJOSARI,3374031008017,,,,
JAWA TENGAH,KOTA SEMARANG,SEMARANG TIMUR,REJOSARI,3374031008018,20.0,101.0,100.0,221.0
JAWA TENGAH,KOTA SEMARANG,SEMARANG TIMUR,REJOSARI,3374031008019,,,,
JAWA TENGAH,KOTA SEMARANG,SEMARANG TIMUR,REJOSARI,3374031008020,,,,
JAWA TENGAH,KOTA SEMARANG,SEMARANG TIMUR,REJOSARI,3374031008021,,,,
JAWA TENGAH,KOTA SEMARANG,SEMARANG TIMUR,REJOSARI,3374031008022,,,,
JAWA TENGAH,KOTA SEMARANG,SEMARANG TIMUR,REJOSARI,3374031008023,,,,
JAWA TENGAH,KOTA SEMARANG,SEMARANG TIMUR,REJOSARI,3374031008024,16.0,103.0,106.0,225.0
JAWA TENGAH,KOTA SEMARANG,SEMARANG TIMUR,REJOSARI,3374031008025,10.0,98.0,119.0,227.0
JAWA TENGAH,KOTA SEMARANG,SEMARANG TIMUR,REJOSARI,3374031008026,17.0,61.0,86.0,164.0
JAWA TENGAH,KOTA SEMARANG,SEMARANG TIMUR,REJOSARI,3374031008027,26.0,69.0,91.0,186.0
JAWA TENGAH,KOTA SEMARANG,SEMARANG TIMUR,REJOSARI,3374031008028,11.0,95.0,105.0,211.0
JAWA TENGAH,KOTA SEMARANG,SEMARANG TIMUR,REJOSARI,3374031008029,,,,
JAWA TENGAH,KOTA SEMARANG,SEMARANG TIMUR,REJOSARI,3374031008030,17.0,114.0,85.0,216.0
JAWA TENGAH,KOTA SEMARANG,SEMARANG TIMUR,REJOSARI,3374031008031,22.0,68.0,115.0,205.0
JAWA TENGAH,KOTA SEMARANG,SEMARANG TIMUR,REJOSARI,3374031008032,21.0,98.0,106.0,225.0
JAWA TENGAH,KOTA SEMARANG,SEMARANG TIMUR,REJOSARI,3374031008033,,,,
JAWA TENGAH,KOTA SEMARANG,SEMARANG TIMUR,REJOSARI,3374031008034,15.0,65.0,119.0,199.0
JAWA TENGAH,KOTA SEMARANG,SEMARANG TIMUR,REJOSARI,3374031008035,,,,
JAWA TENGAH,KOTA SEMARANG,SEMARANG TIMUR,REJOSARI,3374031008036,11.0,76.0,99.0,186.0
JAWA TENGAH,KOTA SEMARANG,SEMARANG TIMUR,REJOSARI,3374031008037,11.0,75.0,79.0,165.0
JAWA TENGAH,KOTA SEMARANG,SEMARANG TIMUR,REJOSARI,3374031008038,,,,
JAWA TENGAH,KOTA SEMARANG,SEMARANG TIMUR,REJOSARI,3374031008039,,,,
JAWA TENGAH,KOTA SEMARANG,SEMARANG TIMUR,REJOSARI,3374031008040,18.0,100.0,69.0,187.0
JAWA TENGAH,KOTA SEMARANG,SEMARANG TIMUR,REJOSARI,3374031008041,,,,
JAWA TENGAH,KOTA SEMARANG,SEMARANG TIMUR,REJOSARI,3374031008042,,,,
JAWA TENGAH,KOTA SEMARANG,SEMARANG TIMUR,REJOSARI,3374031008043,17.0,65.0,73.0,155.0
JAWA TENGAH,KOTA SEMARANG,SEMARANG TIMUR,REJOSARI,3374031008044,16.0,90.0,98.0,204.0
JAWA TENGAH,KOTA SEMARANG,SEMARANG TIMUR,REJOSARI,3374031008045,21.0,104.0,106.0,231.0
JAWA TENGAH,KOTA SEMARANG,SEMARANG TIMUR,REJOSARI,3374031008046,23.0,97.0,122.0,242.0
JAWA TENGAH,KOTA SEMARANG,SEMARANG TIMUR,SARIREJO,3374031007001,,,,
JAWA TENGAH,KOTA SEMARANG,SEMARANG TIMUR,SARIREJO,3374031007002,,,,
JAWA TENGAH,KOTA SEMARANG,SEMARANG TIMUR,SARIREJO,3374031007003,,,,
JAWA TENGAH,KOTA SEMARANG,SEMARANG TIMUR,SARIREJO,3374031007004,2.0,64.0,140.0,206.0
JAWA TENGAH,KOTA SEMARANG,SEMARANG TIMUR,SARIREJO,3374031007005,26.0,89.0,99.0,214.0
JAWA TENGAH,KOTA SEMARANG,SEMARANG TIMUR,SARIREJO,3374031007006,,,,
JAWA TENGAH,KOTA SEMARANG,SEMARANG TIMUR,SARIREJO,3374031007007,,,,
JAWA TENGAH,KOTA SEMARANG,SEMARANG TIMUR,SARIREJO,3374031007008,,,,
JAWA TENGAH,KOTA SEMARANG,SEMARANG TIMUR,SARIREJO,3374031007009,,,,
JAWA TENGAH,KOTA SEMARANG,SEMARANG TIMUR,SARIREJO,3374031007010,10.0,74.0,149.0,233.0
JAWA TENGAH,KOTA SEMARANG,SEMARANG TIMUR,SARIREJO,3374031007011,,,,
JAWA TENGAH,KOTA SEMARANG,SEMARANG TIMUR,SARIREJO,3374031007012,,,,
JAWA TENGAH,KOTA SEMARANG,SEMARANG TIMUR,SARIREJO,3374031007013,11.0,101.0,115.0,227.0
JAWA TENGAH,KOTA SEMARANG,SEMARANG TIMUR,SARIREJO,3374031007014,,,,
JAWA TENGAH,KOTA SEMARANG,SEMARANG TIMUR,SARIREJO,3374031007015,,,,
JAWA TENGAH,KOTA SEMARANG,SEMARANG TIMUR,SARIREJO,3374031007016,19.0,88.0,105.0,212.0
JAWA TENGAH,KOTA SEMARANG,SEMARANG TIMUR,SARIREJO,3374031007017,,,,
JAWA TENGAH,KOTA SEMARANG,SEMARANG TIMUR,SARIREJO,3374031007018,,,,
JAWA TENGAH,KOTA SEMARANG,SEMARANG TIMUR,SARIREJO,3374031007019,,,,
JAWA TENGAH,KOTA SEMARANG,SEMARANG TIMUR,SARIREJO,3374031007020,,,,
JAWA TENGAH,KOTA SEMARANG,SEMARANG TIMUR,SARIREJO,3374031007021,31.0,70.0,137.0,238.0
JAWA TENGAH,KOTA SEMARANG,SEMARANG TIMUR,SARIREJO,3374031007022,,,,
JAWA TENGAH,KOTA SEMARANG,SEMARANG TIMUR,SARIREJO,3374031007023,34.0,76.0,86.0,196.0
JAWA TENGAH,KOTA SEMARANG,SEMARANG UTARA,BANDARHARJO,3374021001001,,,,
JAWA TENGAH,KOTA SEMARANG,SEMARANG UTARA,BANDARHARJO,3374021001002,,,,
JAWA TENGAH,KOTA SEMARANG,SEMARANG UTARA,BANDARHARJO,3374021001003,,,,
JAWA TENGAH,KOTA SEMARANG,SEMARANG UTARA,BANDARHARJO,3374021001004,6.0,103.0,103.0,212.0
JAWA TENGAH,KOTA SEMARANG,SEMARANG UTARA,BANDARHARJO,3374021001005,6.0,95.0,90.0,191.0
JAWA TENGAH,KOTA SEMARANG,SEMARANG UTARA,BANDARHARJO,3374021001006,6.0,93.0,89.0,188.0
JAWA TENGAH,KOTA SEMARANG,SEMARANG UTARA,BANDARHARJO,3374021001007,15.0,115.0,113.0,243.0
JAWA TENGAH,KOTA SEMARANG,SEMARANG UTARA,BANDARHARJO,3374021001008,34.0,108.0,81.0,223.0
JAWA TENGAH,KOTA SEMARANG,SEMARANG UTARA,BANDARHARJO,3374021001009,,,,
JAWA TENGAH,KOTA SEMARANG,SEMARANG UTARA,BANDARHARJO,3374021001010,,,,
JAWA TENGAH,KOTA SEMARANG,SEMARANG UTARA,BANDARHARJO,3374021001011,22.0,110.0,94.0,226.0
JAWA TENGAH,KOTA SEMARANG,SEMARANG UTARA,BANDARHARJO,3374021001012,13.0,118.0,99.0,230.0
JAWA TENGAH,KOTA SEMARANG,SEMARANG UTARA,BANDARHARJO,3374021001013,12.0,81.0,73.0,166.0
JAWA TENGAH,KOTA SEMARANG,SEMARANG UTARA,BANDARHARJO,3374021001014,,,,
JAWA TENGAH,KOTA SEMARANG,SEMARANG UTARA,BANDARHARJO,3374021001015,12.0,104.0,87.0,203.0
JAWA TENGAH,KOTA SEMARANG,SEMARANG UTARA,BANDARHARJO,3374021001016,,,,
JAWA TENGAH,KOTA SEMARANG,SEMARANG UTARA,BANDARHARJO,3374021001017,,,,
JAWA TENGAH,KOTA SEMARANG,SEMARANG UTARA,BANDARHARJO,3374021001018,18.0,112.0,113.0,243.0
JAWA TENGAH,KOTA SEMARANG,SEMARANG UTARA,BANDARHARJO,3374021001019,21.0,125.0,84.0,230.0
JAWA TENGAH,KOTA SEMARANG,SEMARANG UTARA,BANDARHARJO,3374021001020,8.0,97.0,125.0,230.0
JAWA TENGAH,KOTA SEMARANG,SEMARANG UTARA,BANDARHARJO,3374021001021,,,,
JAWA TENGAH,KOTA SEMARANG,SEMARANG UTARA,BANDARHARJO,3374021001022,18.0,126.0,104.0,248.0
JAWA TENGAH,KOTA SEMARANG,SEMARANG UTARA,BANDARHARJO,3374021001023,,,,
JAWA TENGAH,KOTA SEMARANG,SEMARANG UTARA,BANDARHARJO,3374021001024,,,,
JAWA TENGAH,KOTA SEMARANG,SEMARANG UTARA,BANDARHARJO,3374021001025,9.0,89.0,97.0,195.0
JAWA TENGAH,KOTA SEMARANG,SEMARANG UTARA,BANDARHARJO,3374021001026,14.0,128.0,83.0,225.0
JAWA TENGAH,KOTA SEMARANG,SEMARANG UTARA,BANDARHARJO,3374021001027,,,,
JAWA TENGAH,KOTA SEMARANG,SEMARANG UTARA,BANDARHARJO,3374021001028,,,,
JAWA TENGAH,KOTA SEMARANG,SEMARANG UTARA,BANDARHARJO,3374021001029,,,,
JAWA TENGAH,KOTA SEMARANG,SEMARANG UTARA,BANDARHARJO,3374021001030,14.0,110.0,114.0,238.0
JAWA TENGAH,KOTA SEMARANG,SEMARANG UTARA,BANDARHARJO,3374021001031,,,,
JAWA TENGAH,KOTA SEMARANG,SEMARANG UTARA,BANDARHARJO,3374021001032,,,,
JAWA TENGAH,KOTA SEMARANG,SEMARANG UTARA,BANDARHARJO,3374021001033,25.0,146.0,82.0,253.0
JAWA TENGAH,KOTA SEMARANG,SEMARANG UTARA,BANDARHARJO,3374021001034,,,,
JAWA TENGAH,KOTA SEMARANG,SEMARANG UTARA,BANDARHARJO,3374021001035,18.0,109.0,101.0,228.0
JAWA TENGAH,KOTA SEMARANG,SEMARANG UTARA,BANDARHARJO,3374021001036,15.0,103.0,112.0,230.0
JAWA TENGAH,KOTA SEMARANG,SEMARANG UTARA,BANDARHARJO,3374021001037,,,,
JAWA TENGAH,KOTA SEMARANG,SEMARANG UTARA,BANDARHARJO,3374021001038,,,,
JAWA TENGAH,KOTA SEMARANG,SEMARANG UTARA,BANDARHARJO,3374021001039,2.0,118.0,90.0,210.0
JAWA TENGAH,KOTA SEMARANG,SEMARANG UTARA,BANDARHARJO,3374021001040,15.0,104.0,105.0,224.0
JAWA TENGAH,KOTA SEMARANG,SEMARANG UTARA,BANDARHARJO,3374021001041,15.0,121.0,104.0,240.0
JAWA TENGAH,KOTA SEMARANG,SEMARANG UTARA,BANDARHARJO,3374021001042,,,,
JAWA TENGAH,KOTA SEMARANG,SEMARANG UTARA,BANDARHARJO,3374021001043,26.0,120.0,105.0,251.0
JAWA TENGAH,KOTA SEMARANG,SEMARANG UTARA,BANDARHARJO,3374021001044,7.0,116.0,96.0,219.0
JAWA TENGAH,KOTA SEMARANG,SEMARANG UTARA,BANDARHARJO,3374021001045,15.0,117.0,110.0,242.0
JAWA TENGAH,KOTA SEMARANG,SEMARANG UTARA,BANDARHARJO,3374021001046,21.0,107.0,87.0,215.0
JAWA TENGAH,KOTA SEMARANG,SEMARANG UTARA,BANDARHARJO,3374021001047,13.0,125.0,88.0,226.0
JAWA TENGAH,KOTA SEMARANG,SEMARANG UTARA,BANDARHARJO,3374021001048,17.0,115.0,92.0,224.0
JAWA TENGAH,KOTA SEMARANG,SEMARANG UTARA,BANDARHARJO,3374021001049,18.0,118.0,100.0,236.0
JAWA TENGAH,KOTA SEMARANG,SEMARANG UTARA,BANDARHARJO,3374021001050,5.0,100.0,69.0,174.0
JAWA TENGAH,KOTA SEMARANG,SEMARANG UTARA,BANDARHARJO,3374021001051,15.0,108.0,95.0,218.0
JAWA TENGAH,KOTA SEMARANG,SEMARANG UTARA,BANDARHARJO,3374021001052,,,,
JAWA TENGAH,KOTA SEMARANG,SEMARANG UTARA,BANDARHARJO,3374021001053,8.0,59.0,82.0,149.0
JAWA TENGAH,KOTA SEMARANG,SEMARANG UTARA,BULU LOR,3374021002001,,,,
JAWA TENGAH,KOTA SEMARANG,SEMARANG UTARA,BULU LOR,3374021002002,43.0,93.0,103.0,239.0
JAWA TENGAH,KOTA SEMARANG,SEMARANG UTARA,BULU LOR,3374021002003,29.0,96.0,120.0,245.0
JAWA TENGAH,KOTA SEMARANG,SEMARANG UTARA,BULU LOR,3374021002004,24.0,107.0,71.0,202.0
JAWA TENGAH,KOTA SEMARANG,SEMARANG UTARA,BULU LOR,3374021002005,,,,
JAWA TENGAH,KOTA SEMARANG,SEMARANG UTARA,BULU LOR,3374021002006,,,,
JAWA TENGAH,KOTA SEMARANG,SEMARANG UTARA,BULU LOR,3374021002007,,,,
JAWA TENGAH,KOTA SEMARANG,SEMARANG UTARA,BULU LOR,3374021002008,23.0,79.0,99.0,201.0
JAWA TENGAH,KOTA SEMARANG,SEMARANG UTARA,BULU LOR,3374021002009,17.0,77.0,54.0,148.0
JAWA TENGAH,KOTA SEMARANG,SEMARANG UTARA,BULU LOR,3374021002010,20.0,76.0,57.0,153.0
JAWA TENGAH,KOTA SEMARANG,SEMARANG UTARA,BULU LOR,3374021002011,,,,
JAWA TENGAH,KOTA SEMARANG,SEMARANG UTARA,BULU LOR,3374021002012,40.0,100.0,87.0,227.0
JAWA TENGAH,KOTA SEMARANG,SEMARANG UTARA,BULU LOR,3374021002013,43.0,108.0,94.0,245.0
JAWA TENGAH,KOTA SEMARANG,SEMARANG UTARA,BULU LOR,3374021002014,31.0,107.0,92.0,230.0
JAWA TENGAH,KOTA SEMARANG,SEMARANG UTARA,BULU LOR,3374021002015,,,,
JAWA TENGAH,KOTA SEMARANG,SEMARANG UTARA,BULU LOR,3374021002016,,,,
JAWA TENGAH,KOTA SEMARANG,SEMARANG UTARA,BULU LOR,3374021002017,,,,
JAWA TENGAH,KOTA SEMARANG,SEMARANG UTARA,BULU LOR,3374021002018,11.0,104.0,113.0,228.0
JAWA TENGAH,KOTA SEMARANG,SEMARANG UTARA,BULU LOR,3374021002019,,,,
JAWA TENGAH,KOTA SEMARANG,SEMARANG UTARA,BULU LOR,3374021002020,,,,
JAWA TENGAH,KOTA SEMARANG,SEMARANG UTARA,BULU LOR,3374021002021,19.0,97.0,126.0,242.0
JAWA TENGAH,KOTA SEMARANG,SEMARANG UTARA,BULU LOR,3374021002022,18.0,95.0,116.0,229.0
JAWA TENGAH,KOTA SEMARANG,SEMARANG UTARA,BULU LOR,3374021002023,18.0,108.0,105.0,231.0
JAWA TENGAH,KOTA SEMARANG,SEMARANG UTARA,BULU LOR,3374021002024,17.0,114.0,105.0,236.0
JAWA TENGAH,KOTA SEMARANG,SEMARANG UTARA,BULU LOR,3374021002025,,,,
JAWA TENGAH,KOTA SEMARANG,SEMARANG UTARA,BULU LOR,3374021002026,20.0,96.0,77.0,193.0
JAWA TENGAH,KOTA SEMARANG,SEMARANG UTARA,BULU LOR,3374021002027,,,,
JAWA TENGAH,KOTA SEMARANG,SEMARANG UTARA,BULU LOR,3374021002028,14.0,94.0,72.0,180.0
JAWA TENGAH,KOTA SEMARANG,SEMARANG UTARA,BULU LOR,3374021002029,,,,
JAWA TENGAH,KOTA SEMARANG,SEMARANG UTARA,BULU LOR,3374021002030,12.0,115.0,107.0,234.0
JAWA TENGAH,KOTA SEMARANG,SEMARANG UTARA,BULU LOR,3374021002031,,,,
JAWA TENGAH,KOTA SEMARANG,SEMARANG UTARA,BULU LOR,3374021002032,26.0,96.0,116.0,238.0
JAWA TENGAH,KOTA SEMARANG,SEMARANG UTARA,BULU LOR,3374021002033,12.0,126.0,104.0,242.0
JAWA TENGAH,KOTA SEMARANG,SEMARANG UTARA,BULU LOR,3374021002034,,,,
JAWA TENGAH,KOTA SEMARANG,SEMARANG UTARA,BULU LOR,3374021002035,,,,
JAWA TENGAH,KOTA SEMARANG,SEMARANG UTARA,BULU LOR,3374021002036,,,,
JAWA TENGAH,KOTA SEMARANG,SEMARANG UTARA,BULU LOR,3374021002037,,,,
JAWA TENGAH,KOTA SEMARANG,SEMARANG UTARA,BULU LOR,3374021002038,24.0,101.0,115.0,240.0
JAWA TENGAH,KOTA SEMARANG,SEMARANG UTARA,BULU LOR,3374021002039,10.0,54.0,68.0,132.0
JAWA TENGAH,KOTA SEMARANG,SEMARANG UTARA,DADAPSARI,3374021009001,,,,
JAWA TENGAH,KOTA SEMARANG,SEMARANG UTARA,DADAPSARI,3374021009002,29.0,91.0,101.0,221.0
JAWA TENGAH,KOTA SEMARANG,SEMARANG UTARA,DADAPSARI,3374021009003,17.0,118.0,115.0,250.0
JAWA TENGAH,KOTA SEMARANG,SEMARANG UTARA,DADAPSARI,3374021009004,,,,
JAWA TENGAH,KOTA SEMARANG,SEMARANG UTARA,DADAPSARI,3374021009005,54.0,95.0,65.0,214.0
JAWA TENGAH,KOTA SEMARANG,SEMARANG UTARA,DADAPSARI,3374021009006,55.0,79.0,62.0,196.0
JAWA TENGAH,KOTA SEMARANG,SEMARANG UTARA,DADAPSARI,3374021009007,30.0,86.0,67.0,183.0
JAWA TENGAH,KOTA SEMARANG,SEMARANG UTARA,DADAPSARI,3374021009008,33.0,88.0,95.0,216.0
JAWA TENGAH,KOTA SEMARANG,SEMARANG UTARA,DADAPSARI,3374021009009,15.0,105.0,103.0,223.0
JAWA TENGAH,KOTA SEMARANG,SEMARANG UTARA,DADAPSARI,3374021009010,47.0,102.0,70.0,219.0
JAWA TENGAH,KOTA SEMARANG,SEMARANG UTARA,DADAPSARI,3374021009011,32.0,96.0,92.0,220.0
JAWA TENGAH,KOTA SEMARANG,SEMARANG UTARA,DADAPSARI,3374021009012,49.0,85.0,85.0,219.0
JAWA TENGAH,KOTA SEMARANG,SEMARANG UTARA,DADAPSARI,3374021009013,45.0,80.0,97.0,222.0
JAWA TENGAH,KOTA SEMARANG,SEMARANG UTARA,DADAPSARI,3374021009014,52.0,91.0,64.0,207.0
JAWA TENGAH,KOTA SEMARANG,SEMARANG UTARA,DADAPSARI,3374021009015,49.0,86.0,77.0,212.0
JAWA TENGAH,KOTA SEMARANG,SEMARANG UTARA,DADAPSARI,3374021009016,46.0,94.0,81.0,221.0
JAWA TENGAH,KOTA SEMARANG,SEMARANG UTARA,DADAPSARI,3374021009017,34.0,88.0,55.0,177.0
JAWA TENGAH,KOTA SEMARANG,SEMARANG UTARA,DADAPSARI,3374021009018,52.0,105.0,59.0,216.0
JAWA TENGAH,KOTA SEMARANG,SEMARANG UTARA,DADAPSARI,3374021009019,125.0,68.0,24.0,217.0
JAWA TENGAH,KOTA SEMARANG,SEMARANG UTARA,DADAPSARI,3374021009020,21.0,75.0,72.0,168.0
JAWA TENGAH,KOTA SEMARANG,SEMARANG UTARA,DADAPSARI,3374021009021,,,,
JAWA TENGAH,KOTA SEMARANG,SEMARANG UTARA,DADAPSARI,3374021009022,16.0,107.0,95.0,218.0
JAWA TENGAH,KOTA SEMARANG,SEMARANG UTARA,DADAPSARI,3374021009023,27.0,53.0,71.0,151.0
JAWA TENGAH,KOTA SEMARANG,SEMARANG UTARA,KUNINGAN,3374021005001,23.0,86.0,102.0,211.0
JAWA TENGAH,KOTA SEMARANG,SEMARANG UTARA,KUNINGAN,3374021005002,19.0,155.0,51.0,225.0
JAWA TENGAH,KOTA SEMARANG,SEMARANG UTARA,KUNINGAN,3374021005003,,,,
JAWA TENGAH,KOTA SEMARANG,SEMARANG UTARA,KUNINGAN,3374021005004,85.0,78.0,57.0,220.0
JAWA TENGAH,KOTA SEMARANG,SEMARANG UTARA,KUNINGAN,3374021005005,,,,
JAWA TENGAH,KOTA SEMARANG,SEMARANG UTARA,KUNINGAN,3374021005006,19.0,116.0,83.0,218.0
JAWA TENGAH,KOTA SEMARANG,SEMARANG UTARA,KUNINGAN,3374021005007,,,,
JAWA TENGAH,KOTA SEMARANG,SEMARANG UTARA,KUNINGAN,3374021005008,,,,
JAWA TENGAH,KOTA SEMARANG,SEMARANG UTARA,KUNINGAN,3374021005009,21.0,148.0,78.0,247.0
JAWA TENGAH,KOTA SEMARANG,SEMARANG UTARA,KUNINGAN,3374021005010,23.0,104.0,95.0,222.0
JAWA TENGAH,KOTA SEMARANG,SEMARANG UTARA,KUNINGAN,3374021005011,26.0,91.0,85.0,202.0
JAWA TENGAH,KOTA SEMARANG,SEMARANG UTARA,KUNINGAN,3374021005012,25.0,114.0,76.0,215.0
JAWA TENGAH,KOTA SEMARANG,SEMARANG UTARA,KUNINGAN,3374021005013,,,,
JAWA TENGAH,KOTA SEMARANG,SEMARANG UTARA,KUNINGAN,3374021005014,,,,
JAWA TENGAH,KOTA SEMARANG,SEMARANG UTARA,KUNINGAN,3374021005015,,,,
JAWA TENGAH,KOTA SEMARANG,SEMARANG UTARA,KUNINGAN,3374021005016,,,,
JAWA TENGAH,KOTA SEMARANG,SEMARANG UTARA,KUNINGAN,3374021005017,20.0,140.0,57.0,217.0
JAWA TENGAH,KOTA SEMARANG,SEMARANG UTARA,KUNINGAN,3374021005018,17.0,80.0,102.0,199.0
JAWA TENGAH,KOTA SEMARANG,SEMARANG UTARA,KUNINGAN,3374021005019,13.0,89.0,105.0,207.0
JAWA TENGAH,KOTA SEMARANG,SEMARANG UTARA,KUNINGAN,3374021005020,15.0,98.0,128.0,241.0
JAWA TENGAH,KOTA SEMARANG,SEMARANG UTARA,KUNINGAN,3374021005021,6.0,95.0,120.0,221.0
JAWA TENGAH,KOTA SEMARANG,SEMARANG UTARA,KUNINGAN,3374021005022,8.0,77.0,111.0,196.0
JAWA TENGAH,KOTA SEMARANG,SEMARANG UTARA,KUNINGAN,3374021005023,,,,
JAWA TENGAH,KOTA SEMARANG,SEMARANG UTARA,KUNINGAN,3374021005024,,,,
JAWA TENGAH,KOTA SEMARANG,SEMARANG UTARA,KUNINGAN,3374021005025,,,,
JAWA TENGAH,KOTA SEMARANG,SEMARANG UTARA,KUNINGAN,3374021005026,40.0,108.0,72.0,220.0
JAWA TENGAH,KOTA SEMARANG,SEMARANG UTARA,KUNINGAN,3374021005027,43.0,98.0,85.0,226.0
JAWA TENGAH,KOTA SEMARANG,SEMARANG UTARA,KUNINGAN,3374021005028,,,,
JAWA TENGAH,KOTA SEMARANG,SEMARANG UTARA,KUNINGAN,3374021005029,24.0,129.0,94.0,247.0
JAWA TENGAH,KOTA SEMARANG,SEMARANG UTARA,KUNINGAN,3374021005030,30.0,120.0,78.0,228.0
JAWA TENGAH,KOTA SEMARANG,SEMARANG UTARA,KUNINGAN,3374021005031,,,,
JAWA TENGAH,KOTA SEMARANG,SEMARANG UTARA,KUNINGAN,3374021005032,18.0,107.0,103.0,228.0
JAWA TENGAH,KOTA SEMARANG,SEMARANG UTARA,KUNINGAN,3374021005033,25.0,123.0,98.0,246.0
JAWA TENGAH,KOTA SEMARANG,SEMARANG UTARA,KUNINGAN,3374021005034,21.0,130.0,88.0,239.0
JAWA TENGAH,KOTA SEMARANG,SEMARANG UTARA,KUNINGAN,3374021005035,23.0,119.0,94.0,236.0
JAWA TENGAH,KOTA SEMARANG,SEMARANG UTARA,KUNINGAN,3374021005036,11.0,126.0,83.0,220.0
JAWA TENGAH,KOTA SEMARANG,SEMARANG UTARA,KUNINGAN,3374021005037,,,,
JAWA TENGAH,KOTA SEMARANG,SEMARANG UTARA,KUNINGAN,3374021005038,37.0,74.0,68.0,179.0
JAWA TENGAH,KOTA SEMARANG,SEMARANG UTARA,PANGGUNG KIDUL,3374021007001,,,,
JAWA TENGAH,KOTA SEMARANG,SEMARANG UTARA,PANGGUNG KIDUL,3374021007002,,,,
JAWA TENGAH,KOTA SEMARANG,SEMARANG UTARA,PANGGUNG KIDUL,3374021007003,,,,
JAWA TENGAH,KOTA SEMARANG,SEMARANG UTARA,PANGGUNG KIDUL,3374021007004,26.0,86.0,105.0,217.0
JAWA TENGAH,KOTA SEMARANG,SEMARANG UTARA,PANGGUNG KIDUL,3374021007005,13.0,103.0,77.0,193.0
JAWA TENGAH,KOTA SEMARANG,SEMARANG UTARA,PANGGUNG KIDUL,3374021007006,16.0,103.0,98.0,217.0
JAWA TENGAH,KOTA SEMARANG,SEMARANG UTARA,PANGGUNG KIDUL,3374021007007,,,,
JAWA TENGAH,KOTA SEMARANG,SEMARANG UTARA,PANGGUNG KIDUL,3374021007008,13.0,96.0,68.0,177.0
JAWA TENGAH,KOTA SEMARANG,SEMARANG UTARA,PANGGUNG KIDUL,3374021007009,8.0,119.0,80.0,207.0
JAWA TENGAH,KOTA SEMARANG,SEMARANG UTARA,PANGGUNG KIDUL,3374021007010,,,,
JAWA TENGAH,KOTA SEMARANG,SEMARANG UTARA,PANGGUNG KIDUL,3374021007011,,,,
JAWA TENGAH,KOTA SEMARANG,SEMARANG UTARA,PANGGUNG KIDUL,3374021007012,,,,
JAWA TENGAH,KOTA SEMARANG,SEMARANG UTARA,PANGGUNG KIDUL,3374021007013,16.0,120.0,94.0,230.0
JAWA TENGAH,KOTA SEMARANG,SEMARANG UTARA,PANGGUNG KIDUL,3374021007014,,,,
JAWA TENGAH,KOTA SEMARANG,SEMARANG UTARA,PANGGUNG KIDUL,3374021007015,,,,
JAWA TENGAH,KOTA SEMARANG,SEMARANG UTARA,PANGGUNG KIDUL,3374021007016,,,,
JAWA TENGAH,KOTA SEMARANG,SEMARANG UTARA,PANGGUNG KIDUL,3374021007017,7.0,61.0,130.0,198.0
JAWA TENGAH,KOTA SEMARANG,SEMARANG UTARA,PANGGUNG LOR,3374021006001,14.0,98.0,120.0,232.0
JAWA TENGAH,KOTA SEMARANG,SEMARANG UTARA,PANGGUNG LOR,3374021006002,,,,
JAWA TENGAH,KOTA SEMARANG,SEMARANG UTARA,PANGGUNG LOR,3374021006003,1.0,79.0,142.0,222.0
JAWA TENGAH,KOTA SEMARANG,SEMARANG UTARA,PANGGUNG LOR,3374021006004,,,,
JAWA TENGAH,KOTA SEMARANG,SEMARANG UTARA,PANGGUNG LOR,3374021006005,,,,
JAWA TENGAH,KOTA SEMARANG,SEMARANG UTARA,PANGGUNG LOR,3374021006006,,,,
JAWA TENGAH,KOTA SEMARANG,SEMARANG UTARA,PANGGUNG LOR,3374021006007,,,,
JAWA TENGAH,KOTA SEMARANG,SEMARANG UTARA,PANGGUNG LOR,3374021006008,,,,152.0
JAWA TENGAH,KOTA SEMARANG,SEMARANG UTARA,PANGGUNG LOR,3374021006009,13.0,96.0,131.0,240.0
JAWA TENGAH,KOTA SEMARANG,SEMARANG UTARA,PANGGUNG LOR,3374021006010,,,,
JAWA TENGAH,KOTA SEMARANG,SEMARANG UTARA,PANGGUNG LOR,3374021006011,12.0,74.0,104.0,190.0
JAWA TENGAH,KOTA SEMARANG,SEMARANG UTARA,PANGGUNG LOR,3374021006012,,,,
JAWA TENGAH,KOTA SEMARANG,SEMARANG UTARA,PANGGUNG LOR,3374021006013,3.0,76.0,140.0,219.0
JAWA TENGAH,KOTA SEMARANG,SEMARANG UTARA,PANGGUNG LOR,3374021006014,8.0,79.0,123.0,210.0
JAWA TENGAH,KOTA SEMARANG,SEMARANG UTARA,PANGGUNG LOR,3374021006015,,,,
JAWA TENGAH,KOTA SEMARANG,SEMARANG UTARA,PANGGUNG LOR,3374021006016,,,,
JAWA TENGAH,KOTA SEMARANG,SEMARANG UTARA,PANGGUNG LOR,3374021006017,2.0,107.0,112.0,221.0
JAWA TENGAH,KOTA SEMARANG,SEMARANG UTARA,PANGGUNG LOR,3374021006018,,,,
JAWA TENGAH,KOTA SEMARANG,SEMARANG UTARA,PANGGUNG LOR,3374021006019,,,,
JAWA TENGAH,KOTA SEMARANG,SEMARANG UTARA,PANGGUNG LOR,3374021006020,,,,
JAWA TENGAH,KOTA SEMARANG,SEMARANG UTARA,PANGGUNG LOR,3374021006021,,,,
JAWA TENGAH,KOTA SEMARANG,SEMARANG UTARA,PANGGUNG LOR,3374021006022,24.0,88.0,91.0,203.0
JAWA TENGAH,KOTA SEMARANG,SEMARANG UTARA,PANGGUNG LOR,3374021006023,44.0,74.0,122.0,240.0
JAWA TENGAH,KOTA SEMARANG,SEMARANG UTARA,PANGGUNG LOR,3374021006024,2.0,82.0,133.0,217.0
JAWA TENGAH,KOTA SEMARANG,SEMARANG UTARA,PANGGUNG LOR,3374021006025,,,,
JAWA TENGAH,KOTA SEMARANG,SEMARANG UTARA,PANGGUNG LOR,3374021006026,,,,
JAWA TENGAH,KOTA SEMARANG,SEMARANG UTARA,PANGGUNG LOR,3374021006027,15.0,66.0,94.0,175.0
JAWA TENGAH,KOTA SEMARANG,SEMARANG UTARA,PANGGUNG LOR,3374021006028,,,,
JAWA TENGAH,KOTA SEMARANG,SEMARANG UTARA,PANGGUNG LOR,3374021006029,22.0,83.0,96.0,201.0
JAWA TENGAH,KOTA SEMARANG,SEMARANG UTARA,PANGGUNG LOR,3374021006030,8.0,74.0,128.0,210.0
JAWA TENGAH,KOTA SEMARANG,SEMARANG UTARA,PANGGUNG LOR,3374021006031,17.0,71.0,116.0,204.0
JAWA TENGAH,KOTA SEMARANG,SEMARANG UTARA,PANGGUNG LOR,3374021006032,,,,
JAWA TENGAH,KOTA SEMARANG,SEMARANG UTARA,PANGGUNG LOR,3374021006033,7.0,55.0,161.0,223.0
JAWA TENGAH,KOTA SEMARANG,SEMARANG UTARA,PANGGUNG LOR,3374021006034,,,,
JAWA TENGAH,KOTA SEMARANG,SEMARANG UTARA,PANGGUNG LOR,3374021006035,,,,
JAWA TENGAH,KOTA SEMARANG,SEMARANG UTARA,PANGGUNG LOR,3374021006036,2.0,94.0,133.0,229.0
JAWA TENGAH,KOTA SEMARANG,SEMARANG UTARA,PANGGUNG LOR,3374021006037,,,,
JAWA TENGAH,KOTA SEMARANG,SEMARANG UTARA,PANGGUNG LOR,3374021006038,,,,
JAWA TENGAH,KOTA SEMARANG,SEMARANG UTARA,PLOMBOKAN,3374021003001,30.0,106.0,97.0,233.0
JAWA TENGAH,KOTA SEMARANG,SEMARANG UTARA,PLOMBOKAN,3374021003002,17.0,120.0,114.0,251.0
JAWA TENGAH,KOTA SEMARANG,SEMARANG UTARA,PLOMBOKAN,3374021003003,,,,
JAWA TENGAH,KOTA SEMARANG,SEMARANG UTARA,PLOMBOKAN,3374021003004,10.0,94.0,122.0,226.0
JAWA TENGAH,KOTA SEMARANG,SEMARANG UTARA,PLOMBOKAN,3374021003005,14.0,47.0,135.0,196.0
JAWA TENGAH,KOTA SEMARANG,SEMARANG UTARA,PLOMBOKAN,3374021003006,9.0,60.0,129.0,198.0
JAWA TENGAH,KOTA SEMARANG,SEMARANG UTARA,PLOMBOKAN,3374021003007,18.0,113.0,108.0,239.0
JAWA TENGAH,KOTA SEMARANG,SEMARANG UTARA,PLOMBOKAN,3374021003008,22.0,118.0,76.0,216.0
JAWA TENGAH,KOTA SEMARANG,SEMARANG UTARA,PLOMBOKAN,3374021003009,12.0,100.0,105.0,217.0
JAWA TENGAH,KOTA SEMARANG,SEMARANG UTARA,PLOMBOKAN,3374021003010,19.0,131.0,62.0,212.0
JAWA TENGAH,KOTA SEMARANG,SEMARANG UTARA,PLOMBOKAN,3374021003011,,,,
JAWA TENGAH,KOTA SEMARANG,SEMARANG UTARA,PLOMBOKAN,3374021003012,,,,
JAWA TENGAH,KOTA SEMARANG,SEMARANG UTARA,PLOMBOKAN,3374021003013,12.0,111.0,90.0,213.0
JAWA TENGAH,KOTA SEMARANG,SEMARANG UTARA,PLOMBOKAN,3374021003014,,,,
JAWA TENGAH,KOTA SEMARANG,SEMARANG UTARA,PLOMBOKAN,3374021003015,16.0,91.0,70.0,177.0
JAWA TENGAH,KOTA SEMARANG,SEMARANG UTARA,PLOMBOKAN,3374021003016,33.0,122.0,75.0,230.0
JAWA TENGAH,KOTA SEMARANG,SEMARANG UTARA,PLOMBOKAN,3374021003017,,,,
JAWA TENGAH,KOTA SEMARANG,SEMARANG UTARA,PLOMBOKAN,3374021003018,61.0,70.0,74.0,205.0
JAWA TENGAH,KOTA SEMARANG,SEMARANG UTARA,PLOMBOKAN,3374021003019,,,,
JAWA TENGAH,KOTA SEMARANG,SEMARANG UTARA,PLOMBOKAN,3374021003020,26.0,105.0,75.0,206.0
JAWA TENGAH,KOTA SEMARANG,SEMARANG UTARA,PLOMBOKAN,3374021003021,42.0,93.0,92.0,227.0
JAWA TENGAH,KOTA SEMARANG,SEMARANG UTARA,PLOMBOKAN,3374021003022,,,,
JAWA TENGAH,KOTA SEMARANG,SEMARANG UTARA,PLOMBOKAN,3374021003023,11.0,92.0,61.0,164.0
JAWA TENGAH,KOTA SEMARANG,SEMARANG UTARA,PLOMBOKAN,3374021003901,4.0,44.0,116.0,164.0
JAWA TENGAH,KOTA SEMARANG,SEMARANG UTARA,PURWOSARI,3374021004001,,,,
JAWA TENGAH,KOTA SEMARANG,SEMARANG UTARA,PURWOSARI,3374021004002,29.0,95.0,106.0,230.0
JAWA TENGAH,KOTA SEMARANG,SEMARANG UTARA,PURWOSARI,3374021004003,26.0,95.0,89.0,210.0
JAWA TENGAH,KOTA SEMARANG,SEMARANG UTARA,PURWOSARI,3374021004004,,,,
JAWA TENGAH,KOTA SEMARANG,SEMARANG UTARA,PURWOSARI,3374021004005,23.0,125.0,91.0,239.0
JAWA TENGAH,KOTA SEMARANG,SEMARANG UTARA,PURWOSARI,3374021004006,24.0,92.0,84.0,200.0
JAWA TENGAH,KOTA SEMARANG,SEMARANG UTARA,PURWOSARI,3374021004007,,,,
JAWA TENGAH,KOTA SEMARANG,SEMARANG UTARA,PURWOSARI,3374021004008,13.0,102.0,56.0,171.0
JAWA TENGAH,KOTA SEMARANG,SEMARANG UTARA,PURWOSARI,3374021004009,,,,
JAWA TENGAH,KOTA SEMARANG,SEMARANG UTARA,PURWOSARI,3374021004010,,,,
JAWA TENGAH,KOTA SEMARANG,SEMARANG UTARA,PURWOSARI,3374021004011,20.0,85.0,83.0,188.0
JAWA TENGAH,KOTA SEMARANG,SEMARANG UTARA,PURWOSARI,3374021004012,23.0,98.0,108.0,229.0
JAWA TENGAH,KOTA SEMARANG,SEMARANG UTARA,PURWOSARI,3374021004013,16.0,113.0,112.0,241.0
JAWA TENGAH,KOTA SEMARANG,SEMARANG UTARA,PURWOSARI,3374021004014,,,,
JAWA TENGAH,KOTA SEMARANG,SEMARANG UTARA,PURWOSARI,3374021004015,,,,
JAWA TENGAH,KOTA SEMARANG,SEMARANG UTARA,PURWOSARI,3374021004016,16.0,125.0,85.0,226.0
JAWA TENGAH,KOTA SEMARANG,SEMARANG UTARA,PURWOSARI,3374021004017,,,,
JAWA TENGAH,KOTA SEMARANG,SEMARANG UTARA,PURWOSARI,3374021004018,21.0,105.0,89.0,215.0
JAWA TENGAH,KOTA SEMARANG,SEMARANG UTARA,PURWOSARI,3374021004019,,,,
JAWA TENGAH,KOTA SEMARANG,SEMARANG UTARA,PURWOSARI,3374021004020,,,,
JAWA TENGAH,KOTA SEMARANG,SEMARANG UTARA,PURWOSARI,3374021004021,,,,
JAWA TENGAH,KOTA SEMARANG,SEMARANG UTARA,PURWOSARI,3374021004022,,,,
JAWA TENGAH,KOTA SEMARANG,SEMARANG UTARA,PURWOSARI,3374021004023,72.0,76.0,74.0,222.0
JAWA TENGAH,KOTA SEMARANG,SEMARANG UTARA,TANJUNG MAS,3374021008001,23.0,94.0,67.0,184.0
JAWA TENGAH,KOTA SEMARANG,SEMARANG UTARA,TANJUNG MAS,3374021008002,18.0,53.0,135.0,206.0
JAWA TENGAH,KOTA SEMARANG,SEMARANG UTARA,TANJUNG MAS,3374021008003,23.0,85.0,59.0,167.0
JAWA TENGAH,KOTA SEMARANG,SEMARANG UTARA,TANJUNG MAS,3374021008004,,,,
JAWA TENGAH,KOTA SEMARANG,SEMARANG UTARA,TANJUNG MAS,3374021008005,13.0,94.0,112.0,219.0
JAWA TENGAH,KOTA SEMARANG,SEMARANG UTARA,TANJUNG MAS,3374021008006,,,,
JAWA TENGAH,KOTA SEMARANG,SEMARANG UTARA,TANJUNG MAS,3374021008007,9.0,91.0,114.0,214.0
JAWA TENGAH,KOTA SEMARANG,SEMARANG UTARA,TANJUNG MAS,3374021008008,10.0,94.0,79.0,183.0
JAWA TENGAH,KOTA SEMARANG,SEMARANG UTARA,TANJUNG MAS,3374021008009,29.0,116.0,97.0,242.0
JAWA TENGAH,KOTA SEMARANG,SEMARANG UTARA,TANJUNG MAS,3374021008010,10.0,122.0,103.0,235.0
JAWA TENGAH,KOTA SEMARANG,SEMARANG UTARA,TANJUNG MAS,3374021008011,,,,
JAWA TENGAH,KOTA SEMARANG,SEMARANG UTARA,TANJUNG MAS,3374021008012,32.0,108.0,89.0,229.0
JAWA TENGAH,KOTA SEMARANG,SEMARANG UTARA,TANJUNG MAS,3374021008013,,,,
JAWA TENGAH,KOTA SEMARANG,SEMARANG UTARA,TANJUNG MAS,3374021008014,9.0,130.0,78.0,217.0
JAWA TENGAH,KOTA SEMARANG,SEMARANG UTARA,TANJUNG MAS,3374021008015,,,,
JAWA TENGAH,KOTA SEMARANG,SEMARANG UTARA,TANJUNG MAS,3374021008016,15.0,92.0,94.0,201.0
JAWA TENGAH,KOTA SEMARANG,SEMARANG UTARA,TANJUNG MAS,3374021008017,27.0,77.0,71.0,175.0
JAWA TENGAH,KOTA SEMARANG,SEMARANG UTARA,TANJUNG MAS,3374021008018,,,,
JAWA TENGAH,KOTA SEMARANG,SEMARANG UTARA,TANJUNG MAS,3374021008019,14.0,128.0,90.0,232.0
JAWA TENGAH,KOTA SEMARANG,SEMARANG UTARA,TANJUNG MAS,3374021008020,,,,
JAWA TENGAH,KOTA SEMARANG,SEMARANG UTARA,TANJUNG MAS,3374021008021,21.0,84.0,125.0,230.0
JAWA TENGAH,KOTA SEMARANG,SEMARANG UTARA,TANJUNG MAS,3374021008022,13.0,110.0,117.0,240.0
JAWA TENGAH,KOTA SEMARANG,SEMARANG UTARA,TANJUNG MAS,3374021008023,,,,
JAWA TENGAH,KOTA SEMARANG,SEMARANG UTARA,TANJUNG MAS,3374021008024,13.0,128.0,86.0,227.0
JAWA TENGAH,KOTA SEMARANG,SEMARANG UTARA,TANJUNG MAS,3374021008025,25.0,115.0,107.0,247.0
JAWA TENGAH,KOTA SEMARANG,SEMARANG UTARA,TANJUNG MAS,3374021008026,22.0,146.0,76.0,244.0
JAWA TENGAH,KOTA SEMARANG,SEMARANG UTARA,TANJUNG MAS,3374021008027,28.0,139.0,94.0,261.0
JAWA TENGAH,KOTA SEMARANG,SEMARANG UTARA,TANJUNG MAS,3374021008028,,,,
JAWA TENGAH,KOTA SEMARANG,SEMARANG UTARA,TANJUNG MAS,3374021008029,11.0,117.0,87.0,215.0
JAWA TENGAH,KOTA SEMARANG,SEMARANG UTARA,TANJUNG MAS,3374021008030,13.0,128.0,98.0,239.0
JAWA TENGAH,KOTA SEMARANG,SEMARANG UTARA,TANJUNG MAS,3374021008031,29.0,123.0,96.0,248.0
JAWA TENGAH,KOTA SEMARANG,SEMARANG UTARA,TANJUNG MAS,3374021008032,,,,
JAWA TENGAH,KOTA SEMARANG,SEMARANG UTARA,TANJUNG MAS,3374021008033,,,,
JAWA TENGAH,KOTA SEMARANG,SEMARANG UTARA,TANJUNG MAS,3374021008034,,,,
JAWA TENGAH,KOTA SEMARANG,SEMARANG UTARA,TANJUNG MAS,3374021008035,,,,
JAWA TENGAH,KOTA SEMARANG,SEMARANG UTARA,TANJUNG MAS,3374021008036,7.0,141.0,85.0,233.0
JAWA TENGAH,KOTA SEMARANG,SEMARANG UTARA,TANJUNG MAS,3374021008037,,,,
JAWA TENGAH,KOTA SEMARANG,SEMARANG UTARA,TANJUNG MAS,3374021008038,3.0,100.0,72.0,175.0
JAWA TENGAH,KOTA SEMARANG,SEMARANG UTARA,TANJUNG MAS,3374021008039,20.0,103.0,94.0,217.0
JAWA TENGAH,KOTA SEMARANG,SEMARANG UTARA,TANJUNG MAS,3374021008040,20.0,125.0,62.0,207.0
JAWA TENGAH,KOTA SEMARANG,SEMARANG UTARA,TANJUNG MAS,3374021008041,11.0,137.0,47.0,195.0
JAWA TENGAH,KOTA SEMARANG,SEMARANG UTARA,TANJUNG MAS,3374021008042,26.0,120.0,88.0,234.0
JAWA TENGAH,KOTA SEMARANG,SEMARANG UTARA,TANJUNG MAS,3374021008043,31.0,111.0,85.0,227.0
JAWA TENGAH,KOTA SEMARANG,SEMARANG UTARA,TANJUNG MAS,3374021008044,14.0,90.0,82.0,186.0
JAWA TENGAH,KOTA SEMARANG,SEMARANG UTARA,TANJUNG MAS,3374021008045,19.0,98.0,86.0,203.0
JAWA TENGAH,KOTA SEMARANG,SEMARANG UTARA,TANJUNG MAS,3374021008046,12.0,114.0,86.0,212.0
JAWA TENGAH,KOTA SEMARANG,SEMARANG UTARA,TANJUNG MAS,3374021008047,,,,
JAWA TENGAH,KOTA SEMARANG,SEMARANG UTARA,TANJUNG MAS,3374021008048,21.0,99.0,109.0,229.0
JAWA TENGAH,KOTA SEMARANG,SEMARANG UTARA,TANJUNG MAS,3374021008049,15.0,126.0,85.0,226.0
JAWA TENGAH,KOTA SEMARANG,SEMARANG UTARA,TANJUNG MAS,3374021008050,15.0,113.0,85.0,213.0
JAWA TENGAH,KOTA SEMARANG,SEMARANG UTARA,TANJUNG MAS,3374021008051,,,,
JAWA TENGAH,KOTA SEMARANG,SEMARANG UTARA,TANJUNG MAS,3374021008052,8.0,129.0,69.0,206.0
JAWA TENGAH,KOTA SEMARANG,SEMARANG UTARA,TANJUNG MAS,3374021008053,11.0,128.0,77.0,216.0
JAWA TENGAH,KOTA SEMARANG,SEMARANG UTARA,TANJUNG MAS,3374021008054,14.0,156.0,45.0,215.0
JAWA TENGAH,KOTA SEMARANG,SEMARANG UTARA,TANJUNG MAS,3374021008055,,,,
JAWA TENGAH,KOTA SEMARANG,SEMARANG UTARA,TANJUNG MAS,3374021008056,,,,
JAWA TENGAH,KOTA SEMARANG,SEMARANG UTARA,TANJUNG MAS,3374021008057,20.0,159.0,70.0,249.0
JAWA TENGAH,KOTA SEMARANG,SEMARANG UTARA,TANJUNG MAS,3374021008058,,,,
JAWA TENGAH,KOTA SEMARANG,SEMARANG UTARA,TANJUNG MAS,3374021008059,,,,
JAWA TENGAH,KOTA SEMARANG,SEMARANG UTARA,TANJUNG MAS,3374021008060,19.0,130.0,54.0,203.0
JAWA TENGAH,KOTA SEMARANG,SEMARANG UTARA,TANJUNG MAS,3374021008061,,,,
JAWA TENGAH,KOTA SEMARANG,SEMARANG UTARA,TANJUNG MAS,3374021008062,,,,
JAWA TENGAH,KOTA SEMARANG,SEMARANG UTARA,TANJUNG MAS,3374021008063,11.0,126.0,85.0,222.0
JAWA TENGAH,KOTA SEMARANG,SEMARANG UTARA,TANJUNG MAS,3374021008064,10.0,132.0,90.0,232.0
JAWA TENGAH,KOTA SEMARANG,SEMARANG UTARA,TANJUNG MAS,3374021008065,5.0,124.0,84.0,213.0
JAWA TENGAH,KOTA SEMARANG,SEMARANG UTARA,TANJUNG MAS,3374021008066,,,,
JAWA TENGAH,KOTA SEMARANG,SEMARANG UTARA,TANJUNG MAS,3374021008067,13.0,124.0,92.0,229.0
JAWA TENGAH,KOTA SEMARANG,SEMARANG UTARA,TANJUNG MAS,3374021008068,,,,
JAWA TENGAH,KOTA SEMARANG,SEMARANG UTARA,TANJUNG MAS,3374021008069,,,,
JAWA TENGAH,KOTA SEMARANG,SEMARANG UTARA,TANJUNG MAS,3374021008070,8.0,120.0,76.0,204.0
JAWA TENGAH,KOTA SEMARANG,SEMARANG UTARA,TANJUNG MAS,3374021008071,15.0,117.0,96.0,228.0
JAWA TENGAH,KOTA SEMARANG,SEMARANG UTARA,TANJUNG MAS,3374021008072,,,,
JAWA TENGAH,KOTA SEMARANG,SEMARANG UTARA,TANJUNG MAS,3374021008073,14.0,97.0,53.0,164.0
JAWA TENGAH,KOTA SEMARANG,SEMARANG UTARA,TANJUNG MAS,3374021008074,,,,
JAWA TENGAH,KOTA SEMARANG,SEMARANG UTARA,TANJUNG MAS,3374021008075,27.0,114.0,103.0,244.0
JAWA TENGAH,KOTA SEMARANG,TEMBALANG,BULUSAN,3374101004001,38.0,73.0,79.0,190.0
JAWA TENGAH,KOTA SEMARANG,TEMBALANG,BULUSAN,3374101004002,33.0,99.0,58.0,190.0
JAWA TENGAH,KOTA SEMARANG,TEMBALANG,BULUSAN,3374101004003,26.0,112.0,107.0,245.0
JAWA TENGAH,KOTA SEMARANG,TEMBALANG,BULUSAN,3374101004004,57.0,117.0,85.0,259.0
JAWA TENGAH,KOTA SEMARANG,TEMBALANG,BULUSAN,3374101004005,51.0,138.0,77.0,266.0
JAWA TENGAH,KOTA SEMARANG,TEMBALANG,BULUSAN,3374101004006,42.0,121.0,86.0,249.0
JAWA TENGAH,KOTA SEMARANG,TEMBALANG,BULUSAN,3374101004007,38.0,119.0,70.0,227.0
JAWA TENGAH,KOTA SEMARANG,TEMBALANG,BULUSAN,3374101004008,46.0,109.0,117.0,272.0
JAWA TENGAH,KOTA SEMARANG,TEMBALANG,BULUSAN,3374101004009,54.0,117.0,93.0,264.0
JAWA TENGAH,KOTA SEMARANG,TEMBALANG,BULUSAN,3374101004010,57.0,104.0,89.0,250.0
JAWA TENGAH,KOTA SEMARANG,TEMBALANG,BULUSAN,3374101004011,41.0,94.0,52.0,187.0
JAWA TENGAH,KOTA SEMARANG,TEMBALANG,BULUSAN,3374101004012,42.0,101.0,70.0,213.0
JAWA TENGAH,KOTA SEMARANG,TEMBALANG,BULUSAN,3374101004013,40.0,118.0,75.0,233.0
JAWA TENGAH,KOTA SEMARANG,TEMBALANG,BULUSAN,3374101004014,92.0,89.0,53.0,234.0
JAWA TENGAH,KOTA SEMARANG,TEMBALANG,BULUSAN,3374101004015,116.0,96.0,47.0,259.0
JAWA TENGAH,KOTA SEMARANG,TEMBALANG,BULUSAN,3374101004016,94.0,77.0,44.0,215.0
JAWA TENGAH,KOTA SEMARANG,TEMBALANG,BULUSAN,3374101004017,88.0,85.0,58.0,231.0
JAWA TENGAH,KOTA SEMARANG,TEMBALANG,JANGLI,3374101007001,21.0,98.0,85.0,204.0
JAWA TENGAH,KOTA SEMARANG,TEMBALANG,JANGLI,3374101007002,34.0,105.0,74.0,213.0
JAWA TENGAH,KOTA SEMARANG,TEMBALANG,JANGLI,3374101007003,41.0,119.0,63.0,223.0
JAWA TENGAH,KOTA SEMARANG,TEMBALANG,JANGLI,3374101007004,39.0,118.0,77.0,234.0
JAWA TENGAH,KOTA SEMARANG,TEMBALANG,JANGLI,3374101007005,42.0,120.0,92.0,254.0
JAWA TENGAH,KOTA SEMARANG,TEMBALANG,JANGLI,3374101007006,38.0,103.0,50.0,191.0
JAWA TENGAH,KOTA SEMARANG,TEMBALANG,JANGLI,3374101007007,65.0,77.0,72.0,214.0
JAWA TENGAH,KOTA SEMARANG,TEMBALANG,JANGLI,3374101007008,57.0,104.0,86.0,247.0
JAWA TENGAH,KOTA SEMARANG,TEMBALANG,JANGLI,3374101007009,25.0,77.0,88.0,190.0
JAWA TENGAH,KOTA SEMARANG,TEMBALANG,JANGLI,3374101007010,19.0,118.0,122.0,259.0
JAWA TENGAH,KOTA SEMARANG,TEMBALANG,JANGLI,3374101007011,18.0,127.0,117.0,262.0
JAWA TENGAH,KOTA SEMARANG,TEMBALANG,JANGLI,3374101007012,28.0,107.0,120.0,255.0
JAWA TENGAH,KOTA SEMARANG,TEMBALANG,JANGLI,3374101007013,32.0,117.0,95.0,244.0
JAWA TENGAH,KOTA SEMARANG,TEMBALANG,JANGLI,3374101007014,18.0,123.0,84.0,225.0
JAWA TENGAH,KOTA SEMARANG,TEMBALANG,JANGLI,3374101007015,26.0,119.0,106.0,251.0
JAWA TENGAH,KOTA SEMARANG,TEMBALANG,JANGLI,3374101007016,33.0,122.0,80.0,235.0
JAWA TENGAH,KOTA SEMARANG,TEMBALANG,JANGLI,3374101007017,9.0,97.0,98.0,204.0
JAWA TENGAH,KOTA SEMARANG,TEMBALANG,JANGLI,3374101007018,4.0,145.0,92.0,241.0
JAWA TENGAH,KOTA SEMARANG,TEMBALANG,JANGLI,3374101007019,12.0,108.0,102.0,222.0
JAWA TENGAH,KOTA SEMARANG,TEMBALANG,JANGLI,3374101007020,15.0,105.0,124.0,244.0
JAWA TENGAH,KOTA SEMARANG,TEMBALANG,JANGLI,3374101007021,7.0,73.0,80.0,160.0
JAWA TENGAH,KOTA SEMARANG,TEMBALANG,JANGLI,3374101007022,8.0,110.0,110.0,228.0
JAWA TENGAH,KOTA SEMARANG,TEMBALANG,KEDUNGMUNDU,3374101009001,46.0,79.0,92.0,217.0
JAWA TENGAH,KOTA SEMARANG,TEMBALANG,KEDUNGMUNDU,3374101009002,24.0,84.0,83.0,191.0
JAWA TENGAH,KOTA SEMARANG,TEMBALANG,KEDUNGMUNDU,3374101009003,41.0,88.0,88.0,217.0
JAWA TENGAH,KOTA SEMARANG,TEMBALANG,KEDUNGMUNDU,3374101009004,49.0,105.0,86.0,240.0
JAWA TENGAH,KOTA SEMARANG,TEMBALANG,KEDUNGMUNDU,3374101009005,36.0,80.0,81.0,197.0
JAWA TENGAH,KOTA SEMARANG,TEMBALANG,KEDUNGMUNDU,3374101009006,34.0,126.0,79.0,239.0
JAWA TENGAH,KOTA SEMARANG,TEMBALANG,KEDUNGMUNDU,3374101009007,47.0,104.0,73.0,224.0
JAWA TENGAH,KOTA SEMARANG,TEMBALANG,KEDUNGMUNDU,3374101009008,31.0,113.0,65.0,209.0
JAWA TENGAH,KOTA SEMARANG,TEMBALANG,KEDUNGMUNDU,3374101009009,50.0,111.0,70.0,231.0
JAWA TENGAH,KOTA SEMARANG,TEMBALANG,KEDUNGMUNDU,3374101009010,48.0,128.0,47.0,223.0
JAWA TENGAH,KOTA SEMARANG,TEMBALANG,KEDUNGMUNDU,3374101009011,37.0,115.0,70.0,222.0
JAWA TENGAH,KOTA SEMARANG,TEMBALANG,KEDUNGMUNDU,3374101009012,44.0,111.0,63.0,218.0
JAWA TENGAH,KOTA SEMARANG,TEMBALANG,KEDUNGMUNDU,3374101009013,64.0,120.0,56.0,240.0
JAWA TENGAH,KOTA SEMARANG,TEMBALANG,KEDUNGMUNDU,3374101009014,41.0,91.0,82.0,214.0
JAWA TENGAH,KOTA SEMARANG,TEMBALANG,KEDUNGMUNDU,3374101009015,28.0,118.0,78.0,224.0
JAWA TENGAH,KOTA SEMARANG,TEMBALANG,KEDUNGMUNDU,3374101009016,13.0,110.0,68.0,191.0
JAWA TENGAH,KOTA SEMARANG,TEMBALANG,KEDUNGMUNDU,3374101009017,33.0,107.0,90.0,230.0
JAWA TENGAH,KOTA SEMARANG,TEMBALANG,KEDUNGMUNDU,3374101009018,19.0,113.0,75.0,207.0
JAWA TENGAH,KOTA SEMARANG,TEMBALANG,KEDUNGMUNDU,3374101009019,,,,
JAWA TENGAH,KOTA SEMARANG,TEMBALANG,KEDUNGMUNDU,3374101009020,61.0,91.0,74.0,226.0
JAWA TENGAH,KOTA SEMARANG,TEMBALANG,KEDUNGMUNDU,3374101009021,54.0,104.0,75.0,233.0
JAWA TENGAH,KOTA SEMARANG,TEMBALANG,KEDUNGMUNDU,3374101009022,,,,
JAWA TENGAH,KOTA SEMARANG,TEMBALANG,KEDUNGMUNDU,3374101009023,40.0,134.0,70.0,244.0
JAWA TENGAH,KOTA SEMARANG,TEMBALANG,KEDUNGMUNDU,3374101009024,37.0,98.0,82.0,217.0
JAWA TENGAH,KOTA SEMARANG,TEMBALANG,KEDUNGMUNDU,3374101009025,55.0,106.0,54.0,215.0
JAWA TENGAH,KOTA SEMARANG,TEMBALANG,KEDUNGMUNDU,3374101009026,46.0,103.0,71.0,220.0
JAWA TENGAH,KOTA SEMARANG,TEMBALANG,KEDUNGMUNDU,3374101009027,61.0,97.0,79.0,237.0
JAWA TENGAH,KOTA SEMARANG,TEMBALANG,KEDUNGMUNDU,3374101009028,53.0,72.0,75.0,200.0
JAWA TENGAH,KOTA SEMARANG,TEMBALANG,KEDUNGMUNDU,3374101009029,70.0,81.0,57.0,208.0
JAWA TENGAH,KOTA SEMARANG,TEMBALANG,KEDUNGMUNDU,3374101009030,27.0,122.0,65.0,214.0
JAWA TENGAH,KOTA SEMARANG,TEMBALANG,KEDUNGMUNDU,3374101009031,34.0,115.0,72.0,221.0
JAWA TENGAH,KOTA SEMARANG,TEMBALANG,KEDUNGMUNDU,3374101009032,25.0,77.0,69.0,171.0
JAWA TENGAH,KOTA SEMARANG,TEMBALANG,KEDUNGMUNDU,3374101009033,29.0,103.0,73.0,205.0
JAWA TENGAH,KOTA SEMARANG,TEMBALANG,KEDUNGMUNDU,3374101009034,48.0,96.0,67.0,211.0
JAWA TENGAH,KOTA SEMARANG,TEMBALANG,KEDUNGMUNDU,3374101009035,82.0,106.0,56.0,244.0
JAWA TENGAH,KOTA SEMARANG,TEMBALANG,KRAMAS,3374101005001,46.0,124.0,83.0,253.0
JAWA TENGAH,KOTA SEMARANG,TEMBALANG,KRAMAS,3374101005002,39.0,121.0,80.0,240.0
JAWA TENGAH,KOTA SEMARANG,TEMBALANG,KRAMAS,3374101005003,24.0,134.0,99.0,257.0
JAWA TENGAH,KOTA SEMARANG,TEMBALANG,KRAMAS,3374101005004,24.0,116.0,104.0,244.0
JAWA TENGAH,KOTA SEMARANG,TEMBALANG,KRAMAS,3374101005005,31.0,118.0,107.0,256.0
JAWA TENGAH,KOTA SEMARANG,TEMBALANG,KRAMAS,3374101005006,32.0,135.0,89.0,256.0
JAWA TENGAH,KOTA SEMARANG,TEMBALANG,KRAMAS,3374101005007,48.0,113.0,83.0,244.0
JAWA TENGAH,KOTA SEMARANG,TEMBALANG,KRAMAS,3374101005008,114.0,71.0,56.0,241.0
JAWA TENGAH,KOTA SEMARANG,TEMBALANG,KRAMAS,3374101005009,90.0,96.0,65.0,251.0
JAWA TENGAH,KOTA SEMARANG,TEMBALANG,KRAMAS,3374101005010,71.0,111.0,41.0,223.0
JAWA TENGAH,KOTA SEMARANG,TEMBALANG,KRAMAS,3374101005011,76.0,101.0,63.0,240.0
JAWA TENGAH,KOTA SEMARANG,TEMBALANG,MANGUNHARJO,3374101003001,26.0,131.0,97.0,254.0
JAWA TENGAH,KOTA SEMARANG,TEMBALANG,MANGUNHARJO,3374101003002,22.0,132.0,97.0,251.0
JAWA TENGAH,KOTA SEMARANG,TEMBALANG,MANGUNHARJO,3374101003003,20.0,154.0,97.0,271.0
JAWA TENGAH,KOTA SEMARANG,TEMBALANG,MANGUNHARJO,3374101003004,28.0,162.0,70.0,260.0
JAWA TENGAH,KOTA SEMARANG,TEMBALANG,MANGUNHARJO,3374101003005,,,,
JAWA TENGAH,KOTA SEMARANG,TEMBALANG,MANGUNHARJO,3374101003006,37.0,145.0,81.0,263.0
JAWA TENGAH,KOTA SEMARANG,TEMBALANG,MANGUNHARJO,3374101003007,,,,
JAWA TENGAH,KOTA SEMARANG,TEMBALANG,MANGUNHARJO,3374101003008,39.0,146.0,88.0,273.0
JAWA TENGAH,KOTA SEMARANG,TEMBALANG,MANGUNHARJO,3374101003009,31.0,158.0,71.0,260.0
JAWA TENGAH,KOTA SEMARANG,TEMBALANG,MANGUNHARJO,3374101003010,,,,
JAWA TENGAH,KOTA SEMARANG,TEMBALANG,MANGUNHARJO,3374101003011,45.0,127.0,76.0,248.0
JAWA TENGAH,KOTA SEMARANG,TEMBALANG,MANGUNHARJO,3374101003012,50.0,137.0,60.0,247.0
JAWA TENGAH,KOTA SEMARANG,TEMBALANG,MANGUNHARJO,3374101003013,,,,249.0
JAWA TENGAH,KOTA SEMARANG,TEMBALANG,MANGUNHARJO,3374101003014,38.0,120.0,63.0,221.0
JAWA TENGAH,KOTA SEMARANG,TEMBALANG,MANGUNHARJO,3374101003015,30.0,93.0,96.0,219.0
JAWA TENGAH,KOTA SEMARANG,TEMBALANG,MANGUNHARJO,3374101003016,16.0,101.0,124.0,241.0
JAWA TENGAH,KOTA SEMARANG,TEMBALANG,MANGUNHARJO,3374101003017,,,,
JAWA TENGAH,KOTA SEMARANG,TEMBALANG,MANGUNHARJO,3374101003018,33.0,118.0,82.0,233.0
JAWA TENGAH,KOTA SEMARANG,TEMBALANG,MANGUNHARJO,3374101003019,,,,
JAWA TENGAH,KOTA SEMARANG,TEMBALANG,MANGUNHARJO,3374101003020,,,,
JAWA TENGAH,KOTA SEMARANG,TEMBALANG,MANGUNHARJO,3374101003021,54.0,123.0,67.0,244.0
JAWA TENGAH,KOTA SEMARANG,TEMBALANG,MANGUNHARJO,3374101003022,38.0,118.0,89.0,245.0
JAWA TENGAH,KOTA SEMARANG,TEMBALANG,MANGUNHARJO,3374101003023,29.0,116.0,75.0,220.0
JAWA TENGAH,KOTA SEMARANG,TEMBALANG,MANGUNHARJO,3374101003024,,,,
JAWA TENGAH,KOTA SEMARANG,TEMBALANG,MANGUNHARJO,3374101003025,45.0,122.0,73.0,240.0
JAWA TENGAH,KOTA SEMARANG,TEMBALANG,MANGUNHARJO,3374101003026,,,,
JAWA TENGAH,KOTA SEMARANG,TEMBALANG,MANGUNHARJO,3374101003027,,,,
JAWA TENGAH,KOTA SEMARANG,TEMBALANG,MANGUNHARJO,3374101003028,,,,
JAWA TENGAH,KOTA SEMARANG,TEMBALANG,MANGUNHARJO,3374101003029,40.0,81.0,60.0,181.0
JAWA TENGAH,KOTA SEMARANG,TEMBALANG,MANGUNHARJO,3374101003030,42.0,97.0,60.0,199.0
JAWA TENGAH,KOTA SEMARANG,TEMBALANG,METESEH,3374101001001,23.0,119.0,100.0,242.0
JAWA TENGAH,KOTA SEMARANG,TEMBALANG,METESEH,3374101001002,27.0,128.0,93.0,248.0
JAWA TENGAH,KOTA SEMARANG,TEMBALANG,METESEH,3374101001003,35.0,125.0,88.0,248.0
JAWA TENGAH,KOTA SEMARANG,TEMBALANG,METESEH,3374101001004,31.0,123.0,88.0,242.0
JAWA TENGAH,KOTA SEMARANG,TEMBALANG,METESEH,3374101001005,38.0,116.0,87.0,241.0
JAWA TENGAH,KOTA SEMARANG,TEMBALANG,METESEH,3374101001006,51.0,166.0,62.0,279.0
JAWA TENGAH,KOTA SEMARANG,TEMBALANG,METESEH,3374101001007,87.0,111.0,47.0,245.0
JAWA TENGAH,KOTA SEMARANG,TEMBALANG,METESEH,3374101001008,50.0,138.0,64.0,252.0
JAWA TENGAH,KOTA SEMARANG,TEMBALANG,METESEH,3374101001009,53.0,117.0,79.0,249.0
JAWA TENGAH,KOTA SEMARANG,TEMBALANG,METESEH,3374101001010,46.0,98.0,64.0,208.0
JAWA TENGAH,KOTA SEMARANG,TEMBALANG,METESEH,3374101001011,52.0,111.0,93.0,256.0
JAWA TENGAH,KOTA SEMARANG,TEMBALANG,METESEH,3374101001012,60.0,92.0,103.0,255.0
JAWA TENGAH,KOTA SEMARANG,TEMBALANG,METESEH,3374101001013,57.0,102.0,83.0,242.0
JAWA TENGAH,KOTA SEMARANG,TEMBALANG,METESEH,3374101001014,95.0,107.0,49.0,251.0
JAWA TENGAH,KOTA SEMARANG,TEMBALANG,METESEH,3374101001015,22.0,182.0,61.0,265.0
JAWA TENGAH,KOTA SEMARANG,TEMBALANG,METESEH,3374101001016,32.0,151.0,72.0,255.0
JAWA TENGAH,KOTA SEMARANG,TEMBALANG,METESEH,3374101001017,28.0,151.0,67.0,246.0
JAWA TENGAH,KOTA SEMARANG,TEMBALANG,METESEH,3374101001018,38.0,133.0,71.0,242.0
JAWA TENGAH,KOTA SEMARANG,TEMBALANG,METESEH,3374101001019,48.0,92.0,102.0,242.0
JAWA TENGAH,KOTA SEMARANG,TEMBALANG,METESEH,3374101001020,25.0,141.0,60.0,226.0
JAWA TENGAH,KOTA SEMARANG,TEMBALANG,METESEH,3374101001021,25.0,90.0,86.0,201.0
JAWA TENGAH,KOTA SEMARANG,TEMBALANG,METESEH,3374101001022,,,,
JAWA TENGAH,KOTA SEMARANG,TEMBALANG,METESEH,3374101001023,22.0,131.0,95.0,248.0
JAWA TENGAH,KOTA SEMARANG,TEMBALANG,METESEH,3374101001024,34.0,128.0,89.0,251.0
JAWA TENGAH,KOTA SEMARANG,TEMBALANG,METESEH,3374101001025,33.0,122.0,75.0,230.0
JAWA TENGAH,KOTA SEMARANG,TEMBALANG,METESEH,3374101001026,74.0,86.0,55.0,215.0
JAWA TENGAH,KOTA SEMARANG,TEMBALANG,METESEH,3374101001027,44.0,149.0,60.0,253.0
JAWA TENGAH,KOTA SEMARANG,TEMBALANG,METESEH,3374101001028,42.0,142.0,72.0,256.0
JAWA TENGAH,KOTA SEMARANG,TEMBALANG,METESEH,3374101001029,38.0,63.0,101.0,202.0
JAWA TENGAH,KOTA SEMARANG,TEMBALANG,METESEH,3374101001030,34.0,109.0,116.0,259.0
JAWA TENGAH,KOTA SEMARANG,TEMBALANG,METESEH,3374101001031,,,,
JAWA TENGAH,KOTA SEMARANG,TEMBALANG,METESEH,3374101001032,76.0,111.0,59.0,246.0
JAWA TENGAH,KOTA SEMARANG,TEMBALANG,METESEH,3374101001033,74.0,66.0,80.0,220.0
JAWA TENGAH,KOTA SEMARANG,TEMBALANG,METESEH,3374101001034,76.0,84.0,54.0,214.0
JAWA TENGAH,KOTA SEMARANG,TEMBALANG,METESEH,3374101001035,54.0,82.0,75.0,211.0
JAWA TENGAH,KOTA SEMARANG,TEMBALANG,METESEH,3374101001036,47.0,66.0,65.0,178.0
JAWA TENGAH,KOTA SEMARANG,TEMBALANG,METESEH,3374101001037,57.0,91.0,54.0,202.0
JAWA TENGAH,KOTA SEMARANG,TEMBALANG,METESEH,3374101001038,67.0,91.0,68.0,226.0
JAWA TENGAH,KOTA SEMARANG,TEMBALANG,METESEH,3374101001039,77.0,66.0,62.0,205.0
JAWA TENGAH,KOTA SEMARANG,TEMBALANG,METESEH,3374101001040,51.0,128.0,61.0,240.0
JAWA TENGAH,KOTA SEMARANG,TEMBALANG,METESEH,3374101001041,50.0,130.0,73.0,253.0
JAWA TENGAH,KOTA SEMARANG,TEMBALANG,METESEH,3374101001042,,,,
JAWA TENGAH,KOTA SEMARANG,TEMBALANG,METESEH,3374101001043,,,,244.0
JAWA TENGAH,KOTA SEMARANG,TEMBALANG,METESEH,3374101001044,43.0,83.0,64.0,190.0
JAWA TENGAH,KOTA SEMARANG,TEMBALANG,METESEH,3374101001045,57.0,84.0,83.0,224.0
JAWA TENGAH,KOTA SEMARANG,TEMBALANG,METESEH,3374101001046,57.0,90.0,72.0,219.0
JAWA TENGAH,KOTA SEMARANG,TEMBALANG,METESEH,3374101001047,75.0,92.0,60.0,227.0
JAWA TENGAH,KOTA SEMARANG,TEMBALANG,METESEH,3374101001048,80.0,105.0,63.0,248.0
JAWA TENGAH,KOTA SEMARANG,TEMBALANG,METESEH,3374101001049,58.0,112.0,63.0,233.0
JAWA TENGAH,KOTA SEMARANG,TEMBALANG,METESEH,3374101001050,94.0,85.0,66.0,245.0
JAWA TENGAH,KOTA SEMARANG,TEMBALANG,METESEH,3374101001051,50.0,139.0,55.0,244.0
JAWA TENGAH,KOTA SEMARANG,TEMBALANG,METESEH,3374101001052,50.0,149.0,57.0,256.0
JAWA TENGAH,KOTA SEMARANG,TEMBALANG,METESEH,3374101001053,32.0,138.0,81.0,251.0
JAWA TENGAH,KOTA SEMARANG,TEMBALANG,METESEH,3374101001054,,,,
JAWA TENGAH,KOTA SEMARANG,TEMBALANG,METESEH,3374101001055,74.0,90.0,70.0,234.0
JAWA TENGAH,KOTA SEMARANG,TEMBALANG,METESEH,3374101001056,76.0,119.0,64.0,259.0
JAWA TENGAH,KOTA SEMARANG,TEMBALANG,METESEH,3374101001057,41.0,118.0,61.0,220.0
JAWA TENGAH,KOTA SEMARANG,TEMBALANG,METESEH,3374101001058,33.0,127.0,55.0,215.0
JAWA TENGAH,KOTA SEMARANG,TEMBALANG,METESEH,3374101001059,,,,
JAWA TENGAH,KOTA SEMARANG,TEMBALANG,METESEH,3374101001060,49.0,117.0,66.0,232.0
JAWA TENGAH,KOTA SEMARANG,TEMBALANG,ROWOSARI,3374101002001,,,,
JAWA TENGAH,KOTA SEMARANG,TEMBALANG,ROWOSARI,3374101002002,26.0,117.0,100.0,243.0
JAWA TENGAH,KOTA SEMARANG,TEMBALANG,ROWOSARI,3374101002003,23.0,114.0,76.0,213.0
JAWA TENGAH,KOTA SEMARANG,TEMBALANG,ROWOSARI,3374101002004,,,,
JAWA TENGAH,KOTA SEMARANG,TEMBALANG,ROWOSARI,3374101002005,21.0,122.0,57.0,200.0
JAWA TENGAH,KOTA SEMARANG,TEMBALANG,ROWOSARI,3374101002006,,,,
JAWA TENGAH,KOTA SEMARANG,TEMBALANG,ROWOSARI,3374101002007,,,,
JAWA TENGAH,KOTA SEMARANG,TEMBALANG,ROWOSARI,3374101002008,38.0,129.0,72.0,239.0
JAWA TENGAH,KOTA SEMARANG,TEMBALANG,ROWOSARI,3374101002009,,,,
JAWA TENGAH,KOTA SEMARANG,TEMBALANG,ROWOSARI,3374101002010,,,,
JAWA TENGAH,KOTA SEMARANG,TEMBALANG,ROWOSARI,3374101002011,13.0,112.0,70.0,195.0
JAWA TENGAH,KOTA SEMARANG,TEMBALANG,ROWOSARI,3374101002012,,,,
JAWA TENGAH,KOTA SEMARANG,TEMBALANG,ROWOSARI,3374101002013,31.0,114.0,88.0,233.0
JAWA TENGAH,KOTA SEMARANG,TEMBALANG,ROWOSARI,3374101002014,,,,
JAWA TENGAH,KOTA SEMARANG,TEMBALANG,ROWOSARI,3374101002015,,,,
JAWA TENGAH,KOTA SEMARANG,TEMBALANG,ROWOSARI,3374101002016,,,,
JAWA TENGAH,KOTA SEMARANG,TEMBALANG,ROWOSARI,3374101002017,23.0,119.0,81.0,223.0
JAWA TENGAH,KOTA SEMARANG,TEMBALANG,ROWOSARI,3374101002018,19.0,94.0,123.0,236.0
JAWA TENGAH,KOTA SEMARANG,TEMBALANG,ROWOSARI,3374101002019,19.0,121.0,100.0,240.0
JAWA TENGAH,KOTA SEMARANG,TEMBALANG,ROWOSARI,3374101002020,,,,
JAWA TENGAH,KOTA SEMARANG,TEMBALANG,ROWOSARI,3374101002021,21.0,150.0,64.0,235.0
JAWA TENGAH,KOTA SEMARANG,TEMBALANG,ROWOSARI,3374101002022,19.0,125.0,87.0,231.0
JAWA TENGAH,KOTA SEMARANG,TEMBALANG,ROWOSARI,3374101002023,22.0,124.0,98.0,244.0
JAWA TENGAH,KOTA SEMARANG,TEMBALANG,ROWOSARI,3374101002024,24.0,161.0,84.0,269.0
JAWA TENGAH,KOTA SEMARANG,TEMBALANG,ROWOSARI,3374101002025,19.0,164.0,90.0,273.0
JAWA TENGAH,KOTA SEMARANG,TEMBALANG,ROWOSARI,3374101002026,,,,
JAWA TENGAH,KOTA SEMARANG,TEMBALANG,ROWOSARI,3374101002027,,,,
JAWA TENGAH,KOTA SEMARANG,TEMBALANG,ROWOSARI,3374101002028,14.0,143.0,103.0,260.0
JAWA TENGAH,KOTA SEMARANG,TEMBALANG,ROWOSARI,3374101002029,36.0,134.0,70.0,240.0
JAWA TENGAH,KOTA SEMARANG,TEMBALANG,ROWOSARI,3374101002030,,,,
JAWA TENGAH,KOTA SEMARANG,TEMBALANG,ROWOSARI,3374101002031,,,,
JAWA TENGAH,KOTA SEMARANG,TEMBALANG,ROWOSARI,3374101002032,,,,
JAWA TENGAH,KOTA SEMARANG,TEMBALANG,ROWOSARI,3374101002033,50.0,147.0,32.0,229.0
JAWA TENGAH,KOTA SEMARANG,TEMBALANG,ROWOSARI,3374101002034,,,,
JAWA TENGAH,KOTA SEMARANG,TEMBALANG,ROWOSARI,3374101002035,44.0,155.0,45.0,244.0
JAWA TENGAH,KOTA SEMARANG,TEMBALANG,SAMBIROTO,3374101012001,,,,
JAWA TENGAH,KOTA SEMARANG,TEMBALANG,SAMBIROTO,3374101012002,31.0,132.0,76.0,239.0
JAWA TENGAH,KOTA SEMARANG,TEMBALANG,SAMBIROTO,3374101012003,,,,
JAWA TENGAH,KOTA SEMARANG,TEMBALANG,SAMBIROTO,3374101012004,,,,
JAWA TENGAH,KOTA SEMARANG,TEMBALANG,SAMBIROTO,3374101012005,,,,
JAWA TENGAH,KOTA SEMARANG,TEMBALANG,SAMBIROTO,3374101012006,,,,
JAWA TENGAH,KOTA SEMARANG,TEMBALANG,SAMBIROTO,3374101012007,,,,
JAWA TENGAH,KOTA SEMARANG,TEMBALANG,SAMBIROTO,3374101012008,,,,
JAWA TENGAH,KOTA SEMARANG,TEMBALANG,SAMBIROTO,3374101012009,,,,
JAWA TENGAH,KOTA SEMARANG,TEMBALANG,SAMBIROTO,3374101012010,,,,
JAWA TENGAH,KOTA SEMARANG,TEMBALANG,SAMBIROTO,3374101012011,,,,
JAWA TENGAH,KOTA SEMARANG,TEMBALANG,SAMBIROTO,3374101012012,19.0,135.0,102.0,256.0
JAWA TENGAH,KOTA SEMARANG,TEMBALANG,SAMBIROTO,3374101012013,44.0,133.0,71.0,248.0
JAWA TENGAH,KOTA SEMARANG,TEMBALANG,SAMBIROTO,3374101012014,,,,
JAWA TENGAH,KOTA SEMARANG,TEMBALANG,SAMBIROTO,3374101012015,46.0,103.0,84.0,233.0
JAWA TENGAH,KOTA SEMARANG,TEMBALANG,SAMBIROTO,3374101012016,67.0,92.0,70.0,229.0
JAWA TENGAH,KOTA SEMARANG,TEMBALANG,SAMBIROTO,3374101012017,,,,
JAWA TENGAH,KOTA SEMARANG,TEMBALANG,SAMBIROTO,3374101012018,45.0,107.0,80.0,232.0
JAWA TENGAH,KOTA SEMARANG,TEMBALANG,SAMBIROTO,3374101012019,74.0,96.0,65.0,235.0
JAWA TENGAH,KOTA SEMARANG,TEMBALANG,SAMBIROTO,3374101012020,,,,
JAWA TENGAH,KOTA SEMARANG,TEMBALANG,SAMBIROTO,3374101012021,,,,
JAWA TENGAH,KOTA SEMARANG,TEMBALANG,SAMBIROTO,3374101012022,,,,
JAWA TENGAH,KOTA SEMARANG,TEMBALANG,SAMBIROTO,3374101012023,,,,
JAWA TENGAH,KOTA SEMARANG,TEMBALANG,SAMBIROTO,3374101012024,,,,
JAWA TENGAH,KOTA SEMARANG,TEMBALANG,SAMBIROTO,3374101012025,23.0,151.0,74.0,248.0
JAWA TENGAH,KOTA SEMARANG,TEMBALANG,SAMBIROTO,3374101012026,22.0,114.0,105.0,241.0
JAWA TENGAH,KOTA SEMARANG,TEMBALANG,SAMBIROTO,3374101012027,,,,
JAWA TENGAH,KOTA SEMARANG,TEMBALANG,SAMBIROTO,3374101012028,,,,
JAWA TENGAH,KOTA SEMARANG,TEMBALANG,SAMBIROTO,3374101012029,15.0,105.0,93.0,213.0
JAWA TENGAH,KOTA SEMARANG,TEMBALANG,SAMBIROTO,3374101012030,,,,
JAWA TENGAH,KOTA SEMARANG,TEMBALANG,SAMBIROTO,3374101012031,,,,
JAWA TENGAH,KOTA SEMARANG,TEMBALANG,SAMBIROTO,3374101012032,,,,
JAWA TENGAH,KOTA SEMARANG,TEMBALANG,SAMBIROTO,3374101012033,,,,
JAWA TENGAH,KOTA SEMARANG,TEMBALANG,SAMBIROTO,3374101012034,35.0,108.0,52.0,195.0
JAWA TENGAH,KOTA SEMARANG,TEMBALANG,SAMBIROTO,3374101012035,,,,
JAWA TENGAH,KOTA SEMARANG,TEMBALANG,SAMBIROTO,3374101012036,,,,
JAWA TENGAH,KOTA SEMARANG,TEMBALANG,SAMBIROTO,3374101012037,,,,
JAWA TENGAH,KOTA SEMARANG,TEMBALANG,SAMBIROTO,3374101012038,50.0,99.0,53.0,202.0
JAWA TENGAH,KOTA SEMARANG,TEMBALANG,SAMBIROTO,3374101012039,60.0,86.0,75.0,221.0
JAWA TENGAH,KOTA SEMARANG,TEMBALANG,SAMBIROTO,3374101012040,70.0,89.0,63.0,222.0
JAWA TENGAH,KOTA SEMARANG,TEMBALANG,SAMBIROTO,3374101012041,41.0,131.0,56.0,228.0
JAWA TENGAH,KOTA SEMARANG,TEMBALANG,SAMBIROTO,3374101012042,,,,
JAWA TENGAH,KOTA SEMARANG,TEMBALANG,SENDANGGUWO,3374101010001,,,,
JAWA TENGAH,KOTA SEMARANG,TEMBALANG,SENDANGGUWO,3374101010002,,,,
JAWA TENGAH,KOTA SEMARANG,TEMBALANG,SENDANGGUWO,3374101010003,,,,
JAWA TENGAH,KOTA SEMARANG,TEMBALANG,SENDANGGUWO,3374101010004,,,,
JAWA TENGAH,KOTA SEMARANG,TEMBALANG,SENDANGGUWO,3374101010005,45.0,120.0,102.0,267.0
JAWA TENGAH,KOTA SEMARANG,TEMBALANG,SENDANGGUWO,3374101010006,,,,
JAWA TENGAH,KOTA SEMARANG,TEMBALANG,SENDANGGUWO,3374101010007,15.0,104.0,131.0,250.0
JAWA TENGAH,KOTA SEMARANG,TEMBALANG,SENDANGGUWO,3374101010008,29.0,129.0,85.0,243.0
JAWA TENGAH,KOTA SEMARANG,TEMBALANG,SENDANGGUWO,3374101010009,22.0,114.0,110.0,246.0
JAWA TENGAH,KOTA SEMARANG,TEMBALANG,SENDANGGUWO,3374101010010,,,,
JAWA TENGAH,KOTA SEMARANG,TEMBALANG,SENDANGGUWO,3374101010011,28.0,107.0,117.0,252.0
JAWA TENGAH,KOTA SEMARANG,TEMBALANG,SENDANGGUWO,3374101010012,40.0,101.0,123.0,264.0
JAWA TENGAH,KOTA SEMARANG,TEMBALANG,SENDANGGUWO,3374101010013,27.0,117.0,98.0,242.0
JAWA TENGAH,KOTA SEMARANG,TEMBALANG,SENDANGGUWO,3374101010014,,,,
JAWA TENGAH,KOTA SEMARANG,TEMBALANG,SENDANGGUWO,3374101010015,14.0,119.0,101.0,234.0
JAWA TENGAH,KOTA SEMARANG,TEMBALANG,SENDANGGUWO,3374101010016,18.0,146.0,93.0,257.0
JAWA TENGAH,KOTA SEMARANG,TEMBALANG,SENDANGGUWO,3374101010017,,,,
JAWA TENGAH,KOTA SEMARANG,TEMBALANG,SENDANGGUWO,3374101010018,,,,
JAWA TENGAH,KOTA SEMARANG,TEMBALANG,SENDANGGUWO,3374101010019,,,,
JAWA TENGAH,KOTA SEMARANG,TEMBALANG,SENDANGGUWO,3374101010020,13.0,134.0,95.0,242.0
JAWA TENGAH,KOTA SEMARANG,TEMBALANG,SENDANGGUWO,3374101010021,,,,
JAWA TENGAH,KOTA SEMARANG,TEMBALANG,SENDANGGUWO,3374101010022,,,,
JAWA TENGAH,KOTA SEMARANG,TEMBALANG,SENDANGGUWO,3374101010023,20.0,131.0,88.0,239.0
JAWA TENGAH,KOTA SEMARANG,TEMBALANG,SENDANGGUWO,3374101010024,32.0,114.0,100.0,246.0
JAWA TENGAH,KOTA SEMARANG,TEMBALANG,SENDANGGUWO,3374101010025,20.0,100.0,75.0,195.0
JAWA TENGAH,KOTA SEMARANG,TEMBALANG,SENDANGGUWO,3374101010026,12.0,120.0,92.0,224.0
JAWA TENGAH,KOTA SEMARANG,TEMBALANG,SENDANGGUWO,3374101010027,,,,
JAWA TENGAH,KOTA SEMARANG,TEMBALANG,SENDANGGUWO,3374101010028,,,,
JAWA TENGAH,KOTA SEMARANG,TEMBALANG,SENDANGGUWO,3374101010029,,,,
JAWA TENGAH,KOTA SEMARANG,TEMBALANG,SENDANGGUWO,3374101010030,,,,
JAWA TENGAH,KOTA SEMARANG,TEMBALANG,SENDANGGUWO,3374101010031,10.0,115.0,113.0,238.0
JAWA TENGAH,KOTA SEMARANG,TEMBALANG,SENDANGGUWO,3374101010032,,,,
JAWA TENGAH,KOTA SEMARANG,TEMBALANG,SENDANGGUWO,3374101010033,15.0,120.0,100.0,235.0
JAWA TENGAH,KOTA SEMARANG,TEMBALANG,SENDANGGUWO,3374101010034,27.0,130.0,75.0,232.0
JAWA TENGAH,KOTA SEMARANG,TEMBALANG,SENDANGGUWO,3374101010035,,,,
JAWA TENGAH,KOTA SEMARANG,TEMBALANG,SENDANGGUWO,3374101010036,,,,
JAWA TENGAH,KOTA SEMARANG,TEMBALANG,SENDANGGUWO,3374101010037,6.0,96.0,111.0,213.0
JAWA TENGAH,KOTA SEMARANG,TEMBALANG,SENDANGGUWO,3374101010038,26.0,105.0,121.0,252.0
JAWA TENGAH,KOTA SEMARANG,TEMBALANG,SENDANGGUWO,3374101010039,27.0,96.0,122.0,245.0
JAWA TENGAH,KOTA SEMARANG,TEMBALANG,SENDANGGUWO,3374101010040,28.0,103.0,107.0,238.0
JAWA TENGAH,KOTA SEMARANG,TEMBALANG,SENDANGGUWO,3374101010041,22.0,107.0,112.0,241.0
JAWA TENGAH,KOTA SEMARANG,TEMBALANG,SENDANGGUWO,3374101010042,13.0,104.0,118.0,235.0
JAWA TENGAH,KOTA SEMARANG,TEMBALANG,SENDANGGUWO,3374101010043,,,,
JAWA TENGAH,KOTA SEMARANG,TEMBALANG,SENDANGGUWO,3374101010044,,,,
JAWA TENGAH,KOTA SEMARANG,TEMBALANG,SENDANGGUWO,3374101010045,40.0,104.0,89.0,233.0
JAWA TENGAH,KOTA SEMARANG,TEMBALANG,SENDANGGUWO,3374101010046,,,,
JAWA TENGAH,KOTA SEMARANG,TEMBALANG,SENDANGGUWO,3374101010047,,,,
JAWA TENGAH,KOTA SEMARANG,TEMBALANG,SENDANGGUWO,3374101010048,41.0,116.0,94.0,251.0
JAWA TENGAH,KOTA SEMARANG,TEMBALANG,SENDANGGUWO,3374101010049,35.0,113.0,81.0,229.0
JAWA TENGAH,KOTA SEMARANG,TEMBALANG,SENDANGGUWO,3374101010050,28.0,116.0,105.0,249.0
JAWA TENGAH,KOTA SEMARANG,TEMBALANG,SENDANGGUWO,3374101010051,,,,
JAWA TENGAH,KOTA SEMARANG,TEMBALANG,SENDANGGUWO,3374101010052,20.0,107.0,111.0,238.0
JAWA TENGAH,KOTA SEMARANG,TEMBALANG,SENDANGGUWO,3374101010053,17.0,99.0,104.0,220.0
JAWA TENGAH,KOTA SEMARANG,TEMBALANG,SENDANGGUWO,3374101010054,26.0,106.0,112.0,244.0
JAWA TENGAH,KOTA SEMARANG,TEMBALANG,SENDANGGUWO,3374101010055,19.0,129.0,88.0,236.0
JAWA TENGAH,KOTA SEMARANG,TEMBALANG,SENDANGGUWO,3374101010056,22.0,120.0,81.0,223.0
JAWA TENGAH,KOTA SEMARANG,TEMBALANG,SENDANGGUWO,3374101010057,14.0,95.0,93.0,202.0
JAWA TENGAH,KOTA SEMARANG,TEMBALANG,SENDANGGUWO,3374101010058,11.0,94.0,66.0,171.0
JAWA TENGAH,KOTA SEMARANG,TEMBALANG,SENDANGGUWO,3374101010059,12.0,102.0,92.0,206.0
JAWA TENGAH,KOTA SEMARANG,TEMBALANG,SENDANGMULYO,3374101011001,25.0,117.0,80.0,222.0
JAWA TENGAH,KOTA SEMARANG,TEMBALANG,SENDANGMULYO,3374101011002,,,,175.0
JAWA TENGAH,KOTA SEMARANG,TEMBALANG,SENDANGMULYO,3374101011003,31.0,79.0,52.0,162.0
JAWA TENGAH,KOTA SEMARANG,TEMBALANG,SENDANGMULYO,3374101011004,29.0,121.0,77.0,227.0
JAWA TENGAH,KOTA SEMARANG,TEMBALANG,SENDANGMULYO,3374101011005,,,,
JAWA TENGAH,KOTA SEMARANG,TEMBALANG,SENDANGMULYO,3374101011006,38.0,93.0,77.0,208.0
JAWA TENGAH,KOTA SEMARANG,TEMBALANG,SENDANGMULYO,3374101011007,33.0,97.0,77.0,207.0
JAWA TENGAH,KOTA SEMARANG,TEMBALANG,SENDANGMULYO,3374101011008,44.0,113.0,74.0,231.0
JAWA TENGAH,KOTA SEMARANG,TEMBALANG,SENDANGMULYO,3374101011009,52.0,105.0,51.0,208.0
JAWA TENGAH,KOTA SEMARANG,TEMBALANG,SENDANGMULYO,3374101011010,28.0,101.0,88.0,217.0
JAWA TENGAH,KOTA SEMARANG,TEMBALANG,SENDANGMULYO,3374101011011,44.0,105.0,47.0,196.0
JAWA TENGAH,KOTA SEMARANG,TEMBALANG,SENDANGMULYO,3374101011012,48.0,99.0,47.0,194.0
JAWA TENGAH,KOTA SEMARANG,TEMBALANG,SENDANGMULYO,3374101011013,84.0,95.0,58.0,237.0
JAWA TENGAH,KOTA SEMARANG,TEMBALANG,SENDANGMULYO,3374101011014,32.0,138.0,70.0,240.0
JAWA TENGAH,KOTA SEMARANG,TEMBALANG,SENDANGMULYO,3374101011015,53.0,83.0,80.0,216.0
JAWA TENGAH,KOTA SEMARANG,TEMBALANG,SENDANGMULYO,3374101011016,49.0,111.0,66.0,226.0
JAWA TENGAH,KOTA SEMARANG,TEMBALANG,SENDANGMULYO,3374101011017,36.0,117.0,64.0,217.0
JAWA TENGAH,KOTA SEMARANG,TEMBALANG,SENDANGMULYO,3374101011018,59.0,129.0,67.0,255.0
JAWA TENGAH,KOTA SEMARANG,TEMBALANG,SENDANGMULYO,3374101011019,,,,
JAWA TENGAH,KOTA SEMARANG,TEMBALANG,SENDANGMULYO,3374101011020,,,,
JAWA TENGAH,KOTA SEMARANG,TEMBALANG,SENDANGMULYO,3374101011021,32.0,136.0,71.0,239.0
JAWA TENGAH,KOTA SEMARANG,TEMBALANG,SENDANGMULYO,3374101011022,,,,228.0
JAWA TENGAH,KOTA SEMARANG,TEMBALANG,SENDANGMULYO,3374101011023,30.0,125.0,72.0,227.0
JAWA TENGAH,KOTA SEMARANG,TEMBALANG,SENDANGMULYO,3374101011024,47.0,106.0,84.0,237.0
JAWA TENGAH,KOTA SEMARANG,TEMBALANG,SENDANGMULYO,3374101011025,31.0,102.0,97.0,230.0
JAWA TENGAH,KOTA SEMARANG,TEMBALANG,SENDANGMULYO,3374101011026,50.0,91.0,71.0,212.0
JAWA TENGAH,KOTA SEMARANG,TEMBALANG,SENDANGMULYO,3374101011027,25.0,95.0,41.0,161.0
JAWA TENGAH,KOTA SEMARANG,TEMBALANG,SENDANGMULYO,3374101011028,73.0,117.0,58.0,248.0
JAWA TENGAH,KOTA SEMARANG,TEMBALANG,SENDANGMULYO,3374101011029,52.0,120.0,54.0,226.0
JAWA TENGAH,KOTA SEMARANG,TEMBALANG,SENDANGMULYO,3374101011030,32.0,130.0,77.0,239.0
JAWA TENGAH,KOTA SEMARANG,TEMBALANG,SENDANGMULYO,3374101011031,30.0,113.0,84.0,227.0
JAWA TENGAH,KOTA SEMARANG,TEMBALANG,SENDANGMULYO,3374101011032,34.0,110.0,82.0,226.0
JAWA TENGAH,KOTA SEMARANG,TEMBALANG,SENDANGMULYO,3374101011033,63.0,68.0,54.0,185.0
JAWA TENGAH,KOTA SEMARANG,TEMBALANG,SENDANGMULYO,3374101011034,66.0,100.0,57.0,223.0
JAWA TENGAH,KOTA SEMARANG,TEMBALANG,SENDANGMULYO,3374101011035,82.0,99.0,62.0,243.0
JAWA TENGAH,KOTA SEMARANG,TEMBALANG,SENDANGMULYO,3374101011036,34.0,93.0,101.0,228.0
JAWA TENGAH,KOTA SEMARANG,TEMBALANG,SENDANGMULYO,3374101011037,56.0,114.0,72.0,242.0
JAWA TENGAH,KOTA SEMARANG,TEMBALANG,SENDANGMULYO,3374101011038,45.0,89.0,51.0,185.0
JAWA TENGAH,KOTA SEMARANG,TEMBALANG,SENDANGMULYO,3374101011039,16.0,139.0,52.0,207.0
JAWA TENGAH,KOTA SEMARANG,TEMBALANG,SENDANGMULYO,3374101011040,43.0,111.0,69.0,223.0
JAWA TENGAH,KOTA SEMARANG,TEMBALANG,SENDANGMULYO,3374101011041,49.0,93.0,73.0,215.0
JAWA TENGAH,KOTA SEMARANG,TEMBALANG,SENDANGMULYO,3374101011042,40.0,113.0,68.0,221.0
JAWA TENGAH,KOTA SEMARANG,TEMBALANG,SENDANGMULYO,3374101011043,72.0,77.0,87.0,236.0
JAWA TENGAH,KOTA SEMARANG,TEMBALANG,SENDANGMULYO,3374101011044,38.0,109.0,73.0,220.0
JAWA TENGAH,KOTA SEMARANG,TEMBALANG,SENDANGMULYO,3374101011045,42.0,112.0,59.0,213.0
JAWA TENGAH,KOTA SEMARANG,TEMBALANG,SENDANGMULYO,3374101011046,30.0,88.0,62.0,180.0
JAWA TENGAH,KOTA SEMARANG,TEMBALANG,SENDANGMULYO,3374101011047,,,,
JAWA TENGAH,KOTA SEMARANG,TEMBALANG,SENDANGMULYO,3374101011048,45.0,109.0,83.0,237.0
JAWA TENGAH,KOTA SEMARANG,TEMBALANG,SENDANGMULYO,3374101011049,39.0,127.0,59.0,225.0
JAWA TENGAH,KOTA SEMARANG,TEMBALANG,SENDANGMULYO,3374101011050,38.0,81.0,93.0,212.0
JAWA TENGAH,KOTA SEMARANG,TEMBALANG,SENDANGMULYO,3374101011051,46.0,110.0,61.0,217.0
JAWA TENGAH,KOTA SEMARANG,TEMBALANG,SENDANGMULYO,3374101011052,,,,
JAWA TENGAH,KOTA SEMARANG,TEMBALANG,SENDANGMULYO,3374101011053,,,,
JAWA TENGAH,KOTA SEMARANG,TEMBALANG,SENDANGMULYO,3374101011054,35.0,101.0,33.0,169.0
JAWA TENGAH,KOTA SEMARANG,TEMBALANG,SENDANGMULYO,3374101011055,27.0,105.0,69.0,201.0
JAWA TENGAH,KOTA SEMARANG,TEMBALANG,SENDANGMULYO,3374101011056,60.0,85.0,56.0,201.0
JAWA TENGAH,KOTA SEMARANG,TEMBALANG,SENDANGMULYO,3374101011057,40.0,87.0,45.0,172.0
JAWA TENGAH,KOTA SEMARANG,TEMBALANG,SENDANGMULYO,3374101011058,66.0,79.0,69.0,214.0
JAWA TENGAH,KOTA SEMARANG,TEMBALANG,SENDANGMULYO,3374101011059,,,,
JAWA TENGAH,KOTA SEMARANG,TEMBALANG,SENDANGMULYO,3374101011060,,,,
JAWA TENGAH,KOTA SEMARANG,TEMBALANG,SENDANGMULYO,3374101011061,,,,
JAWA TENGAH,KOTA SEMARANG,TEMBALANG,SENDANGMULYO,3374101011062,28.0,105.0,69.0,202.0
JAWA TENGAH,KOTA SEMARANG,TEMBALANG,SENDANGMULYO,3374101011063,36.0,98.0,57.0,191.0
JAWA TENGAH,KOTA SEMARANG,TEMBALANG,SENDANGMULYO,3374101011064,40.0,93.0,53.0,186.0
JAWA TENGAH,KOTA SEMARANG,TEMBALANG,SENDANGMULYO,3374101011065,63.0,107.0,56.0,226.0
JAWA TENGAH,KOTA SEMARANG,TEMBALANG,SENDANGMULYO,3374101011066,72.0,82.0,68.0,222.0
JAWA TENGAH,KOTA SEMARANG,TEMBALANG,SENDANGMULYO,3374101011067,83.0,83.0,55.0,221.0
JAWA TENGAH,KOTA SEMARANG,TEMBALANG,SENDANGMULYO,3374101011068,31.0,109.0,43.0,183.0
JAWA TENGAH,KOTA SEMARANG,TEMBALANG,SENDANGMULYO,3374101011069,35.0,89.0,55.0,179.0
JAWA TENGAH,KOTA SEMARANG,TEMBALANG,SENDANGMULYO,3374101011070,46.0,137.0,68.0,251.0
JAWA TENGAH,KOTA SEMARANG,TEMBALANG,SENDANGMULYO,3374101011071,68.0,83.0,67.0,218.0
JAWA TENGAH,KOTA SEMARANG,TEMBALANG,SENDANGMULYO,3374101011072,53.0,90.0,49.0,192.0
JAWA TENGAH,KOTA SEMARANG,TEMBALANG,SENDANGMULYO,3374101011073,,,,
JAWA TENGAH,KOTA SEMARANG,TEMBALANG,SENDANGMULYO,3374101011074,71.0,88.0,55.0,214.0
JAWA TENGAH,KOTA SEMARANG,TEMBALANG,SENDANGMULYO,3374101011075,,,,
JAWA TENGAH,KOTA SEMARANG,TEMBALANG,SENDANGMULYO,3374101011076,,,,
JAWA TENGAH,KOTA SEMARANG,TEMBALANG,SENDANGMULYO,3374101011077,65.0,98.0,63.0,226.0
JAWA TENGAH,KOTA SEMARANG,TEMBALANG,SENDANGMULYO,3374101011078,60.0,108.0,78.0,246.0
JAWA TENGAH,KOTA SEMARANG,TEMBALANG,SENDANGMULYO,3374101011079,61.0,115.0,68.0,244.0
JAWA TENGAH,KOTA SEMARANG,TEMBALANG,SENDANGMULYO,3374101011080,53.0,108.0,72.0,233.0
JAWA TENGAH,KOTA SEMARANG,TEMBALANG,SENDANGMULYO,3374101011081,,,,
JAWA TENGAH,KOTA SEMARANG,TEMBALANG,SENDANGMULYO,3374101011082,41.0,142.0,65.0,248.0
JAWA TENGAH,KOTA SEMARANG,TEMBALANG,SENDANGMULYO,3374101011083,49.0,138.0,56.0,243.0
JAWA TENGAH,KOTA SEMARANG,TEMBALANG,SENDANGMULYO,3374101011084,47.0,111.0,87.0,245.0
JAWA TENGAH,KOTA SEMARANG,TEMBALANG,SENDANGMULYO,3374101011085,48.0,95.0,79.0,222.0
JAWA TENGAH,KOTA SEMARANG,TEMBALANG,SENDANGMULYO,3374101011086,31.0,99.0,94.0,224.0
JAWA TENGAH,KOTA SEMARANG,TEMBALANG,SENDANGMULYO,3374101011087,39.0,141.0,56.0,236.0
JAWA TENGAH,KOTA SEMARANG,TEMBALANG,SENDANGMULYO,3374101011088,33.0,104.0,81.0,218.0
JAWA TENGAH,KOTA SEMARANG,TEMBALANG,SENDANGMULYO,3374101011089,66.0,97.0,53.0,216.0
JAWA TENGAH,KOTA SEMARANG,TEMBALANG,SENDANGMULYO,3374101011090,75.0,104.0,60.0,239.0
JAWA TENGAH,KOTA SEMARANG,TEMBALANG,SENDANGMULYO,3374101011091,72.0,103.0,41.0,216.0
JAWA TENGAH,KOTA SEMARANG,TEMBALANG,SENDANGMULYO,3374101011092,42.0,103.0,71.0,216.0
JAWA TENGAH,KOTA SEMARANG,TEMBALANG,SENDANGMULYO,3374101011093,56.0,78.0,51.0,185.0
JAWA TENGAH,KOTA SEMARANG,TEMBALANG,SENDANGMULYO,3374101011094,,,,247.0
JAWA TENGAH,KOTA SEMARANG,TEMBALANG,SENDANGMULYO,3374101011095,44.0,113.0,68.0,225.0
JAWA TENGAH,KOTA SEMARANG,TEMBALANG,SENDANGMULYO,3374101011096,47.0,111.0,82.0,240.0
JAWA TENGAH,KOTA SEMARANG,TEMBALANG,SENDANGMULYO,3374101011097,37.0,99.0,95.0,231.0
JAWA TENGAH,KOTA SEMARANG,TEMBALANG,SENDANGMULYO,3374101011098,45.0,126.0,87.0,258.0
JAWA TENGAH,KOTA SEMARANG,TEMBALANG,SENDANGMULYO,3374101011099,41.0,132.0,67.0,240.0
JAWA TENGAH,KOTA SEMARANG,TEMBALANG,SENDANGMULYO,3374101011100,17.0,47.0,24.0,88.0
JAWA TENGAH,KOTA SEMARANG,TEMBALANG,SENDANGMULYO,3374101011101,48.0,76.0,64.0,188.0
JAWA TENGAH,KOTA SEMARANG,TEMBALANG,SENDANGMULYO,3374101011102,51.0,100.0,66.0,217.0
JAWA TENGAH,KOTA SEMARANG,TEMBALANG,SENDANGMULYO,3374101011103,,,,
JAWA TENGAH,KOTA SEMARANG,TEMBALANG,SENDANGMULYO,3374101011104,66.0,100.0,64.0,230.0
JAWA TENGAH,KOTA SEMARANG,TEMBALANG,SENDANGMULYO,3374101011105,55.0,117.0,60.0,232.0
JAWA TENGAH,KOTA SEMARANG,TEMBALANG,SENDANGMULYO,3374101011106,,,,
JAWA TENGAH,KOTA SEMARANG,TEMBALANG,SENDANGMULYO,3374101011107,68.0,102.0,40.0,210.0
JAWA TENGAH,KOTA SEMARANG,TEMBALANG,SENDANGMULYO,3374101011108,,,,
JAWA TENGAH,KOTA SEMARANG,TEMBALANG,SENDANGMULYO,3374101011109,,,,
JAWA TENGAH,KOTA SEMARANG,TEMBALANG,TANDANG,3374101008001,,,,
JAWA TENGAH,KOTA SEMARANG,TEMBALANG,TANDANG,3374101008002,,,,
JAWA TENGAH,KOTA SEMARANG,TEMBALANG,TANDANG,3374101008003,25.0,129.0,99.0,253.0
JAWA TENGAH,KOTA SEMARANG,TEMBALANG,TANDANG,3374101008004,25.0,114.0,107.0,246.0
JAWA TENGAH,KOTA SEMARANG,TEMBALANG,TANDANG,3374101008005,31.0,123.0,99.0,253.0
JAWA TENGAH,KOTA SEMARANG,TEMBALANG,TANDANG,3374101008006,,,,
JAWA TENGAH,KOTA SEMARANG,TEMBALANG,TANDANG,3374101008007,47.0,103.0,95.0,245.0
JAWA TENGAH,KOTA SEMARANG,TEMBALANG,TANDANG,3374101008008,27.0,112.0,106.0,245.0
JAWA TENGAH,KOTA SEMARANG,TEMBALANG,TANDANG,3374101008009,64.0,110.0,84.0,258.0
JAWA TENGAH,KOTA SEMARANG,TEMBALANG,TANDANG,3374101008010,72.0,112.0,74.0,258.0
JAWA TENGAH,KOTA SEMARANG,TEMBALANG,TANDANG,3374101008011,25.0,103.0,87.0,215.0
JAWA TENGAH,KOTA SEMARANG,TEMBALANG,TANDANG,3374101008012,15.0,123.0,101.0,239.0
JAWA TENGAH,KOTA SEMARANG,TEMBALANG,TANDANG,3374101008013,21.0,117.0,90.0,228.0
JAWA TENGAH,KOTA SEMARANG,TEMBALANG,TANDANG,3374101008014,,,,
JAWA TENGAH,KOTA SEMARANG,TEMBALANG,TANDANG,3374101008015,21.0,112.0,109.0,242.0
JAWA TENGAH,KOTA SEMARANG,TEMBALANG,TANDANG,3374101008016,20.0,99.0,127.0,246.0
JAWA TENGAH,KOTA SEMARANG,TEMBALANG,TANDANG,3374101008017,25.0,112.0,108.0,245.0
JAWA TENGAH,KOTA SEMARANG,TEMBALANG,TANDANG,3374101008018,42.0,86.0,94.0,222.0
JAWA TENGAH,KOTA SEMARANG,TEMBALANG,TANDANG,3374101008019,39.0,108.0,90.0,237.0
JAWA TENGAH,KOTA SEMARANG,TEMBALANG,TANDANG,3374101008020,,,,
JAWA TENGAH,KOTA SEMARANG,TEMBALANG,TANDANG,3374101008021,37.0,111.0,100.0,248.0
JAWA TENGAH,KOTA SEMARANG,TEMBALANG,TANDANG,3374101008022,,,,
JAWA TENGAH,KOTA SEMARANG,TEMBALANG,TANDANG,3374101008023,,,,
JAWA TENGAH,KOTA SEMARANG,TEMBALANG,TANDANG,3374101008024,18.0,104.0,107.0,229.0
JAWA TENGAH,KOTA SEMARANG,TEMBALANG,TANDANG,3374101008025,,,,
JAWA TENGAH,KOTA SEMARANG,TEMBALANG,TANDANG,3374101008026,,,,
JAWA TENGAH,KOTA SEMARANG,TEMBALANG,TANDANG,3374101008027,45.0,85.0,126.0,256.0
JAWA TENGAH,KOTA SEMARANG,TEMBALANG,TANDANG,3374101008028,25.0,83.0,79.0,187.0
JAWA TENGAH,KOTA SEMARANG,TEMBALANG,TANDANG,3374101008029,18.0,114.0,94.0,226.0
JAWA TENGAH,KOTA SEMARANG,TEMBALANG,TANDANG,3374101008030,,,,
JAWA TENGAH,KOTA SEMARANG,TEMBALANG,TANDANG,3374101008031,32.0,109.0,82.0,223.0
JAWA TENGAH,KOTA SEMARANG,TEMBALANG,TANDANG,3374101008032,27.0,135.0,66.0,228.0
JAWA TENGAH,KOTA SEMARANG,TEMBALANG,TANDANG,3374101008033,,,,
JAWA TENGAH,KOTA SEMARANG,TEMBALANG,TANDANG,3374101008034,,,,
JAWA TENGAH,KOTA SEMARANG,TEMBALANG,TANDANG,3374101008035,,,,
JAWA TENGAH,KOTA SEMARANG,TEMBALANG,TANDANG,3374101008036,32.0,92.0,131.0,255.0
JAWA TENGAH,KOTA SEMARANG,TEMBALANG,TANDANG,3374101008037,,,,
JAWA TENGAH,KOTA SEMARANG,TEMBALANG,TANDANG,3374101008038,,,,
JAWA TENGAH,KOTA SEMARANG,TEMBALANG,TANDANG,3374101008039,20.0,86.0,117.0,223.0
JAWA TENGAH,KOTA SEMARANG,TEMBALANG,TANDANG,3374101008040,,,,
JAWA TENGAH,KOTA SEMARANG,TEMBALANG,TANDANG,3374101008041,16.0,71.0,94.0,181.0
JAWA TENGAH,KOTA SEMARANG,TEMBALANG,TANDANG,3374101008042,35.0,71.0,124.0,230.0
JAWA TENGAH,KOTA SEMARANG,TEMBALANG,TANDANG,3374101008043,,,,
JAWA TENGAH,KOTA SEMARANG,TEMBALANG,TANDANG,3374101008044,14.0,118.0,104.0,236.0
JAWA TENGAH,KOTA SEMARANG,TEMBALANG,TANDANG,3374101008045,12.0,102.0,110.0,224.0
JAWA TENGAH,KOTA SEMARANG,TEMBALANG,TANDANG,3374101008046,,,,
JAWA TENGAH,KOTA SEMARANG,TEMBALANG,TANDANG,3374101008047,17.0,102.0,126.0,245.0
JAWA TENGAH,KOTA SEMARANG,TEMBALANG,TANDANG,3374101008048,31.0,124.0,101.0,256.0
JAWA TENGAH,KOTA SEMARANG,TEMBALANG,TANDANG,3374101008049,,,,
JAWA TENGAH,KOTA SEMARANG,TEMBALANG,TANDANG,3374101008050,,,,
JAWA TENGAH,KOTA SEMARANG,TEMBALANG,TANDANG,3374101008051,18.0,118.0,98.0,234.0
JAWA TENGAH,KOTA SEMARANG,TEMBALANG,TANDANG,3374101008052,22.0,118.0,96.0,236.0
JAWA TENGAH,KOTA SEMARANG,TEMBALANG,TANDANG,3374101008053,,,,
JAWA TENGAH,KOTA SEMARANG,TEMBALANG,TANDANG,3374101008054,,,,
JAWA TENGAH,KOTA SEMARANG,TEMBALANG,TANDANG,3374101008055,10.0,113.0,127.0,250.0
JAWA TENGAH,KOTA SEMARANG,TEMBALANG,TANDANG,3374101008056,,,,
JAWA TENGAH,KOTA SEMARANG,TEMBALANG,TANDANG,3374101008057,26.0,97.0,107.0,230.0
JAWA TENGAH,KOTA SEMARANG,TEMBALANG,TANDANG,3374101008058,,,,
JAWA TENGAH,KOTA SEMARANG,TEMBALANG,TANDANG,3374101008059,18.0,102.0,84.0,204.0
JAWA TENGAH,KOTA SEMARANG,TEMBALANG,TANDANG,3374101008060,20.0,133.0,82.0,235.0
JAWA TENGAH,KOTA SEMARANG,TEMBALANG,TANDANG,3374101008061,,,,
JAWA TENGAH,KOTA SEMARANG,TEMBALANG,TANDANG,3374101008062,4.0,118.0,84.0,206.0
JAWA TENGAH,KOTA SEMARANG,TEMBALANG,TANDANG,3374101008063,,,,
JAWA TENGAH,KOTA SEMARANG,TEMBALANG,TANDANG,3374101008064,,,,
JAWA TENGAH,KOTA SEMARANG,TEMBALANG,TANDANG,3374101008065,14.0,86.0,76.0,176.0
JAWA TENGAH,KOTA SEMARANG,TEMBALANG,TANDANG,3374101008066,15.0,89.0,90.0,194.0
JAWA TENGAH,KOTA SEMARANG,TEMBALANG,TANDANG,3374101008067,,,,
JAWA TENGAH,KOTA SEMARANG,TEMBALANG,TEMBALANG,3374101006001,48.0,92.0,77.0,217.0
JAWA TENGAH,KOTA SEMARANG,TEMBALANG,TEMBALANG,3374101006002,40.0,77.0,53.0,170.0
JAWA TENGAH,KOTA SEMARANG,TEMBALANG,TEMBALANG,3374101006003,45.0,94.0,63.0,202.0
JAWA TENGAH,KOTA SEMARANG,TEMBALANG,TEMBALANG,3374101006004,36.0,76.0,64.0,176.0
JAWA TENGAH,KOTA SEMARANG,TEMBALANG,TEMBALANG,3374101006005,,,,
JAWA TENGAH,KOTA SEMARANG,TEMBALANG,TEMBALANG,3374101006006,96.0,99.0,43.0,238.0
JAWA TENGAH,KOTA SEMARANG,TEMBALANG,TEMBALANG,3374101006007,64.0,92.0,58.0,214.0
JAWA TENGAH,KOTA SEMARANG,TEMBALANG,TEMBALANG,3374101006008,50.0,94.0,81.0,225.0
JAWA TENGAH,KOTA SEMARANG,TEMBALANG,TEMBALANG,3374101006009,50.0,119.0,69.0,238.0
JAWA TENGAH,KOTA SEMARANG,TEMBALANG,TEMBALANG,3374101006010,34.0,129.0,78.0,241.0
JAWA TENGAH,KOTA SEMARANG,TEMBALANG,TEMBALANG,3374101006011,35.0,123.0,97.0,255.0
JAWA TENGAH,KOTA SEMARANG,TEMBALANG,TEMBALANG,3374101006012,65.0,87.0,88.0,240.0
JAWA TENGAH,KOTA SEMARANG,TEMBALANG,TEMBALANG,3374101006013,72.0,86.0,64.0,222.0
JAWA TENGAH,KOTA SEMARANG,TEMBALANG,TEMBALANG,3374101006014,102.0,84.0,69.0,255.0
JAWA TENGAH,KOTA SEMARANG,TEMBALANG,TEMBALANG,3374101006015,69.0,98.0,66.0,233.0
JAWA TENGAH,KOTA SEMARANG,TEMBALANG,TEMBALANG,3374101006016,40.0,146.0,56.0,242.0
JAWA TENGAH,KOTA SEMARANG,TUGU,JERAKAH,3374161001001,16.0,64.0,62.0,142.0
JAWA TENGAH,KOTA SEMARANG,TUGU,JERAKAH,3374161001002,26.0,77.0,69.0,172.0
JAWA TENGAH,KOTA SEMARANG,TUGU,JERAKAH,3374161001003,24.0,97.0,92.0,213.0
JAWA TENGAH,KOTA SEMARANG,TUGU,JERAKAH,3374161001004,58.0,102.0,75.0,235.0
JAWA TENGAH,KOTA SEMARANG,TUGU,JERAKAH,3374161001005,,,,
JAWA TENGAH,KOTA SEMARANG,TUGU,JERAKAH,3374161001006,,,,
JAWA TENGAH,KOTA SEMARANG,TUGU,JERAKAH,3374161001007,44.0,80.0,75.0,199.0
JAWA TENGAH,KOTA SEMARANG,TUGU,JERAKAH,3374161001008,,,,
JAWA TENGAH,KOTA SEMARANG,TUGU,JERAKAH,3374161001009,,,,
JAWA TENGAH,KOTA SEMARANG,TUGU,KARANGANYAR,3374161003001,,,,
JAWA TENGAH,KOTA SEMARANG,TUGU,KARANGANYAR,3374161003002,,,,
JAWA TENGAH,KOTA SEMARANG,TUGU,KARANGANYAR,3374161003003,31.0,147.0,79.0,257.0
JAWA TENGAH,KOTA SEMARANG,TUGU,KARANGANYAR,3374161003004,,,,
JAWA TENGAH,KOTA SEMARANG,TUGU,KARANGANYAR,3374161003005,42.0,126.0,67.0,235.0
JAWA TENGAH,KOTA SEMARANG,TUGU,KARANGANYAR,3374161003006,,,,
JAWA TENGAH,KOTA SEMARANG,TUGU,KARANGANYAR,3374161003007,,,,
JAWA TENGAH,KOTA SEMARANG,TUGU,KARANGANYAR,3374161003008,,,,
JAWA TENGAH,KOTA SEMARANG,TUGU,KARANGANYAR,3374161003009,,,,
JAWA TENGAH,KOTA SEMARANG,TUGU,KARANGANYAR,3374161003010,,,,
JAWA TENGAH,KOTA SEMARANG,TUGU,KARANGANYAR,3374161003011,,,,
JAWA TENGAH,KOTA SEMARANG,TUGU,MANGKANG KULON,3374161006001,6.0,124.0,86.0,216.0
JAWA TENGAH,KOTA SEMARANG,TUGU,MANGKANG KULON,3374161006002,,,,
JAWA TENGAH,KOTA SEMARANG,TUGU,MANGKANG KULON,3374161006003,,,,
JAWA TENGAH,KOTA SEMARANG,TUGU,MANGKANG KULON,3374161006004,,,,
JAWA TENGAH,KOTA SEMARANG,TUGU,MANGKANG KULON,3374161006005,,,,
JAWA TENGAH,KOTA SEMARANG,TUGU,MANGKANG KULON,3374161006006,29.0,135.0,87.0,251.0
JAWA TENGAH,KOTA SEMARANG,TUGU,MANGKANG KULON,3374161006007,,,,
JAWA TENGAH,KOTA SEMARANG,TUGU,MANGKANG KULON,3374161006008,144.0,3.0,147.0,294.0
JAWA TENGAH,KOTA SEMARANG,TUGU,MANGKANG KULON,3374161006009,17.0,90.0,96.0,203.0
JAWA TENGAH,KOTA SEMARANG,TUGU,MANGKANG KULON,3374161006010,,,,
JAWA TENGAH,KOTA SEMARANG,TUGU,MANGKANG KULON,3374161006011,,,,
JAWA TENGAH,KOTA SEMARANG,TUGU,MANGKANG WETAN,3374161005001,35.0,67.0,163.0,265.0
JAWA TENGAH,KOTA SEMARANG,TUGU,MANGKANG WETAN,3374161005002,43.0,84.0,126.0,253.0
JAWA TENGAH,KOTA SEMARANG,TUGU,MANGKANG WETAN,3374161005003,34.0,108.0,86.0,228.0
JAWA TENGAH,KOTA SEMARANG,TUGU,MANGKANG WETAN,3374161005004,20.0,128.0,82.0,230.0
JAWA TENGAH,KOTA SEMARANG,TUGU,MANGKANG WETAN,3374161005005,,,,
JAWA TENGAH,KOTA SEMARANG,TUGU,MANGKANG WETAN,3374161005006,,,,
JAWA TENGAH,KOTA SEMARANG,TUGU,MANGKANG WETAN,3374161005007,,,,
JAWA TENGAH,KOTA SEMARANG,TUGU,MANGKANG WETAN,3374161005008,,,,
JAWA TENGAH,KOTA SEMARANG,TUGU,MANGKANG WETAN,3374161005009,25.0,85.0,82.0,192.0
JAWA TENGAH,KOTA SEMARANG,TUGU,MANGKANG WETAN,3374161005010,40.0,87.0,97.0,224.0
JAWA TENGAH,KOTA SEMARANG,TUGU,MANGKANG WETAN,3374161005011,18.0,95.0,103.0,216.0
JAWA TENGAH,KOTA SEMARANG,TUGU,MANGKANG WETAN,3374161005012,28.0,104.0,84.0,216.0
JAWA TENGAH,KOTA SEMARANG,TUGU,MANGKANG WETAN,3374161005013,24.0,125.0,70.0,219.0
JAWA TENGAH,KOTA SEMARANG,TUGU,MANGKANG WETAN,3374161005014,,,,
JAWA TENGAH,KOTA SEMARANG,TUGU,MANGKANG WETAN,3374161005015,,,,
JAWA TENGAH,KOTA SEMARANG,TUGU,MANGKANG WETAN,3374161005016,12.0,123.0,98.0,233.0
JAWA TENGAH,KOTA SEMARANG,TUGU,MANGKANG WETAN,3374161005017,,,,
JAWA TENGAH,KOTA SEMARANG,TUGU,MANGKANG WETAN,3374161005018,,,,
JAWA TENGAH,KOTA SEMARANG,TUGU,MANGUNHARJO,3374161007001,,,,
JAWA TENGAH,KOTA SEMARANG,TUGU,MANGUNHARJO,3374161007002,30.0,113.0,79.0,222.0
JAWA TENGAH,KOTA SEMARANG,TUGU,MANGUNHARJO,3374161007003,20.0,117.0,92.0,229.0
JAWA TENGAH,KOTA SEMARANG,TUGU,MANGUNHARJO,3374161007004,,,,
JAWA TENGAH,KOTA SEMARANG,TUGU,MANGUNHARJO,3374161007005,,,,
JAWA TENGAH,KOTA SEMARANG,TUGU,MANGUNHARJO,3374161007006,,,,
JAWA TENGAH,KOTA SEMARANG,TUGU,MANGUNHARJO,3374161007007,,,,
JAWA TENGAH,KOTA SEMARANG,TUGU,MANGUNHARJO,3374161007008,,,,
JAWA TENGAH,KOTA SEMARANG,TUGU,MANGUNHARJO,3374161007009,,,,
JAWA TENGAH,KOTA SEMARANG,TUGU,MANGUNHARJO,3374161007010,,,,
JAWA TENGAH,KOTA SEMARANG,TUGU,MANGUNHARJO,3374161007011,16.0,111.0,93.0,220.0
JAWA TENGAH,KOTA SEMARANG,TUGU,MANGUNHARJO,3374161007012,,,,
JAWA TENGAH,KOTA SEMARANG,TUGU,MANGUNHARJO,3374161007013,12.0,79.0,131.0,222.0
JAWA TENGAH,KOTA SEMARANG,TUGU,MANGUNHARJO,3374161007014,,,,
JAWA TENGAH,KOTA SEMARANG,TUGU,MANGUNHARJO,3374161007015,,,,
JAWA TENGAH,KOTA SEMARANG,TUGU,MANGUNHARJO,3374161007016,16.0,109.0,98.0,223.0
JAWA TENGAH,KOTA SEMARANG,TUGU,MANGUNHARJO,3374161007017,,,,
JAWA TENGAH,KOTA SEMARANG,TUGU,MANGUNHARJO,3374161007018,6.0,53.0,113.0,172.0
JAWA TENGAH,KOTA SEMARANG,TUGU,RANDUGARUT,3374161004001,33.0,108.0,67.0,208.0
JAWA TENGAH,KOTA SEMARANG,TUGU,RANDUGARUT,3374161004002,,,,
JAWA TENGAH,KOTA SEMARANG,TUGU,RANDUGARUT,3374161004003,41.0,110.0,32.0,183.0
JAWA TENGAH,KOTA SEMARANG,TUGU,RANDUGARUT,3374161004004,28.0,122.0,75.0,225.0
JAWA TENGAH,KOTA SEMARANG,TUGU,RANDUGARUT,3374161004005,23.0,114.0,106.0,243.0
JAWA TENGAH,KOTA SEMARANG,TUGU,RANDUGARUT,3374161004006,19.0,109.0,74.0,202.0
JAWA TENGAH,KOTA SEMARANG,TUGU,RANDUGARUT,3374161004007,,,,
JAWA TENGAH,KOTA SEMARANG,TUGU,TUGUREJO,3374161002001,,,,
JAWA TENGAH,KOTA SEMARANG,TUGU,TUGUREJO,3374161002002,47.0,129.0,86.0,262.0
JAWA TENGAH,KOTA SEMARANG,TUGU,TUGUREJO,3374161002003,31.0,144.0,68.0,243.0
JAWA TENGAH,KOTA SEMARANG,TUGU,TUGUREJO,3374161002004,47.0,126.0,58.0,231.0
JAWA TENGAH,KOTA SEMARANG,TUGU,TUGUREJO,3374161002005,,,,
JAWA TENGAH,KOTA SEMARANG,TUGU,TUGUREJO,3374161002006,18.0,134.0,72.0,224.0
JAWA TENGAH,KOTA SEMARANG,TUGU,TUGUREJO,3374161002007,,,,
JAWA TENGAH,KOTA SEMARANG,TUGU,TUGUREJO,3374161002008,27.0,109.0,81.0,217.0
JAWA TENGAH,KOTA SEMARANG,TUGU,TUGUREJO,3374161002009,37.0,133.0,49.0,219.0
JAWA TENGAH,KOTA SEMARANG,TUGU,TUGUREJO,3374161002010,28.0,133.0,68.0,229.0
JAWA TENGAH,KOTA SEMARANG,TUGU,TUGUREJO,3374161002011,,,,
JAWA TENGAH,KOTA SEMARANG,TUGU,TUGUREJO,3374161002012,27.0,148.0,58.0,233.0
JAWA TENGAH,KOTA SEMARANG,TUGU,TUGUREJO,3374161002013,14.0,123.0,61.0,198.0
JAWA TENGAH,KOTA SEMARANG,TUGU,TUGUREJO,3374161002014,37.0,122.0,58.0,217.0
JAWA TENGAH,KOTA SEMARANG,TUGU,TUGUREJO,3374161002015,19.0,159.0,55.0,233.0
JAWA TENGAH,KOTA SEMARANG,TUGU,TUGUREJO,3374161002016,,,,
JAWA TENGAH,KOTA SEMARANG,TUGU,TUGUREJO,3374161002017,,,,
JAWA TENGAH,KOTA SEMARANG,TUGU,TUGUREJO,3374161002018,,,,
JAWA TENGAH,KOTA SEMARANG,TUGU,TUGUREJO,3374161002019,,,,
JAWA TENGAH,KOTA SEMARANG,TUGU,TUGUREJO,3374161002020,21.0,136.0,55.0,212.0
JAWA TENGAH,KOTA SEMARANG,TUGU,TUGUREJO,3374161002021,,,,
