provinsi,kab_kota,kecamatan,desa_kelurahan,tps,suara_A,suara_B,suara_C,suara_sah,id_tps,kabupaten_kota,kelurahan,nomor_tps,dpt,total_suara_sah,suara_paslon_01,suara_paslon_02,suara_paslon_03,proporsi_paslon_01,proporsi_paslon_02,proporsi_paslon_03,turnout_rate,suara_tidak_sah,suara_total,dpt_imputed,origin_url,ts,paslon_pemenang
JAWA TENGAH,KOTA SEMARANG,BANYUMANIK,BANYUMANIK,3374111005001,17,101,82,200,3374111005001,KOTA SEMARANG,BANYUMANIK,TPS 001,285,200,17,101,82,0.085,0.505,0.41,0.7018,0,200,True,https://pemilu2024.kpu.go.id/pilpres/hitung-suara/33/3374/337411/3374111005/3374111005001,2024-02-15 23:29:50,PASLON 02
JAWA TENGAH,KOTA SEMARANG,BANYUMANIK,BANYUMANIK,3374111005002,24,89,52,165,3374111005002,KOTA SEMARANG,BANYUMANIK,TPS 002,285,165,24,89,52,0.1455,0.5394,0.3152,0.5789,0,165,True,https://pemilu2024.kpu.go.id/pilpres/hitung-suara/33/3374/337411/3374111005/3374111005002,2024-02-22 15:00:00,PASLON 02
JAWA TENGAH,KOTA SEMARANG,BANYUMANIK,BANYUMANIK,3374111005003,28,131,68,227,3374111005003,KOTA SEMARANG,BANYUMANIK,TPS 003,283,227,28,131,68,0.1233,0.5771,0.2996,0.8021,2,229,False,https://pemilu2024.kpu.go.id/pilpres/hitung-suara/33/3374/337411/3374111005/3374111005003,2024-02-16 22:01:00,PASLON 02
JAWA TENGAH,KOTA SEMARANG,BANYUMANIK,BANYUMANIK,3374111005004,23,96,110,229,3374111005004,KOTA SEMARANG,BANYUMANIK,TPS 004,285,229,23,96,110,0.1004,0.4192,0.4803,0.8035,0,229,True,https://pemilu2024.kpu.go.id/pilpres/hitung-suara/33/3374/337411/3374111005/3374111005004,2024-02-16 12:51:22,PASLON 03
JAWA TENGAH,KOTA SEMARANG,BANYUMANIK,BANYUMANIK,3374111005005,46,90,115,251,3374111005005,KOTA SEMARANG,BANYUMANIK,TPS 005,285,251,46,90,115,0.1833,0.3586,0.4582,0.8807,0,251,True,https://pemilu2024.kpu.go.id/pilpres/hitung-suara/33/3374/337411/3374111005/3374111005005,2024-02-16 16:25:10,PASLON 03
JAWA TENGAH,KOTA SEMARANG,BANYUMANIK,BANYUMANIK,3374111005006,24,91,129,244,3374111005006,KOTA SEMARANG,BANYUMANIK,TPS 006,285,244,24,91,129,0.0984,0.373,0.5287,0.8561,0,244,True,https://pemilu2024.kpu.go.id/pilpres/hitung-suara/33/3374/337411/3374111005/3374111005006,2024-02-20 17:00:00,PASLON 03
JAWA TENGAH,KOTA SEMARANG,BANYUMANIK,BANYUMANIK,3374111005007,35,111,89,235,3374111005007,KOTA SEMARANG,BANYUMANIK,TPS 007,285,235,35,111,89,0.1489,0.4723,0.3787,0.8246,0,235,True,https://pemilu2024.kpu.go.id/pilpres/hitung-suara/33/3374/337411/3374111005/3374111005007,2024-02-22 15:00:00,PASLON 02
JAWA TENGAH,KOTA SEMARANG,BANYUMANIK,BANYUMANIK,3374111005008,57,116,68,241,3374111005008,KOTA SEMARANG,BANYUMANIK,TPS 008,285,241,57,116,68,0.2365,0.4813,0.2822,0.8456,0,241,True,https://pemilu2024.kpu.go.id/pilpres/hitung-suara/33/3374/337411/3374111005/3374111005008,2024-02-22 15:00:00,PASLON 02
JAWA TENGAH,KOTA SEMARANG,BANYUMANIK,BANYUMANIK,3374111005009,42,132,95,269,3374111005009,KOTA SEMARANG,BANYUMANIK,TPS 009,285,269,42,132,95,0.1561,0.4907,0.3532,0.9439,0,269,True,https://pemilu2024.kpu.go.id/pilpres/hitung-suara/33/3374/337411/3374111005/3374111005009,2024-02-22 15:00:00,PASLON 02
JAWA TENGAH,KOTA SEMARANG,BANYUMANIK,BANYUMANIK,3374111005010,45,120,80,245,3374111005010,KOTA SEMARANG,BANYUMANIK,TPS 010,280,245,45,120,80,0.1837,0.4898,0.3265,0.875,7,252,False,https://pemilu2024.kpu.go.id/pilpres/hitung-suara/33/3374/337411/3374111005/3374111005010,2024-02-16 01:30:27,PASLON 02
JAWA TENGAH,KOTA SEMARANG,BANYUMANIK,BANYUMANIK,3374111005011,46,131,83,260,3374111005011,KOTA SEMARANG,BANYUMANIK,TPS 011,299,260,46,131,83,0.1769,0.5038,0.3192,0.8696,5,265,False,https://pemilu2024.kpu.go.id/pilpres/hitung-suara/33/3374/337411/3374111005/3374111005011,2024-02-15 05:00:24,PASLON 02
JAWA TENGAH,KOTA SEMARANG,BANYUMANIK,BANYUMANIK,3374111005012,50,106,81,237,3374111005012,KOTA SEMARANG,BANYUMANIK,TPS 012,287,237,50,106,81,0.211,0.4473,0.3418,0.8258,1,238,False,https://pemilu2024.kpu.go.id/pilpres/hitung-suara/33/3374/337411/3374111005/3374111005012,2024-02-16 13:30:32,PASLON 02
JAWA TENGAH,KOTA SEMARANG,BANYUMANIK,BANYUMANIK,3374111005013,54,108,78,240,3374111005013,KOTA SEMARANG,BANYUMANIK,TPS 013,285,240,54,108,78,0.225,0.45,0.325,0.8421,0,240,True,https://pemilu2024.kpu.go.id/pilpres/hitung-suara/33/3374/337411/3374111005/3374111005013,2024-02-16 12:51:22,PASLON 02
JAWA TENGAH,KOTA SEMARANG,BANYUMANIK,BANYUMANIK,3374111005014,68,107,71,246,3374111005014,KOTA SEMARANG,BANYUMANIK,TPS 014,298,246,68,107,71,0.2764,0.435,0.2886,0.8255,3,249,False,https://pemilu2024.kpu.go.id/pilpres/hitung-suara/33/3374/337411/3374111005/3374111005014,2024-02-15 00:41:44,PASLON 02
JAWA TENGAH,KOTA SEMARANG,BANYUMANIK,BANYUMANIK,3374111005015,27,134,72,233,3374111005015,KOTA SEMARANG,BANYUMANIK,TPS 015,285,233,27,134,72,0.1159,0.5751,0.309,0.8175,0,233,True,https://pemilu2024.kpu.go.id/pilpres/hitung-suara/33/3374/337411/3374111005/3374111005015,2024-02-16 12:51:22,PASLON 02
JAWA TENGAH,KOTA SEMARANG,BANYUMANIK,BANYUMANIK,3374111005016,14,107,104,225,3374111005016,KOTA SEMARANG,BANYUMANIK,TPS 016,273,225,14,107,104,0.0622,0.4756,0.4622,0.8242,6,231,False,https://pemilu2024.kpu.go.id/pilpres/hitung-suara/33/3374/337411/3374111005/3374111005016,2024-02-14 21:46:01,PASLON 02
JAWA TENGAH,KOTA SEMARANG,BANYUMANIK,BANYUMANIK,3374111005017,13,120,85,218,3374111005017,KOTA SEMARANG,BANYUMANIK,TPS 017,285,218,13,120,85,0.0596,0.5505,0.3899,0.7649,0,218,True,https://pemilu2024.kpu.go.id/pilpres/hitung-suara/33/3374/337411/3374111005/3374111005017,2024-02-22 15:00:00,PASLON 02
JAWA TENGAH,KOTA SEMARANG,BANYUMANIK,BANYUMANIK,3374111005018,28,106,86,220,3374111005018,KOTA SEMARANG,BANYUMANIK,TPS 018,285,220,28,106,86,0.1273,0.4818,0.3909,0.7719,0,220,True,https://pemilu2024.kpu.go.id/pilpres/hitung-suara/33/3374/337411/3374111005/3374111005018,2024-02-15 18:00:26,PASLON 02
JAWA TENGAH,KOTA SEMARANG,BANYUMANIK,BANYUMANIK,3374111005019,42,121,96,259,3374111005019,KOTA SEMARANG,BANYUMANIK,TPS 019,285,259,42,121,96,0.1622,0.4672,0.3707,0.9088,0,259,True,https://pemilu2024.kpu.go.id/pilpres/hitung-suara/33/3374/337411/3374111005/3374111005019,2024-02-24 22:31:28,PASLON 02
JAWA TENGAH,KOTA SEMARANG,BANYUMANIK,BANYUMANIK,3374111005020,36,132,80,248,3374111005020,KOTA SEMARANG,BANYUMANIK,TPS 020,285,248,36,132,80,0.1452,0.5323,0.3226,0.8702,0,248,True,https://pemilu2024.kpu.go.id/pilpres/hitung-suara/33/3374/337411/3374111005/3374111005020,2024-02-15 09:00:24,PASLON 02
JAWA TENGAH,KOTA SEMARANG,BANYUMANIK,BANYUMANIK,3374111005021,21,122,93,236,3374111005021,KOTA SEMARANG,BANYUMANIK,TPS 021,285,236,21,122,93,0.089,0.5169,0.3941,0.8281,0,236,True,https://pemilu2024.kpu.go.id/pilpres/hitung-suara/33/3374/337411/3374111005/3374111005021,2024-02-22 15:00:00,PASLON 02
JAWA TENGAH,KOTA SEMARANG,BANYUMANIK,BANYUMANIK,3374111005022,22,133,91,246,3374111005022,KOTA SEMARANG,BANYUMANIK,TPS 022,280,246,22,133,91,0.0894,0.5407,0.3699,0.8786,4,250,False,https://pemilu2024.kpu.go.id/pilpres/hitung-suara/33/3374/337411/3374111005/3374111005022,2024-02-14 21:46:01,PASLON 02
JAWA TENGAH,KOTA SEMARANG,BANYUMANIK,BANYUMANIK,3374111005023,24,106,86,216,3374111005023,KOTA SEMARANG,BANYUMANIK,TPS 023,285,216,24,106,86,0.1111,0.4907,0.3981,0.7579,0,216,True,https://pemilu2024.kpu.go.id/pilpres/hitung-suara/33/3374/337411/3374111005/3374111005023,2024-02-22 15:00:00,PASLON 02
JAWA TENGAH,KOTA SEMARANG,BANYUMANIK,BANYUMANIK,3374111005024,21,130,103,254,3374111005024,KOTA SEMARANG,BANYUMANIK,TPS 024,285,254,21,130,103,0.0827,0.5118,0.4055,0.8912,0,254,True,https://pemilu2024.kpu.go.id/pilpres/hitung-suara/33/3374/337411/3374111005/3374111005024,2024-02-22 15:00:00,PASLON 02
JAWA TENGAH,KOTA SEMARANG,BANYUMANIK,BANYUMANIK,3374111005025,45,71,44,160,3374111005025,KOTA SEMARANG,BANYUMANIK,TPS 025,285,160,45,71,44,0.2812,0.4438,0.275,0.5614,0,160,True,https://pemilu2024.kpu.go.id/pilpres/hitung-suara/33/3374/337411/3374111005/3374111005025,2024-02-16 12:51:22,PASLON 02
JAWA TENGAH,KOTA SEMARANG,BANYUMANIK,BANYUMANIK,3374111005026,52,45,49,146,3374111005026,KOTA SEMARANG,BANYUMANIK,TPS 026,237,146,52,45,49,0.3562,0.3082,0.3356,0.616,8,194,False,https://pemilu2024.kpu.go.id/pilpres/hitung-suara/33/3374/337411/3374111005/3374111005026,2024-02-14 21:46:01,PASLON 01
JAWA TENGAH,KOTA SEMARANG,BANYUMANIK,BANYUMANIK,3374111005027,32,128,64,224,3374111005027,KOTA SEMARANG,BANYUMANIK,TPS 027,285,224,32,128,64,0.1429,0.5714,0.2857,0.786,0,224,True,https://pemilu2024.kpu.go.id/pilpres/hitung-suara/33/3374/337411/3374111005/3374111005027,2024-02-16 12:51:22,PASLON 02
JAWA TENGAH,KOTA SEMARANG,BANYUMANIK,BANYUMANIK,3374111005028,46,127,67,240,3374111005028,KOTA SEMARANG,BANYUMANIK,TPS 028,291,240,46,127,67,0.1917,0.5292,0.2792,0.8247,1,241,False,https://pemilu2024.kpu.go.id/pilpres/hitung-suara/33/3374/337411/3374111005/3374111005028,2024-02-15 00:41:44,PASLON 02
JAWA TENGAH,KOTA SEMARANG,BANYUMANIK,BANYUMANIK,3374111005029,31,140,77,248,3374111005029,KOTA SEMARANG,BANYUMANIK,TPS 029,285,248,31,140,77,0.125,0.5645,0.3105,0.8702,0,248,True,https://pemilu2024.kpu.go.id/pilpres/hitung-suara/33/3374/337411/3374111005/3374111005029,2024-02-24 22:31:28,PASLON 02
JAWA TENGAH,KOTA SEMARANG,BANYUMANIK,BANYUMANIK,3374111005030,69,92,68,229,3374111005030,KOTA SEMARANG,BANYUMANIK,TPS 030,285,229,69,92,68,0.3013,0.4017,0.2969,0.8035,0,229,True,https://pemilu2024.kpu.go.id/pilpres/hitung-suara/33/3374/337411/3374111005/3374111005030,2024-02-24 22:31:28,PASLON 02
JAWA TENGAH,KOTA SEMARANG,BANYUMANIK,BANYUMANIK,3374111005033,64,96,71,231,3374111005033,KOTA SEMARANG,BANYUMANIK,TPS 033,296,231,64,96,71,0.2771,0.4156,0.3074,0.7804,5,236,False,https://pemilu2024.kpu.go.id/pilpres/hitung-suara/33/3374/337411/3374111005/3374111005033,2024-02-16 12:51:22,PASLON 02
JAWA TENGAH,KOTA SEMARANG,BANYUMANIK,GEDAWANG,3374111002001,32,134,70,236,3374111002001,KOTA SEMARANG,GEDAWANG,TPS 001,273,236,32,134,70,0.1356,0.5678,0.2966,0.8645,8,244,False,https://pemilu2024.kpu.go.id/pilpres/hitung-suara/33/3374/337411/3374111002/3374111002001,2024-02-15 07:00:44,PASLON 02
JAWA TENGAH,KOTA SEMARANG,BANYUMANIK,GEDAWANG,3374111002003,9,105,72,186,3374111002003,KOTA SEMARANG,GEDAWANG,TPS 003,227,186,9,105,72,0.0484,0.5645,0.3871,0.8194,6,192,False,https://pemilu2024.kpu.go.id/pilpres/hitung-suara/33/3374/337411/3374111002/3374111002003,2024-02-15 00:41:44,PASLON 02
JAWA TENGAH,KOTA SEMARANG,BANYUMANIK,GEDAWANG,3374111002004,30,118,99,247,3374111002004,KOTA SEMARANG,GEDAWANG,TPS 004,247,247,30,118,99,0.1215,0.4777,0.4008,1.0,0,247,True,https://pemilu2024.kpu.go.id/pilpres/hitung-suara/33/3374/337411/3374111002/3374111002004,2024-02-24 22:31:28,PASLON 02
JAWA TENGAH,KOTA SEMARANG,BANYUMANIK,GEDAWANG,3374111002005,17,97,80,194,3374111002005,KOTA SEMARANG,GEDAWANG,TPS 005,210,194,17,97,80,0.0876,0.5,0.4124,0.9238,3,197,False,https://pemilu2024.kpu.go.id/pilpres/hitung-suara/33/3374/337411/3374111002/3374111002005,2024-02-17 09:00:02,PASLON 02
JAWA TENGAH,KOTA SEMARANG,BANYUMANIK,GEDAWANG,3374111002007,28,125,69,222,3374111002007,KOTA SEMARANG,GEDAWANG,TPS 007,257,222,28,125,69,0.1261,0.5631,0.3108,0.8638,0,222,False,https://pemilu2024.kpu.go.id/pilpres/hitung-suara/33/3374/337411/3374111002/3374111002007,2024-02-19 06:16:00,PASLON 02
JAWA TENGAH,KOTA SEMARANG,BANYUMANIK,GEDAWANG,3374111002009,61,111,101,273,3374111002009,KOTA SEMARANG,GEDAWANG,TPS 009,292,273,61,111,101,0.2234,0.4066,0.37,0.9349,5,233,False,https://pemilu2024.kpu.go.id/pilpres/hitung-suara/33/3374/337411/3374111002/3374111002009,2024-02-19 06:16:00,PASLON 02
JAWA TENGAH,KOTA SEMARANG,BANYUMANIK,GEDAWANG,3374111002011,25,78,41,144,3374111002011,KOTA SEMARANG,GEDAWANG,TPS 011,228,144,25,78,41,0.1736,0.5417,0.2847,0.6316,0,144,True,https://pemilu2024.kpu.go.id/pilpres/hitung-suara/33/3374/337411/3374111002/3374111002011,2024-02-22 15:00:00,PASLON 02
JAWA TENGAH,KOTA SEMARANG,BANYUMANIK,GEDAWANG,3374111002012,83,98,62,243,3374111002012,KOTA SEMARANG,GEDAWANG,TPS 012,243,243,83,98,62,0.3416,0.4033,0.2551,1.0,0,243,True,https://pemilu2024.kpu.go.id/pilpres/hitung-suara/33/3374/337411/3374111002/3374111002012,2024-02-15 09:00:24,PASLON 02
JAWA TENGAH,KOTA SEMARANG,BANYUMANIK,GEDAWANG,3374111002014,101,70,66,237,3374111002014,KOTA SEMARANG,GEDAWANG,TPS 014,237,237,101,70,66,0.4262,0.2954,0.2785,1.0,0,237,True,https://pemilu2024.kpu.go.id/pilpres/hitung-suara/33/3374/337411/3374111002/3374111002014,2024-02-16 01:00:27,PASLON 01
JAWA TENGAH,KOTA SEMARANG,BANYUMANIK,GEDAWANG,3374111002015,23,101,62,186,3374111002015,KOTA SEMARANG,GEDAWANG,TPS 015,228,186,23,101,62,0.1237,0.543,0.3333,0.8158,0,186,True,https://pemilu2024.kpu.go.id/pilpres/hitung-suara/33/3374/337411/3374111002/3374111002015,2024-02-16 11:00:29,PASLON 02
JAWA TENGAH,KOTA SEMARANG,BANYUMANIK,GEDAWANG,3374111002016,73,100,76,249,3374111002016,KOTA SEMARANG,GEDAWANG,TPS 016,249,249,73,100,76,0.2932,0.4016,0.3052,1.0,0,249,True,https://pemilu2024.kpu.go.id/pilpres/hitung-suara/33/3374/337411/3374111002/3374111002016,2024-02-16 11:00:29,PASLON 02
JAWA TENGAH,KOTA SEMARANG,BANYUMANIK,GEDAWANG,3374111002017,39,99,34,172,3374111002017,KOTA SEMARANG,GEDAWANG,TPS 017,194,172,39,99,34,0.2267,0.5756,0.1977,0.8866,2,174,False,https://pemilu2024.kpu.go.id/pilpres/hitung-suara/33/3374/337411/3374111002/3374111002017,2024-02-19 06:16:00,PASLON 02
JAWA TENGAH,KOTA SEMARANG,BANYUMANIK,GEDAWANG,3374111002019,29,75,37,141,3374111002019,KOTA SEMARANG,GEDAWANG,TPS 019,169,141,29,75,37,0.2057,0.5319,0.2624,0.8343,0,141,False,https://pemilu2024.kpu.go.id/pilpres/hitung-suara/33/3374/337411/3374111002/3374111002019,2024-02-14 21:46:01,PASLON 02
JAWA TENGAH,KOTA SEMARANG,BANYUMANIK,GEDAWANG,3374111002020,31,100,50,181,3374111002020,KOTA SEMARANG,GEDAWANG,TPS 020,228,181,31,100,50,0.1713,0.5525,0.2762,0.7939,0,181,True,https://pemilu2024.kpu.go.id/pilpres/hitung-suara/33/3374/337411/3374111002/3374111002020,2024-02-16 11:00:29,PASLON 02
JAWA TENGAH,KOTA SEMARANG,BANYUMANIK,GEDAWANG,3374111002021,77,101,59,237,3374111002021,KOTA SEMARANG,GEDAWANG,TPS 021,237,237,77,101,59,0.3249,0.4262,0.2489,1.0,0,237,True,https://pemilu2024.kpu.go.id/pilpres/hitung-suara/33/3374/337411/3374111002/3374111002021,2024-02-16 11:00:29,PASLON 02
JAWA TENGAH,KOTA SEMARANG,BANYUMANIK,GEDAWANG,3374111002022,81,114,41,236,3374111002022,KOTA SEMARANG,GEDAWANG,TPS 022,285,236,81,114,41,0.3432,0.4831,0.1737,0.8281,3,239,False,https://pemilu2024.kpu.go.id/pilpres/hitung-suara/33/3374/337411/3374111002/3374111002022,2024-02-16 12:51:22,PASLON 02
JAWA TENGAH,KOTA SEMARANG,BANYUMANIK,GEDAWANG,3374111002024,39,76,28,143,3374111002024,KOTA SEMARANG,GEDAWANG,TPS 024,179,143,39,76,28,0.2727,0.5315,0.1958,0.7989,0,143,False,https://pemilu2024.kpu.go.id/pilpres/hitung-suara/33/3374/337411/3374111002/3374111002024,2024-02-15 16:00:26,PASLON 02
JAWA TENGAH,KOTA SEMARANG,BANYUMANIK,GEDAWANG,3374111002025,24,89,104,217,3374111002025,KOTA SEMARANG,GEDAWANG,TPS 025,228,217,24,89,104,0.1106,0.4101,0.4793,0.9518,0,217,True,https://pemilu2024.kpu.go.id/pilpres/hitung-suara/33/3374/337411/3374111002/3374111002025,2024-02-24 22:31:28,PASLON 03
JAWA TENGAH,KOTA SEMARANG,BANYUMANIK,GEDAWANG,3374111002026,40,86,77,203,3374111002026,KOTA SEMARANG,GEDAWANG,TPS 026,228,203,40,86,77,0.197,0.4236,0.3793,0.8904,0,203,True,https://pemilu2024.kpu.go.id/pilpres/hitung-suara/33/3374/337411/3374111002/3374111002026,2024-02-16 14:30:33,PASLON 02
JAWA TENGAH,KOTA SEMARANG,BANYUMANIK,GEDAWANG,3374111002028,57,107,60,224,3374111002028,KOTA SEMARANG,GEDAWANG,TPS 028,228,224,57,107,60,0.2545,0.4777,0.2679,0.9825,0,224,True,https://pemilu2024.kpu.go.id/pilpres/hitung-suara/33/3374/337411/3374111002/3374111002028,2024-02-16 12:51:22,PASLON 02
JAWA TENGAH,KOTA SEMARANG,BANYUMANIK,GEDAWANG,3374111002030,40,103,47,190,3374111002030,KOTA SEMARANG,GEDAWANG,TPS 030,229,190,40,103,47,0.2105,0.5421,0.2474,0.8297,2,192,False,https://pemilu2024.kpu.go.id/pilpres/hitung-suara/33/3374/337411/3374111002/3374111002030,2024-02-19 06:16:00,PASLON 02
JAWA TENGAH,KOTA SEMARANG,BANYUMANIK,JABUNGAN,3374111003002,52,132,72,256,3374111003002,KOTA SEMARANG,JABUNGAN,TPS 002,256,256,52,132,72,0.2031,0.5156,0.2812,1.0,0,256,True,https://pemilu2024.kpu.go.id/pilpres/hitung-suara/33/3374/337411/3374111003/3374111003002,2024-02-22 15:00:00,PASLON 02
JAWA TENGAH,KOTA SEMARANG,BANYUMANIK,JABUNGAN,3374111003003,38,129,86,253,3374111003003,KOTA SEMARANG,JABUNGAN,TPS 003,253,253,38,129,86,0.1502,0.5099,0.3399,1.0,0,253,True,https://pemilu2024.kpu.go.id/pilpres/hitung-suara/33/3374/337411/3374111003/3374111003003,2024-02-24 22:31:28,PASLON 02
JAWA TENGAH,KOTA SEMARANG,BANYUMANIK,JABUNGAN,3374111003004,44,136,38,218,3374111003004,KOTA SEMARANG,JABUNGAN,TPS 004,218,218,44,136,38,0.2018,0.6239,0.1743,1.0,0,218,True,https://pemilu2024.kpu.go.id/pilpres/hitung-suara/33/3374/337411/3374111003/3374111003004,2024-02-24 22:31:28,PASLON 02
JAWA TENGAH,KOTA SEMARANG,BANYUMANIK,JABUNGAN,3374111003005,24,105,72,201,3374111003005,KOTA SEMARANG,JABUNGAN,TPS 005,253,201,24,105,72,0.1194,0.5224,0.3582,0.7945,53,255,False,https://pemilu2024.kpu.go.id/pilpres/hitung-suara/33/3374/337411/3374111003/3374111003005,2024-02-20 20:00:00,PASLON 02
JAWA TENGAH,KOTA SEMARANG,BANYUMANIK,JABUNGAN,3374111003006,14,86,49,149,3374111003006,KOTA SEMARANG,JABUNGAN,TPS 006,208,149,14,86,49,0.094,0.5772,0.3289,0.7163,0,149,True,https://pemilu2024.kpu.go.id/pilpres/hitung-suara/33/3374/337411/3374111003/3374111003006,2024-02-24 22:31:28,PASLON 02
JAWA TENGAH,KOTA SEMARANG,BANYUMANIK,JABUNGAN,3374111003007,138,5,143,286,3374111003007,KOTA SEMARANG,JABUNGAN,TPS 007,286,286,138,5,143,0.4825,0.0175,0.5,1.0,0,286,True,https://pemilu2024.kpu.go.id/pilpres/hitung-suara/33/3374/337411/3374111003/3374111003007,2024-02-24 22:31:28,PASLON 03
JAWA TENGAH,KOTA SEMARANG,BANYUMANIK,JABUNGAN,3374111003008,16,114,130,260,3374111003008,KOTA SEMARANG,JABUNGAN,TPS 008,260,260,16,114,130,0.0615,0.4385,0.5,1.0,0,260,True,https://pemilu2024.kpu.go.id/pilpres/hitung-suara/33/3374/337411/3374111003/3374111003008,2024-02-22 15:00:00,PASLON 03
JAWA TENGAH,KOTA SEMARANG,BANYUMANIK,JABUNGAN,3374111003009,12,99,87,198,3374111003009,KOTA SEMARANG,JABUNGAN,TPS 009,208,198,12,99,87,0.0606,0.5,0.4394,0.9519,0,198,True,https://pemilu2024.kpu.go.id/pilpres/hitung-suara/33/3374/337411/3374111003/3374111003009,2024-02-22 15:00:00,PASLON 02
JAWA TENGAH,KOTA SEMARANG,BANYUMANIK,JABUNGAN,3374111003011,25,78,41,144,3374111003011,KOTA SEMARANG,JABUNGAN,TPS 011,163,144,25,78,41,0.1736,0.5417,0.2847,0.8834,6,150,False,https://pemilu2024.kpu.go.id/pilpres/hitung-suara/33/3374/337411/3374111003/3374111003011,2024-02-19 06:16:00,PASLON 02
JAWA TENGAH,KOTA SEMARANG,BANYUMANIK,JABUNGAN,3374111003012,36,72,36,144,3374111003012,KOTA SEMARANG,JABUNGAN,TPS 012,208,144,36,72,36,0.25,0.5,0.25,0.6923,0,144,True,https://pemilu2024.kpu.go.id/pilpres/hitung-suara/33/3374/337411/3374111003/3374111003012,2024-02-22 15:00:00,PASLON 02
JAWA TENGAH,KOTA SEMARANG,BANYUMANIK,JABUNGAN,3374111003013,38,73,66,177,3374111003013,KOTA SEMARANG,JABUNGAN,TPS 013,208,177,38,73,66,0.2147,0.4124,0.3729,0.851,0,177,True,https://pemilu2024.kpu.go.id/pilpres/hitung-suara/33/3374/337411/3374111003/3374111003013,2024-02-22 15:00:00,PASLON 02
JAWA TENGAH,KOTA SEMARANG,BANYUMANIK,NGESREP,3374111008001,20,72,72,164,3374111008001,KOTA SEMARANG,NGESREP,TPS 001,197,164,20,72,72,0.122,0.439,0.439,0.8325,3,167,False,https://pemilu2024.kpu.go.id/pilpres/hitung-suara/33/3374/337411/3374111008/3374111008001,2024-02-16 01:00:27,PASLON 02
JAWA TENGAH,KOTA SEMARANG,BANYUMANIK,NGESREP,3374111008002,30,119,73,222,3374111008002,KOTA SEMARANG,NGESREP,TPS 002,273,222,30,119,73,0.1351,0.536,0.3288,0.8132,5,227,False,https://pemilu2024.kpu.go.id/pilpres/hitung-suara/33/3374/337411/3374111008/3374111008002,2024-02-16 23:00:00,PASLON 02
JAWA TENGAH,KOTA SEMARANG,BANYUMANIK,NGESREP,3374111008003,19,114,85,218,3374111008003,KOTA SEMARANG,NGESREP,TPS 003,274,218,19,114,85,0.0872,0.5229,0.3899,0.7956,0,218,True,https://pemilu2024.kpu.go.id/pilpres/hitung-suara/33/3374/337411/3374111008/3374111008003,2024-02-16 14:00:34,PASLON 02
JAWA TENGAH,KOTA SEMARANG,BANYUMANIK,NGESREP,3374111008004,28,106,93,227,3374111008004,KOTA SEMARANG,NGESREP,TPS 004,249,227,28,106,93,0.1233,0.467,0.4097,0.9116,3,230,False,https://pemilu2024.kpu.go.id/pilpres/hitung-suara/33/3374/337411/3374111008/3374111008004,2024-02-19 06:16:00,PASLON 02
JAWA TENGAH,KOTA SEMARANG,BANYUMANIK,NGESREP,3374111008007,39,87,81,207,3374111008007,KOTA SEMARANG,NGESREP,TPS 007,274,207,39,87,81,0.1884,0.4203,0.3913,0.7555,0,207,True,https://pemilu2024.kpu.go.id/pilpres/hitung-suara/33/3374/337411/3374111008/3374111008007,2024-02-16 14:00:34,PASLON 02
JAWA TENGAH,KOTA SEMARANG,BANYUMANIK,NGESREP,3374111008008,22,129,87,238,3374111008008,KOTA SEMARANG,NGESREP,TPS 008,242,238,22,129,87,0.0924,0.542,0.3655,0.9835,6,244,False,https://pemilu2024.kpu.go.id/pilpres/hitung-suara/33/3374/337411/3374111008/3374111008008,2024-02-14 21:46:01,PASLON 02
JAWA TENGAH,KOTA SEMARANG,BANYUMANIK,NGESREP,3374111008010,46,89,82,217,3374111008010,KOTA SEMARANG,NGESREP,TPS 010,274,217,46,89,82,0.212,0.4101,0.3779,0.792,0,217,True,https://pemilu2024.kpu.go.id/pilpres/hitung-suara/33/3374/337411/3374111008/3374111008010,2024-02-16 14:00:34,PASLON 02
JAWA TENGAH,KOTA SEMARANG,BANYUMANIK,NGESREP,3374111008011,33,88,87,208,3374111008011,KOTA SEMARANG,NGESREP,TPS 011,287,208,33,88,87,0.1587,0.4231,0.4183,0.7247,5,213,False,https://pemilu2024.kpu.go.id/pilpres/hitung-suara/33/3374/337411/3374111008/3374111008011,2024-02-14 21:46:01,PASLON 02
JAWA TENGAH,KOTA SEMARANG,BANYUMANIK,NGESREP,3374111008012,25,100,99,224,3374111008012,KOTA SEMARANG,NGESREP,TPS 012,284,224,25,100,99,0.1116,0.4464,0.442,0.7887,7,231,False,https://pemilu2024.kpu.go.id/pilpres/hitung-suara/33/3374/337411/3374111008/3374111008012,2024-02-14 21:46:01,PASLON 02
JAWA TENGAH,KOTA SEMARANG,BANYUMANIK,NGESREP,3374111008014,25,109,93,227,3374111008014,KOTA SEMARANG,NGESREP,TPS 014,278,227,25,109,93,0.1101,0.4802,0.4097,0.8165,5,232,False,https://pemilu2024.kpu.go.id/pilpres/hitung-suara/33/3374/337411/3374111008/3374111008014,2024-02-15 23:29:50,PASLON 02
JAWA TENGAH,KOTA SEMARANG,BANYUMANIK,NGESREP,3374111008015,28,119,87,234,3374111008015,KOTA SEMARANG,NGESREP,TPS 015,274,234,28,119,87,0.1197,0.5085,0.3718,0.854,0,234,True,https://pemilu2024.kpu.go.id/pilpres/hitung-suara/33/3374/337411/3374111008/3374111008015,2024-02-24 22:31:28,PASLON 02
JAWA TENGAH,KOTA SEMARANG,BANYUMANIK,NGESREP,3374111008016,33,102,92,227,3374111008016,KOTA SEMARANG,NGESREP,TPS 016,261,227,33,102,92,0.1454,0.4493,0.4053,0.8697,5,232,False,https://pemilu2024.kpu.go.id/pilpres/hitung-suara/33/3374/337411/3374111008/3374111008016,2024-02-15 09:00:24,PASLON 02
JAWA TENGAH,KOTA SEMARANG,BANYUMANIK,NGESREP,3374111008017,28,70,72,170,3374111008017,KOTA SEMARANG,NGESREP,TPS 017,274,170,28,70,72,0.1647,0.4118,0.4235,0.6204,0,170,True,https://pemilu2024.kpu.go.id/pilpres/hitung-suara/33/3374/337411/3374111008/3374111008017,2024-02-16 14:00:34,PASLON 03
JAWA TENGAH,KOTA SEMARANG,BANYUMANIK,NGESREP,3374111008019,17,134,65,216,3374111008019,KOTA SEMARANG,NGESREP,TPS 019,274,216,17,134,65,0.0787,0.6204,0.3009,0.7883,0,216,True,https://pemilu2024.kpu.go.id/pilpres/hitung-suara/33/3374/337411/3374111008/3374111008019,2024-02-24 22:31:28,PASLON 02
JAWA TENGAH,KOTA SEMARANG,BANYUMANIK,NGESREP,3374111008022,28,117,85,230,3374111008022,KOTA SEMARANG,NGESREP,TPS 022,274,230,28,117,85,0.1217,0.5087,0.3696,0.8394,0,230,True,https://pemilu2024.kpu.go.id/pilpres/hitung-suara/33/3374/337411/3374111008/3374111008022,2024-02-16 14:00:34,PASLON 02
JAWA TENGAH,KOTA SEMARANG,BANYUMANIK,NGESREP,3374111008023,27,85,100,212,3374111008023,KOTA SEMARANG,NGESREP,TPS 023,297,212,27,85,100,0.1274,0.4009,0.4717,0.7138,2,214,False,https://pemilu2024.kpu.go.id/pilpres/hitung-suara/33/3374/337411/3374111008/3374111008023,2024-02-14 21:46:01,PASLON 03
JAWA TENGAH,KOTA SEMARANG,BANYUMANIK,NGESREP,3374111008025,58,89,70,217,3374111008025,KOTA SEMARANG,NGESREP,TPS 025,287,217,58,89,70,0.2673,0.4101,0.3226,0.7561,5,222,False,https://pemilu2024.kpu.go.id/pilpres/hitung-suara/33/3374/337411/3374111008/3374111008025,2024-02-14 21:46:01,PASLON 02
JAWA TENGAH,KOTA SEMARANG,BANYUMANIK,NGESREP,3374111008026,66,88,73,227,3374111008026,KOTA SEMARANG,NGESREP,TPS 026,274,227,66,88,73,0.2907,0.3877,0.3216,0.8285,0,227,True,https://pemilu2024.kpu.go.id/pilpres/hitung-suara/33/3374/337411/3374111008/3374111008026,2024-02-15 15:30:25,PASLON 02
JAWA TENGAH,KOTA SEMARANG,BANYUMANIK,NGESREP,3374111008030,44,103,78,225,3374111008030,KOTA SEMARANG,NGESREP,TPS 030,281,225,44,103,78,0.1956,0.4578,0.3467,0.8007,3,228,False,https://pemilu2024.kpu.go.id/pilpres/hitung-suara/33/3374/337411/3374111008/3374111008030,2024-02-16 06:00:27,PASLON 02
JAWA TENGAH,KOTA SEMARANG,BANYUMANIK,NGESREP,3374111008031,14,104,115,233,3374111008031,KOTA SEMARANG,NGESREP,TPS 031,274,233,14,104,115,0.0601,0.4464,0.4936,0.8504,7,240,False,https://pemilu2024.kpu.go.id/pilpres/hitung-suara/33/3374/337411/3374111008/3374111008031,2024-02-14 21:46:01,PASLON 03
JAWA TENGAH,KOTA SEMARANG,BANYUMANIK,NGESREP,3374111008032,26,93,73,192,3374111008032,KOTA SEMARANG,NGESREP,TPS 032,274,192,26,93,73,0.1354,0.4844,0.3802,0.7007,0,192,True,https://pemilu2024.kpu.go.id/pilpres/hitung-suara/33/3374/337411/3374111008/3374111008032,2024-02-16 14:00:34,PASLON 02
JAWA TENGAH,KOTA SEMARANG,BANYUMANIK,NGESREP,3374111008033,43,101,77,221,3374111008033,KOTA SEMARANG,NGESREP,TPS 033,274,221,43,101,77,0.1946,0.457,0.3484,0.8066,0,221,True,https://pemilu2024.kpu.go.id/pilpres/hitung-suara/33/3374/337411/3374111008/3374111008033,2024-02-24 22:31:28,PASLON 02
JAWA TENGAH,KOTA SEMARANG,BANYUMANIK,NGESREP,3374111008034,33,104,93,230,3374111008034,KOTA SEMARANG,NGESREP,TPS 034,274,230,33,104,93,0.1435,0.4522,0.4043,0.8394,0,230,True,https://pemilu2024.kpu.go.id/pilpres/hitung-suara/33/3374/337411/3374111008/3374111008034,2024-02-16 14:00:34,PASLON 02
JAWA TENGAH,KOTA SEMARANG,BANYUMANIK,NGESREP,3374111008035,26,116,45,187,3374111008035,KOTA SEMARANG,NGESREP,TPS 035,242,187,26,116,45,0.139,0.6203,0.2406,0.7727,2,189,False,https://pemilu2024.kpu.go.id/pilpres/hitung-suara/33/3374/337411/3374111008/3374111008035,2024-02-15 00:41:44,PASLON 02
JAWA TENGAH,KOTA SEMARANG,BANYUMANIK,NGESREP,3374111008039,16,97,113,226,3374111008039,KOTA SEMARANG,NGESREP,TPS 039,274,226,16,97,113,0.0708,0.4292,0.5,0.8248,0,226,True,https://pemilu2024.kpu.go.id/pilpres/hitung-suara/33/3374/337411/3374111008/3374111008039,2024-02-16 14:00:34,PASLON 03
JAWA TENGAH,KOTA SEMARANG,BANYUMANIK,PADANGSARI,3374111010001,60,116,62,238,3374111010001,KOTA SEMARANG,PADANGSARI,TPS 001,294,238,60,116,62,0.2521,0.4874,0.2605,0.8095,2,240,False,https://pemilu2024.kpu.go.id/pilpres/hitung-suara/33/3374/337411/3374111010/3374111010001,2024-02-14 21:46:01,PASLON 02
JAWA TENGAH,KOTA SEMARANG,BANYUMANIK,PADANGSARI,3374111010004,89,109,72,270,3374111010004,KOTA SEMARANG,PADANGSARI,TPS 004,290,270,89,109,72,0.3296,0.4037,0.2667,0.931,0,270,True,https://pemilu2024.kpu.go.id/pilpres/hitung-suara/33/3374/337411/3374111010/3374111010004,2024-02-16 14:30:33,PASLON 02
JAWA TENGAH,KOTA SEMARANG,BANYUMANIK,PADANGSARI,3374111010008,13,112,77,202,3374111010008,KOTA SEMARANG,PADANGSARI,TPS 008,265,202,13,112,77,0.0644,0.5545,0.3812,0.7623,3,205,False,https://pemilu2024.kpu.go.id/pilpres/hitung-suara/33/3374/337411/3374111010/3374111010008,2024-02-14 21:46:01,PASLON 02
JAWA TENGAH,KOTA SEMARANG,BANYUMANIK,PADANGSARI,3374111010010,76,101,74,251,3374111010010,KOTA SEMARANG,PADANGSARI,TPS 010,290,251,76,101,74,0.3028,0.4024,0.2948,0.8655,0,251,True,https://pemilu2024.kpu.go.id/pilpres/hitung-suara/33/3374/337411/3374111010/3374111010010,2024-02-15 12:00:28,PASLON 02
JAWA TENGAH,KOTA SEMARANG,BANYUMANIK,PADANGSARI,3374111010011,58,122,53,233,3374111010011,KOTA SEMARANG,PADANGSARI,TPS 011,296,233,58,122,53,0.2489,0.5236,0.2275,0.7872,3,236,False,https://pemilu2024.kpu.go.id/pilpres/hitung-suara/33/3374/337411/3374111010/3374111010011,2024-02-15 12:00:28,PASLON 02
JAWA TENGAH,KOTA SEMARANG,BANYUMANIK,PADANGSARI,3374111010012,49,113,88,250,3374111010012,KOTA SEMARANG,PADANGSARI,TPS 012,295,250,49,113,88,0.196,0.452,0.352,0.8475,4,254,False,https://pemilu2024.kpu.go.id/pilpres/hitung-suara/33/3374/337411/3374111010/3374111010012,2024-02-14 21:46:01,PASLON 02
JAWA TENGAH,KOTA SEMARANG,BANYUMANIK,PADANGSARI,3374111010014,70,96,74,240,3374111010014,KOTA SEMARANG,PADANGSARI,TPS 014,290,240,70,96,74,0.2917,0.4,0.3083,0.8276,0,240,True,https://pemilu2024.kpu.go.id/pilpres/hitung-suara/33/3374/337411/3374111010/3374111010014,2024-02-24 22:31:28,PASLON 02
JAWA TENGAH,KOTA SEMARANG,BANYUMANIK,PADANGSARI,3374111010015,56,91,70,217,3374111010015,KOTA SEMARANG,PADANGSARI,TPS 015,283,217,56,91,70,0.2581,0.4194,0.3226,0.7668,9,226,False,https://pemilu2024.kpu.go.id/pilpres/hitung-suara/33/3374/337411/3374111010/3374111010015,2024-02-14 21:46:01,PASLON 02
JAWA TENGAH,KOTA SEMARANG,BANYUMANIK,PADANGSARI,3374111010017,46,73,73,192,3374111010017,KOTA SEMARANG,PADANGSARI,TPS 017,256,192,46,73,73,0.2396,0.3802,0.3802,0.75,4,196,False,https://pemilu2024.kpu.go.id/pilpres/hitung-suara/33/3374/337411/3374111010/3374111010017,2024-02-24 22:31:28,PASLON 02
JAWA TENGAH,KOTA SEMARANG,BANYUMANIK,PADANGSARI,3374111010020,50,106,82,238,3374111010020,KOTA SEMARANG,PADANGSARI,TPS 020,290,238,50,106,82,0.2101,0.4454,0.3445,0.8207,0,238,True,https://pemilu2024.kpu.go.id/pilpres/hitung-suara/33/3374/337411/3374111010/3374111010020,2024-02-25 14:00:00,PASLON 02
JAWA TENGAH,KOTA SEMARANG,BANYUMANIK,PADANGSARI,3374111010021,47,95,79,221,3374111010021,KOTA SEMARANG,PADANGSARI,TPS 021,287,221,47,95,79,0.2127,0.4299,0.3575,0.77,5,226,False,https://pemilu2024.kpu.go.id/pilpres/hitung-suara/33/3374/337411/3374111010/3374111010021,2024-02-15 02:10:27,PASLON 02
JAWA TENGAH,KOTA SEMARANG,BANYUMANIK,PADANGSARI,3374111010025,59,89,88,236,3374111010025,KOTA SEMARANG,PADANGSARI,TPS 025,290,236,59,89,88,0.25,0.3771,0.3729,0.8138,0,236,True,https://pemilu2024.kpu.go.id/pilpres/hitung-suara/33/3374/337411/3374111010/3374111010025,2024-02-24 22:31:28,PASLON 02
JAWA TENGAH,KOTA SEMARANG,BANYUMANIK,PADANGSARI,3374111010026,43,122,59,224,3374111010026,KOTA SEMARANG,PADANGSARI,TPS 026,290,224,43,122,59,0.192,0.5446,0.2634,0.7724,0,224,True,https://pemilu2024.kpu.go.id/pilpres/hitung-suara/33/3374/337411/3374111010/3374111010026,2024-02-24 22:31:28,PASLON 02
JAWA TENGAH,KOTA SEMARANG,BANYUMANIK,PADANGSARI,3374111010027,39,93,99,231,3374111010027,KOTA SEMARANG,PADANGSARI,TPS 027,290,231,39,93,99,0.1688,0.4026,0.4286,0.7966,0,231,True,https://pemilu2024.kpu.go.id/pilpres/hitung-suara/33/3374/337411/3374111010/3374111010027,2024-02-15 21:30:27,PASLON 03
JAWA TENGAH,KOTA SEMARANG,BANYUMANIK,PADANGSARI,3374111010028,50,118,75,243,3374111010028,KOTA SEMARANG,PADANGSARI,TPS 028,299,243,50,118,75,0.2058,0.4856,0.3086,0.8127,10,253,False,https://pemilu2024.kpu.go.id/pilpres/hitung-suara/33/3374/337411/3374111010/3374111010028,2024-02-15 00:41:44,PASLON 02
JAWA TENGAH,KOTA SEMARANG,BANYUMANIK,PADANGSARI,3374111010029,37,114,87,238,3374111010029,KOTA SEMARANG,PADANGSARI,TPS 029,290,238,37,114,87,0.1555,0.479,0.3655,0.8207,0,238,True,https://pemilu2024.kpu.go.id/pilpres/hitung-suara/33/3374/337411/3374111010/3374111010029,2024-02-16 14:30:33,PASLON 02
JAWA TENGAH,KOTA SEMARANG,BANYUMANIK,PADANGSARI,3374111010032,85,89,72,246,3374111010032,KOTA SEMARANG,PADANGSARI,TPS 032,290,246,85,89,72,0.3455,0.3618,0.2927,0.8483,0,246,True,https://pemilu2024.kpu.go.id/pilpres/hitung-suara/33/3374/337411/3374111010/3374111010032,2024-02-16 16:25:10,PASLON 02
JAWA TENGAH,KOTA SEMARANG,BANYUMANIK,PADANGSARI,3374111010033,65,96,83,244,3374111010033,KOTA SEMARANG,PADANGSARI,TPS 033,290,244,65,96,83,0.2664,0.3934,0.3402,0.8414,0,244,True,https://pemilu2024.kpu.go.id/pilpres/hitung-suara/33/3374/337411/3374111010/3374111010033,2024-02-16 16:25:10,PASLON 02
JAWA TENGAH,KOTA SEMARANG,BANYUMANIK,PEDALANGAN,3374111004001,47,92,72,211,3374111004001,KOTA SEMARANG,PEDALANGAN,TPS 001,278,211,47,92,72,0.2227,0.436,0.3412,0.759,0,211,True,https://pemilu2024.kpu.go.id/pilpres/hitung-suara/33/3374/337411/3374111004/3374111004001,2024-02-24 22:31:28,PASLON 02
JAWA TENGAH,KOTA SEMARANG,BANYUMANIK,PEDALANGAN,3374111004005,65,112,76,253,3374111004005,KOTA SEMARANG,PEDALANGAN,TPS 005,272,253,65,112,76,0.2569,0.4427,0.3004,0.9301,9,262,False,https://pemilu2024.kpu.go.id/pilpres/hitung-suara/33/3374/337411/3374111004/3374111004005,2024-02-19 06:16:00,PASLON 02
JAWA TENGAH,KOTA SEMARANG,BANYUMANIK,PEDALANGAN,3374111004006,58,118,63,239,3374111004006,KOTA SEMARANG,PEDALANGAN,TPS 006,283,239,58,118,63,0.2427,0.4937,0.2636,0.8445,6,245,False,https://pemilu2024.kpu.go.id/pilpres/hitung-suara/33/3374/337411/3374111004/3374111004006,2024-02-24 22:31:28,PASLON 02
JAWA TENGAH,KOTA SEMARANG,BANYUMANIK,PEDALANGAN,3374111004009,37,114,98,249,3374111004009,KOTA SEMARANG,PEDALANGAN,TPS 009,278,249,37,114,98,0.1486,0.4578,0.3936,0.8957,0,249,True,https://pemilu2024.kpu.go.id/pilpres/hitung-suara/33/3374/337411/3374111004/3374111004009,2024-02-24 22:31:28,PASLON 02
JAWA TENGAH,KOTA SEMARANG,BANYUMANIK,PEDALANGAN,3374111004010,53,111,61,225,3374111004010,KOTA SEMARANG,PEDALANGAN,TPS 010,278,225,53,111,61,0.2356,0.4933,0.2711,0.8094,0,225,True,https://pemilu2024.kpu.go.id/pilpres/hitung-suara/33/3374/337411/3374111004/3374111004010,2024-02-24 22:31:28,PASLON 02
JAWA TENGAH,KOTA SEMARANG,BANYUMANIK,PEDALANGAN,3374111004028,35,78,73,186,3374111004028,KOTA SEMARANG,PEDALANGAN,TPS 028,227,186,35,78,73,0.1882,0.4194,0.3925,0.8194,6,192,False,https://pemilu2024.kpu.go.id/pilpres/hitung-suara/33/3374/337411/3374111004/3374111004028,2024-02-15 15:00:29,PASLON 02
JAWA TENGAH,KOTA SEMARANG,BANYUMANIK,PEDALANGAN,3374111004031,87,104,54,245,3374111004031,KOTA SEMARANG,PEDALANGAN,TPS 031,294,245,87,104,54,0.3551,0.4245,0.2204,0.8333,0,245,False,https://pemilu2024.kpu.go.id/pilpres/hitung-suara/33/3374/337411/3374111004/3374111004031,2024-02-16 01:30:27,PASLON 02
JAWA TENGAH,KOTA SEMARANG,BANYUMANIK,PUDAKPAYUNG,3374111001002,34,123,100,257,3374111001002,KOTA SEMARANG,PUDAKPAYUNG,TPS 002,291,257,34,123,100,0.1323,0.4786,0.3891,0.8832,0,257,True,https://pemilu2024.kpu.go.id/pilpres/hitung-suara/33/3374/337411/3374111001/3374111001002,2024-02-16 12:51:22,PASLON 02
JAWA TENGAH,KOTA SEMARANG,BANYUMANIK,PUDAKPAYUNG,3374111001003,51,91,102,244,3374111001003,KOTA SEMARANG,PUDAKPAYUNG,TPS 003,291,244,51,91,102,0.209,0.373,0.418,0.8385,0,244,True,https://pemilu2024.kpu.go.id/pilpres/hitung-suara/33/3374/337411/3374111001/3374111001003,2024-02-16 12:51:22,PASLON 03
JAWA TENGAH,KOTA SEMARANG,BANYUMANIK,PUDAKPAYUNG,3374111001008,27,68,45,140,3374111001008,KOTA SEMARANG,PUDAKPAYUNG,TPS 008,291,140,27,68,45,0.1929,0.4857,0.3214,0.4811,0,140,True,https://pemilu2024.kpu.go.id/pilpres/hitung-suara/33/3374/337411/3374111001/3374111001008,2024-02-16 12:51:22,PASLON 02
JAWA TENGAH,KOTA SEMARANG,BANYUMANIK,PUDAKPAYUNG,3374111001009,23,114,125,262,3374111001009,KOTA SEMARANG,PUDAKPAYUNG,TPS 009,291,262,23,114,125,0.0878,0.4351,0.4771,0.9003,1,263,False,https://pemilu2024.kpu.go.id/pilpres/hitung-suara/33/3374/337411/3374111001/3374111001009,2024-02-19 06:16:00,PASLON 03
JAWA TENGAH,KOTA SEMARANG,BANYUMANIK,PUDAKPAYUNG,3374111001012,15,104,131,250,3374111001012,KOTA SEMARANG,PUDAKPAYUNG,TPS 012,291,250,15,104,131,0.06,0.416,0.524,0.8591,8,258,False,https://pemilu2024.kpu.go.id/pilpres/hitung-suara/33/3374/337411/3374111001/3374111001012,2024-02-19 06:16:00,PASLON 03
JAWA TENGAH,KOTA SEMARANG,BANYUMANIK,PUDAKPAYUNG,3374111001013,42,79,70,191,3374111001013,KOTA SEMARANG,PUDAKPAYUNG,TPS 013,216,191,42,79,70,0.2199,0.4136,0.3665,0.8843,8,199,False,https://pemilu2024.kpu.go.id/pilpres/hitung-suara/33/3374/337411/3374111001/3374111001013,2024-02-15 12:00:28,PASLON 02
JAWA TENGAH,KOTA SEMARANG,BANYUMANIK,PUDAKPAYUNG,3374111001014,24,108,110,242,3374111001014,KOTA SEMARANG,PUDAKPAYUNG,TPS 014,295,242,24,108,110,0.0992,0.4463,0.4545,0.8203,7,249,False,https://pemilu2024.kpu.go.id/pilpres/hitung-suara/33/3374/337411/3374111001/3374111001014,2024-02-14 21:46:01,PASLON 03
JAWA TENGAH,KOTA SEMARANG,BANYUMANIK,PUDAKPAYUNG,3374111001017,44,109,113,266,3374111001017,KOTA SEMARANG,PUDAKPAYUNG,TPS 017,291,266,44,109,113,0.1654,0.4098,0.4248,0.9141,0,266,True,https://pemilu2024.kpu.go.id/pilpres/hitung-suara/33/3374/337411/3374111001/3374111001017,2024-02-16 12:51:22,PASLON 03
JAWA TENGAH,KOTA SEMARANG,BANYUMANIK,PUDAKPAYUNG,3374111001019,14,100,87,201,3374111001019,KOTA SEMARANG,PUDAKPAYUNG,TPS 019,291,201,14,100,87,0.0697,0.4975,0.4328,0.6907,0,201,True,https://pemilu2024.kpu.go.id/pilpres/hitung-suara/33/3374/337411/3374111001/3374111001019,2024-02-24 22:31:28,PASLON 02
JAWA TENGAH,KOTA SEMARANG,BANYUMANIK,PUDAKPAYUNG,3374111001021,25,95,95,215,3374111001021,KOTA SEMARANG,PUDAKPAYUNG,TPS 021,291,215,25,95,95,0.1163,0.4419,0.4419,0.7388,0,215,True,https://pemilu2024.kpu.go.id/pilpres/hitung-suara/33/3374/337411/3374111001/3374111001021,2024-02-24 22:31:28,PASLON 02
JAWA TENGAH,KOTA SEMARANG,BANYUMANIK,PUDAKPAYUNG,3374111001023,15,112,83,210,3374111001023,KOTA SEMARANG,PUDAKPAYUNG,TPS 023,246,210,15,112,83,0.0714,0.5333,0.3952,0.8537,4,214,False,https://pemilu2024.kpu.go.id/pilpres/hitung-suara/33/3374/337411/3374111001/3374111001023,2024-02-16 01:00:27,PASLON 02
JAWA TENGAH,KOTA SEMARANG,BANYUMANIK,PUDAKPAYUNG,3374111001024,30,100,106,236,3374111001024,KOTA SEMARANG,PUDAKPAYUNG,TPS 024,295,236,30,100,106,0.1271,0.4237,0.4492,0.8,6,242,False,https://pemilu2024.kpu.go.id/pilpres/hitung-suara/33/3374/337411/3374111001/3374111001024,2024-02-19 06:16:00,PASLON 03
JAWA TENGAH,KOTA SEMARANG,BANYUMANIK,PUDAKPAYUNG,3374111001027,52,102,71,225,3374111001027,KOTA SEMARANG,PUDAKPAYUNG,TPS 027,291,225,52,102,71,0.2311,0.4533,0.3156,0.7732,0,225,True,https://pemilu2024.kpu.go.id/pilpres/hitung-suara/33/3374/337411/3374111001/3374111001027,2024-02-16 11:00:29,PASLON 02
JAWA TENGAH,KOTA SEMARANG,BANYUMANIK,PUDAKPAYUNG,3374111001028,40,101,100,241,3374111001028,KOTA SEMARANG,PUDAKPAYUNG,TPS 028,291,241,40,101,100,0.166,0.4191,0.4149,0.8282,0,241,True,https://pemilu2024.kpu.go.id/pilpres/hitung-suara/33/3374/337411/3374111001/3374111001028,2024-02-16 12:51:22,PASLON 02
JAWA TENGAH,KOTA SEMARANG,BANYUMANIK,PUDAKPAYUNG,3374111001029,19,84,78,181,3374111001029,KOTA SEMARANG,PUDAKPAYUNG,TPS 029,291,181,19,84,78,0.105,0.4641,0.4309,0.622,0,181,True,https://pemilu2024.kpu.go.id/pilpres/hitung-suara/33/3374/337411/3374111001/3374111001029,2024-02-16 11:00:29,PASLON 02
JAWA TENGAH,KOTA SEMARANG,BANYUMANIK,PUDAKPAYUNG,3374111001033,49,135,51,235,3374111001033,KOTA SEMARANG,PUDAKPAYUNG,TPS 033,298,235,49,135,51,0.2085,0.5745,0.217,0.7886,4,239,False,https://pemilu2024.kpu.go.id/pilpres/hitung-suara/33/3374/337411/3374111001/3374111001033,2024-02-19 06:16:00,PASLON 02
JAWA TENGAH,KOTA SEMARANG,BANYUMANIK,PUDAKPAYUNG,3374111001034,65,97,80,242,3374111001034,KOTA SEMARANG,PUDAKPAYUNG,TPS 034,291,242,65,97,80,0.2686,0.4008,0.3306,0.8316,0,242,True,https://pemilu2024.kpu.go.id/pilpres/hitung-suara/33/3374/337411/3374111001/3374111001034,2024-02-16 12:51:22,PASLON 02
JAWA TENGAH,KOTA SEMARANG,BANYUMANIK,PUDAKPAYUNG,3374111001035,44,68,65,177,3374111001035,KOTA SEMARANG,PUDAKPAYUNG,TPS 035,291,177,44,68,65,0.2486,0.3842,0.3672,0.6082,0,177,True,https://pemilu2024.kpu.go.id/pilpres/hitung-suara/33/3374/337411/3374111001/3374111001035,2024-02-16 11:00:29,PASLON 02
JAWA TENGAH,KOTA SEMARANG,BANYUMANIK,PUDAKPAYUNG,3374111001038,30,118,92,240,3374111001038,KOTA SEMARANG,PUDAKPAYUNG,TPS 038,293,240,30,118,92,0.125,0.4917,0.3833,0.8191,10,250,False,https://pemilu2024.kpu.go.id/pilpres/hitung-suara/33/3374/337411/3374111001/3374111001038,2024-02-19 06:16:00,PASLON 02
JAWA TENGAH,KOTA SEMARANG,BANYUMANIK,PUDAKPAYUNG,3374111001040,43,117,96,256,3374111001040,KOTA SEMARANG,PUDAKPAYUNG,TPS 040,300,256,43,117,96,0.168,0.457,0.375,0.8533,9,265,False,https://pemilu2024.kpu.go.id/pilpres/hitung-suara/33/3374/337411/3374111001/3374111001040,2024-02-19 06:16:00,PASLON 02
JAWA TENGAH,KOTA SEMARANG,BANYUMANIK,PUDAKPAYUNG,3374111001043,18,91,49,158,3374111001043,KOTA SEMARANG,PUDAKPAYUNG,TPS 043,291,158,18,91,49,0.1139,0.5759,0.3101,0.543,0,158,True,https://pemilu2024.kpu.go.id/pilpres/hitung-suara/33/3374/337411/3374111001/3374111001043,2024-02-15 12:00:28,PASLON 02
JAWA TENGAH,KOTA SEMARANG,BANYUMANIK,PUDAKPAYUNG,3374111001044,14,81,68,163,3374111001044,KOTA SEMARANG,PUDAKPAYUNG,TPS 044,291,163,14,81,68,0.0859,0.4969,0.4172,0.5601,0,163,True,https://pemilu2024.kpu.go.id/pilpres/hitung-suara/33/3374/337411/3374111001/3374111001044,2024-02-16 12:51:22,PASLON 02
JAWA TENGAH,KOTA SEMARANG,BANYUMANIK,PUDAKPAYUNG,3374111001045,33,138,7,178,3374111001045,KOTA SEMARANG,PUDAKPAYUNG,TPS 045,291,178,33,138,7,0.1854,0.7753,0.0393,0.6117,0,178,True,https://pemilu2024.kpu.go.id/pilpres/hitung-suara/33/3374/337411/3374111001/3374111001045,2024-02-16 11:00:29,PASLON 02
JAWA TENGAH,KOTA SEMARANG,BANYUMANIK,PUDAKPAYUNG,3374111001046,35,146,8,189,3374111001046,KOTA SEMARANG,PUDAKPAYUNG,TPS 046,255,189,35,146,8,0.1852,0.7725,0.0423,0.7412,1,190,False,https://pemilu2024.kpu.go.id/pilpres/hitung-suara/33/3374/337411/3374111001/3374111001046,2024-02-16 09:00:28,PASLON 02
JAWA TENGAH,KOTA SEMARANG,BANYUMANIK,PUDAKPAYUNG,3374111001048,40,82,69,191,3374111001048,KOTA SEMARANG,PUDAKPAYUNG,TPS 048,233,191,40,82,69,0.2094,0.4293,0.3613,0.8197,3,194,False,https://pemilu2024.kpu.go.id/pilpres/hitung-suara/33/3374/337411/3374111001/3374111001048,2024-02-15 17:30:25,PASLON 02
JAWA TENGAH,KOTA SEMARANG,BANYUMANIK,PUDAKPAYUNG,3374111001049,45,64,69,178,3374111001049,KOTA SEMARANG,PUDAKPAYUNG,TPS 049,245,178,45,64,69,0.2528,0.3596,0.3876,0.7265,5,183,False,https://pemilu2024.kpu.go.id/pilpres/hitung-suara/33/3374/337411/3374111001/3374111001049,2024-02-19 06:16:00,PASLON 03
JAWA TENGAH,KOTA SEMARANG,BANYUMANIK,PUDAKPAYUNG,3374111001050,34,84,56,174,3374111001050,KOTA SEMARANG,PUDAKPAYUNG,TPS 050,220,174,34,84,56,0.1954,0.4828,0.3218,0.7909,1,175,False,https://pemilu2024.kpu.go.id/pilpres/hitung-suara/33/3374/337411/3374111001/3374111001050,2024-02-14 21:46:01,PASLON 02
JAWA TENGAH,KOTA SEMARANG,BANYUMANIK,PUDAKPAYUNG,3374111001051,66,115,54,235,3374111001051,KOTA SEMARANG,PUDAKPAYUNG,TPS 051,291,235,66,115,54,0.2809,0.4894,0.2298,0.8076,0,235,True,https://pemilu2024.kpu.go.id/pilpres/hitung-suara/33/3374/337411/3374111001/3374111001051,2024-02-16 12:51:22,PASLON 02
JAWA TENGAH,KOTA SEMARANG,BANYUMANIK,PUDAKPAYUNG,3374111001054,67,110,92,269,3374111001054,KOTA SEMARANG,PUDAKPAYUNG,TPS 054,291,269,67,110,92,0.2491,0.4089,0.342,0.9244,0,269,True,https://pemilu2024.kpu.go.id/pilpres/hitung-suara/33/3374/337411/3374111001/3374111001054,2024-02-16 12:51:22,PASLON 02
JAWA TENGAH,KOTA SEMARANG,BANYUMANIK,PUDAKPAYUNG,3374111001055,46,100,86,232,3374111001055,KOTA SEMARANG,PUDAKPAYUNG,TPS 055,291,232,46,100,86,0.1983,0.431,0.3707,0.7973,0,232,True,https://pemilu2024.kpu.go.id/pilpres/hitung-suara/33/3374/337411/3374111001/3374111001055,2024-02-16 12:51:22,PASLON 02
JAWA TENGAH,KOTA SEMARANG,BANYUMANIK,PUDAKPAYUNG,3374111001058,39,88,70,197,3374111001058,KOTA SEMARANG,PUDAKPAYUNG,TPS 058,291,197,39,88,70,0.198,0.4467,0.3553,0.677,0,197,True,https://pemilu2024.kpu.go.id/pilpres/hitung-suara/33/3374/337411/3374111001/3374111001058,2024-02-16 12:51:22,PASLON 02
JAWA TENGAH,KOTA SEMARANG,BANYUMANIK,PUDAKPAYUNG,3374111001062,51,146,74,271,3374111001062,KOTA SEMARANG,PUDAKPAYUNG,TPS 062,296,271,51,146,74,0.1882,0.5387,0.2731,0.9155,2,273,False,https://pemilu2024.kpu.go.id/pilpres/hitung-suara/33/3374/337411/3374111001/3374111001062,2024-02-14 21:46:01,PASLON 02
JAWA TENGAH,KOTA SEMARANG,BANYUMANIK,PUDAKPAYUNG,3374111001063,33,112,76,221,3374111001063,KOTA SEMARANG,PUDAKPAYUNG,TPS 063,291,221,33,112,76,0.1493,0.5068,0.3439,0.7595,0,221,True,https://pemilu2024.kpu.go.id/pilpres/hitung-suara/33/3374/337411/3374111001/3374111001063,2024-02-16 12:51:22,PASLON 02
JAWA TENGAH,KOTA SEMARANG,BANYUMANIK,SRONDOL KULON,3374111006001,40,156,24,220,3374111006001,KOTA SEMARANG,SRONDOL KULON,TPS 001,269,220,40,156,24,0.1818,0.7091,0.1091,0.8178,0,220,True,https://pemilu2024.kpu.go.id/pilpres/hitung-suara/33/3374/337411/3374111006/3374111006001,2024-02-16 12:51:22,PASLON 02
JAWA TENGAH,KOTA SEMARANG,BANYUMANIK,SRONDOL KULON,3374111006003,16,100,89,205,3374111006003,KOTA SEMARANG,SRONDOL KULON,TPS 003,238,205,16,100,89,0.078,0.4878,0.4341,0.8613,8,213,False,https://pemilu2024.kpu.go.id/pilpres/hitung-suara/33/3374/337411/3374111006/3374111006003,2024-02-19 06:16:00,PASLON 02
JAWA TENGAH,KOTA SEMARANG,BANYUMANIK,SRONDOL KULON,3374111006004,23,106,85,214,3374111006004,KOTA SEMARANG,SRONDOL KULON,TPS 004,231,214,23,106,85,0.1075,0.4953,0.3972,0.9264,2,216,False,https://pemilu2024.kpu.go.id/pilpres/hitung-suara/33/3374/337411/3374111006/3374111006004,2024-02-22 16:00:00,PASLON 02
JAWA TENGAH,KOTA SEMARANG,BANYUMANIK,SRONDOL KULON,3374111006005,20,115,67,202,3374111006005,KOTA SEMARANG,SRONDOL KULON,TPS 005,239,202,20,115,67,0.099,0.5693,0.3317,0.8452,5,207,False,https://pemilu2024.kpu.go.id/pilpres/hitung-suara/33/3374/337411/3374111006/3374111006005,2024-02-19 06:16:00,PASLON 02
JAWA TENGAH,KOTA SEMARANG,BANYUMANIK,SRONDOL KULON,3374111006007,29,92,106,227,3374111006007,KOTA SEMARANG,SRONDOL KULON,TPS 007,269,227,29,92,106,0.1278,0.4053,0.467,0.8439,0,227,True,https://pemilu2024.kpu.go.id/pilpres/hitung-suara/33/3374/337411/3374111006/3374111006007,2024-02-16 12:51:22,PASLON 03
JAWA TENGAH,KOTA SEMARANG,BANYUMANIK,SRONDOL KULON,3374111006008,29,113,104,246,3374111006008,KOTA SEMARANG,SRONDOL KULON,TPS 008,269,246,29,113,104,0.1179,0.4593,0.4228,0.9145,0,246,True,https://pemilu2024.kpu.go.id/pilpres/hitung-suara/33/3374/337411/3374111006/3374111006008,2024-02-24 22:31:28,PASLON 02
JAWA TENGAH,KOTA SEMARANG,BANYUMANIK,SRONDOL KULON,3374111006010,43,124,106,273,3374111006010,KOTA SEMARANG,SRONDOL KULON,TPS 010,298,273,43,124,106,0.1575,0.4542,0.3883,0.9161,3,276,False,https://pemilu2024.kpu.go.id/pilpres/hitung-suara/33/3374/337411/3374111006/3374111006010,2024-02-22 16:00:00,PASLON 02
JAWA TENGAH,KOTA SEMARANG,BANYUMANIK,SRONDOL KULON,3374111006011,43,94,109,246,3374111006011,KOTA SEMARANG,SRONDOL KULON,TPS 011,293,246,43,94,109,0.1748,0.3821,0.4431,0.8396,4,250,False,https://pemilu2024.kpu.go.id/pilpres/hitung-suara/33/3374/337411/3374111006/3374111006011,2024-02-15 17:30:25,PASLON 03
JAWA TENGAH,KOTA SEMARANG,BANYUMANIK,SRONDOL KULON,3374111006013,41,117,79,237,3374111006013,KOTA SEMARANG,SRONDOL KULON,TPS 013,238,237,41,117,79,0.173,0.4937,0.3333,0.9958,1,238,False,https://pemilu2024.kpu.go.id/pilpres/hitung-suara/33/3374/337411/3374111006/3374111006013,2024-02-16 01:30:27,PASLON 02
JAWA TENGAH,KOTA SEMARANG,BANYUMANIK,SRONDOL KULON,3374111006014,33,138,78,249,3374111006014,KOTA SEMARANG,SRONDOL KULON,TPS 014,293,249,33,138,78,0.1325,0.5542,0.3133,0.8498,6,255,False,https://pemilu2024.kpu.go.id/pilpres/hitung-suara/33/3374/337411/3374111006/3374111006014,2024-02-15 19:30:26,PASLON 02
JAWA TENGAH,KOTA SEMARANG,BANYUMANIK,SRONDOL KULON,3374111006015,48,104,60,212,3374111006015,KOTA SEMARANG,SRONDOL KULON,TPS 015,269,212,48,104,60,0.2264,0.4906,0.283,0.7881,6,218,False,https://pemilu2024.kpu.go.id/pilpres/hitung-suara/33/3374/337411/3374111006/3374111006015,2024-02-15 12:00:28,PASLON 02
JAWA TENGAH,KOTA SEMARANG,BANYUMANIK,SRONDOL KULON,3374111006016,11,165,5,181,3374111006016,KOTA SEMARANG,SRONDOL KULON,TPS 016,269,181,11,165,5,0.0608,0.9116,0.0276,0.6729,0,181,True,https://pemilu2024.kpu.go.id/pilpres/hitung-suara/33/3374/337411/3374111006/3374111006016,2024-02-16 12:51:22,PASLON 02
JAWA TENGAH,KOTA SEMARANG,BANYUMANIK,SRONDOL KULON,3374111006017,72,86,64,222,3374111006017,KOTA SEMARANG,SRONDOL KULON,TPS 017,269,222,72,86,64,0.3243,0.3874,0.2883,0.8253,0,222,True,https://pemilu2024.kpu.go.id/pilpres/hitung-suara/33/3374/337411/3374111006/3374111006017,2024-02-16 14:00:34,PASLON 02
JAWA TENGAH,KOTA SEMARANG,BANYUMANIK,SRONDOL KULON,3374111006018,32,100,81,213,3374111006018,KOTA SEMARANG,SRONDOL KULON,TPS 018,291,213,32,100,81,0.1502,0.4695,0.3803,0.732,7,220,False,https://pemilu2024.kpu.go.id/pilpres/hitung-suara/33/3374/337411/3374111006/3374111006018,2024-02-14 21:46:01,PASLON 02
JAWA TENGAH,KOTA SEMARANG,BANYUMANIK,SRONDOL KULON,3374111006019,38,89,64,191,3374111006019,KOTA SEMARANG,SRONDOL KULON,TPS 019,231,191,38,89,64,0.199,0.466,0.3351,0.8268,5,196,False,https://pemilu2024.kpu.go.id/pilpres/hitung-suara/33/3374/337411/3374111006/3374111006019,2024-02-16 11:00:29,PASLON 02
JAWA TENGAH,KOTA SEMARANG,BANYUMANIK,SRONDOL KULON,3374111006020,47,88,64,199,3374111006020,KOTA SEMARANG,SRONDOL KULON,TPS 020,248,199,47,88,64,0.2362,0.4422,0.3216,0.8024,7,206,False,https://pemilu2024.kpu.go.id/pilpres/hitung-suara/33/3374/337411/3374111006/3374111006020,2024-02-16 08:00:28,PASLON 02
JAWA TENGAH,KOTA SEMARANG,BANYUMANIK,SRONDOL KULON,3374111006021,30,80,78,188,3374111006021,KOTA SEMARANG,SRONDOL KULON,TPS 021,215,188,30,80,78,0.1596,0.4255,0.4149,0.8744,7,195,False,https://pemilu2024.kpu.go.id/pilpres/hitung-suara/33/3374/337411/3374111006/3374111006021,2024-02-16 14:00:34,PASLON 02
JAWA TENGAH,KOTA SEMARANG,BANYUMANIK,SRONDOL KULON,3374111006022,18,118,96,232,3374111006022,KOTA SEMARANG,SRONDOL KULON,TPS 022,269,232,18,118,96,0.0776,0.5086,0.4138,0.8625,0,232,True,https://pemilu2024.kpu.go.id/pilpres/hitung-suara/33/3374/337411/3374111006/3374111006022,2024-02-24 22:31:28,PASLON 02
JAWA TENGAH,KOTA SEMARANG,BANYUMANIK,SRONDOL KULON,3374111006024,18,122,98,238,3374111006024,KOTA SEMARANG,SRONDOL KULON,TPS 024,269,238,18,122,98,0.0756,0.5126,0.4118,0.8848,0,238,True,https://pemilu2024.kpu.go.id/pilpres/hitung-suara/33/3374/337411/3374111006/3374111006024,2024-02-16 14:00:34,PASLON 02
JAWA TENGAH,KOTA SEMARANG,BANYUMANIK,SRONDOL KULON,3374111006026,37,90,118,245,3374111006026,KOTA SEMARANG,SRONDOL KULON,TPS 026,269,245,37,90,118,0.151,0.3673,0.4816,0.9108,0,245,True,https://pemilu2024.kpu.go.id/pilpres/hitung-suara/33/3374/337411/3374111006/3374111006026,2024-02-16 14:00:34,PASLON 03
JAWA TENGAH,KOTA SEMARANG,BANYUMANIK,SRONDOL KULON,3374111006027,29,79,110,218,3374111006027,KOTA SEMARANG,SRONDOL KULON,TPS 027,283,218,29,79,110,0.133,0.3624,0.5046,0.7703,2,220,False,https://pemilu2024.kpu.go.id/pilpres/hitung-suara/33/3374/337411/3374111006/3374111006027,2024-02-16 14:00:34,PASLON 03
JAWA TENGAH,KOTA SEMARANG,BANYUMANIK,SRONDOL KULON,3374111006029,59,84,93,236,3374111006029,KOTA SEMARANG,SRONDOL KULON,TPS 029,290,236,59,84,93,0.25,0.3559,0.3941,0.8138,4,240,False,https://pemilu2024.kpu.go.id/pilpres/hitung-suara/33/3374/337411/3374111006/3374111006029,2024-02-19 06:16:00,PASLON 03
JAWA TENGAH,KOTA SEMARANG,BANYUMANIK,SRONDOL KULON,3374111006031,49,112,62,223,3374111006031,KOTA SEMARANG,SRONDOL KULON,TPS 031,269,223,49,112,62,0.2197,0.5022,0.278,0.829,0,223,True,https://pemilu2024.kpu.go.id/pilpres/hitung-suara/33/3374/337411/3374111006/3374111006031,2024-02-15 19:30:26,PASLON 02
JAWA TENGAH,KOTA SEMARANG,BANYUMANIK,SRONDOL KULON,3374111006032,56,82,97,235,3374111006032,KOTA SEMARANG,SRONDOL KULON,TPS 032,269,235,56,82,97,0.2383,0.3489,0.4128,0.8736,0,235,True,https://pemilu2024.kpu.go.id/pilpres/hitung-suara/33/3374/337411/3374111006/3374111006032,2024-02-24 22:31:28,PASLON 03
JAWA TENGAH,KOTA SEMARANG,BANYUMANIK,SRONDOL KULON,3374111006033,23,118,97,238,3374111006033,KOTA SEMARANG,SRONDOL KULON,TPS 033,269,238,23,118,97,0.0966,0.4958,0.4076,0.8848,0,238,True,https://pemilu2024.kpu.go.id/pilpres/hitung-suara/33/3374/337411/3374111006/3374111006033,2024-02-16 14:00:34,PASLON 02
JAWA TENGAH,KOTA SEMARANG,BANYUMANIK,SRONDOL KULON,3374111006034,20,111,90,221,3374111006034,KOTA SEMARANG,SRONDOL KULON,TPS 034,270,221,20,111,90,0.0905,0.5023,0.4072,0.8185,9,230,False,https://pemilu2024.kpu.go.id/pilpres/hitung-suara/33/3374/337411/3374111006/3374111006034,2024-02-19 06:16:00,PASLON 02
JAWA TENGAH,KOTA SEMARANG,BANYUMANIK,SRONDOL WETAN,3374111007001,72,98,70,240,3374111007001,KOTA SEMARANG,SRONDOL WETAN,TPS 001,284,240,72,98,70,0.3,0.4083,0.2917,0.8451,4,244,False,https://pemilu2024.kpu.go.id/pilpres/hitung-suara/33/3374/337411/3374111007/3374111007001,2024-02-16 14:00:34,PASLON 02
JAWA TENGAH,KOTA SEMARANG,BANYUMANIK,SRONDOL WETAN,3374111007002,47,101,94,242,3374111007002,KOTA SEMARANG,SRONDOL WETAN,TPS 002,275,242,47,101,94,0.1942,0.4174,0.3884,0.88,0,242,True,https://pemilu2024.kpu.go.id/pilpres/hitung-suara/33/3374/337411/3374111007/3374111007002,2024-02-16 14:00:34,PASLON 02
JAWA TENGAH,KOTA SEMARANG,BANYUMANIK,SRONDOL WETAN,3374111007003,83,109,64,256,3374111007003,KOTA SEMARANG,SRONDOL WETAN,TPS 003,275,256,83,109,64,0.3242,0.4258,0.25,0.9309,0,256,True,https://pemilu2024.kpu.go.id/pilpres/hitung-suara/33/3374/337411/3374111007/3374111007003,2024-02-16 16:25:10,PASLON 02
JAWA TENGAH,KOTA SEMARANG,BANYUMANIK,SRONDOL WETAN,3374111007004,72,91,80,243,3374111007004,KOTA SEMARANG,SRONDOL WETAN,TPS 004,272,243,72,91,80,0.2963,0.3745,0.3292,0.8934,5,248,False,https://pemilu2024.kpu.go.id/pilpres/hitung-suara/33/3374/337411/3374111007/3374111007004,2024-02-15 16:30:25,PASLON 02
JAWA TENGAH,KOTA SEMARANG,BANYUMANIK,SRONDOL WETAN,3374111007005,15,64,83,162,3374111007005,KOTA SEMARANG,SRONDOL WETAN,TPS 005,223,162,15,64,83,0.0926,0.3951,0.5123,0.7265,2,164,False,https://pemilu2024.kpu.go.id/pilpres/hitung-suara/33/3374/337411/3374111007/3374111007005,2024-02-16 14:00:34,PASLON 03
JAWA TENGAH,KOTA SEMARANG,BANYUMANIK,SRONDOL WETAN,3374111007006,69,138,53,260,3374111007006,KOTA SEMARANG,SRONDOL WETAN,TPS 006,275,260,69,138,53,0.2654,0.5308,0.2038,0.9455,0,260,True,https://pemilu2024.kpu.go.id/pilpres/hitung-suara/33/3374/337411/3374111007/3374111007006,2024-02-16 14:00:34,PASLON 02
JAWA TENGAH,KOTA SEMARANG,BANYUMANIK,SRONDOL WETAN,3374111007009,56,97,88,241,3374111007009,KOTA SEMARANG,SRONDOL WETAN,TPS 009,275,241,56,97,88,0.2324,0.4025,0.3651,0.8764,0,241,True,https://pemilu2024.kpu.go.id/pilpres/hitung-suara/33/3374/337411/3374111007/3374111007009,2024-02-16 14:00:34,PASLON 02
JAWA TENGAH,KOTA SEMARANG,BANYUMANIK,SRONDOL WETAN,3374111007010,49,108,74,231,3374111007010,KOTA SEMARANG,SRONDOL WETAN,TPS 010,278,231,49,108,74,0.2121,0.4675,0.3203,0.8309,5,236,False,https://pemilu2024.kpu.go.id/pilpres/hitung-suara/33/3374/337411/3374111007/3374111007010,2024-02-16 16:25:10,PASLON 02
JAWA TENGAH,KOTA SEMARANG,BANYUMANIK,SRONDOL WETAN,3374111007014,41,106,102,249,3374111007014,KOTA SEMARANG,SRONDOL WETAN,TPS 014,275,249,41,106,102,0.1647,0.4257,0.4096,0.9055,0,249,True,https://pemilu2024.kpu.go.id/pilpres/hitung-suara/33/3374/337411/3374111007/3374111007014,2024-02-16 14:00:34,PASLON 02
JAWA TENGAH,KOTA SEMARANG,BANYUMANIK,SRONDOL WETAN,3374111007015,36,109,96,241,3374111007015,KOTA SEMARANG,SRONDOL WETAN,TPS 015,289,241,36,109,96,0.1494,0.4523,0.3983,0.8339,5,246,False,https://pemilu2024.kpu.go.id/pilpres/hitung-suara/33/3374/337411/3374111007/3374111007015,2024-02-16 01:30:27,PASLON 02
JAWA TENGAH,KOTA SEMARANG,BANYUMANIK,SRONDOL WETAN,3374111007016,20,127,107,254,3374111007016,KOTA SEMARANG,SRONDOL WETAN,TPS 016,290,254,20,127,107,0.0787,0.5,0.4213,0.8759,1,255,False,https://pemilu2024.kpu.go.id/pilpres/hitung-suara/33/3374/337411/3374111007/3374111007016,2024-02-14 21:46:01,PASLON 02
JAWA TENGAH,KOTA SEMARANG,BANYUMANIK,SRONDOL WETAN,3374111007017,28,94,108,230,3374111007017,KOTA SEMARANG,SRONDOL WETAN,TPS 017,275,230,28,94,108,0.1217,0.4087,0.4696,0.8364,0,230,True,https://pemilu2024.kpu.go.id/pilpres/hitung-suara/33/3374/337411/3374111007/3374111007017,2024-02-24 22:31:28,PASLON 03
JAWA TENGAH,KOTA SEMARANG,BANYUMANIK,SRONDOL WETAN,3374111007018,13,136,78,227,3374111007018,KOTA SEMARANG,SRONDOL WETAN,TPS 018,275,227,13,136,78,0.0573,0.5991,0.3436,0.8255,0,227,True,https://pemilu2024.kpu.go.id/pilpres/hitung-suara/33/3374/337411/3374111007/3374111007018,2024-02-17 10:30:03,PASLON 02
JAWA TENGAH,KOTA SEMARANG,BANYUMANIK,SRONDOL WETAN,3374111007019,26,101,102,229,3374111007019,KOTA SEMARANG,SRONDOL WETAN,TPS 019,275,229,26,101,102,0.1135,0.441,0.4454,0.8327,0,229,True,https://pemilu2024.kpu.go.id/pilpres/hitung-suara/33/3374/337411/3374111007/3374111007019,2024-02-24 22:31:28,PASLON 03
JAWA TENGAH,KOTA SEMARANG,BANYUMANIK,SRONDOL WETAN,3374111007020,35,100,82,217,3374111007020,KOTA SEMARANG,SRONDOL WETAN,TPS 020,275,217,35,100,82,0.1613,0.4608,0.3779,0.7891,0,217,True,https://pemilu2024.kpu.go.id/pilpres/hitung-suara/33/3374/337411/3374111007/3374111007020,2024-02-24 22:31:28,PASLON 02
JAWA TENGAH,KOTA SEMARANG,BANYUMANIK,SRONDOL WETAN,3374111007021,50,83,73,206,3374111007021,KOTA SEMARANG,SRONDOL WETAN,TPS 021,287,206,50,83,73,0.2427,0.4029,0.3544,0.7178,10,216,False,https://pemilu2024.kpu.go.id/pilpres/hitung-suara/33/3374/337411/3374111007/3374111007021,2024-02-15 21:30:27,PASLON 02
JAWA TENGAH,KOTA SEMARANG,BANYUMANIK,SRONDOL WETAN,3374111007023,56,84,78,218,3374111007023,KOTA SEMARANG,SRONDOL WETAN,TPS 023,275,218,56,84,78,0.2569,0.3853,0.3578,0.7927,0,218,True,https://pemilu2024.kpu.go.id/pilpres/hitung-suara/33/3374/337411/3374111007/3374111007023,2024-02-16 12:51:22,PASLON 02
JAWA TENGAH,KOTA SEMARANG,BANYUMANIK,SRONDOL WETAN,3374111007026,76,94,79,249,3374111007026,KOTA SEMARANG,SRONDOL WETAN,TPS 026,267,249,76,94,79,0.3052,0.3775,0.3173,0.9326,3,212,False,https://pemilu2024.kpu.go.id/pilpres/hitung-suara/33/3374/337411/3374111007/3374111007026,2024-02-15 18:30:25,PASLON 02
JAWA TENGAH,KOTA SEMARANG,BANYUMANIK,SRONDOL WETAN,3374111007027,49,79,64,192,3374111007027,KOTA SEMARANG,SRONDOL WETAN,TPS 027,275,192,49,79,64,0.2552,0.4115,0.3333,0.6982,0,192,True,https://pemilu2024.kpu.go.id/pilpres/hitung-suara/33/3374/337411/3374111007/3374111007027,2024-02-24 22:31:28,PASLON 02
JAWA TENGAH,KOTA SEMARANG,BANYUMANIK,SRONDOL WETAN,3374111007028,52,90,86,228,3374111007028,KOTA SEMARANG,SRONDOL WETAN,TPS 028,238,228,52,90,86,0.2281,0.3947,0.3772,0.958,9,238,False,https://pemilu2024.kpu.go.id/pilpres/hitung-suara/33/3374/337411/3374111007/3374111007028,2024-02-15 12:00:28,PASLON 02
JAWA TENGAH,KOTA SEMARANG,BANYUMANIK,SRONDOL WETAN,3374111007030,37,109,71,217,3374111007030,KOTA SEMARANG,SRONDOL WETAN,TPS 030,275,217,37,109,71,0.1705,0.5023,0.3272,0.7891,0,217,True,https://pemilu2024.kpu.go.id/pilpres/hitung-suara/33/3374/337411/3374111007/3374111007030,2024-02-16 14:00:34,PASLON 02
JAWA TENGAH,KOTA SEMARANG,BANYUMANIK,SRONDOL WETAN,3374111007031,45,85,94,224,3374111007031,KOTA SEMARANG,SRONDOL WETAN,TPS 031,275,224,45,85,94,0.2009,0.3795,0.4196,0.8145,0,224,True,https://pemilu2024.kpu.go.id/pilpres/hitung-suara/33/3374/337411/3374111007/3374111007031,2024-02-16 14:00:34,PASLON 03
JAWA TENGAH,KOTA SEMARANG,BANYUMANIK,SRONDOL WETAN,3374111007032,46,83,68,197,3374111007032,KOTA SEMARANG,SRONDOL WETAN,TPS 032,232,197,46,83,68,0.2335,0.4213,0.3452,0.8491,6,203,False,https://pemilu2024.kpu.go.id/pilpres/hitung-suara/33/3374/337411/3374111007/3374111007032,2024-02-16 14:00:34,PASLON 02
JAWA TENGAH,KOTA SEMARANG,BANYUMANIK,SRONDOL WETAN,3374111007033,62,102,61,225,3374111007033,KOTA SEMARANG,SRONDOL WETAN,TPS 033,280,225,62,102,61,0.2756,0.4533,0.2711,0.8036,8,233,False,https://pemilu2024.kpu.go.id/pilpres/hitung-suara/33/3374/337411/3374111007/3374111007033,2024-02-16 01:30:27,PASLON 02
JAWA TENGAH,KOTA SEMARANG,BANYUMANIK,SRONDOL WETAN,3374111007034,60,87,56,203,3374111007034,KOTA SEMARANG,SRONDOL WETAN,TPS 034,203,203,60,87,56,0.2956,0.4286,0.2759,1.0,7,210,False,https://pemilu2024.kpu.go.id/pilpres/hitung-suara/33/3374/337411/3374111007/3374111007034,2024-02-19 06:16:00,PASLON 02
JAWA TENGAH,KOTA SEMARANG,BANYUMANIK,SRONDOL WETAN,3374111007035,34,127,87,248,3374111007035,KOTA SEMARANG,SRONDOL WETAN,TPS 035,275,248,34,127,87,0.1371,0.5121,0.3508,0.9018,0,248,True,https://pemilu2024.kpu.go.id/pilpres/hitung-suara/33/3374/337411/3374111007/3374111007035,2024-02-24 22:31:28,PASLON 02
JAWA TENGAH,KOTA SEMARANG,BANYUMANIK,SRONDOL WETAN,3374111007036,52,116,55,223,3374111007036,KOTA SEMARANG,SRONDOL WETAN,TPS 036,288,223,52,116,55,0.2332,0.5202,0.2466,0.7743,6,229,False,https://pemilu2024.kpu.go.id/pilpres/hitung-suara/33/3374/337411/3374111007/3374111007036,2024-02-15 19:00:26,PASLON 02
JAWA TENGAH,KOTA SEMARANG,BANYUMANIK,SRONDOL WETAN,3374111007040,59,94,68,221,3374111007040,KOTA SEMARANG,SRONDOL WETAN,TPS 040,262,221,59,94,68,0.267,0.4253,0.3077,0.8435,8,229,False,https://pemilu2024.kpu.go.id/pilpres/hitung-suara/33/3374/337411/3374111007/3374111007040,2024-02-15 22:30:27,PASLON 02
JAWA TENGAH,KOTA SEMARANG,BANYUMANIK,SRONDOL WETAN,3374111007043,42,78,84,204,3374111007043,KOTA SEMARANG,SRONDOL WETAN,TPS 043,290,204,42,78,84,0.2059,0.3824,0.4118,0.7034,8,212,False,https://pemilu2024.kpu.go.id/pilpres/hitung-suara/33/3374/337411/3374111007/3374111007043,2024-02-14 21:46:01,PASLON 03
JAWA TENGAH,KOTA SEMARANG,BANYUMANIK,SRONDOL WETAN,3374111007045,41,116,84,241,3374111007045,KOTA SEMARANG,SRONDOL WETAN,TPS 045,275,241,41,116,84,0.1701,0.4813,0.3485,0.8764,0,241,True,https://pemilu2024.kpu.go.id/pilpres/hitung-suara/33/3374/337411/3374111007/3374111007045,2024-02-16 14:00:34,PASLON 02
JAWA TENGAH,KOTA SEMARANG,BANYUMANIK,SRONDOL WETAN,3374111007047,46,90,61,197,3374111007047,KOTA SEMARANG,SRONDOL WETAN,TPS 047,275,197,46,90,61,0.2335,0.4569,0.3096,0.7164,0,197,True,https://pemilu2024.kpu.go.id/pilpres/hitung-suara/33/3374/337411/3374111007/3374111007047,2024-02-24 22:31:28,PASLON 02
JAWA TENGAH,KOTA SEMARANG,BANYUMANIK,SRONDOL WETAN,3374111007048,37,71,58,166,3374111007048,KOTA SEMARANG,SRONDOL WETAN,TPS 048,212,166,37,71,58,0.2229,0.4277,0.3494,0.783,3,169,False,https://pemilu2024.kpu.go.id/pilpres/hitung-suara/33/3374/337411/3374111007/3374111007048,2024-02-16 14:00:34,PASLON 02
JAWA TENGAH,KOTA SEMARANG,BANYUMANIK,SRONDOL WETAN,3374111007049,51,83,88,222,3374111007049,KOTA SEMARANG,SRONDOL WETAN,TPS 049,275,222,51,83,88,0.2297,0.3739,0.3964,0.8073,0,222,True,https://pemilu2024.kpu.go.id/pilpres/hitung-suara/33/3374/337411/3374111007/3374111007049,2024-02-15 15:00:29,PASLON 03
JAWA TENGAH,KOTA SEMARANG,BANYUMANIK,SRONDOL WETAN,3374111007050,58,91,64,213,3374111007050,KOTA SEMARANG,SRONDOL WETAN,TPS 050,251,213,58,91,64,0.2723,0.4272,0.3005,0.8486,1,214,False,https://pemilu2024.kpu.go.id/pilpres/hitung-suara/33/3374/337411/3374111007/3374111007050,2024-02-15 16:00:26,PASLON 02
JAWA TENGAH,KOTA SEMARANG,BANYUMANIK,SRONDOL WETAN,3374111007051,64,94,79,237,3374111007051,KOTA SEMARANG,SRONDOL WETAN,TPS 051,280,237,64,94,79,0.27,0.3966,0.3333,0.8464,1,238,False,https://pemilu2024.kpu.go.id/pilpres/hitung-suara/33/3374/337411/3374111007/3374111007051,2024-02-14 21:46:01,PASLON 02
JAWA TENGAH,KOTA SEMARANG,BANYUMANIK,SRONDOL WETAN,3374111007052,64,71,65,200,3374111007052,KOTA SEMARANG,SRONDOL WETAN,TPS 052,256,200,64,71,65,0.32,0.355,0.325,0.7812,2,202,False,https://pemilu2024.kpu.go.id/pilpres/hitung-suara/33/3374/337411/3374111007/3374111007052,2024-02-14 21:46:01,PASLON 02
JAWA TENGAH,KOTA SEMARANG,BANYUMANIK,SRONDOL WETAN,3374111007053,56,106,64,226,3374111007053,KOTA SEMARANG,SRONDOL WETAN,TPS 053,267,226,56,106,64,0.2478,0.469,0.2832,0.8464,3,229,False,https://pemilu2024.kpu.go.id/pilpres/hitung-suara/33/3374/337411/3374111007/3374111007053,2024-02-15 07:00:44,PASLON 02
JAWA TENGAH,KOTA SEMARANG,BANYUMANIK,SRONDOL WETAN,3374111007054,45,114,77,236,3374111007054,KOTA SEMARANG,SRONDOL WETAN,TPS 054,293,236,45,114,77,0.1907,0.4831,0.3263,0.8055,5,241,False,https://pemilu2024.kpu.go.id/pilpres/hitung-suara/33/3374/337411/3374111007/3374111007054,2024-02-15 02:10:27,PASLON 02
JAWA TENGAH,KOTA SEMARANG,BANYUMANIK,SRONDOL WETAN,3374111007055,61,69,45,175,3374111007055,KOTA SEMARANG,SRONDOL WETAN,TPS 055,275,175,61,69,45,0.3486,0.3943,0.2571,0.6364,0,175,True,https://pemilu2024.kpu.go.id/pilpres/hitung-suara/33/3374/337411/3374111007/3374111007055,2024-02-16 14:00:34,PASLON 02
JAWA TENGAH,KOTA SEMARANG,BANYUMANIK,SRONDOL WETAN,3374111007057,43,74,56,173,3374111007057,KOTA SEMARANG,SRONDOL WETAN,TPS 057,275,173,43,74,56,0.2486,0.4277,0.3237,0.6291,0,173,True,https://pemilu2024.kpu.go.id/pilpres/hitung-suara/33/3374/337411/3374111007/3374111007057,2024-02-16 14:00:34,PASLON 02
JAWA TENGAH,KOTA SEMARANG,BANYUMANIK,SRONDOL WETAN,3374111007059,98,84,47,229,3374111007059,KOTA SEMARANG,SRONDOL WETAN,TPS 059,293,229,98,84,47,0.4279,0.3668,0.2052,0.7816,3,232,False,https://pemilu2024.kpu.go.id/pilpres/hitung-suara/33/3374/337411/3374111007/3374111007059,2024-02-14 21:46:01,PASLON 01
JAWA TENGAH,KOTA SEMARANG,BANYUMANIK,SUMURBOTO,3374111011001,32,109,95,236,3374111011001,KOTA SEMARANG,SUMURBOTO,TPS 001,290,236,32,109,95,0.1356,0.4619,0.4025,0.8138,1,237,False,https://pemilu2024.kpu.go.id/pilpres/hitung-suara/33/3374/337411/3374111011/3374111011001,2024-02-14 21:46:01,PASLON 02
JAWA TENGAH,KOTA SEMARANG,BANYUMANIK,SUMURBOTO,3374111011002,41,112,79,232,3374111011002,KOTA SEMARANG,SUMURBOTO,TPS 002,290,232,41,112,79,0.1767,0.4828,0.3405,0.8,4,236,False,https://pemilu2024.kpu.go.id/pilpres/hitung-suara/33/3374/337411/3374111011/3374111011002,2024-02-15 00:41:44,PASLON 02
JAWA TENGAH,KOTA SEMARANG,BANYUMANIK,SUMURBOTO,3374111011004,52,113,89,254,3374111011004,KOTA SEMARANG,SUMURBOTO,TPS 004,282,254,52,113,89,0.2047,0.4449,0.3504,0.9007,0,254,True,https://pemilu2024.kpu.go.id/pilpres/hitung-suara/33/3374/337411/3374111011/3374111011004,2024-02-16 14:30:33,PASLON 02
JAWA TENGAH,KOTA SEMARANG,BANYUMANIK,SUMURBOTO,3374111011005,38,111,130,279,3374111011005,KOTA SEMARANG,SUMURBOTO,TPS 005,282,279,38,111,130,0.1362,0.3978,0.4659,0.9894,0,279,True,https://pemilu2024.kpu.go.id/pilpres/hitung-suara/33/3374/337411/3374111011/3374111011005,2024-02-16 14:30:33,PASLON 03
JAWA TENGAH,KOTA SEMARANG,BANYUMANIK,SUMURBOTO,3374111011006,67,91,105,263,3374111011006,KOTA SEMARANG,SUMURBOTO,TPS 006,282,263,67,91,105,0.2548,0.346,0.3992,0.9326,0,263,True,https://pemilu2024.kpu.go.id/pilpres/hitung-suara/33/3374/337411/3374111011/3374111011006,2024-02-16 14:30:33,PASLON 03
JAWA TENGAH,KOTA SEMARANG,BANYUMANIK,SUMURBOTO,3374111011007,39,112,96,247,3374111011007,KOTA SEMARANG,SUMURBOTO,TPS 007,282,247,39,112,96,0.1579,0.4534,0.3887,0.8759,0,247,True,https://pemilu2024.kpu.go.id/pilpres/hitung-suara/33/3374/337411/3374111011/3374111011007,2024-02-16 14:30:33,PASLON 02
JAWA TENGAH,KOTA SEMARANG,BANYUMANIK,SUMURBOTO,3374111011008,46,115,86,247,3374111011008,KOTA SEMARANG,SUMURBOTO,TPS 008,282,247,46,115,86,0.1862,0.4656,0.3482,0.8759,0,247,True,https://pemilu2024.kpu.go.id/pilpres/hitung-suara/33/3374/337411/3374111011/3374111011008,2024-02-16 14:30:33,PASLON 02
JAWA TENGAH,KOTA SEMARANG,BANYUMANIK,SUMURBOTO,3374111011009,41,124,103,268,3374111011009,KOTA SEMARANG,SUMURBOTO,TPS 009,295,268,41,124,103,0.153,0.4627,0.3843,0.9085,7,275,False,https://pemilu2024.kpu.go.id/pilpres/hitung-suara/33/3374/337411/3374111011/3374111011009,2024-02-15 00:41:44,PASLON 02
JAWA TENGAH,KOTA SEMARANG,BANYUMANIK,SUMURBOTO,3374111011011,52,101,85,238,3374111011011,KOTA SEMARANG,SUMURBOTO,TPS 011,285,238,52,101,85,0.2185,0.4244,0.3571,0.8351,7,245,False,https://pemilu2024.kpu.go.id/pilpres/hitung-suara/33/3374/337411/3374111011/3374111011011,2024-02-14 21:46:01,PASLON 02
JAWA TENGAH,KOTA SEMARANG,BANYUMANIK,SUMURBOTO,3374111011012,35,99,69,203,3374111011012,KOTA SEMARANG,SUMURBOTO,TPS 012,243,203,35,99,69,0.1724,0.4877,0.3399,0.8354,6,209,False,https://pemilu2024.kpu.go.id/pilpres/hitung-suara/33/3374/337411/3374111011/3374111011012,2024-02-14 21:46:01,PASLON 02
JAWA TENGAH,KOTA SEMARANG,BANYUMANIK,SUMURBOTO,3374111011013,35,99,88,222,3374111011013,KOTA SEMARANG,SUMURBOTO,TPS 013,261,222,35,99,88,0.1577,0.4459,0.3964,0.8506,8,230,False,https://pemilu2024.kpu.go.id/pilpres/hitung-suara/33/3374/337411/3374111011/3374111011013,2024-02-14 21:46:01,PASLON 02
JAWA TENGAH,KOTA SEMARANG,BANYUMANIK,SUMURBOTO,3374111011014,61,101,77,239,3374111011014,KOTA SEMARANG,SUMURBOTO,TPS 014,274,239,61,101,77,0.2552,0.4226,0.3222,0.8723,6,245,False,https://pemilu2024.kpu.go.id/pilpres/hitung-suara/33/3374/337411/3374111011/3374111011014,2024-02-16 14:30:33,PASLON 02
JAWA TENGAH,KOTA SEMARANG,BANYUMANIK,SUMURBOTO,3374111011019,38,76,69,183,3374111011019,KOTA SEMARANG,SUMURBOTO,TPS 019,282,183,38,76,69,0.2077,0.4153,0.377,0.6489,0,183,True,https://pemilu2024.kpu.go.id/pilpres/hitung-suara/33/3374/337411/3374111011/3374111011019,2024-02-16 14:30:33,PASLON 02
JAWA TENGAH,KOTA SEMARANG,BANYUMANIK,SUMURBOTO,3374111011020,40,60,51,151,3374111011020,KOTA SEMARANG,SUMURBOTO,TPS 020,282,151,40,60,51,0.2649,0.3974,0.3377,0.5355,0,151,True,https://pemilu2024.kpu.go.id/pilpres/hitung-suara/33/3374/337411/3374111011/3374111011020,2024-02-19 06:16:00,PASLON 02
JAWA TENGAH,KOTA SEMARANG,BANYUMANIK,SUMURBOTO,3374111011021,22,97,108,227,3374111011021,KOTA SEMARANG,SUMURBOTO,TPS 021,282,227,22,97,108,0.0969,0.4273,0.4758,0.805,0,227,True,https://pemilu2024.kpu.go.id/pilpres/hitung-suara/33/3374/337411/3374111011/3374111011021,2024-02-16 14:30:33,PASLON 03
JAWA TENGAH,KOTA SEMARANG,BANYUMANIK,SUMURBOTO,3374111011023,42,72,109,223,3374111011023,KOTA SEMARANG,SUMURBOTO,TPS 023,282,223,42,72,109,0.1883,0.3229,0.4888,0.7908,0,223,True,https://pemilu2024.kpu.go.id/pilpres/hitung-suara/33/3374/337411/3374111011/3374111011023,2024-02-15 12:00:28,PASLON 03
JAWA TENGAH,KOTA SEMARANG,BANYUMANIK,SUMURBOTO,3374111011024,45,99,89,233,3374111011024,KOTA SEMARANG,SUMURBOTO,TPS 024,280,233,45,99,89,0.1931,0.4249,0.382,0.8321,3,236,False,https://pemilu2024.kpu.go.id/pilpres/hitung-suara/33/3374/337411/3374111011/3374111011024,2024-02-14 21:46:01,PASLON 02
JAWA TENGAH,KOTA SEMARANG,BANYUMANIK,TINJOMOYO,3374111009001,20,123,110,253,3374111009001,KOTA SEMARANG,TINJOMOYO,TPS 001,276,253,20,123,110,0.0791,0.4862,0.4348,0.9167,0,253,True,https://pemilu2024.kpu.go.id/pilpres/hitung-suara/33/3374/337411/3374111009/3374111009001,2024-02-16 14:30:33,PASLON 02
JAWA TENGAH,KOTA SEMARANG,BANYUMANIK,TINJOMOYO,3374111009002,29,122,111,262,3374111009002,KOTA SEMARANG,TINJOMOYO,TPS 002,276,262,29,122,111,0.1107,0.4656,0.4237,0.9493,0,262,True,https://pemilu2024.kpu.go.id/pilpres/hitung-suara/33/3374/337411/3374111009/3374111009002,2024-02-16 14:30:33,PASLON 02
JAWA TENGAH,KOTA SEMARANG,BANYUMANIK,TINJOMOYO,3374111009004,27,108,105,240,3374111009004,KOTA SEMARANG,TINJOMOYO,TPS 004,276,240,27,108,105,0.1125,0.45,0.4375,0.8696,0,240,True,https://pemilu2024.kpu.go.id/pilpres/hitung-suara/33/3374/337411/3374111009/3374111009004,2024-02-24 22:31:28,PASLON 02
JAWA TENGAH,KOTA SEMARANG,BANYUMANIK,TINJOMOYO,3374111009005,34,100,97,231,3374111009005,KOTA SEMARANG,TINJOMOYO,TPS 005,276,231,34,100,97,0.1472,0.4329,0.4199,0.837,0,231,True,https://pemilu2024.kpu.go.id/pilpres/hitung-suara/33/3374/337411/3374111009/3374111009005,2024-02-15 20:30:46,PASLON 02
JAWA TENGAH,KOTA SEMARANG,BANYUMANIK,TINJOMOYO,3374111009006,47,128,56,231,3374111009006,KOTA SEMARANG,TINJOMOYO,TPS 006,276,231,47,128,56,0.2035,0.5541,0.2424,0.837,0,231,True,https://pemilu2024.kpu.go.id/pilpres/hitung-suara/33/3374/337411/3374111009/3374111009006,2024-02-16 14:30:33,PASLON 02
JAWA TENGAH,KOTA SEMARANG,BANYUMANIK,TINJOMOYO,3374111009007,28,120,96,244,3374111009007,KOTA SEMARANG,TINJOMOYO,TPS 007,297,244,28,120,96,0.1148,0.4918,0.3934,0.8215,3,247,False,https://pemilu2024.kpu.go.id/pilpres/hitung-suara/33/3374/337411/3374111009/3374111009007,2024-02-16 08:30:27,PASLON 02
JAWA TENGAH,KOTA SEMARANG,BANYUMANIK,TINJOMOYO,3374111009009,18,98,94,210,3374111009009,KOTA SEMARANG,TINJOMOYO,TPS 009,276,210,18,98,94,0.0857,0.4667,0.4476,0.7609,0,210,True,https://pemilu2024.kpu.go.id/pilpres/hitung-suara/33/3374/337411/3374111009/3374111009009,2024-02-24 22:31:28,PASLON 02
JAWA TENGAH,KOTA SEMARANG,BANYUMANIK,TINJOMOYO,3374111009010,22,90,95,207,3374111009010,KOTA SEMARANG,TINJOMOYO,TPS 010,276,207,22,90,95,0.1063,0.4348,0.4589,0.75,0,207,True,https://pemilu2024.kpu.go.id/pilpres/hitung-suara/33/3374/337411/3374111009/3374111009010,2024-02-24 22:31:28,PASLON 03
JAWA TENGAH,KOTA SEMARANG,BANYUMANIK,TINJOMOYO,3374111009012,42,100,74,216,3374111009012,KOTA SEMARANG,TINJOMOYO,TPS 012,288,216,42,100,74,0.1944,0.463,0.3426,0.75,1,217,False,https://pemilu2024.kpu.go.id/pilpres/hitung-suara/33/3374/337411/3374111009/3374111009012,2024-02-19 06:16:00,PASLON 02
JAWA TENGAH,KOTA SEMARANG,BANYUMANIK,TINJOMOYO,3374111009016,13,119,97,229,3374111009016,KOTA SEMARANG,TINJOMOYO,TPS 016,275,229,13,119,97,0.0568,0.5197,0.4236,0.8327,2,231,False,https://pemilu2024.kpu.go.id/pilpres/hitung-suara/33/3374/337411/3374111009/3374111009016,2024-02-15 00:41:44,PASLON 02
JAWA TENGAH,KOTA SEMARANG,BANYUMANIK,TINJOMOYO,3374111009017,13,86,90,189,3374111009017,KOTA SEMARANG,TINJOMOYO,TPS 017,276,189,13,86,90,0.0688,0.455,0.4762,0.6848,0,189,True,https://pemilu2024.kpu.go.id/pilpres/hitung-suara/33/3374/337411/3374111009/3374111009017,2024-02-16 14:30:33,PASLON 03
JAWA TENGAH,KOTA SEMARANG,BANYUMANIK,TINJOMOYO,3374111009019,36,95,90,221,3374111009019,KOTA SEMARANG,TINJOMOYO,TPS 019,259,221,36,95,90,0.1629,0.4299,0.4072,0.8533,2,223,False,https://pemilu2024.kpu.go.id/pilpres/hitung-suara/33/3374/337411/3374111009/3374111009019,2024-02-15 20:00:44,PASLON 02
JAWA TENGAH,KOTA SEMARANG,BANYUMANIK,TINJOMOYO,3374111009022,40,113,87,240,3374111009022,KOTA SEMARANG,TINJOMOYO,TPS 022,276,240,40,113,87,0.1667,0.4708,0.3625,0.8696,3,243,False,https://pemilu2024.kpu.go.id/pilpres/hitung-suara/33/3374/337411/3374111009/3374111009022,2024-02-15 12:00:28,PASLON 02
JAWA TENGAH,KOTA SEMARANG,BANYUMANIK,TINJOMOYO,3374111009024,18,139,85,242,3374111009024,KOTA SEMARANG,TINJOMOYO,TPS 024,276,242,18,139,85,0.0744,0.5744,0.3512,0.8768,0,242,True,https://pemilu2024.kpu.go.id/pilpres/hitung-suara/33/3374/337411/3374111009/3374111009024,2024-02-16 14:30:33,PASLON 02
JAWA TENGAH,KOTA SEMARANG,BANYUMANIK,TINJOMOYO,3374111009026,27,119,91,237,3374111009026,KOTA SEMARANG,TINJOMOYO,TPS 026,238,237,27,119,91,0.1139,0.5021,0.384,0.9958,7,244,False,https://pemilu2024.kpu.go.id/pilpres/hitung-suara/33/3374/337411/3374111009/3374111009026,2024-02-19 06:16:00,PASLON 02
JAWA TENGAH,KOTA SEMARANG,CANDISARI,CANDI,3374081001003,8,103,96,207,3374081001003,KOTA SEMARANG,CANDI,TPS 003,275,207,8,103,96,0.0386,0.4976,0.4638,0.7527,0,207,True,https://pemilu2024.kpu.go.id/pilpres/hitung-suara/33/3374/337408/3374081001/3374081001003,2024-02-15 23:29:50,PASLON 02
JAWA TENGAH,KOTA SEMARANG,CANDISARI,CANDI,3374081001010,25,47,79,151,3374081001010,KOTA SEMARANG,CANDI,TPS 010,275,151,25,47,79,0.1656,0.3113,0.5232,0.5491,0,151,True,https://pemilu2024.kpu.go.id/pilpres/hitung-suara/33/3374/337408/3374081001/3374081001010,2024-02-16 12:51:22,PASLON 03
JAWA TENGAH,KOTA SEMARANG,CANDISARI,CANDI,3374081001012,24,103,86,213,3374081001012,KOTA SEMARANG,CANDI,TPS 012,275,213,24,103,86,0.1127,0.4836,0.4038,0.7745,0,213,True,https://pemilu2024.kpu.go.id/pilpres/hitung-suara/33/3374/337408/3374081001/3374081001012,2024-02-15 23:29:50,PASLON 02
JAWA TENGAH,KOTA SEMARANG,CANDISARI,CANDI,3374081001013,27,94,78,199,3374081001013,KOTA SEMARANG,CANDI,TPS 013,266,199,27,94,78,0.1357,0.4724,0.392,0.7481,5,204,False,https://pemilu2024.kpu.go.id/pilpres/hitung-suara/33/3374/337408/3374081001/3374081001013,2024-02-14 21:46:01,PASLON 02
JAWA TENGAH,KOTA SEMARANG,CANDISARI,CANDI,3374081001020,14,103,121,238,3374081001020,KOTA SEMARANG,CANDI,TPS 020,275,238,14,103,121,0.0588,0.4328,0.5084,0.8655,0,238,True,https://pemilu2024.kpu.go.id/pilpres/hitung-suara/33/3374/337408/3374081001/3374081001020,2024-02-15 23:29:50,PASLON 03
JAWA TENGAH,KOTA SEMARANG,CANDISARI,CANDI,3374081001021,30,116,101,247,3374081001021,KOTA SEMARANG,CANDI,TPS 021,275,247,30,116,101,0.1215,0.4696,0.4089,0.8982,0,247,True,https://pemilu2024.kpu.go.id/pilpres/hitung-suara/33/3374/337408/3374081001/3374081001021,2024-02-16 12:51:22,PASLON 02
JAWA TENGAH,KOTA SEMARANG,CANDISARI,CANDI,3374081001022,20,129,98,247,3374081001022,KOTA SEMARANG,CANDI,TPS 022,289,247,20,129,98,0.081,0.5223,0.3968,0.8547,10,257,False,https://pemilu2024.kpu.go.id/pilpres/hitung-suara/33/3374/337408/3374081001/3374081001022,2024-02-17 09:00:02,PASLON 02
JAWA TENGAH,KOTA SEMARANG,CANDISARI,CANDI,3374081001023,17,108,124,249,3374081001023,KOTA SEMARANG,CANDI,TPS 023,284,249,17,108,124,0.0683,0.4337,0.498,0.8768,1,250,False,https://pemilu2024.kpu.go.id/pilpres/hitung-suara/33/3374/337408/3374081001/3374081001023,2024-02-15 23:29:50,PASLON 03
JAWA TENGAH,KOTA SEMARANG,CANDISARI,CANDI,3374081001026,10,61,87,158,3374081001026,KOTA SEMARANG,CANDI,TPS 026,187,158,10,61,87,0.0633,0.3861,0.5506,0.8449,3,161,False,https://pemilu2024.kpu.go.id/pilpres/hitung-suara/33/3374/337408/3374081001/3374081001026,2024-02-16 12:51:22,PASLON 03
JAWA TENGAH,KOTA SEMARANG,CANDISARI,CANDI,3374081001027,28,110,91,229,3374081001027,KOTA SEMARANG,CANDI,TPS 027,275,229,28,110,91,0.1223,0.4803,0.3974,0.8327,0,229,True,https://pemilu2024.kpu.go.id/pilpres/hitung-suara/33/3374/337408/3374081001/3374081001027,2024-02-16 12:51:22,PASLON 02
JAWA TENGAH,KOTA SEMARANG,CANDISARI,CANDI,3374081001029,15,141,88,244,3374081001029,KOTA SEMARANG,CANDI,TPS 029,275,244,15,141,88,0.0615,0.5779,0.3607,0.8873,0,244,True,https://pemilu2024.kpu.go.id/pilpres/hitung-suara/33/3374/337408/3374081001/3374081001029,2024-02-16 12:51:22,PASLON 02
JAWA TENGAH,KOTA SEMARANG,CANDISARI,CANDI,3374081001031,28,126,91,245,3374081001031,KOTA SEMARANG,CANDI,TPS 031,275,245,28,126,91,0.1143,0.5143,0.3714,0.8909,0,245,True,https://pemilu2024.kpu.go.id/pilpres/hitung-suara/33/3374/337408/3374081001/3374081001031,2024-02-16 12:51:22,PASLON 02
JAWA TENGAH,KOTA SEMARANG,CANDISARI,JATINGALEH,3374081002001,25,75,126,226,3374081002001,KOTA SEMARANG,JATINGALEH,TPS 001,284,226,25,75,126,0.1106,0.3319,0.5575,0.7958,0,226,True,https://pemilu2024.kpu.go.id/pilpres/hitung-suara/33/3374/337408/3374081002/3374081002001,2024-02-15 23:29:50,PASLON 03
JAWA TENGAH,KOTA SEMARANG,CANDISARI,JATINGALEH,3374081002002,41,54,59,154,3374081002002,KOTA SEMARANG,JATINGALEH,TPS 002,202,154,41,54,59,0.2662,0.3506,0.3831,0.7624,6,160,False,https://pemilu2024.kpu.go.id/pilpres/hitung-suara/33/3374/337408/3374081002/3374081002002,2024-02-15 15:00:29,PASLON 03
JAWA TENGAH,KOTA SEMARANG,CANDISARI,JATINGALEH,3374081002004,36,79,124,239,3374081002004,KOTA SEMARANG,JATINGALEH,TPS 004,287,239,36,79,124,0.1506,0.3305,0.5188,0.8328,9,248,False,https://pemilu2024.kpu.go.id/pilpres/hitung-suara/33/3374/337408/3374081002/3374081002004,2024-02-14 21:46:01,PASLON 03
JAWA TENGAH,KOTA SEMARANG,CANDISARI,JATINGALEH,3374081002005,37,123,72,232,3374081002005,KOTA SEMARANG,JATINGALEH,TPS 005,270,232,37,123,72,0.1595,0.5302,0.3103,0.8593,4,236,False,https://pemilu2024.kpu.go.id/pilpres/hitung-suara/33/3374/337408/3374081002/3374081002005,2024-02-16 16:25:10,PASLON 02
JAWA TENGAH,KOTA SEMARANG,CANDISARI,JATINGALEH,3374081002007,31,108,81,220,3374081002007,KOTA SEMARANG,JATINGALEH,TPS 007,276,220,31,108,81,0.1409,0.4909,0.3682,0.7971,6,226,False,https://pemilu2024.kpu.go.id/pilpres/hitung-suara/33/3374/337408/3374081002/3374081002007,2024-02-15 05:00:24,PASLON 02
JAWA TENGAH,KOTA SEMARANG,CANDISARI,JATINGALEH,3374081002008,35,112,94,241,3374081002008,KOTA SEMARANG,JATINGALEH,TPS 008,284,241,35,112,94,0.1452,0.4647,0.39,0.8486,0,241,True,https://pemilu2024.kpu.go.id/pilpres/hitung-suara/33/3374/337408/3374081002/3374081002008,2024-02-16 12:51:22,PASLON 02
JAWA TENGAH,KOTA SEMARANG,CANDISARI,JATINGALEH,3374081002009,34,108,87,229,3374081002009,KOTA SEMARANG,JATINGALEH,TPS 009,293,229,34,108,87,0.1485,0.4716,0.3799,0.7816,4,233,False,https://pemilu2024.kpu.go.id/pilpres/hitung-suara/33/3374/337408/3374081002/3374081002009,2024-02-17 13:37:34,PASLON 02
JAWA TENGAH,KOTA SEMARANG,CANDISARI,JATINGALEH,3374081002010,17,99,116,232,3374081002010,KOTA SEMARANG,JATINGALEH,TPS 010,290,232,17,99,116,0.0733,0.4267,0.5,0.8,4,236,False,https://pemilu2024.kpu.go.id/pilpres/hitung-suara/33/3374/337408/3374081002/3374081002010,2024-02-15 23:29:50,PASLON 03
JAWA TENGAH,KOTA SEMARANG,CANDISARI,JATINGALEH,3374081002011,8,115,106,229,3374081002011,KOTA SEMARANG,JATINGALEH,TPS 011,287,229,8,115,106,0.0349,0.5022,0.4629,0.7979,5,234,False,https://pemilu2024.kpu.go.id/pilpres/hitung-suara/33/3374/337408/3374081002/3374081002011,2024-02-15 00:41:44,PASLON 02
JAWA TENGAH,KOTA SEMARANG,CANDISARI,JATINGALEH,3374081002012,27,112,72,211,3374081002012,KOTA SEMARANG,JATINGALEH,TPS 012,273,211,27,112,72,0.128,0.5308,0.3412,0.7729,5,216,False,https://pemilu2024.kpu.go.id/pilpres/hitung-suara/33/3374/337408/3374081002/3374081002012,2024-02-21 11:00:00,PASLON 02
JAWA TENGAH,KOTA SEMARANG,CANDISARI,JATINGALEH,3374081002014,40,163,26,229,3374081002014,KOTA SEMARANG,JATINGALEH,TPS 014,284,229,40,163,26,0.1747,0.7118,0.1135,0.8063,0,229,True,https://pemilu2024.kpu.go.id/pilpres/hitung-suara/33/3374/337408/3374081002/3374081002014,2024-02-16 23:45:47,PASLON 02
JAWA TENGAH,KOTA SEMARANG,CANDISARI,JATINGALEH,3374081002015,45,148,28,221,3374081002015,KOTA SEMARANG,JATINGALEH,TPS 015,284,221,45,148,28,0.2036,0.6697,0.1267,0.7782,2,223,False,https://pemilu2024.kpu.go.id/pilpres/hitung-suara/33/3374/337408/3374081002/3374081002015,2024-02-16 12:51:22,PASLON 02
JAWA TENGAH,KOTA SEMARANG,CANDISARI,JATINGALEH,3374081002016,15,137,9,161,3374081002016,KOTA SEMARANG,JATINGALEH,TPS 016,284,161,15,137,9,0.0932,0.8509,0.0559,0.5669,0,161,True,https://pemilu2024.kpu.go.id/pilpres/hitung-suara/33/3374/337408/3374081002/3374081002016,2024-02-16 12:51:22,PASLON 02
JAWA TENGAH,KOTA SEMARANG,CANDISARI,JATINGALEH,3374081002017,21,111,102,234,3374081002017,KOTA SEMARANG,JATINGALEH,TPS 017,267,234,21,111,102,0.0897,0.4744,0.4359,0.8764,2,236,False,https://pemilu2024.kpu.go.id/pilpres/hitung-suara/33/3374/337408/3374081002/3374081002017,2024-02-15 23:29:50,PASLON 02
JAWA TENGAH,KOTA SEMARANG,CANDISARI,JATINGALEH,3374081002018,37,121,68,226,3374081002018,KOTA SEMARANG,JATINGALEH,TPS 018,288,226,37,121,68,0.1637,0.5354,0.3009,0.7847,1,227,False,https://pemilu2024.kpu.go.id/pilpres/hitung-suara/33/3374/337408/3374081002/3374081002018,2024-02-15 23:29:50,PASLON 02
JAWA TENGAH,KOTA SEMARANG,CANDISARI,JATINGALEH,3374081002019,10,136,81,227,3374081002019,KOTA SEMARANG,JATINGALEH,TPS 019,287,227,10,136,81,0.0441,0.5991,0.3568,0.7909,5,232,False,https://pemilu2024.kpu.go.id/pilpres/hitung-suara/33/3374/337408/3374081002/3374081002019,2024-02-15 19:30:26,PASLON 02
JAWA TENGAH,KOTA SEMARANG,CANDISARI,JATINGALEH,3374081002020,15,101,98,214,3374081002020,KOTA SEMARANG,JATINGALEH,TPS 020,252,214,15,101,98,0.0701,0.472,0.4579,0.8492,1,215,False,https://pemilu2024.kpu.go.id/pilpres/hitung-suara/33/3374/337408/3374081002/3374081002020,2024-02-14 21:46:01,PASLON 02
JAWA TENGAH,KOTA SEMARANG,CANDISARI,JATINGALEH,3374081002021,50,120,56,226,3374081002021,KOTA SEMARANG,JATINGALEH,TPS 021,284,226,50,120,56,0.2212,0.531,0.2478,0.7958,0,226,True,https://pemilu2024.kpu.go.id/pilpres/hitung-suara/33/3374/337408/3374081002/3374081002021,2024-02-16 12:51:22,PASLON 02
JAWA TENGAH,KOTA SEMARANG,CANDISARI,JATINGALEH,3374081002022,47,147,47,241,3374081002022,KOTA SEMARANG,JATINGALEH,TPS 022,288,241,47,147,47,0.195,0.61,0.195,0.8368,3,244,False,https://pemilu2024.kpu.go.id/pilpres/hitung-suara/33/3374/337408/3374081002/3374081002022,2024-02-15 12:00:28,PASLON 02
JAWA TENGAH,KOTA SEMARANG,CANDISARI,JATINGALEH,3374081002023,54,129,27,210,3374081002023,KOTA SEMARANG,JATINGALEH,TPS 023,210,210,54,129,27,0.2571,0.6143,0.1286,1.0,3,213,False,https://pemilu2024.kpu.go.id/pilpres/hitung-suara/33/3374/337408/3374081002/3374081002023,2024-02-16 12:51:22,PASLON 02
JAWA TENGAH,KOTA SEMARANG,CANDISARI,JATINGALEH,3374081002026,47,95,87,229,3374081002026,KOTA SEMARANG,JATINGALEH,TPS 026,294,229,47,95,87,0.2052,0.4148,0.3799,0.7789,2,231,False,https://pemilu2024.kpu.go.id/pilpres/hitung-suara/33/3374/337408/3374081002/3374081002026,2024-02-17 14:45:18,PASLON 02
JAWA TENGAH,KOTA SEMARANG,CANDISARI,JATINGALEH,3374081002027,13,103,89,205,3374081002027,KOTA SEMARANG,JATINGALEH,TPS 027,284,205,13,103,89,0.0634,0.5024,0.4341,0.7218,0,205,True,https://pemilu2024.kpu.go.id/pilpres/hitung-suara/33/3374/337408/3374081002/3374081002027,2024-02-15 23:29:50,PASLON 02
JAWA TENGAH,KOTA SEMARANG,CANDISARI,JATINGALEH,3374081002029,29,95,107,231,3374081002029,KOTA SEMARANG,JATINGALEH,TPS 029,277,231,29,95,107,0.1255,0.4113,0.4632,0.8339,4,235,False,https://pemilu2024.kpu.go.id/pilpres/hitung-suara/33/3374/337408/3374081002/3374081002029,2024-02-15 09:00:24,PASLON 03
JAWA TENGAH,KOTA SEMARANG,CANDISARI,JATINGALEH,3374081002030,23,141,28,192,3374081002030,KOTA SEMARANG,JATINGALEH,TPS 030,284,192,23,141,28,0.1198,0.7344,0.1458,0.6761,1,193,False,https://pemilu2024.kpu.go.id/pilpres/hitung-suara/33/3374/337408/3374081002/3374081002030,2024-02-15 00:41:44,PASLON 02
JAWA TENGAH,KOTA SEMARANG,CANDISARI,JOMBLANG,3374081004001,43,93,80,216,3374081004001,KOTA SEMARANG,JOMBLANG,TPS 001,276,216,43,93,80,0.1991,0.4306,0.3704,0.7826,7,223,False,https://pemilu2024.kpu.go.id/pilpres/hitung-suara/33/3374/337408/3374081004/3374081004001,2024-02-14 21:46:01,PASLON 02
JAWA TENGAH,KOTA SEMARANG,CANDISARI,JOMBLANG,3374081004002,21,102,113,236,3374081004002,KOTA SEMARANG,JOMBLANG,TPS 002,290,236,21,102,113,0.089,0.4322,0.4788,0.8138,9,245,False,https://pemilu2024.kpu.go.id/pilpres/hitung-suara/33/3374/337408/3374081004/3374081004002,2024-02-15 05:00:24,PASLON 03
JAWA TENGAH,KOTA SEMARANG,CANDISARI,JOMBLANG,3374081004003,17,87,114,218,3374081004003,KOTA SEMARANG,JOMBLANG,TPS 003,286,218,17,87,114,0.078,0.3991,0.5229,0.7622,4,222,False,https://pemilu2024.kpu.go.id/pilpres/hitung-suara/33/3374/337408/3374081004/3374081004003,2024-02-14 21:46:01,PASLON 03
JAWA TENGAH,KOTA SEMARANG,CANDISARI,JOMBLANG,3374081004004,26,101,119,246,3374081004004,KOTA SEMARANG,JOMBLANG,TPS 004,297,246,26,101,119,0.1057,0.4106,0.4837,0.8283,4,250,False,https://pemilu2024.kpu.go.id/pilpres/hitung-suara/33/3374/337408/3374081004/3374081004004,2024-02-15 00:41:44,PASLON 03
JAWA TENGAH,KOTA SEMARANG,CANDISARI,JOMBLANG,3374081004005,27,112,105,244,3374081004005,KOTA SEMARANG,JOMBLANG,TPS 005,291,244,27,112,105,0.1107,0.459,0.4303,0.8385,7,251,False,https://pemilu2024.kpu.go.id/pilpres/hitung-suara/33/3374/337408/3374081004/3374081004005,2024-02-14 21:46:01,PASLON 02
JAWA TENGAH,KOTA SEMARANG,CANDISARI,JOMBLANG,3374081004006,32,122,94,248,3374081004006,KOTA SEMARANG,JOMBLANG,TPS 006,291,248,32,122,94,0.129,0.4919,0.379,0.8522,6,254,False,https://pemilu2024.kpu.go.id/pilpres/hitung-suara/33/3374/337408/3374081004/3374081004006,2024-02-14 21:46:01,PASLON 02
JAWA TENGAH,KOTA SEMARANG,CANDISARI,JOMBLANG,3374081004007,23,115,104,242,3374081004007,KOTA SEMARANG,JOMBLANG,TPS 007,292,242,23,115,104,0.095,0.4752,0.4298,0.8288,6,248,False,https://pemilu2024.kpu.go.id/pilpres/hitung-suara/33/3374/337408/3374081004/3374081004007,2024-02-15 15:00:29,PASLON 02
JAWA TENGAH,KOTA SEMARANG,CANDISARI,JOMBLANG,3374081004008,16,114,74,204,3374081004008,KOTA SEMARANG,JOMBLANG,TPS 008,267,204,16,114,74,0.0784,0.5588,0.3627,0.764,3,207,False,https://pemilu2024.kpu.go.id/pilpres/hitung-suara/33/3374/337408/3374081004/3374081004008,2024-02-15 23:29:50,PASLON 02
JAWA TENGAH,KOTA SEMARANG,CANDISARI,JOMBLANG,3374081004009,9,120,91,220,3374081004009,KOTA SEMARANG,JOMBLANG,TPS 009,292,220,9,120,91,0.0409,0.5455,0.4136,0.7534,7,227,False,https://pemilu2024.kpu.go.id/pilpres/hitung-suara/33/3374/337408/3374081004/3374081004009,2024-02-17 13:37:34,PASLON 02
JAWA TENGAH,KOTA SEMARANG,CANDISARI,JOMBLANG,3374081004010,58,99,71,228,3374081004010,KOTA SEMARANG,JOMBLANG,TPS 010,299,228,58,99,71,0.2544,0.4342,0.3114,0.7625,2,230,False,https://pemilu2024.kpu.go.id/pilpres/hitung-suara/33/3374/337408/3374081004/3374081004010,2024-02-15 05:00:24,PASLON 02
JAWA TENGAH,KOTA SEMARANG,CANDISARI,JOMBLANG,3374081004011,29,108,96,233,3374081004011,KOTA SEMARANG,JOMBLANG,TPS 011,284,233,29,108,96,0.1245,0.4635,0.412,0.8204,7,240,False,https://pemilu2024.kpu.go.id/pilpres/hitung-suara/33/3374/337408/3374081004/3374081004011,2024-02-14 21:46:01,PASLON 02
JAWA TENGAH,KOTA SEMARANG,CANDISARI,JOMBLANG,3374081004013,35,68,122,225,3374081004013,KOTA SEMARANG,JOMBLANG,TPS 013,286,225,35,68,122,0.1556,0.3022,0.5422,0.7867,5,230,True,https://pemilu2024.kpu.go.id/pilpres/hitung-suara/33/3374/337408/3374081004/3374081004013,2024-02-17 14:45:18,PASLON 03
JAWA TENGAH,KOTA SEMARANG,CANDISARI,JOMBLANG,3374081004014,61,93,96,250,3374081004014,KOTA SEMARANG,JOMBLANG,TPS 014,295,250,61,93,96,0.244,0.372,0.384,0.8475,4,254,False,https://pemilu2024.kpu.go.id/pilpres/hitung-suara/33/3374/337408/3374081004/3374081004014,2024-02-16 01:30:27,PASLON 03
JAWA TENGAH,KOTA SEMARANG,CANDISARI,JOMBLANG,3374081004015,33,85,106,224,3374081004015,KOTA SEMARANG,JOMBLANG,TPS 015,279,224,33,85,106,0.1473,0.3795,0.4732,0.8029,6,230,False,https://pemilu2024.kpu.go.id/pilpres/hitung-suara/33/3374/337408/3374081004/3374081004015,2024-02-17 14:45:18,PASLON 03
JAWA TENGAH,KOTA SEMARANG,CANDISARI,JOMBLANG,3374081004016,26,106,87,219,3374081004016,KOTA SEMARANG,JOMBLANG,TPS 016,286,219,26,106,87,0.1187,0.484,0.3973,0.7657,0,219,True,https://pemilu2024.kpu.go.id/pilpres/hitung-suara/33/3374/337408/3374081004/3374081004016,2024-02-15 09:00:24,PASLON 02
JAWA TENGAH,KOTA SEMARANG,CANDISARI,JOMBLANG,3374081004020,12,94,135,241,3374081004020,KOTA SEMARANG,JOMBLANG,TPS 020,291,241,12,94,135,0.0498,0.39,0.5602,0.8282,8,249,False,https://pemilu2024.kpu.go.id/pilpres/hitung-suara/33/3374/337408/3374081004/3374081004020,2024-02-14 21:46:01,PASLON 03
JAWA TENGAH,KOTA SEMARANG,CANDISARI,JOMBLANG,3374081004021,26,74,57,157,3374081004021,KOTA SEMARANG,JOMBLANG,TPS 021,286,157,26,74,57,0.1656,0.4713,0.3631,0.549,0,157,True,https://pemilu2024.kpu.go.id/pilpres/hitung-suara/33/3374/337408/3374081004/3374081004021,2024-02-19 06:16:00,PASLON 02
JAWA TENGAH,KOTA SEMARANG,CANDISARI,JOMBLANG,3374081004022,27,99,105,231,3374081004022,KOTA SEMARANG,JOMBLANG,TPS 022,292,231,27,99,105,0.1169,0.4286,0.4545,0.7911,1,232,False,https://pemilu2024.kpu.go.id/pilpres/hitung-suara/33/3374/337408/3374081004/3374081004022,2024-02-15 23:29:50,PASLON 03
JAWA TENGAH,KOTA SEMARANG,CANDISARI,JOMBLANG,3374081004024,18,72,92,182,3374081004024,KOTA SEMARANG,JOMBLANG,TPS 024,225,182,18,72,92,0.0989,0.3956,0.5055,0.8089,6,188,False,https://pemilu2024.kpu.go.id/pilpres/hitung-suara/33/3374/337408/3374081004/3374081004024,2024-02-16 14:00:34,PASLON 03
JAWA TENGAH,KOTA SEMARANG,CANDISARI,JOMBLANG,3374081004025,21,123,88,232,3374081004025,KOTA SEMARANG,JOMBLANG,TPS 025,276,232,21,123,88,0.0905,0.5302,0.3793,0.8406,9,241,False,https://pemilu2024.kpu.go.id/pilpres/hitung-suara/33/3374/337408/3374081004/3374081004025,2024-02-16 16:25:10,PASLON 02
JAWA TENGAH,KOTA SEMARANG,CANDISARI,JOMBLANG,3374081004026,23,87,51,161,3374081004026,KOTA SEMARANG,JOMBLANG,TPS 026,193,161,23,87,51,0.1429,0.5404,0.3168,0.8342,4,165,False,https://pemilu2024.kpu.go.id/pilpres/hitung-suara/33/3374/337408/3374081004/3374081004026,2024-02-15 00:41:44,PASLON 02
JAWA TENGAH,KOTA SEMARANG,CANDISARI,JOMBLANG,3374081004027,12,125,93,230,3374081004027,KOTA SEMARANG,JOMBLANG,TPS 027,291,230,12,125,93,0.0522,0.5435,0.4043,0.7904,3,233,False,https://pemilu2024.kpu.go.id/pilpres/hitung-suara/33/3374/337408/3374081004/3374081004027,2024-02-15 23:29:50,PASLON 02
JAWA TENGAH,KOTA SEMARANG,CANDISARI,JOMBLANG,3374081004029,10,110,106,226,3374081004029,KOTA SEMARANG,JOMBLANG,TPS 029,281,226,10,110,106,0.0442,0.4867,0.469,0.8043,10,236,False,https://pemilu2024.kpu.go.id/pilpres/hitung-suara/33/3374/337408/3374081004/3374081004029,2024-02-15 00:41:44,PASLON 02
JAWA TENGAH,KOTA SEMARANG,CANDISARI,JOMBLANG,3374081004031,20,81,114,215,3374081004031,KOTA SEMARANG,JOMBLANG,TPS 031,263,215,20,81,114,0.093,0.3767,0.5302,0.8175,5,220,False,https://pemilu2024.kpu.go.id/pilpres/hitung-suara/33/3374/337408/3374081004/3374081004031,2024-02-17 14:45:18,PASLON 03
JAWA TENGAH,KOTA SEMARANG,CANDISARI,JOMBLANG,3374081004032,13,98,71,182,3374081004032,KOTA SEMARANG,JOMBLANG,TPS 032,234,182,13,98,71,0.0714,0.5385,0.3901,0.7778,10,192,False,https://pemilu2024.kpu.go.id/pilpres/hitung-suara/33/3374/337408/3374081004/3374081004032,2024-02-16 01:00:27,PASLON 02
JAWA TENGAH,KOTA SEMARANG,CANDISARI,JOMBLANG,3374081004033,14,98,100,212,3374081004033,KOTA SEMARANG,JOMBLANG,TPS 033,286,212,14,98,100,0.066,0.4623,0.4717,0.7413,0,212,True,https://pemilu2024.kpu.go.id/pilpres/hitung-suara/33/3374/337408/3374081004/3374081004033,2024-02-15 23:29:50,PASLON 03
JAWA TENGAH,KOTA SEMARANG,CANDISARI,JOMBLANG,3374081004034,9,115,85,209,3374081004034,KOTA SEMARANG,JOMBLANG,TPS 034,236,209,9,115,85,0.0431,0.5502,0.4067,0.8856,5,214,False,https://pemilu2024.kpu.go.id/pilpres/hitung-suara/33/3374/337408/3374081004/3374081004034,2024-02-17 14:45:18,PASLON 02
JAWA TENGAH,KOTA SEMARANG,CANDISARI,JOMBLANG,3374081004038,8,76,93,177,3374081004038,KOTA SEMARANG,JOMBLANG,TPS 038,219,177,8,76,93,0.0452,0.4294,0.5254,0.8082,3,180,False,https://pemilu2024.kpu.go.id/pilpres/hitung-suara/33/3374/337408/3374081004/3374081004038,2024-02-15 20:30:46,PASLON 03
JAWA TENGAH,KOTA SEMARANG,CANDISARI,JOMBLANG,3374081004039,6,96,130,232,3374081004039,KOTA SEMARANG,JOMBLANG,TPS 039,289,232,6,96,130,0.0259,0.4138,0.5603,0.8028,7,239,False,https://pemilu2024.kpu.go.id/pilpres/hitung-suara/33/3374/337408/3374081004/3374081004039,2024-02-16 04:00:27,PASLON 03
JAWA TENGAH,KOTA SEMARANG,CANDISARI,JOMBLANG,3374081004040,28,129,95,252,3374081004040,KOTA SEMARANG,JOMBLANG,TPS 040,292,252,28,129,95,0.1111,0.5119,0.377,0.863,9,261,False,https://pemilu2024.kpu.go.id/pilpres/hitung-suara/33/3374/337408/3374081004/3374081004040,2024-02-14 21:46:01,PASLON 02
JAWA TENGAH,KOTA SEMARANG,CANDISARI,JOMBLANG,3374081004041,14,106,122,242,3374081004041,KOTA SEMARANG,JOMBLANG,TPS 041,279,242,14,106,122,0.0579,0.438,0.5041,0.8674,3,245,False,https://pemilu2024.kpu.go.id/pilpres/hitung-suara/33/3374/337408/3374081004/3374081004041,2024-02-15 23:29:50,PASLON 03
JAWA TENGAH,KOTA SEMARANG,CANDISARI,JOMBLANG,3374081004042,17,115,104,236,3374081004042,KOTA SEMARANG,JOMBLANG,TPS 042,286,236,17,115,104,0.072,0.4873,0.4407,0.8252,4,240,False,https://pemilu2024.kpu.go.id/pilpres/hitung-suara/33/3374/337408/3374081004/3374081004042,2024-02-17 14:45:18,PASLON 02
JAWA TENGAH,KOTA SEMARANG,CANDISARI,JOMBLANG,3374081004043,13,104,105,222,3374081004043,KOTA SEMARANG,JOMBLANG,TPS 043,289,222,13,104,105,0.0586,0.4685,0.473,0.7682,3,225,False,https://pemilu2024.kpu.go.id/pilpres/hitung-suara/33/3374/337408/3374081004/3374081004043,2024-02-15 23:29:50,PASLON 03
JAWA TENGAH,KOTA SEMARANG,CANDISARI,JOMBLANG,3374081004044,25,111,104,240,3374081004044,KOTA SEMARANG,JOMBLANG,TPS 044,282,240,25,111,104,0.1042,0.4625,0.4333,0.8511,3,243,False,https://pemilu2024.kpu.go.id/pilpres/hitung-suara/33/3374/337408/3374081004/3374081004044,2024-02-16 14:00:34,PASLON 02
JAWA TENGAH,KOTA SEMARANG,CANDISARI,JOMBLANG,3374081004045,13,112,121,246,3374081004045,KOTA SEMARANG,JOMBLANG,TPS 045,290,246,13,112,121,0.0528,0.4553,0.4919,0.8483,1,247,False,https://pemilu2024.kpu.go.id/pilpres/hitung-suara/33/3374/337408/3374081004/3374081004045,2024-02-15 23:29:50,PASLON 03
JAWA TENGAH,KOTA SEMARANG,CANDISARI,JOMBLANG,3374081004048,29,68,69,166,3374081004048,KOTA SEMARANG,JOMBLANG,TPS 048,202,166,29,68,69,0.1747,0.4096,0.4157,0.8218,3,169,False,https://pemilu2024.kpu.go.id/pilpres/hitung-suara/33/3374/337408/3374081004/3374081004048,2024-02-17 14:45:18,PASLON 03
JAWA TENGAH,KOTA SEMARANG,CANDISARI,JOMBLANG,3374081004049,12,50,102,164,3374081004049,KOTA SEMARANG,JOMBLANG,TPS 049,286,164,12,50,102,0.0732,0.3049,0.622,0.5734,0,164,True,https://pemilu2024.kpu.go.id/pilpres/hitung-suara/33/3374/337408/3374081004/3374081004049,2024-02-15 07:00:44,PASLON 03
JAWA TENGAH,KOTA SEMARANG,CANDISARI,JOMBLANG,3374081004050,38,135,80,253,3374081004050,KOTA SEMARANG,JOMBLANG,TPS 050,278,253,38,135,80,0.1502,0.5336,0.3162,0.9101,2,255,False,https://pemilu2024.kpu.go.id/pilpres/hitung-suara/33/3374/337408/3374081004/3374081004050,2024-02-15 05:00:24,PASLON 02
JAWA TENGAH,KOTA SEMARANG,CANDISARI,JOMBLANG,3374081004051,38,102,108,248,3374081004051,KOTA SEMARANG,JOMBLANG,TPS 051,294,248,38,102,108,0.1532,0.4113,0.4355,0.8435,7,255,False,https://pemilu2024.kpu.go.id/pilpres/hitung-suara/33/3374/337408/3374081004/3374081004051,2024-02-21 15:00:00,PASLON 03
JAWA TENGAH,KOTA SEMARANG,CANDISARI,JOMBLANG,3374081004053,28,84,61,173,3374081004053,KOTA SEMARANG,JOMBLANG,TPS 053,286,173,28,84,61,0.1618,0.4855,0.3526,0.6049,0,173,True,https://pemilu2024.kpu.go.id/pilpres/hitung-suara/33/3374/337408/3374081004/3374081004053,2024-02-21 20:00:00,PASLON 02
JAWA TENGAH,KOTA SEMARANG,CANDISARI,JOMBLANG,3374081004054,24,159,37,220,3374081004054,KOTA SEMARANG,JOMBLANG,TPS 054,286,220,24,159,37,0.1091,0.7227,0.1682,0.7692,0,220,True,https://pemilu2024.kpu.go.id/pilpres/hitung-suara/33/3374/337408/3374081004/3374081004054,2024-02-16 14:00:34,PASLON 02
JAWA TENGAH,KOTA SEMARANG,CANDISARI,JOMBLANG,3374081004055,41,159,27,227,3374081004055,KOTA SEMARANG,JOMBLANG,TPS 055,286,227,41,159,27,0.1806,0.7004,0.1189,0.7937,0,227,True,https://pemilu2024.kpu.go.id/pilpres/hitung-suara/33/3374/337408/3374081004/3374081004055,2024-02-15 23:29:50,PASLON 02
JAWA TENGAH,KOTA SEMARANG,CANDISARI,KALIWIRU,3374081003002,22,116,85,223,3374081003002,KOTA SEMARANG,KALIWIRU,TPS 002,272,223,22,116,85,0.0987,0.5202,0.3812,0.8199,8,231,False,https://pemilu2024.kpu.go.id/pilpres/hitung-suara/33/3374/337408/3374081003/3374081003002,2024-02-16 12:51:22,PASLON 02
JAWA TENGAH,KOTA SEMARANG,CANDISARI,KALIWIRU,3374081003003,20,73,95,188,3374081003003,KOTA SEMARANG,KALIWIRU,TPS 003,251,188,20,73,95,0.1064,0.3883,0.5053,0.749,8,196,False,https://pemilu2024.kpu.go.id/pilpres/hitung-suara/33/3374/337408/3374081003/3374081003003,2024-02-17 14:45:18,PASLON 03
JAWA TENGAH,KOTA SEMARANG,CANDISARI,KALIWIRU,3374081003004,17,82,119,218,3374081003004,KOTA SEMARANG,KALIWIRU,TPS 004,252,218,17,82,119,0.078,0.3761,0.5459,0.8651,0,218,True,https://pemilu2024.kpu.go.id/pilpres/hitung-suara/33/3374/337408/3374081003/3374081003004,2024-02-15 23:29:50,PASLON 03
JAWA TENGAH,KOTA SEMARANG,CANDISARI,KALIWIRU,3374081003005,23,75,107,205,3374081003005,KOTA SEMARANG,KALIWIRU,TPS 005,252,205,23,75,107,0.1122,0.3659,0.522,0.8135,5,210,False,https://pemilu2024.kpu.go.id/pilpres/hitung-suara/33/3374/337408/3374081003/3374081003005,2024-02-14 21:46:01,PASLON 03
JAWA TENGAH,KOTA SEMARANG,CANDISARI,KALIWIRU,3374081003008,26,94,56,176,3374081003008,KOTA SEMARANG,KALIWIRU,TPS 008,252,176,26,94,56,0.1477,0.5341,0.3182,0.6984,0,176,True,https://pemilu2024.kpu.go.id/pilpres/hitung-suara/33/3374/337408/3374081003/3374081003008,2024-02-16 14:00:34,PASLON 02
JAWA TENGAH,KOTA SEMARANG,CANDISARI,KALIWIRU,3374081003009,15,111,95,221,3374081003009,KOTA SEMARANG,KALIWIRU,TPS 009,245,221,15,111,95,0.0679,0.5023,0.4299,0.902,1,222,False,https://pemilu2024.kpu.go.id/pilpres/hitung-suara/33/3374/337408/3374081003/3374081003009,2024-02-15 06:00:23,PASLON 02
JAWA TENGAH,KOTA SEMARANG,CANDISARI,KARANGANYAR GUNUNG,3374081005001,5,138,105,248,3374081005001,KOTA SEMARANG,KARANGANYAR GUNUNG,TPS 001,273,248,5,138,105,0.0202,0.5565,0.4234,0.9084,0,248,True,https://pemilu2024.kpu.go.id/pilpres/hitung-suara/33/3374/337408/3374081005/3374081005001,2024-02-15 23:29:50,PASLON 02
JAWA TENGAH,KOTA SEMARANG,CANDISARI,KARANGANYAR GUNUNG,3374081005002,17,101,105,223,3374081005002,KOTA SEMARANG,KARANGANYAR GUNUNG,TPS 002,276,223,17,101,105,0.0762,0.4529,0.4709,0.808,7,230,False,https://pemilu2024.kpu.go.id/pilpres/hitung-suara/33/3374/337408/3374081005/3374081005002,2024-02-16 14:00:34,PASLON 03
JAWA TENGAH,KOTA SEMARANG,CANDISARI,KARANGANYAR GUNUNG,3374081005003,15,79,132,226,3374081005003,KOTA SEMARANG,KARANGANYAR GUNUNG,TPS 003,289,226,15,79,132,0.0664,0.3496,0.5841,0.782,1,227,False,https://pemilu2024.kpu.go.id/pilpres/hitung-suara/33/3374/337408/3374081005/3374081005003,2024-02-16 14:00:34,PASLON 03
JAWA TENGAH,KOTA SEMARANG,CANDISARI,KARANGANYAR GUNUNG,3374081005004,23,88,93,204,3374081005004,KOTA SEMARANG,KARANGANYAR GUNUNG,TPS 004,293,204,23,88,93,0.1127,0.4314,0.4559,0.6962,2,206,False,https://pemilu2024.kpu.go.id/pilpres/hitung-suara/33/3374/337408/3374081005/3374081005004,2024-02-16 10:30:29,PASLON 03
JAWA TENGAH,KOTA SEMARANG,CANDISARI,KARANGANYAR GUNUNG,3374081005005,14,116,93,223,3374081005005,KOTA SEMARANG,KARANGANYAR GUNUNG,TPS 005,286,223,14,116,93,0.0628,0.5202,0.417,0.7797,7,230,False,https://pemilu2024.kpu.go.id/pilpres/hitung-suara/33/3374/337408/3374081005/3374081005005,2024-02-15 23:29:50,PASLON 02
JAWA TENGAH,KOTA SEMARANG,CANDISARI,KARANGANYAR GUNUNG,3374081005006,14,109,93,216,3374081005006,KOTA SEMARANG,KARANGANYAR GUNUNG,TPS 006,253,216,14,109,93,0.0648,0.5046,0.4306,0.8538,6,222,False,https://pemilu2024.kpu.go.id/pilpres/hitung-suara/33/3374/337408/3374081005/3374081005006,2024-02-14 21:46:01,PASLON 02
JAWA TENGAH,KOTA SEMARANG,CANDISARI,KARANGANYAR GUNUNG,3374081005007,5,109,82,196,3374081005007,KOTA SEMARANG,KARANGANYAR GUNUNG,TPS 007,219,196,5,109,82,0.0255,0.5561,0.4184,0.895,3,199,False,https://pemilu2024.kpu.go.id/pilpres/hitung-suara/33/3374/337408/3374081005/3374081005007,2024-02-15 00:41:44,PASLON 02
JAWA TENGAH,KOTA SEMARANG,CANDISARI,KARANGANYAR GUNUNG,3374081005008,8,90,89,187,3374081005008,KOTA SEMARANG,KARANGANYAR GUNUNG,TPS 008,227,187,8,90,89,0.0428,0.4813,0.4759,0.8238,6,193,False,https://pemilu2024.kpu.go.id/pilpres/hitung-suara/33/3374/337408/3374081005/3374081005008,2024-02-15 00:41:44,PASLON 02
JAWA TENGAH,KOTA SEMARANG,CANDISARI,KARANGANYAR GUNUNG,3374081005009,19,96,75,190,3374081005009,KOTA SEMARANG,KARANGANYAR GUNUNG,TPS 009,222,190,19,96,75,0.1,0.5053,0.3947,0.8559,4,194,False,https://pemilu2024.kpu.go.id/pilpres/hitung-suara/33/3374/337408/3374081005/3374081005009,2024-02-17 14:45:18,PASLON 02
JAWA TENGAH,KOTA SEMARANG,CANDISARI,KARANGANYAR GUNUNG,3374081005010,19,135,84,238,3374081005010,KOTA SEMARANG,KARANGANYAR GUNUNG,TPS 010,298,238,19,135,84,0.0798,0.5672,0.3529,0.7987,5,243,False,https://pemilu2024.kpu.go.id/pilpres/hitung-suara/33/3374/337408/3374081005/3374081005010,2024-02-14 21:46:01,PASLON 02
JAWA TENGAH,KOTA SEMARANG,CANDISARI,KARANGANYAR GUNUNG,3374081005011,20,88,93,201,3374081005011,KOTA SEMARANG,KARANGANYAR GUNUNG,TPS 011,243,201,20,88,93,0.0995,0.4378,0.4627,0.8272,6,207,False,https://pemilu2024.kpu.go.id/pilpres/hitung-suara/33/3374/337408/3374081005/3374081005011,2024-02-14 21:46:01,PASLON 03
JAWA TENGAH,KOTA SEMARANG,CANDISARI,KARANGANYAR GUNUNG,3374081005012,12,124,90,226,3374081005012,KOTA SEMARANG,KARANGANYAR GUNUNG,TPS 012,270,226,12,124,90,0.0531,0.5487,0.3982,0.837,5,231,False,https://pemilu2024.kpu.go.id/pilpres/hitung-suara/33/3374/337408/3374081005/3374081005012,2024-02-15 15:00:29,PASLON 02
JAWA TENGAH,KOTA SEMARANG,CANDISARI,KARANGANYAR GUNUNG,3374081005013,29,104,86,219,3374081005013,KOTA SEMARANG,KARANGANYAR GUNUNG,TPS 013,273,219,29,104,86,0.1324,0.4749,0.3927,0.8022,0,219,True,https://pemilu2024.kpu.go.id/pilpres/hitung-suara/33/3374/337408/3374081005/3374081005013,2024-02-16 14:00:34,PASLON 02
JAWA TENGAH,KOTA SEMARANG,CANDISARI,KARANGANYAR GUNUNG,3374081005014,29,96,95,220,3374081005014,KOTA SEMARANG,KARANGANYAR GUNUNG,TPS 014,261,220,29,96,95,0.1318,0.4364,0.4318,0.8429,2,222,False,https://pemilu2024.kpu.go.id/pilpres/hitung-suara/33/3374/337408/3374081005/3374081005014,2024-02-16 16:25:10,PASLON 02
JAWA TENGAH,KOTA SEMARANG,CANDISARI,KARANGANYAR GUNUNG,3374081005015,21,124,95,240,3374081005015,KOTA SEMARANG,KARANGANYAR GUNUNG,TPS 015,287,240,21,124,95,0.0875,0.5167,0.3958,0.8362,5,245,False,https://pemilu2024.kpu.go.id/pilpres/hitung-suara/33/3374/337408/3374081005/3374081005015,2024-02-14 21:46:01,PASLON 02
JAWA TENGAH,KOTA SEMARANG,CANDISARI,KARANGANYAR GUNUNG,3374081005016,10,130,97,237,3374081005016,KOTA SEMARANG,KARANGANYAR GUNUNG,TPS 016,273,237,10,130,97,0.0422,0.5485,0.4093,0.8681,0,237,True,https://pemilu2024.kpu.go.id/pilpres/hitung-suara/33/3374/337408/3374081005/3374081005016,2024-02-15 23:29:50,PASLON 02
JAWA TENGAH,KOTA SEMARANG,CANDISARI,KARANGANYAR GUNUNG,3374081005017,24,104,107,235,3374081005017,KOTA SEMARANG,KARANGANYAR GUNUNG,TPS 017,278,235,24,104,107,0.1021,0.4426,0.4553,0.8453,7,242,False,https://pemilu2024.kpu.go.id/pilpres/hitung-suara/33/3374/337408/3374081005/3374081005017,2024-02-17 14:45:18,PASLON 03
JAWA TENGAH,KOTA SEMARANG,CANDISARI,KARANGANYAR GUNUNG,3374081005018,33,90,110,233,3374081005018,KOTA SEMARANG,KARANGANYAR GUNUNG,TPS 018,281,233,33,90,110,0.1416,0.3863,0.4721,0.8292,8,241,False,https://pemilu2024.kpu.go.id/pilpres/hitung-suara/33/3374/337408/3374081005/3374081005018,2024-02-14 21:46:01,PASLON 03
JAWA TENGAH,KOTA SEMARANG,CANDISARI,KARANGANYAR GUNUNG,3374081005019,35,108,107,250,3374081005019,KOTA SEMARANG,KARANGANYAR GUNUNG,TPS 019,273,250,35,108,107,0.14,0.432,0.428,0.9158,0,250,True,https://pemilu2024.kpu.go.id/pilpres/hitung-suara/33/3374/337408/3374081005/3374081005019,2024-02-15 23:29:50,PASLON 02
JAWA TENGAH,KOTA SEMARANG,CANDISARI,KARANGANYAR GUNUNG,3374081005021,15,96,118,229,3374081005021,KOTA SEMARANG,KARANGANYAR GUNUNG,TPS 021,261,229,15,96,118,0.0655,0.4192,0.5153,0.8774,5,234,False,https://pemilu2024.kpu.go.id/pilpres/hitung-suara/33/3374/337408/3374081005/3374081005021,2024-02-15 23:29:50,PASLON 03
JAWA TENGAH,KOTA SEMARANG,CANDISARI,KARANGANYAR GUNUNG,3374081005022,29,87,97,213,3374081005022,KOTA SEMARANG,KARANGANYAR GUNUNG,TPS 022,259,213,29,87,97,0.1362,0.4085,0.4554,0.8224,7,220,False,https://pemilu2024.kpu.go.id/pilpres/hitung-suara/33/3374/337408/3374081005/3374081005022,2024-02-16 08:00:28,PASLON 03
JAWA TENGAH,KOTA SEMARANG,CANDISARI,KARANGANYAR GUNUNG,3374081005023,32,106,101,239,3374081005023,KOTA SEMARANG,KARANGANYAR GUNUNG,TPS 023,273,239,32,106,101,0.1339,0.4435,0.4226,0.8755,0,239,True,https://pemilu2024.kpu.go.id/pilpres/hitung-suara/33/3374/337408/3374081005/3374081005023,2024-02-16 16:25:10,PASLON 02
JAWA TENGAH,KOTA SEMARANG,CANDISARI,KARANGANYAR GUNUNG,3374081005024,13,117,91,221,3374081005024,KOTA SEMARANG,KARANGANYAR GUNUNG,TPS 024,285,221,13,117,91,0.0588,0.5294,0.4118,0.7754,7,228,False,https://pemilu2024.kpu.go.id/pilpres/hitung-suara/33/3374/337408/3374081005/3374081005024,2024-02-15 00:41:44,PASLON 02
JAWA TENGAH,KOTA SEMARANG,CANDISARI,KARANGANYAR GUNUNG,3374081005025,25,124,94,243,3374081005025,KOTA SEMARANG,KARANGANYAR GUNUNG,TPS 025,289,243,25,124,94,0.1029,0.5103,0.3868,0.8408,8,251,False,https://pemilu2024.kpu.go.id/pilpres/hitung-suara/33/3374/337408/3374081005/3374081005025,2024-02-16 12:51:22,PASLON 02
JAWA TENGAH,KOTA SEMARANG,CANDISARI,KARANGANYAR GUNUNG,3374081005026,22,85,64,171,3374081005026,KOTA SEMARANG,KARANGANYAR GUNUNG,TPS 026,219,171,22,85,64,0.1287,0.4971,0.3743,0.7808,8,179,False,https://pemilu2024.kpu.go.id/pilpres/hitung-suara/33/3374/337408/3374081005/3374081005026,2024-02-16 21:01:00,PASLON 02
JAWA TENGAH,KOTA SEMARANG,CANDISARI,KARANGANYAR GUNUNG,3374081005027,16,86,120,222,3374081005027,KOTA SEMARANG,KARANGANYAR GUNUNG,TPS 027,279,222,16,86,120,0.0721,0.3874,0.5405,0.7957,7,229,False,https://pemilu2024.kpu.go.id/pilpres/hitung-suara/33/3374/337408/3374081005/3374081005027,2024-02-21 17:00:00,PASLON 03
JAWA TENGAH,KOTA SEMARANG,CANDISARI,KARANGANYAR GUNUNG,3374081005028,22,130,71,223,3374081005028,KOTA SEMARANG,KARANGANYAR GUNUNG,TPS 028,273,223,22,130,71,0.0987,0.583,0.3184,0.8168,0,223,True,https://pemilu2024.kpu.go.id/pilpres/hitung-suara/33/3374/337408/3374081005/3374081005028,2024-02-16 14:00:34,PASLON 02
JAWA TENGAH,KOTA SEMARANG,CANDISARI,KARANGANYAR GUNUNG,3374081005029,30,127,90,247,3374081005029,KOTA SEMARANG,KARANGANYAR GUNUNG,TPS 029,273,247,30,127,90,0.1215,0.5142,0.3644,0.9048,0,247,True,https://pemilu2024.kpu.go.id/pilpres/hitung-suara/33/3374/337408/3374081005/3374081005029,2024-02-16 01:00:27,PASLON 02
JAWA TENGAH,KOTA SEMARANG,CANDISARI,KARANGANYAR GUNUNG,3374081005030,13,91,108,212,3374081005030,KOTA SEMARANG,KARANGANYAR GUNUNG,TPS 030,254,212,13,91,108,0.0613,0.4292,0.5094,0.8346,4,216,False,https://pemilu2024.kpu.go.id/pilpres/hitung-suara/33/3374/337408/3374081005/3374081005030,2024-02-16 00:00:26,PASLON 03
JAWA TENGAH,KOTA SEMARANG,CANDISARI,TEGALSARI,3374081006001,22,128,85,235,3374081006001,KOTA SEMARANG,TEGALSARI,TPS 001,271,235,22,128,85,0.0936,0.5447,0.3617,0.8672,0,235,True,https://pemilu2024.kpu.go.id/pilpres/hitung-suara/33/3374/337408/3374081006/3374081006001,2024-02-16 00:00:26,PASLON 02
JAWA TENGAH,KOTA SEMARANG,CANDISARI,TEGALSARI,3374081006002,37,101,102,240,3374081006002,KOTA SEMARANG,TEGALSARI,TPS 002,271,240,37,101,102,0.1542,0.4208,0.425,0.8856,0,240,True,https://pemilu2024.kpu.go.id/pilpres/hitung-suara/33/3374/337408/3374081006/3374081006002,2024-02-16 14:00:34,PASLON 03
JAWA TENGAH,KOTA SEMARANG,CANDISARI,TEGALSARI,3374081006003,24,118,103,245,3374081006003,KOTA SEMARANG,TEGALSARI,TPS 003,271,245,24,118,103,0.098,0.4816,0.4204,0.9041,0,245,True,https://pemilu2024.kpu.go.id/pilpres/hitung-suara/33/3374/337408/3374081006/3374081006003,2024-02-16 14:00:34,PASLON 02
JAWA TENGAH,KOTA SEMARANG,CANDISARI,TEGALSARI,3374081006004,26,84,118,228,3374081006004,KOTA SEMARANG,TEGALSARI,TPS 004,271,228,26,84,118,0.114,0.3684,0.5175,0.8413,0,228,True,https://pemilu2024.kpu.go.id/pilpres/hitung-suara/33/3374/337408/3374081006/3374081006004,2024-02-15 12:00:28,PASLON 03
JAWA TENGAH,KOTA SEMARANG,CANDISARI,TEGALSARI,3374081006006,24,87,130,241,3374081006006,KOTA SEMARANG,TEGALSARI,TPS 006,271,241,24,87,130,0.0996,0.361,0.5394,0.8893,0,241,True,https://pemilu2024.kpu.go.id/pilpres/hitung-suara/33/3374/337408/3374081006/3374081006006,2024-02-24 22:31:28,PASLON 03
JAWA TENGAH,KOTA SEMARANG,CANDISARI,TEGALSARI,3374081006007,21,118,90,229,3374081006007,KOTA SEMARANG,TEGALSARI,TPS 007,271,229,21,118,90,0.0917,0.5153,0.393,0.845,4,233,False,https://pemilu2024.kpu.go.id/pilpres/hitung-suara/33/3374/337408/3374081006/3374081006007,2024-02-15 00:41:44,PASLON 02
JAWA TENGAH,KOTA SEMARANG,CANDISARI,TEGALSARI,3374081006008,20,92,106,218,3374081006008,KOTA SEMARANG,TEGALSARI,TPS 008,265,218,20,92,106,0.0917,0.422,0.4862,0.8226,7,225,False,https://pemilu2024.kpu.go.id/pilpres/hitung-suara/33/3374/337408/3374081006/3374081006008,2024-02-15 23:29:50,PASLON 03
JAWA TENGAH,KOTA SEMARANG,CANDISARI,TEGALSARI,3374081006009,15,110,110,235,3374081006009,KOTA SEMARANG,TEGALSARI,TPS 009,271,235,15,110,110,0.0638,0.4681,0.4681,0.8672,0,235,True,https://pemilu2024.kpu.go.id/pilpres/hitung-suara/33/3374/337408/3374081006/3374081006009,2024-02-16 14:00:34,PASLON 02
JAWA TENGAH,KOTA SEMARANG,CANDISARI,TEGALSARI,3374081006010,17,89,85,191,3374081006010,KOTA SEMARANG,TEGALSARI,TPS 010,271,191,17,89,85,0.089,0.466,0.445,0.7048,0,191,True,https://pemilu2024.kpu.go.id/pilpres/hitung-suara/33/3374/337408/3374081006/3374081006010,2024-02-15 12:00:28,PASLON 02
JAWA TENGAH,KOTA SEMARANG,CANDISARI,TEGALSARI,3374081006014,24,75,79,178,3374081006014,KOTA SEMARANG,TEGALSARI,TPS 014,271,178,24,75,79,0.1348,0.4213,0.4438,0.6568,0,178,True,https://pemilu2024.kpu.go.id/pilpres/hitung-suara/33/3374/337408/3374081006/3374081006014,2024-02-16 14:00:34,PASLON 03
JAWA TENGAH,KOTA SEMARANG,CANDISARI,TEGALSARI,3374081006015,16,68,89,173,3374081006015,KOTA SEMARANG,TEGALSARI,TPS 015,271,173,16,68,89,0.0925,0.3931,0.5145,0.6384,0,173,True,https://pemilu2024.kpu.go.id/pilpres/hitung-suara/33/3374/337408/3374081006/3374081006015,2024-02-17 14:45:18,PASLON 03
JAWA TENGAH,KOTA SEMARANG,CANDISARI,TEGALSARI,3374081006016,48,88,99,235,3374081006016,KOTA SEMARANG,TEGALSARI,TPS 016,271,235,48,88,99,0.2043,0.3745,0.4213,0.8672,0,235,True,https://pemilu2024.kpu.go.id/pilpres/hitung-suara/33/3374/337408/3374081006/3374081006016,2024-02-16 14:00:34,PASLON 03
JAWA TENGAH,KOTA SEMARANG,CANDISARI,TEGALSARI,3374081006018,37,106,94,237,3374081006018,KOTA SEMARANG,TEGALSARI,TPS 018,295,237,37,106,94,0.1561,0.4473,0.3966,0.8034,5,242,False,https://pemilu2024.kpu.go.id/pilpres/hitung-suara/33/3374/337408/3374081006/3374081006018,2024-02-15 00:41:44,PASLON 02
JAWA TENGAH,KOTA SEMARANG,CANDISARI,TEGALSARI,3374081006020,18,69,69,156,3374081006020,KOTA SEMARANG,TEGALSARI,TPS 020,211,156,18,69,69,0.1154,0.4423,0.4423,0.7393,5,161,False,https://pemilu2024.kpu.go.id/pilpres/hitung-suara/33/3374/337408/3374081006/3374081006020,2024-02-17 14:45:18,PASLON 02
JAWA TENGAH,KOTA SEMARANG,CANDISARI,TEGALSARI,3374081006021,22,101,90,213,3374081006021,KOTA SEMARANG,TEGALSARI,TPS 021,260,213,22,101,90,0.1033,0.4742,0.4225,0.8192,2,215,False,https://pemilu2024.kpu.go.id/pilpres/hitung-suara/33/3374/337408/3374081006/3374081006021,2024-02-16 00:00:26,PASLON 02
JAWA TENGAH,KOTA SEMARANG,CANDISARI,TEGALSARI,3374081006022,16,67,77,160,3374081006022,KOTA SEMARANG,TEGALSARI,TPS 022,271,160,16,67,77,0.1,0.4188,0.4812,0.5904,0,160,True,https://pemilu2024.kpu.go.id/pilpres/hitung-suara/33/3374/337408/3374081006/3374081006022,2024-02-16 14:00:34,PASLON 03
JAWA TENGAH,KOTA SEMARANG,CANDISARI,TEGALSARI,3374081006023,26,105,108,239,3374081006023,KOTA SEMARANG,TEGALSARI,TPS 023,271,239,26,105,108,0.1088,0.4393,0.4519,0.8819,0,239,True,https://pemilu2024.kpu.go.id/pilpres/hitung-suara/33/3374/337408/3374081006/3374081006023,2024-02-16 00:00:26,PASLON 03
JAWA TENGAH,KOTA SEMARANG,CANDISARI,TEGALSARI,3374081006024,18,102,117,237,3374081006024,KOTA SEMARANG,TEGALSARI,TPS 024,284,237,18,102,117,0.0759,0.4304,0.4937,0.8345,2,239,False,https://pemilu2024.kpu.go.id/pilpres/hitung-suara/33/3374/337408/3374081006/3374081006024,2024-02-14 21:46:01,PASLON 03
JAWA TENGAH,KOTA SEMARANG,CANDISARI,TEGALSARI,3374081006025,7,102,99,208,3374081006025,KOTA SEMARANG,TEGALSARI,TPS 025,288,208,7,102,99,0.0337,0.4904,0.476,0.7222,8,216,False,https://pemilu2024.kpu.go.id/pilpres/hitung-suara/33/3374/337408/3374081006/3374081006025,2024-02-14 21:46:01,PASLON 02
JAWA TENGAH,KOTA SEMARANG,CANDISARI,TEGALSARI,3374081006026,26,94,116,236,3374081006026,KOTA SEMARANG,TEGALSARI,TPS 026,271,236,26,94,116,0.1102,0.3983,0.4915,0.8708,7,243,False,https://pemilu2024.kpu.go.id/pilpres/hitung-suara/33/3374/337408/3374081006/3374081006026,2024-02-16 00:00:26,PASLON 03
JAWA TENGAH,KOTA SEMARANG,CANDISARI,TEGALSARI,3374081006028,19,106,103,228,3374081006028,KOTA SEMARANG,TEGALSARI,TPS 028,271,228,19,106,103,0.0833,0.4649,0.4518,0.8413,0,228,True,https://pemilu2024.kpu.go.id/pilpres/hitung-suara/33/3374/337408/3374081006/3374081006028,2024-02-15 00:41:44,PASLON 02
JAWA TENGAH,KOTA SEMARANG,CANDISARI,TEGALSARI,3374081006030,21,144,91,256,3374081006030,KOTA SEMARANG,TEGALSARI,TPS 030,271,256,21,144,91,0.082,0.5625,0.3555,0.9446,0,256,True,https://pemilu2024.kpu.go.id/pilpres/hitung-suara/33/3374/337408/3374081006/3374081006030,2024-02-16 14:00:34,PASLON 02
JAWA TENGAH,KOTA SEMARANG,CANDISARI,TEGALSARI,3374081006031,25,32,50,107,3374081006031,KOTA SEMARANG,TEGALSARI,TPS 031,271,107,25,32,50,0.2336,0.2991,0.4673,0.3948,0,107,True,https://pemilu2024.kpu.go.id/pilpres/hitung-suara/33/3374/337408/3374081006/3374081006031,2024-02-16 14:00:34,PASLON 03
JAWA TENGAH,KOTA SEMARANG,CANDISARI,TEGALSARI,3374081006032,21,106,99,226,3374081006032,KOTA SEMARANG,TEGALSARI,TPS 032,263,226,21,106,99,0.0929,0.469,0.4381,0.8593,7,233,False,https://pemilu2024.kpu.go.id/pilpres/hitung-suara/33/3374/337408/3374081006/3374081006032,2024-02-15 21:01:18,PASLON 02
JAWA TENGAH,KOTA SEMARANG,CANDISARI,TEGALSARI,3374081006033,38,89,100,227,3374081006033,KOTA SEMARANG,TEGALSARI,TPS 033,290,227,38,89,100,0.1674,0.3921,0.4405,0.7828,2,229,False,https://pemilu2024.kpu.go.id/pilpres/hitung-suara/33/3374/337408/3374081006/3374081006033,2024-02-15 00:41:44,PASLON 03
JAWA TENGAH,KOTA SEMARANG,CANDISARI,TEGALSARI,3374081006035,18,124,91,233,3374081006035,KOTA SEMARANG,TEGALSARI,TPS 035,289,233,18,124,91,0.0773,0.5322,0.3906,0.8062,6,239,False,https://pemilu2024.kpu.go.id/pilpres/hitung-suara/33/3374/337408/3374081006/3374081006035,2024-02-15 23:29:50,PASLON 02
JAWA TENGAH,KOTA SEMARANG,CANDISARI,TEGALSARI,3374081006037,32,93,88,213,3374081006037,KOTA SEMARANG,TEGALSARI,TPS 037,258,213,32,93,88,0.1502,0.4366,0.4131,0.8256,8,221,False,https://pemilu2024.kpu.go.id/pilpres/hitung-suara/33/3374/337408/3374081006/3374081006037,2024-02-16 14:00:34,PASLON 02
JAWA TENGAH,KOTA SEMARANG,CANDISARI,WONOTINGAL,3374081007003,38,84,83,205,3374081007003,KOTA SEMARANG,WONOTINGAL,TPS 003,279,205,38,84,83,0.1854,0.4098,0.4049,0.7348,4,209,False,https://pemilu2024.kpu.go.id/pilpres/hitung-suara/33/3374/337408/3374081007/3374081007003,2024-02-14 21:46:01,PASLON 02
JAWA TENGAH,KOTA SEMARANG,CANDISARI,WONOTINGAL,3374081007005,37,110,72,219,3374081007005,KOTA SEMARANG,WONOTINGAL,TPS 005,280,219,37,110,72,0.1689,0.5023,0.3288,0.7821,0,219,True,https://pemilu2024.kpu.go.id/pilpres/hitung-suara/33/3374/337408/3374081007/3374081007005,2024-02-16 14:00:34,PASLON 02
JAWA TENGAH,KOTA SEMARANG,CANDISARI,WONOTINGAL,3374081007014,16,103,106,225,3374081007014,KOTA SEMARANG,WONOTINGAL,TPS 014,282,225,16,103,106,0.0711,0.4578,0.4711,0.7979,5,230,False,https://pemilu2024.kpu.go.id/pilpres/hitung-suara/33/3374/337408/3374081007/3374081007014,2024-02-15 00:41:44,PASLON 03
JAWA TENGAH,KOTA SEMARANG,CANDISARI,WONOTINGAL,3374081007018,27,91,66,184,3374081007018,KOTA SEMARANG,WONOTINGAL,TPS 018,220,184,27,91,66,0.1467,0.4946,0.3587,0.8364,7,191,False,https://pemilu2024.kpu.go.id/pilpres/hitung-suara/33/3374/337408/3374081007/3374081007018,2024-02-15 12:00:28,PASLON 02
JAWA TENGAH,KOTA SEMARANG,CANDISARI,WONOTINGAL,3374081007019,13,127,95,235,3374081007019,KOTA SEMARANG,WONOTINGAL,TPS 019,282,235,13,127,95,0.0553,0.5404,0.4043,0.8333,1,236,False,https://pemilu2024.kpu.go.id/pilpres/hitung-suara/33/3374/337408/3374081007/3374081007019,2024-02-14 21:46:01,PASLON 02
JAWA TENGAH,KOTA SEMARANG,CANDISARI,WONOTINGAL,3374081007021,29,96,111,236,3374081007021,KOTA SEMARANG,WONOTINGAL,TPS 021,280,236,29,96,111,0.1229,0.4068,0.4703,0.8429,0,236,True,https://pemilu2024.kpu.go.id/pilpres/hitung-suara/33/3374/337408/3374081007/3374081007021,2024-02-16 14:00:34,PASLON 03
JAWA TENGAH,KOTA SEMARANG,CANDISARI,WONOTINGAL,3374081007022,20,78,108,206,3374081007022,KOTA SEMARANG,WONOTINGAL,TPS 022,280,206,20,78,108,0.0971,0.3786,0.5243,0.7357,0,206,True,https://pemilu2024.kpu.go.id/pilpres/hitung-suara/33/3374/337408/3374081007/3374081007022,2024-02-17 14:45:18,PASLON 03
JAWA TENGAH,KOTA SEMARANG,GAJAHMUNGKUR,BENDAN DHUWUR,3374091002002,45,88,85,218,3374091002002,KOTA SEMARANG,BENDAN DHUWUR,TPS 002,218,218,45,88,85,0.2064,0.4037,0.3899,1.0,0,218,True,https://pemilu2024.kpu.go.id/pilpres/hitung-suara/33/3374/337409/3374091002/3374091002002,2024-02-16 14:30:33,PASLON 02
JAWA TENGAH,KOTA SEMARANG,GAJAHMUNGKUR,BENDAN DHUWUR,3374091002003,30,103,107,240,3374091002003,KOTA SEMARANG,BENDAN DHUWUR,TPS 003,300,240,30,103,107,0.125,0.4292,0.4458,0.8,9,249,False,https://pemilu2024.kpu.go.id/pilpres/hitung-suara/33/3374/337409/3374091002/3374091002003,2024-02-17 14:45:18,PASLON 03
JAWA TENGAH,KOTA SEMARANG,GAJAHMUNGKUR,BENDAN DHUWUR,3374091002006,22,140,73,235,3374091002006,KOTA SEMARANG,BENDAN DHUWUR,TPS 006,235,235,22,140,73,0.0936,0.5957,0.3106,1.0,0,235,True,https://pemilu2024.kpu.go.id/pilpres/hitung-suara/33/3374/337409/3374091002/3374091002006,2024-02-15 12:00:28,PASLON 02
JAWA TENGAH,KOTA SEMARANG,GAJAHMUNGKUR,BENDAN DHUWUR,3374091002008,25,81,68,174,3374091002008,KOTA SEMARANG,BENDAN DHUWUR,TPS 008,199,174,25,81,68,0.1437,0.4655,0.3908,0.8744,2,176,False,https://pemilu2024.kpu.go.id/pilpres/hitung-suara/33/3374/337409/3374091002/3374091002008,2024-02-15 05:00:24,PASLON 02
JAWA TENGAH,KOTA SEMARANG,GAJAHMUNGKUR,BENDAN DHUWUR,3374091002009,18,77,82,177,3374091002009,KOTA SEMARANG,BENDAN DHUWUR,TPS 009,214,177,18,77,82,0.1017,0.435,0.4633,0.8271,4,181,False,https://pemilu2024.kpu.go.id/pilpres/hitung-suara/33/3374/337409/3374091002/3374091002009,2024-02-14 21:46:01,PASLON 03
JAWA TENGAH,KOTA SEMARANG,GAJAHMUNGKUR,BENDAN DHUWUR,3374091002010,39,99,88,226,3374091002010,KOTA SEMARANG,BENDAN DHUWUR,TPS 010,226,226,39,99,88,0.1726,0.4381,0.3894,1.0,0,226,True,https://pemilu2024.kpu.go.id/pilpres/hitung-suara/33/3374/337409/3374091002/3374091002010,2024-02-16 00:00:26,PASLON 02
JAWA TENGAH,KOTA SEMARANG,GAJAHMUNGKUR,BENDAN NGISOR,3374091003001,60,87,68,215,3374091003001,KOTA SEMARANG,BENDAN NGISOR,TPS 001,278,215,60,87,68,0.2791,0.4047,0.3163,0.7734,3,218,False,https://pemilu2024.kpu.go.id/pilpres/hitung-suara/33/3374/337409/3374091003/3374091003001,2024-02-16 14:30:33,PASLON 02
JAWA TENGAH,KOTA SEMARANG,GAJAHMUNGKUR,BENDAN NGISOR,3374091003007,73,105,61,239,3374091003007,KOTA SEMARANG,BENDAN NGISOR,TPS 007,239,239,73,105,61,0.3054,0.4393,0.2552,1.0,5,244,False,https://pemilu2024.kpu.go.id/pilpres/hitung-suara/33/3374/337409/3374091003/3374091003007,2024-02-17 12:00:00,PASLON 02
JAWA TENGAH,KOTA SEMARANG,GAJAHMUNGKUR,BENDAN NGISOR,3374091003008,37,95,84,216,3374091003008,KOTA SEMARANG,BENDAN NGISOR,TPS 008,251,216,37,95,84,0.1713,0.4398,0.3889,0.8606,3,219,False,https://pemilu2024.kpu.go.id/pilpres/hitung-suara/33/3374/337409/3374091003/3374091003008,2024-02-16 09:00:28,PASLON 02
JAWA TENGAH,KOTA SEMARANG,GAJAHMUNGKUR,BENDAN NGISOR,3374091003009,66,109,67,242,3374091003009,KOTA SEMARANG,BENDAN NGISOR,TPS 009,294,242,66,109,67,0.2727,0.4504,0.2769,0.8231,8,250,False,https://pemilu2024.kpu.go.id/pilpres/hitung-suara/33/3374/337409/3374091003/3374091003009,2024-02-15 06:00:23,PASLON 02
JAWA TENGAH,KOTA SEMARANG,GAJAHMUNGKUR,BENDAN NGISOR,3374091003013,27,66,56,149,3374091003013,KOTA SEMARANG,BENDAN NGISOR,TPS 013,177,149,27,66,56,0.1812,0.443,0.3758,0.8418,3,152,False,https://pemilu2024.kpu.go.id/pilpres/hitung-suara/33/3374/337409/3374091003/3374091003013,2024-02-16 00:00:26,PASLON 02
JAWA TENGAH,KOTA SEMARANG,GAJAHMUNGKUR,BENDAN NGISOR,3374091003014,34,110,88,232,3374091003014,KOTA SEMARANG,BENDAN NGISOR,TPS 014,251,232,34,110,88,0.1466,0.4741,0.3793,0.9243,0,232,True,https://pemilu2024.kpu.go.id/pilpres/hitung-suara/33/3374/337409/3374091003/3374091003014,2024-02-17 14:45:18,PASLON 02
JAWA TENGAH,KOTA SEMARANG,GAJAHMUNGKUR,BENDAN NGISOR,3374091003015,24,74,72,170,3374091003015,KOTA SEMARANG,BENDAN NGISOR,TPS 015,251,170,24,74,72,0.1412,0.4353,0.4235,0.6773,0,170,True,https://pemilu2024.kpu.go.id/pilpres/hitung-suara/33/3374/337409/3374091003/3374091003015,2024-02-16 00:00:26,PASLON 02
JAWA TENGAH,KOTA SEMARANG,GAJAHMUNGKUR,BENDAN NGISOR,3374091003016,15,63,94,172,3374091003016,KOTA SEMARANG,BENDAN NGISOR,TPS 016,251,172,15,63,94,0.0872,0.3663,0.5465,0.6853,0,172,True,https://pemilu2024.kpu.go.id/pilpres/hitung-suara/33/3374/337409/3374091003/3374091003016,2024-02-16 14:30:33,PASLON 03
JAWA TENGAH,KOTA SEMARANG,GAJAHMUNGKUR,BENDUNGAN,3374091008001,24,86,101,211,3374091008001,KOTA SEMARANG,BENDUNGAN,TPS 001,277,211,24,86,101,0.1137,0.4076,0.4787,0.7617,0,211,True,https://pemilu2024.kpu.go.id/pilpres/hitung-suara/33/3374/337409/3374091008/3374091008001,2024-02-16 14:30:33,PASLON 03
JAWA TENGAH,KOTA SEMARANG,GAJAHMUNGKUR,BENDUNGAN,3374091008004,31,88,86,205,3374091008004,KOTA SEMARANG,BENDUNGAN,TPS 004,267,205,31,88,86,0.1512,0.4293,0.4195,0.7678,4,209,False,https://pemilu2024.kpu.go.id/pilpres/hitung-suara/33/3374/337409/3374091008/3374091008004,2024-02-15 01:47:43,PASLON 02
JAWA TENGAH,KOTA SEMARANG,GAJAHMUNGKUR,BENDUNGAN,3374091008005,27,101,101,229,3374091008005,KOTA SEMARANG,BENDUNGAN,TPS 005,277,229,27,101,101,0.1179,0.441,0.441,0.8267,0,229,True,https://pemilu2024.kpu.go.id/pilpres/hitung-suara/33/3374/337409/3374091008/3374091008005,2024-02-16 14:30:33,PASLON 02
JAWA TENGAH,KOTA SEMARANG,GAJAHMUNGKUR,BENDUNGAN,3374091008008,18,82,75,175,3374091008008,KOTA SEMARANG,BENDUNGAN,TPS 008,227,175,18,82,75,0.1029,0.4686,0.4286,0.7709,3,178,False,https://pemilu2024.kpu.go.id/pilpres/hitung-suara/33/3374/337409/3374091008/3374091008008,2024-02-14 21:46:01,PASLON 02
JAWA TENGAH,KOTA SEMARANG,GAJAHMUNGKUR,BENDUNGAN,3374091008010,25,92,112,229,3374091008010,KOTA SEMARANG,BENDUNGAN,TPS 010,289,229,25,92,112,0.1092,0.4017,0.4891,0.7924,9,238,False,https://pemilu2024.kpu.go.id/pilpres/hitung-suara/33/3374/337409/3374091008/3374091008010,2024-02-16 14:30:33,PASLON 03
JAWA TENGAH,KOTA SEMARANG,GAJAHMUNGKUR,BENDUNGAN,3374091008011,15,137,86,238,3374091008011,KOTA SEMARANG,BENDUNGAN,TPS 011,287,238,15,137,86,0.063,0.5756,0.3613,0.8293,4,242,False,https://pemilu2024.kpu.go.id/pilpres/hitung-suara/33/3374/337409/3374091008/3374091008011,2024-02-16 00:00:26,PASLON 02
JAWA TENGAH,KOTA SEMARANG,GAJAHMUNGKUR,GAJAHMUNGKUR,3374091005004,14,98,98,210,3374091005004,KOTA SEMARANG,GAJAHMUNGKUR,TPS 004,258,210,14,98,98,0.0667,0.4667,0.4667,0.814,2,212,False,https://pemilu2024.kpu.go.id/pilpres/hitung-suara/33/3374/337409/3374091005/3374091005004,2024-02-16 14:30:33,PASLON 02
JAWA TENGAH,KOTA SEMARANG,GAJAHMUNGKUR,GAJAHMUNGKUR,3374091005005,19,100,92,211,3374091005005,KOTA SEMARANG,GAJAHMUNGKUR,TPS 005,272,211,19,100,92,0.09,0.4739,0.436,0.7757,0,211,True,https://pemilu2024.kpu.go.id/pilpres/hitung-suara/33/3374/337409/3374091005/3374091005005,2024-02-16 14:30:33,PASLON 02
JAWA TENGAH,KOTA SEMARANG,GAJAHMUNGKUR,GAJAHMUNGKUR,3374091005009,21,92,102,215,3374091005009,KOTA SEMARANG,GAJAHMUNGKUR,TPS 009,272,215,21,92,102,0.0977,0.4279,0.4744,0.7904,0,215,True,https://pemilu2024.kpu.go.id/pilpres/hitung-suara/33/3374/337409/3374091005/3374091005009,2024-02-16 00:00:26,PASLON 03
JAWA TENGAH,KOTA SEMARANG,GAJAHMUNGKUR,GAJAHMUNGKUR,3374091005011,23,98,92,213,3374091005011,KOTA SEMARANG,GAJAHMUNGKUR,TPS 011,272,213,23,98,92,0.108,0.4601,0.4319,0.7831,0,213,True,https://pemilu2024.kpu.go.id/pilpres/hitung-suara/33/3374/337409/3374091005/3374091005011,2024-02-16 00:00:26,PASLON 02
JAWA TENGAH,KOTA SEMARANG,GAJAHMUNGKUR,GAJAHMUNGKUR,3374091005013,11,103,102,216,3374091005013,KOTA SEMARANG,GAJAHMUNGKUR,TPS 013,272,216,11,103,102,0.0509,0.4769,0.4722,0.7941,0,216,True,https://pemilu2024.kpu.go.id/pilpres/hitung-suara/33/3374/337409/3374091005/3374091005013,2024-02-17 14:45:18,PASLON 02
JAWA TENGAH,KOTA SEMARANG,GAJAHMUNGKUR,GAJAHMUNGKUR,3374091005014,25,95,90,210,3374091005014,KOTA SEMARANG,GAJAHMUNGKUR,TPS 014,272,210,25,95,90,0.119,0.4524,0.4286,0.7721,11,221,False,https://pemilu2024.kpu.go.id/pilpres/hitung-suara/33/3374/337409/3374091005/3374091005014,2024-02-16 10:30:29,PASLON 02
JAWA TENGAH,KOTA SEMARANG,GAJAHMUNGKUR,GAJAHMUNGKUR,3374091005019,20,131,86,237,3374091005019,KOTA SEMARANG,GAJAHMUNGKUR,TPS 019,291,237,20,131,86,0.0844,0.5527,0.3629,0.8144,6,243,False,https://pemilu2024.kpu.go.id/pilpres/hitung-suara/33/3374/337409/3374091005/3374091005019,2024-02-14 21:46:01,PASLON 02
JAWA TENGAH,KOTA SEMARANG,GAJAHMUNGKUR,GAJAHMUNGKUR,3374091005020,30,96,99,225,3374091005020,KOTA SEMARANG,GAJAHMUNGKUR,TPS 020,272,225,30,96,99,0.1333,0.4267,0.44,0.8272,0,225,True,https://pemilu2024.kpu.go.id/pilpres/hitung-suara/33/3374/337409/3374091005/3374091005020,2024-02-16 14:30:33,PASLON 03
JAWA TENGAH,KOTA SEMARANG,GAJAHMUNGKUR,GAJAHMUNGKUR,3374091005021,10,106,101,217,3374091005021,KOTA SEMARANG,GAJAHMUNGKUR,TPS 021,272,217,10,106,101,0.0461,0.4885,0.4654,0.7978,0,217,True,https://pemilu2024.kpu.go.id/pilpres/hitung-suara/33/3374/337409/3374091005/3374091005021,2024-02-16 14:30:33,PASLON 02
JAWA TENGAH,KOTA SEMARANG,GAJAHMUNGKUR,GAJAHMUNGKUR,3374091005022,26,96,96,218,3374091005022,KOTA SEMARANG,GAJAHMUNGKUR,TPS 022,272,218,26,96,96,0.1193,0.4404,0.4404,0.8015,0,218,True,https://pemilu2024.kpu.go.id/pilpres/hitung-suara/33/3374/337409/3374091005/3374091005022,2024-02-24 22:31:28,PASLON 02
JAWA TENGAH,KOTA SEMARANG,GAJAHMUNGKUR,GAJAHMUNGKUR,3374091005024,19,109,113,241,3374091005024,KOTA SEMARANG,GAJAHMUNGKUR,TPS 024,272,241,19,109,113,0.0788,0.4523,0.4689,0.886,0,241,True,https://pemilu2024.kpu.go.id/pilpres/hitung-suara/33/3374/337409/3374091005/3374091005024,2024-02-16 00:00:26,PASLON 03
JAWA TENGAH,KOTA SEMARANG,GAJAHMUNGKUR,GAJAHMUNGKUR,3374091005026,29,88,45,162,3374091005026,KOTA SEMARANG,GAJAHMUNGKUR,TPS 026,272,162,29,88,45,0.179,0.5432,0.2778,0.5956,0,162,True,https://pemilu2024.kpu.go.id/pilpres/hitung-suara/33/3374/337409/3374091005/3374091005026,2024-02-17 14:45:18,PASLON 02
JAWA TENGAH,KOTA SEMARANG,GAJAHMUNGKUR,GAJAHMUNGKUR,3374091005029,57,94,89,240,3374091005029,KOTA SEMARANG,GAJAHMUNGKUR,TPS 029,272,240,57,94,89,0.2375,0.3917,0.3708,0.8824,0,240,True,https://pemilu2024.kpu.go.id/pilpres/hitung-suara/33/3374/337409/3374091005/3374091005029,2024-02-16 16:25:10,PASLON 02
JAWA TENGAH,KOTA SEMARANG,GAJAHMUNGKUR,GAJAHMUNGKUR,3374091005032,35,100,98,233,3374091005032,KOTA SEMARANG,GAJAHMUNGKUR,TPS 032,272,233,35,100,98,0.1502,0.4292,0.4206,0.8566,0,233,True,https://pemilu2024.kpu.go.id/pilpres/hitung-suara/33/3374/337409/3374091005/3374091005032,2024-02-24 22:31:28,PASLON 02
JAWA TENGAH,KOTA SEMARANG,GAJAHMUNGKUR,GAJAHMUNGKUR,3374091005034,23,114,88,225,3374091005034,KOTA SEMARANG,GAJAHMUNGKUR,TPS 034,272,225,23,114,88,0.1022,0.5067,0.3911,0.8272,0,225,True,https://pemilu2024.kpu.go.id/pilpres/hitung-suara/33/3374/337409/3374091005/3374091005034,2024-02-16 00:00:26,PASLON 02
JAWA TENGAH,KOTA SEMARANG,GAJAHMUNGKUR,GAJAHMUNGKUR,3374091005036,29,133,86,248,3374091005036,KOTA SEMARANG,GAJAHMUNGKUR,TPS 036,272,248,29,133,86,0.1169,0.5363,0.3468,0.9118,0,248,True,https://pemilu2024.kpu.go.id/pilpres/hitung-suara/33/3374/337409/3374091005/3374091005036,2024-02-24 22:31:28,PASLON 02
JAWA TENGAH,KOTA SEMARANG,GAJAHMUNGKUR,GAJAHMUNGKUR,3374091005037,27,105,61,193,3374091005037,KOTA SEMARANG,GAJAHMUNGKUR,TPS 037,272,193,27,105,61,0.1399,0.544,0.3161,0.7096,0,193,True,https://pemilu2024.kpu.go.id/pilpres/hitung-suara/33/3374/337409/3374091005/3374091005037,2024-02-16 14:30:33,PASLON 02
JAWA TENGAH,KOTA SEMARANG,GAJAHMUNGKUR,GAJAHMUNGKUR,3374091005038,29,80,60,169,3374091005038,KOTA SEMARANG,GAJAHMUNGKUR,TPS 038,216,169,29,80,60,0.1716,0.4734,0.355,0.7824,12,181,False,https://pemilu2024.kpu.go.id/pilpres/hitung-suara/33/3374/337409/3374091005/3374091005038,2024-02-14 21:46:01,PASLON 02
JAWA TENGAH,KOTA SEMARANG,GAJAHMUNGKUR,GAJAHMUNGKUR,3374091005040,51,83,88,222,3374091005040,KOTA SEMARANG,GAJAHMUNGKUR,TPS 040,272,222,51,83,88,0.2297,0.3739,0.3964,0.8162,0,222,True,https://pemilu2024.kpu.go.id/pilpres/hitung-suara/33/3374/337409/3374091005/3374091005040,2024-02-16 14:30:33,PASLON 03
JAWA TENGAH,KOTA SEMARANG,GAJAHMUNGKUR,GAJAHMUNGKUR,3374091005042,33,116,97,246,3374091005042,KOTA SEMARANG,GAJAHMUNGKUR,TPS 042,294,246,33,116,97,0.1341,0.4715,0.3943,0.8367,5,251,False,https://pemilu2024.kpu.go.id/pilpres/hitung-suara/33/3374/337409/3374091005/3374091005042,2024-02-15 09:00:24,PASLON 02
JAWA TENGAH,KOTA SEMARANG,GAJAHMUNGKUR,KARANGREJO,3374091001001,26,82,78,186,3374091001001,KOTA SEMARANG,KARANGREJO,TPS 001,232,186,26,82,78,0.1398,0.4409,0.4194,0.8017,3,189,False,https://pemilu2024.kpu.go.id/pilpres/hitung-suara/33/3374/337409/3374091001/3374091001001,2024-02-19 06:16:00,PASLON 02
JAWA TENGAH,KOTA SEMARANG,GAJAHMUNGKUR,KARANGREJO,3374091001005,34,86,55,175,3374091001005,KOTA SEMARANG,KARANGREJO,TPS 005,217,175,34,86,55,0.1943,0.4914,0.3143,0.8065,6,181,False,https://pemilu2024.kpu.go.id/pilpres/hitung-suara/33/3374/337409/3374091001/3374091001005,2024-02-16 16:25:10,PASLON 02
JAWA TENGAH,KOTA SEMARANG,GAJAHMUNGKUR,KARANGREJO,3374091001010,23,111,64,198,3374091001010,KOTA SEMARANG,KARANGREJO,TPS 010,224,198,23,111,64,0.1162,0.5606,0.3232,0.8839,0,198,True,https://pemilu2024.kpu.go.id/pilpres/hitung-suara/33/3374/337409/3374091001/3374091001010,2024-02-16 14:30:33,PASLON 02
JAWA TENGAH,KOTA SEMARANG,GAJAHMUNGKUR,KARANGREJO,3374091001013,25,96,113,234,3374091001013,KOTA SEMARANG,KARANGREJO,TPS 013,274,234,25,96,113,0.1068,0.4103,0.4829,0.854,7,241,False,https://pemilu2024.kpu.go.id/pilpres/hitung-suara/33/3374/337409/3374091001/3374091001013,2024-02-15 03:06:03,PASLON 03
JAWA TENGAH,KOTA SEMARANG,GAJAHMUNGKUR,KARANGREJO,3374091001014,16,90,64,170,3374091001014,KOTA SEMARANG,KARANGREJO,TPS 014,224,170,16,90,64,0.0941,0.5294,0.3765,0.7589,5,175,False,https://pemilu2024.kpu.go.id/pilpres/hitung-suara/33/3374/337409/3374091001/3374091001014,2024-02-15 12:00:28,PASLON 02
JAWA TENGAH,KOTA SEMARANG,GAJAHMUNGKUR,KARANGREJO,3374091001015,30,52,59,141,3374091001015,KOTA SEMARANG,KARANGREJO,TPS 015,181,141,30,52,59,0.2128,0.3688,0.4184,0.779,3,144,False,https://pemilu2024.kpu.go.id/pilpres/hitung-suara/33/3374/337409/3374091001/3374091001015,2024-02-17 14:45:18,PASLON 03
JAWA TENGAH,KOTA SEMARANG,GAJAHMUNGKUR,KARANGREJO,3374091001018,37,80,124,241,3374091001018,KOTA SEMARANG,KARANGREJO,TPS 018,300,241,37,80,124,0.1535,0.332,0.5145,0.8033,0,241,False,https://pemilu2024.kpu.go.id/pilpres/hitung-suara/33/3374/337409/3374091001/3374091001018,2024-02-15 23:29:50,PASLON 03
JAWA TENGAH,KOTA SEMARANG,GAJAHMUNGKUR,KARANGREJO,3374091001020,36,68,58,162,3374091001020,KOTA SEMARANG,KARANGREJO,TPS 020,201,162,36,68,58,0.2222,0.4198,0.358,0.806,3,165,False,https://pemilu2024.kpu.go.id/pilpres/hitung-suara/33/3374/337409/3374091001/3374091001020,2024-02-17 14:45:18,PASLON 02
JAWA TENGAH,KOTA SEMARANG,GAJAHMUNGKUR,KARANGREJO,3374091001021,19,87,116,222,3374091001021,KOTA SEMARANG,KARANGREJO,TPS 021,224,222,19,87,116,0.0856,0.3919,0.5225,0.9911,0,222,True,https://pemilu2024.kpu.go.id/pilpres/hitung-suara/33/3374/337409/3374091001/3374091001021,2024-02-16 00:00:26,PASLON 03
JAWA TENGAH,KOTA SEMARANG,GAJAHMUNGKUR,LEMPONGSARI,3374091006001,30,114,99,243,3374091006001,KOTA SEMARANG,LEMPONGSARI,TPS 001,297,243,30,114,99,0.1235,0.4691,0.4074,0.8182,0,243,True,https://pemilu2024.kpu.go.id/pilpres/hitung-suara/33/3374/337409/3374091006/3374091006001,2024-02-16 00:00:26,PASLON 02
JAWA TENGAH,KOTA SEMARANG,GAJAHMUNGKUR,LEMPONGSARI,3374091006002,25,95,82,202,3374091006002,KOTA SEMARANG,LEMPONGSARI,TPS 002,297,202,25,95,82,0.1238,0.4703,0.4059,0.6801,0,202,True,https://pemilu2024.kpu.go.id/pilpres/hitung-suara/33/3374/337409/3374091006/3374091006002,2024-02-16 14:30:33,PASLON 02
JAWA TENGAH,KOTA SEMARANG,GAJAHMUNGKUR,LEMPONGSARI,3374091006003,24,78,128,230,3374091006003,KOTA SEMARANG,LEMPONGSARI,TPS 003,297,230,24,78,128,0.1043,0.3391,0.5565,0.7744,0,230,True,https://pemilu2024.kpu.go.id/pilpres/hitung-suara/33/3374/337409/3374091006/3374091006003,2024-02-17 14:45:18,PASLON 03
JAWA TENGAH,KOTA SEMARANG,GAJAHMUNGKUR,LEMPONGSARI,3374091006004,25,111,117,253,3374091006004,KOTA SEMARANG,LEMPONGSARI,TPS 004,299,253,25,111,117,0.0988,0.4387,0.4625,0.8462,6,259,False,https://pemilu2024.kpu.go.id/pilpres/hitung-suara/33/3374/337409/3374091006/3374091006004,2024-02-15 23:29:50,PASLON 03
JAWA TENGAH,KOTA SEMARANG,GAJAHMUNGKUR,LEMPONGSARI,3374091006005,29,118,117,264,3374091006005,KOTA SEMARANG,LEMPONGSARI,TPS 005,300,264,29,118,117,0.1098,0.447,0.4432,0.88,10,274,False,https://pemilu2024.kpu.go.id/pilpres/hitung-suara/33/3374/337409/3374091006/3374091006005,2024-02-15 23:29:50,PASLON 02
JAWA TENGAH,KOTA SEMARANG,GAJAHMUNGKUR,LEMPONGSARI,3374091006008,34,73,79,186,3374091006008,KOTA SEMARANG,LEMPONGSARI,TPS 008,297,186,34,73,79,0.1828,0.3925,0.4247,0.6263,0,186,True,https://pemilu2024.kpu.go.id/pilpres/hitung-suara/33/3374/337409/3374091006/3374091006008,2024-02-15 23:29:50,PASLON 03
JAWA TENGAH,KOTA SEMARANG,GAJAHMUNGKUR,LEMPONGSARI,3374091006009,13,54,117,184,3374091006009,KOTA SEMARANG,LEMPONGSARI,TPS 009,297,184,13,54,117,0.0707,0.2935,0.6359,0.6195,0,184,True,https://pemilu2024.kpu.go.id/pilpres/hitung-suara/33/3374/337409/3374091006/3374091006009,2024-02-16 00:00:26,PASLON 03
JAWA TENGAH,KOTA SEMARANG,GAJAHMUNGKUR,LEMPONGSARI,3374091006010,28,114,104,246,3374091006010,KOTA SEMARANG,LEMPONGSARI,TPS 010,297,246,28,114,104,0.1138,0.4634,0.4228,0.8283,2,248,False,https://pemilu2024.kpu.go.id/pilpres/hitung-suara/33/3374/337409/3374091006/3374091006010,2024-02-15 00:41:44,PASLON 02
JAWA TENGAH,KOTA SEMARANG,GAJAHMUNGKUR,LEMPONGSARI,3374091006011,19,76,172,267,3374091006011,KOTA SEMARANG,LEMPONGSARI,TPS 011,293,267,19,76,172,0.0712,0.2846,0.6442,0.9113,3,270,False,https://pemilu2024.kpu.go.id/pilpres/hitung-suara/33/3374/337409/3374091006/3374091006011,2024-02-15 00:41:44,PASLON 03
JAWA TENGAH,KOTA SEMARANG,GAJAHMUNGKUR,LEMPONGSARI,3374091006013,15,78,96,189,3374091006013,KOTA SEMARANG,LEMPONGSARI,TPS 013,297,189,15,78,96,0.0794,0.4127,0.5079,0.6364,0,189,True,https://pemilu2024.kpu.go.id/pilpres/hitung-suara/33/3374/337409/3374091006/3374091006013,2024-02-16 14:30:33,PASLON 03
JAWA TENGAH,KOTA SEMARANG,GAJAHMUNGKUR,LEMPONGSARI,3374091006014,18,57,95,170,3374091006014,KOTA SEMARANG,LEMPONGSARI,TPS 014,195,170,18,57,95,0.1059,0.3353,0.5588,0.8718,4,174,False,https://pemilu2024.kpu.go.id/pilpres/hitung-suara/33/3374/337409/3374091006/3374091006014,2024-02-17 14:45:18,PASLON 03
JAWA TENGAH,KOTA SEMARANG,GAJAHMUNGKUR,PETOMPON,3374091007001,37,86,73,196,3374091007001,KOTA SEMARANG,PETOMPON,TPS 001,248,196,37,86,73,0.1888,0.4388,0.3724,0.7903,5,201,False,https://pemilu2024.kpu.go.id/pilpres/hitung-suara/33/3374/337409/3374091007/3374091007001,2024-02-17 14:45:18,PASLON 02
JAWA TENGAH,KOTA SEMARANG,GAJAHMUNGKUR,PETOMPON,3374091007002,39,79,103,221,3374091007002,KOTA SEMARANG,PETOMPON,TPS 002,276,221,39,79,103,0.1765,0.3575,0.4661,0.8007,0,221,True,https://pemilu2024.kpu.go.id/pilpres/hitung-suara/33/3374/337409/3374091007/3374091007002,2024-02-16 00:00:26,PASLON 03
JAWA TENGAH,KOTA SEMARANG,GAJAHMUNGKUR,PETOMPON,3374091007003,28,84,116,228,3374091007003,KOTA SEMARANG,PETOMPON,TPS 003,278,228,28,84,116,0.1228,0.3684,0.5088,0.8201,5,233,False,https://pemilu2024.kpu.go.id/pilpres/hitung-suara/33/3374/337409/3374091007/3374091007003,2024-02-16 10:30:29,PASLON 03
JAWA TENGAH,KOTA SEMARANG,GAJAHMUNGKUR,PETOMPON,3374091007004,40,113,73,226,3374091007004,KOTA SEMARANG,PETOMPON,TPS 004,276,226,40,113,73,0.177,0.5,0.323,0.8188,3,229,False,https://pemilu2024.kpu.go.id/pilpres/hitung-suara/33/3374/337409/3374091007/3374091007004,2024-02-16 10:30:29,PASLON 02
JAWA TENGAH,KOTA SEMARANG,GAJAHMUNGKUR,PETOMPON,3374091007005,23,66,68,157,3374091007005,KOTA SEMARANG,PETOMPON,TPS 005,208,157,23,66,68,0.1465,0.4204,0.4331,0.7548,9,166,False,https://pemilu2024.kpu.go.id/pilpres/hitung-suara/33/3374/337409/3374091007/3374091007005,2024-02-24 22:31:28,PASLON 03
JAWA TENGAH,KOTA SEMARANG,GAJAHMUNGKUR,PETOMPON,3374091007006,42,95,94,231,3374091007006,KOTA SEMARANG,PETOMPON,TPS 006,284,231,42,95,94,0.1818,0.4113,0.4069,0.8134,4,235,False,https://pemilu2024.kpu.go.id/pilpres/hitung-suara/33/3374/337409/3374091007/3374091007006,2024-02-16 00:00:26,PASLON 02
JAWA TENGAH,KOTA SEMARANG,GAJAHMUNGKUR,PETOMPON,3374091007008,33,115,88,236,3374091007008,KOTA SEMARANG,PETOMPON,TPS 008,276,236,33,115,88,0.1398,0.4873,0.3729,0.8551,0,236,True,https://pemilu2024.kpu.go.id/pilpres/hitung-suara/33/3374/337409/3374091007/3374091007008,2024-02-16 14:30:33,PASLON 02
JAWA TENGAH,KOTA SEMARANG,GAJAHMUNGKUR,PETOMPON,3374091007009,33,81,103,217,3374091007009,KOTA SEMARANG,PETOMPON,TPS 009,276,217,33,81,103,0.1521,0.3733,0.4747,0.7862,0,217,True,https://pemilu2024.kpu.go.id/pilpres/hitung-suara/33/3374/337409/3374091007/3374091007009,2024-02-16 14:30:33,PASLON 03
JAWA TENGAH,KOTA SEMARANG,GAJAHMUNGKUR,PETOMPON,3374091007010,14,76,133,223,3374091007010,KOTA SEMARANG,PETOMPON,TPS 010,264,223,14,76,133,0.0628,0.3408,0.5964,0.8447,2,225,False,https://pemilu2024.kpu.go.id/pilpres/hitung-suara/33/3374/337409/3374091007/3374091007010,2024-02-15 15:00:29,PASLON 03
JAWA TENGAH,KOTA SEMARANG,GAJAHMUNGKUR,PETOMPON,3374091007012,29,81,55,165,3374091007012,KOTA SEMARANG,PETOMPON,TPS 012,276,165,29,81,55,0.1758,0.4909,0.3333,0.5978,0,165,True,https://pemilu2024.kpu.go.id/pilpres/hitung-suara/33/3374/337409/3374091007/3374091007012,2024-02-16 00:00:26,PASLON 02
JAWA TENGAH,KOTA SEMARANG,GAJAHMUNGKUR,PETOMPON,3374091007015,41,72,72,185,3374091007015,KOTA SEMARANG,PETOMPON,TPS 015,223,185,41,72,72,0.2216,0.3892,0.3892,0.8296,8,193,False,https://pemilu2024.kpu.go.id/pilpres/hitung-suara/33/3374/337409/3374091007/3374091007015,2024-02-17 14:45:18,PASLON 02
JAWA TENGAH,KOTA SEMARANG,GAJAHMUNGKUR,PETOMPON,3374091007017,39,125,83,247,3374091007017,KOTA SEMARANG,PETOMPON,TPS 017,300,247,39,125,83,0.1579,0.5061,0.336,0.8233,3,250,False,https://pemilu2024.kpu.go.id/pilpres/hitung-suara/33/3374/337409/3374091007/3374091007017,2024-02-15 15:00:29,PASLON 02
JAWA TENGAH,KOTA SEMARANG,GAJAHMUNGKUR,PETOMPON,3374091007018,18,90,113,221,3374091007018,KOTA SEMARANG,PETOMPON,TPS 018,289,221,18,90,113,0.0814,0.4072,0.5113,0.7647,6,227,False,https://pemilu2024.kpu.go.id/pilpres/hitung-suara/33/3374/337409/3374091007/3374091007018,2024-02-16 00:00:26,PASLON 03
JAWA TENGAH,KOTA SEMARANG,GAJAHMUNGKUR,SAMPANGAN,3374091004001,29,125,87,241,3374091004001,KOTA SEMARANG,SAMPANGAN,TPS 001,289,241,29,125,87,0.1203,0.5187,0.361,0.8339,9,250,False,https://pemilu2024.kpu.go.id/pilpres/hitung-suara/33/3374/337409/3374091004/3374091004001,2024-02-17 14:45:18,PASLON 02
JAWA TENGAH,KOTA SEMARANG,GAJAHMUNGKUR,SAMPANGAN,3374091004002,59,94,89,242,3374091004002,KOTA SEMARANG,SAMPANGAN,TPS 002,297,242,59,94,89,0.2438,0.3884,0.3678,0.8148,6,248,False,https://pemilu2024.kpu.go.id/pilpres/hitung-suara/33/3374/337409/3374091004/3374091004002,2024-02-19 06:16:00,PASLON 02
JAWA TENGAH,KOTA SEMARANG,GAJAHMUNGKUR,SAMPANGAN,3374091004003,49,93,90,232,3374091004003,KOTA SEMARANG,SAMPANGAN,TPS 003,268,232,49,93,90,0.2112,0.4009,0.3879,0.8657,0,232,True,https://pemilu2024.kpu.go.id/pilpres/hitung-suara/33/3374/337409/3374091004/3374091004003,2024-02-16 14:30:33,PASLON 02
JAWA TENGAH,KOTA SEMARANG,GAJAHMUNGKUR,SAMPANGAN,3374091004004,56,90,65,211,3374091004004,KOTA SEMARANG,SAMPANGAN,TPS 004,249,211,56,90,65,0.2654,0.4265,0.3081,0.8474,5,216,False,https://pemilu2024.kpu.go.id/pilpres/hitung-suara/33/3374/337409/3374091004/3374091004004,2024-02-17 11:30:03,PASLON 02
JAWA TENGAH,KOTA SEMARANG,GAJAHMUNGKUR,SAMPANGAN,3374091004005,45,94,55,194,3374091004005,KOTA SEMARANG,SAMPANGAN,TPS 005,237,194,45,94,55,0.232,0.4845,0.2835,0.8186,7,201,False,https://pemilu2024.kpu.go.id/pilpres/hitung-suara/33/3374/337409/3374091004/3374091004005,2024-02-16 00:00:26,PASLON 02
JAWA TENGAH,KOTA SEMARANG,GAJAHMUNGKUR,SAMPANGAN,3374091004006,65,80,72,217,3374091004006,KOTA SEMARANG,SAMPANGAN,TPS 006,254,217,65,80,72,0.2995,0.3687,0.3318,0.8543,2,219,False,https://pemilu2024.kpu.go.id/pilpres/hitung-suara/33/3374/337409/3374091004/3374091004006,2024-02-15 00:41:44,PASLON 02
JAWA TENGAH,KOTA SEMARANG,GAJAHMUNGKUR,SAMPANGAN,3374091004008,43,110,67,220,3374091004008,KOTA SEMARANG,SAMPANGAN,TPS 008,268,220,43,110,67,0.1955,0.5,0.3045,0.8209,0,220,True,https://pemilu2024.kpu.go.id/pilpres/hitung-suara/33/3374/337409/3374091004/3374091004008,2024-02-16 14:30:33,PASLON 02
JAWA TENGAH,KOTA SEMARANG,GAJAHMUNGKUR,SAMPANGAN,3374091004010,30,79,95,204,3374091004010,KOTA SEMARANG,SAMPANGAN,TPS 010,267,204,30,79,95,0.1471,0.3873,0.4657,0.764,1,205,False,https://pemilu2024.kpu.go.id/pilpres/hitung-suara/33/3374/337409/3374091004/3374091004010,2024-02-15 03:06:03,PASLON 03
JAWA TENGAH,KOTA SEMARANG,GAJAHMUNGKUR,SAMPANGAN,3374091004011,39,140,44,223,3374091004011,KOTA SEMARANG,SAMPANGAN,TPS 011,291,223,39,140,44,0.1749,0.6278,0.1973,0.7663,4,247,False,https://pemilu2024.kpu.go.id/pilpres/hitung-suara/33/3374/337409/3374091004/3374091004011,2024-02-17 10:30:03,PASLON 02
JAWA TENGAH,KOTA SEMARANG,GAJAHMUNGKUR,SAMPANGAN,3374091004012,58,103,64,225,3374091004012,KOTA SEMARANG,SAMPANGAN,TPS 012,269,225,58,103,64,0.2578,0.4578,0.2844,0.8364,2,227,False,https://pemilu2024.kpu.go.id/pilpres/hitung-suara/33/3374/337409/3374091004/3374091004012,2024-02-15 12:00:28,PASLON 02
JAWA TENGAH,KOTA SEMARANG,GAJAHMUNGKUR,SAMPANGAN,3374091004013,49,77,61,187,3374091004013,KOTA SEMARANG,SAMPANGAN,TPS 013,226,187,49,77,61,0.262,0.4118,0.3262,0.8274,4,191,False,https://pemilu2024.kpu.go.id/pilpres/hitung-suara/33/3374/337409/3374091004/3374091004013,2024-02-14 21:46:01,PASLON 02
JAWA TENGAH,KOTA SEMARANG,GAJAHMUNGKUR,SAMPANGAN,3374091004015,47,115,76,238,3374091004015,KOTA SEMARANG,SAMPANGAN,TPS 015,298,238,47,115,76,0.1975,0.4832,0.3193,0.7987,14,252,False,https://pemilu2024.kpu.go.id/pilpres/hitung-suara/33/3374/337409/3374091004/3374091004015,2024-02-14 21:46:01,PASLON 02
JAWA TENGAH,KOTA SEMARANG,GAJAHMUNGKUR,SAMPANGAN,3374091004017,29,144,74,247,3374091004017,KOTA SEMARANG,SAMPANGAN,TPS 017,268,247,29,144,74,0.1174,0.583,0.2996,0.9216,0,247,True,https://pemilu2024.kpu.go.id/pilpres/hitung-suara/33/3374/337409/3374091004/3374091004017,2024-02-16 00:00:26,PASLON 02
JAWA TENGAH,KOTA SEMARANG,GAJAHMUNGKUR,SAMPANGAN,3374091004019,43,115,91,249,3374091004019,KOTA SEMARANG,SAMPANGAN,TPS 019,293,249,43,115,91,0.1727,0.4618,0.3655,0.8498,7,256,False,https://pemilu2024.kpu.go.id/pilpres/hitung-suara/33/3374/337409/3374091004/3374091004019,2024-02-14 21:46:01,PASLON 02
JAWA TENGAH,KOTA SEMARANG,GAJAHMUNGKUR,SAMPANGAN,3374091004021,31,68,67,166,3374091004021,KOTA SEMARANG,SAMPANGAN,TPS 021,197,166,31,68,67,0.1867,0.4096,0.4036,0.8426,0,166,False,https://pemilu2024.kpu.go.id/pilpres/hitung-suara/33/3374/337409/3374091004/3374091004021,2024-02-15 12:00:28,PASLON 02
JAWA TENGAH,KOTA SEMARANG,GAJAHMUNGKUR,SAMPANGAN,3374091004028,58,121,80,259,3374091004028,KOTA SEMARANG,SAMPANGAN,TPS 028,298,259,58,121,80,0.2239,0.4672,0.3089,0.8691,4,263,False,https://pemilu2024.kpu.go.id/pilpres/hitung-suara/33/3374/337409/3374091004/3374091004028,2024-02-15 01:47:43,PASLON 02
JAWA TENGAH,KOTA SEMARANG,GAJAHMUNGKUR,SAMPANGAN,3374091004030,37,73,64,174,3374091004030,KOTA SEMARANG,SAMPANGAN,TPS 030,207,174,37,73,64,0.2126,0.4195,0.3678,0.8406,1,175,False,https://pemilu2024.kpu.go.id/pilpres/hitung-suara/33/3374/337409/3374091004/3374091004030,2024-02-17 14:45:18,PASLON 02
JAWA TENGAH,KOTA SEMARANG,GAYAMSARI,GAYAMSARI,3374041007001,14,91,91,196,3374041007001,KOTA SEMARANG,GAYAMSARI,TPS 001,260,196,14,91,91,0.0714,0.4643,0.4643,0.7538,9,205,False,https://pemilu2024.kpu.go.id/pilpres/hitung-suara/33/3374/337404/3374041007/3374041007001,2024-02-15 00:41:44,PASLON 02
JAWA TENGAH,KOTA SEMARANG,GAYAMSARI,GAYAMSARI,3374041007002,21,94,74,189,3374041007002,KOTA SEMARANG,GAYAMSARI,TPS 002,284,189,21,94,74,0.1111,0.4974,0.3915,0.6655,0,189,True,https://pemilu2024.kpu.go.id/pilpres/hitung-suara/33/3374/337404/3374041007/3374041007002,2024-02-15 22:00:27,PASLON 02
JAWA TENGAH,KOTA SEMARANG,GAYAMSARI,GAYAMSARI,3374041007003,48,76,102,226,3374041007003,KOTA SEMARANG,GAYAMSARI,TPS 003,275,226,48,76,102,0.2124,0.3363,0.4513,0.8218,5,231,False,https://pemilu2024.kpu.go.id/pilpres/hitung-suara/33/3374/337404/3374041007/3374041007003,2024-02-15 06:00:23,PASLON 03
JAWA TENGAH,KOTA SEMARANG,GAYAMSARI,GAYAMSARI,3374041007004,39,81,92,212,3374041007004,KOTA SEMARANG,GAYAMSARI,TPS 004,252,212,39,81,92,0.184,0.3821,0.434,0.8413,6,218,False,https://pemilu2024.kpu.go.id/pilpres/hitung-suara/33/3374/337404/3374041007/3374041007004,2024-02-15 15:00:29,PASLON 03
JAWA TENGAH,KOTA SEMARANG,GAYAMSARI,GAYAMSARI,3374041007006,38,107,90,235,3374041007006,KOTA SEMARANG,GAYAMSARI,TPS 006,290,235,38,107,90,0.1617,0.4553,0.383,0.8103,5,240,False,https://pemilu2024.kpu.go.id/pilpres/hitung-suara/33/3374/337404/3374041007/3374041007006,2024-02-16 14:30:33,PASLON 02
JAWA TENGAH,KOTA SEMARANG,GAYAMSARI,GAYAMSARI,3374041007007,38,92,88,218,3374041007007,KOTA SEMARANG,GAYAMSARI,TPS 007,284,218,38,92,88,0.1743,0.422,0.4037,0.7676,0,218,True,https://pemilu2024.kpu.go.id/pilpres/hitung-suara/33/3374/337404/3374041007/3374041007007,2024-02-15 22:00:27,PASLON 02
JAWA TENGAH,KOTA SEMARANG,GAYAMSARI,GAYAMSARI,3374041007008,33,86,79,198,3374041007008,KOTA SEMARANG,GAYAMSARI,TPS 008,284,198,33,86,79,0.1667,0.4343,0.399,0.6972,0,198,True,https://pemilu2024.kpu.go.id/pilpres/hitung-suara/33/3374/337404/3374041007/3374041007008,2024-02-16 09:00:28,PASLON 02
JAWA TENGAH,KOTA SEMARANG,GAYAMSARI,GAYAMSARI,3374041007010,28,117,85,230,3374041007010,KOTA SEMARANG,GAYAMSARI,TPS 010,297,230,28,117,85,0.1217,0.5087,0.3696,0.7744,4,234,False,https://pemilu2024.kpu.go.id/pilpres/hitung-suara/33/3374/337404/3374041007/3374041007010,2024-02-15 15:00:29,PASLON 02
JAWA TENGAH,KOTA SEMARANG,GAYAMSARI,GAYAMSARI,3374041007011,14,113,99,226,3374041007011,KOTA SEMARANG,GAYAMSARI,TPS 011,298,226,14,113,99,0.0619,0.5,0.4381,0.7584,5,231,False,https://pemilu2024.kpu.go.id/pilpres/hitung-suara/33/3374/337404/3374041007/3374041007011,2024-02-15 00:41:44,PASLON 02
JAWA TENGAH,KOTA SEMARANG,GAYAMSARI,GAYAMSARI,3374041007012,29,135,77,241,3374041007012,KOTA SEMARANG,GAYAMSARI,TPS 012,284,241,29,135,77,0.1203,0.5602,0.3195,0.8486,0,241,True,https://pemilu2024.kpu.go.id/pilpres/hitung-suara/33/3374/337404/3374041007/3374041007012,2024-02-15 22:00:27,PASLON 02
JAWA TENGAH,KOTA SEMARANG,GAYAMSARI,GAYAMSARI,3374041007014,27,124,86,237,3374041007014,KOTA SEMARANG,GAYAMSARI,TPS 014,288,237,27,124,86,0.1139,0.5232,0.3629,0.8229,0,237,False,https://pemilu2024.kpu.go.id/pilpres/hitung-suara/33/3374/337404/3374041007/3374041007014,2024-02-16 09:00:28,PASLON 02
JAWA TENGAH,KOTA SEMARANG,GAYAMSARI,GAYAMSARI,3374041007019,28,92,77,197,3374041007019,KOTA SEMARANG,GAYAMSARI,TPS 019,242,197,28,92,77,0.1421,0.467,0.3909,0.814,2,199,False,https://pemilu2024.kpu.go.id/pilpres/hitung-suara/33/3374/337404/3374041007/3374041007019,2024-02-15 00:41:44,PASLON 02
JAWA TENGAH,KOTA SEMARANG,GAYAMSARI,GAYAMSARI,3374041007020,28,90,78,196,3374041007020,KOTA SEMARANG,GAYAMSARI,TPS 020,284,196,28,90,78,0.1429,0.4592,0.398,0.6901,0,196,True,https://pemilu2024.kpu.go.id/pilpres/hitung-suara/33/3374/337404/3374041007/3374041007020,2024-02-15 22:00:27,PASLON 02
JAWA TENGAH,KOTA SEMARANG,GAYAMSARI,GAYAMSARI,3374041007021,35,111,60,206,3374041007021,KOTA SEMARANG,GAYAMSARI,TPS 021,206,206,35,111,60,0.1699,0.5388,0.2913,1.0,4,210,False,https://pemilu2024.kpu.go.id/pilpres/hitung-suara/33/3374/337404/3374041007/3374041007021,2024-02-15 20:30:46,PASLON 02
JAWA TENGAH,KOTA SEMARANG,GAYAMSARI,GAYAMSARI,3374041007022,62,102,67,231,3374041007022,KOTA SEMARANG,GAYAMSARI,TPS 022,294,231,62,102,67,0.2684,0.4416,0.29,0.7857,6,237,False,https://pemilu2024.kpu.go.id/pilpres/hitung-suara/33/3374/337404/3374041007/3374041007022,2024-02-15 00:41:44,PASLON 02
JAWA TENGAH,KOTA SEMARANG,GAYAMSARI,GAYAMSARI,3374041007023,21,131,92,244,3374041007023,KOTA SEMARANG,GAYAMSARI,TPS 023,293,244,21,131,92,0.0861,0.5369,0.377,0.8328,7,251,False,https://pemilu2024.kpu.go.id/pilpres/hitung-suara/33/3374/337404/3374041007/3374041007023,2024-02-15 16:00:26,PASLON 02
JAWA TENGAH,KOTA SEMARANG,GAYAMSARI,GAYAMSARI,3374041007024,36,117,81,234,3374041007024,KOTA SEMARANG,GAYAMSARI,TPS 024,284,234,36,117,81,0.1538,0.5,0.3462,0.8239,0,234,True,https://pemilu2024.kpu.go.id/pilpres/hitung-suara/33/3374/337404/3374041007/3374041007024,2024-02-16 09:00:28,PASLON 02
JAWA TENGAH,KOTA SEMARANG,GAYAMSARI,GAYAMSARI,3374041007026,16,116,93,225,3374041007026,KOTA SEMARANG,GAYAMSARI,TPS 026,279,225,16,116,93,0.0711,0.5156,0.4133,0.8065,8,233,False,https://pemilu2024.kpu.go.id/pilpres/hitung-suara/33/3374/337404/3374041007/3374041007026,2024-02-16 13:30:32,PASLON 02
JAWA TENGAH,KOTA SEMARANG,GAYAMSARI,GAYAMSARI,3374041007028,26,111,93,230,3374041007028,KOTA SEMARANG,GAYAMSARI,TPS 028,236,230,26,111,93,0.113,0.4826,0.4043,0.9746,6,236,False,https://pemilu2024.kpu.go.id/pilpres/hitung-suara/33/3374/337404/3374041007/3374041007028,2024-02-16 16:25:10,PASLON 02
JAWA TENGAH,KOTA SEMARANG,GAYAMSARI,GAYAMSARI,3374041007030,22,100,105,227,3374041007030,KOTA SEMARANG,GAYAMSARI,TPS 030,297,227,22,100,105,0.0969,0.4405,0.4626,0.7643,4,231,False,https://pemilu2024.kpu.go.id/pilpres/hitung-suara/33/3374/337404/3374041007/3374041007030,2024-02-15 00:41:44,PASLON 03
JAWA TENGAH,KOTA SEMARANG,GAYAMSARI,GAYAMSARI,3374041007032,11,87,115,213,3374041007032,KOTA SEMARANG,GAYAMSARI,TPS 032,284,213,11,87,115,0.0516,0.4085,0.5399,0.75,0,213,True,https://pemilu2024.kpu.go.id/pilpres/hitung-suara/33/3374/337404/3374041007/3374041007032,2024-02-19 06:16:00,PASLON 03
JAWA TENGAH,KOTA SEMARANG,GAYAMSARI,KALIGAWE,3374041002001,19,130,88,237,3374041002001,KOTA SEMARANG,KALIGAWE,TPS 001,272,237,19,130,88,0.0802,0.5485,0.3713,0.8713,0,237,True,https://pemilu2024.kpu.go.id/pilpres/hitung-suara/33/3374/337404/3374041002/3374041002001,2024-02-15 21:30:27,PASLON 02
JAWA TENGAH,KOTA SEMARANG,GAYAMSARI,KALIGAWE,3374041002003,16,96,87,199,3374041002003,KOTA SEMARANG,KALIGAWE,TPS 003,272,199,16,96,87,0.0804,0.4824,0.4372,0.7316,0,199,True,https://pemilu2024.kpu.go.id/pilpres/hitung-suara/33/3374/337404/3374041002/3374041002003,2024-02-16 06:00:27,PASLON 02
JAWA TENGAH,KOTA SEMARANG,GAYAMSARI,KALIGAWE,3374041002005,5,102,112,219,3374041002005,KOTA SEMARANG,KALIGAWE,TPS 005,277,219,5,102,112,0.0228,0.4658,0.5114,0.7906,10,229,False,https://pemilu2024.kpu.go.id/pilpres/hitung-suara/33/3374/337404/3374041002/3374041002005,2024-02-16 09:30:28,PASLON 03
JAWA TENGAH,KOTA SEMARANG,GAYAMSARI,KALIGAWE,3374041002006,24,97,93,214,3374041002006,KOTA SEMARANG,KALIGAWE,TPS 006,271,214,24,97,93,0.1121,0.4533,0.4346,0.7897,8,222,False,https://pemilu2024.kpu.go.id/pilpres/hitung-suara/33/3374/337404/3374041002/3374041002006,2024-02-17 14:45:18,PASLON 02
JAWA TENGAH,KOTA SEMARANG,GAYAMSARI,KALIGAWE,3374041002007,19,98,87,204,3374041002007,KOTA SEMARANG,KALIGAWE,TPS 007,272,204,19,98,87,0.0931,0.4804,0.4265,0.75,0,204,True,https://pemilu2024.kpu.go.id/pilpres/hitung-suara/33/3374/337404/3374041002/3374041002007,2024-02-15 21:30:27,PASLON 02
JAWA TENGAH,KOTA SEMARANG,GAYAMSARI,KALIGAWE,3374041002010,18,98,100,216,3374041002010,KOTA SEMARANG,KALIGAWE,TPS 010,272,216,18,98,100,0.0833,0.4537,0.463,0.7941,0,216,True,https://pemilu2024.kpu.go.id/pilpres/hitung-suara/33/3374/337404/3374041002/3374041002010,2024-02-16 06:00:27,PASLON 03
JAWA TENGAH,KOTA SEMARANG,GAYAMSARI,KALIGAWE,3374041002013,10,130,109,249,3374041002013,KOTA SEMARANG,KALIGAWE,TPS 013,270,249,10,130,109,0.0402,0.5221,0.4378,0.9222,1,250,False,https://pemilu2024.kpu.go.id/pilpres/hitung-suara/33/3374/337404/3374041002/3374041002013,2024-02-15 00:41:44,PASLON 02
JAWA TENGAH,KOTA SEMARANG,GAYAMSARI,KALIGAWE,3374041002014,16,110,99,225,3374041002014,KOTA SEMARANG,KALIGAWE,TPS 014,262,225,16,110,99,0.0711,0.4889,0.44,0.8588,8,233,False,https://pemilu2024.kpu.go.id/pilpres/hitung-suara/33/3374/337404/3374041002/3374041002014,2024-02-15 16:30:25,PASLON 02
JAWA TENGAH,KOTA SEMARANG,GAYAMSARI,KALIGAWE,3374041002015,19,64,95,178,3374041002015,KOTA SEMARANG,KALIGAWE,TPS 015,272,178,19,64,95,0.1067,0.3596,0.5337,0.6544,0,178,True,https://pemilu2024.kpu.go.id/pilpres/hitung-suara/33/3374/337404/3374041002/3374041002015,2024-02-15 21:30:27,PASLON 03
JAWA TENGAH,KOTA SEMARANG,GAYAMSARI,KALIGAWE,3374041002016,26,94,112,232,3374041002016,KOTA SEMARANG,KALIGAWE,TPS 016,284,232,26,94,112,0.1121,0.4052,0.4828,0.8169,8,240,False,https://pemilu2024.kpu.go.id/pilpres/hitung-suara/33/3374/337404/3374041002/3374041002016,2024-02-14 21:46:01,PASLON 03
JAWA TENGAH,KOTA SEMARANG,GAYAMSARI,KALIGAWE,3374041002017,6,104,111,221,3374041002017,KOTA SEMARANG,KALIGAWE,TPS 017,288,221,6,104,111,0.0271,0.4706,0.5023,0.7674,7,228,False,https://pemilu2024.kpu.go.id/pilpres/hitung-suara/33/3374/337404/3374041002/3374041002017,2024-02-14 21:46:01,PASLON 03
JAWA TENGAH,KOTA SEMARANG,GAYAMSARI,KALIGAWE,3374041002019,21,103,85,209,3374041002019,KOTA SEMARANG,KALIGAWE,TPS 019,265,209,21,103,85,0.1005,0.4928,0.4067,0.7887,10,219,False,https://pemilu2024.kpu.go.id/pilpres/hitung-suara/33/3374/337404/3374041002/3374041002019,2024-02-15 05:00:24,PASLON 02
JAWA TENGAH,KOTA SEMARANG,GAYAMSARI,KALIGAWE,3374041002021,24,113,79,216,3374041002021,KOTA SEMARANG,KALIGAWE,TPS 021,272,216,24,113,79,0.1111,0.5231,0.3657,0.7941,0,216,True,https://pemilu2024.kpu.go.id/pilpres/hitung-suara/33/3374/337404/3374041002/3374041002021,2024-02-15 20:00:44,PASLON 02
JAWA TENGAH,KOTA SEMARANG,GAYAMSARI,KALIGAWE,3374041002022,11,100,50,161,3374041002022,KOTA SEMARANG,KALIGAWE,TPS 022,272,161,11,100,50,0.0683,0.6211,0.3106,0.5919,0,161,True,https://pemilu2024.kpu.go.id/pilpres/hitung-suara/33/3374/337404/3374041002/3374041002022,2024-02-15 07:00:44,PASLON 02
JAWA TENGAH,KOTA SEMARANG,GAYAMSARI,KALIGAWE,3374041002025,20,105,93,218,3374041002025,KOTA SEMARANG,KALIGAWE,TPS 025,272,218,20,105,93,0.0917,0.4817,0.4266,0.8015,11,229,False,https://pemilu2024.kpu.go.id/pilpres/hitung-suara/33/3374/337404/3374041002/3374041002025,2024-02-15 00:41:44,PASLON 02
JAWA TENGAH,KOTA SEMARANG,GAYAMSARI,KALIGAWE,3374041002028,4,98,89,191,3374041002028,KOTA SEMARANG,KALIGAWE,TPS 028,272,191,4,98,89,0.0209,0.5131,0.466,0.7022,0,191,True,https://pemilu2024.kpu.go.id/pilpres/hitung-suara/33/3374/337404/3374041002/3374041002028,2024-02-15 21:30:27,PASLON 02
JAWA TENGAH,KOTA SEMARANG,GAYAMSARI,PANDEAN LAMPER,3374041006004,21,114,98,233,3374041006004,KOTA SEMARANG,PANDEAN LAMPER,TPS 004,294,233,21,114,98,0.0901,0.4893,0.4206,0.7925,12,245,False,https://pemilu2024.kpu.go.id/pilpres/hitung-suara/33/3374/337404/3374041006/3374041006004,2024-02-15 00:41:44,PASLON 02
JAWA TENGAH,KOTA SEMARANG,GAYAMSARI,PANDEAN LAMPER,3374041006008,35,93,66,194,3374041006008,KOTA SEMARANG,PANDEAN LAMPER,TPS 008,292,194,35,93,66,0.1804,0.4794,0.3402,0.6644,0,194,True,https://pemilu2024.kpu.go.id/pilpres/hitung-suara/33/3374/337404/3374041006/3374041006008,2024-02-15 22:00:27,PASLON 02
JAWA TENGAH,KOTA SEMARANG,GAYAMSARI,PANDEAN LAMPER,3374041006009,4,64,78,146,3374041006009,KOTA SEMARANG,PANDEAN LAMPER,TPS 009,202,146,4,64,78,0.0274,0.4384,0.5342,0.7228,7,153,False,https://pemilu2024.kpu.go.id/pilpres/hitung-suara/33/3374/337404/3374041006/3374041006009,2024-02-15 15:00:29,PASLON 03
JAWA TENGAH,KOTA SEMARANG,GAYAMSARI,PANDEAN LAMPER,3374041006019,58,87,85,230,3374041006019,KOTA SEMARANG,PANDEAN LAMPER,TPS 019,292,230,58,87,85,0.2522,0.3783,0.3696,0.7877,5,235,False,https://pemilu2024.kpu.go.id/pilpres/hitung-suara/33/3374/337404/3374041006/3374041006019,2024-02-16 08:30:27,PASLON 02
JAWA TENGAH,KOTA SEMARANG,GAYAMSARI,PANDEAN LAMPER,3374041006028,33,82,86,201,3374041006028,KOTA SEMARANG,PANDEAN LAMPER,TPS 028,292,201,33,82,86,0.1642,0.408,0.4279,0.6884,0,201,True,https://pemilu2024.kpu.go.id/pilpres/hitung-suara/33/3374/337404/3374041006/3374041006028,2024-02-15 21:01:18,PASLON 03
JAWA TENGAH,KOTA SEMARANG,GAYAMSARI,SAMBIREJO,3374041004002,29,112,83,224,3374041004002,KOTA SEMARANG,SAMBIREJO,TPS 002,292,224,29,112,83,0.1295,0.5,0.3705,0.7671,3,227,True,https://pemilu2024.kpu.go.id/pilpres/hitung-suara/33/3374/337404/3374041004/3374041004002,2024-02-16 14:30:33,PASLON 02
JAWA TENGAH,KOTA SEMARANG,GAYAMSARI,SAMBIREJO,3374041004003,20,106,82,208,3374041004003,KOTA SEMARANG,SAMBIREJO,TPS 003,292,208,20,106,82,0.0962,0.5096,0.3942,0.7123,0,208,True,https://pemilu2024.kpu.go.id/pilpres/hitung-suara/33/3374/337404/3374041004/3374041004003,2024-02-24 22:31:28,PASLON 02
JAWA TENGAH,KOTA SEMARANG,GAYAMSARI,SAMBIREJO,3374041004004,24,119,96,239,3374041004004,KOTA SEMARANG,SAMBIREJO,TPS 004,292,239,24,119,96,0.1004,0.4979,0.4017,0.8185,0,239,True,https://pemilu2024.kpu.go.id/pilpres/hitung-suara/33/3374/337404/3374041004/3374041004004,2024-02-16 06:00:27,PASLON 02
JAWA TENGAH,KOTA SEMARANG,GAYAMSARI,SAMBIREJO,3374041004006,22,122,98,242,3374041004006,KOTA SEMARANG,SAMBIREJO,TPS 006,296,242,22,122,98,0.0909,0.5041,0.405,0.8176,10,242,False,https://pemilu2024.kpu.go.id/pilpres/hitung-suara/33/3374/337404/3374041004/3374041004006,2024-02-15 01:47:43,PASLON 02
JAWA TENGAH,KOTA SEMARANG,GAYAMSARI,SAMBIREJO,3374041004007,14,101,109,224,3374041004007,KOTA SEMARANG,SAMBIREJO,TPS 007,293,224,14,101,109,0.0625,0.4509,0.4866,0.7645,6,230,False,https://pemilu2024.kpu.go.id/pilpres/hitung-suara/33/3374/337404/3374041004/3374041004007,2024-02-16 10:30:29,PASLON 03
JAWA TENGAH,KOTA SEMARANG,GAYAMSARI,SAMBIREJO,3374041004009,28,103,105,236,3374041004009,KOTA SEMARANG,SAMBIREJO,TPS 009,270,236,28,103,105,0.1186,0.4364,0.4449,0.8741,2,238,False,https://pemilu2024.kpu.go.id/pilpres/hitung-suara/33/3374/337404/3374041004/3374041004009,2024-02-15 00:41:44,PASLON 03
JAWA TENGAH,KOTA SEMARANG,GAYAMSARI,SAMBIREJO,3374041004010,22,102,106,230,3374041004010,KOTA SEMARANG,SAMBIREJO,TPS 010,270,230,22,102,106,0.0957,0.4435,0.4609,0.8519,7,237,False,https://pemilu2024.kpu.go.id/pilpres/hitung-suara/33/3374/337404/3374041004/3374041004010,2024-02-16 16:25:10,PASLON 03
JAWA TENGAH,KOTA SEMARANG,GAYAMSARI,SAMBIREJO,3374041004011,23,101,114,238,3374041004011,KOTA SEMARANG,SAMBIREJO,TPS 011,295,238,23,101,114,0.0966,0.4244,0.479,0.8068,7,245,False,https://pemilu2024.kpu.go.id/pilpres/hitung-suara/33/3374/337404/3374041004/3374041004011,2024-02-15 09:00:24,PASLON 03
JAWA TENGAH,KOTA SEMARANG,GAYAMSARI,SAMBIREJO,3374041004012,18,111,96,225,3374041004012,KOTA SEMARANG,SAMBIREJO,TPS 012,293,225,18,111,96,0.08,0.4933,0.4267,0.7679,10,235,False,https://pemilu2024.kpu.go.id/pilpres/hitung-suara/33/3374/337404/3374041004/3374041004012,2024-02-16 06:00:27,PASLON 02
JAWA TENGAH,KOTA SEMARANG,GAYAMSARI,SAMBIREJO,3374041004014,32,114,83,229,3374041004014,KOTA SEMARANG,SAMBIREJO,TPS 014,298,229,32,114,83,0.1397,0.4978,0.3624,0.7685,8,237,False,https://pemilu2024.kpu.go.id/pilpres/hitung-suara/33/3374/337404/3374041004/3374041004014,2024-02-14 21:46:01,PASLON 02
JAWA TENGAH,KOTA SEMARANG,GAYAMSARI,SAMBIREJO,3374041004015,42,105,73,220,3374041004015,KOTA SEMARANG,SAMBIREJO,TPS 015,292,220,42,105,73,0.1909,0.4773,0.3318,0.7534,0,220,True,https://pemilu2024.kpu.go.id/pilpres/hitung-suara/33/3374/337404/3374041004/3374041004015,2024-02-15 05:00:24,PASLON 02
JAWA TENGAH,KOTA SEMARANG,GAYAMSARI,SAMBIREJO,3374041004017,21,113,106,240,3374041004017,KOTA SEMARANG,SAMBIREJO,TPS 017,293,240,21,113,106,0.0875,0.4708,0.4417,0.8191,6,246,False,https://pemilu2024.kpu.go.id/pilpres/hitung-suara/33/3374/337404/3374041004/3374041004017,2024-02-16 14:30:33,PASLON 02
JAWA TENGAH,KOTA SEMARANG,GAYAMSARI,SAMBIREJO,3374041004018,14,89,111,214,3374041004018,KOTA SEMARANG,SAMBIREJO,TPS 018,278,214,14,89,111,0.0654,0.4159,0.5187,0.7698,8,222,False,https://pemilu2024.kpu.go.id/pilpres/hitung-suara/33/3374/337404/3374041004/3374041004018,2024-02-15 00:41:44,PASLON 03
JAWA TENGAH,KOTA SEMARANG,GAYAMSARI,SAMBIREJO,3374041004019,11,125,71,207,3374041004019,KOTA SEMARANG,SAMBIREJO,TPS 019,292,207,11,125,71,0.0531,0.6039,0.343,0.7089,0,207,True,https://pemilu2024.kpu.go.id/pilpres/hitung-suara/33/3374/337404/3374041004/3374041004019,2024-02-16 06:00:27,PASLON 02
JAWA TENGAH,KOTA SEMARANG,GAYAMSARI,SAMBIREJO,3374041004020,34,127,81,242,3374041004020,KOTA SEMARANG,SAMBIREJO,TPS 020,290,242,34,127,81,0.1405,0.5248,0.3347,0.8345,10,252,False,https://pemilu2024.kpu.go.id/pilpres/hitung-suara/33/3374/337404/3374041004/3374041004020,2024-02-14 21:46:01,PASLON 02
JAWA TENGAH,KOTA SEMARANG,GAYAMSARI,SAMBIREJO,3374041004021,17,69,93,179,3374041004021,KOTA SEMARANG,SAMBIREJO,TPS 021,227,179,17,69,93,0.095,0.3855,0.5196,0.7885,4,183,False,https://pemilu2024.kpu.go.id/pilpres/hitung-suara/33/3374/337404/3374041004/3374041004021,2024-02-16 10:30:29,PASLON 03
JAWA TENGAH,KOTA SEMARANG,GAYAMSARI,SAMBIREJO,3374041004022,14,93,90,197,3374041004022,KOTA SEMARANG,SAMBIREJO,TPS 022,225,197,14,93,90,0.0711,0.4721,0.4569,0.8756,2,199,False,https://pemilu2024.kpu.go.id/pilpres/hitung-suara/33/3374/337404/3374041004/3374041004022,2024-02-16 14:30:33,PASLON 02
JAWA TENGAH,KOTA SEMARANG,GAYAMSARI,SAWAH BESAR,3374041003001,22,117,100,239,3374041003001,KOTA SEMARANG,SAWAH BESAR,TPS 001,284,239,22,117,100,0.0921,0.4895,0.4184,0.8415,7,246,False,https://pemilu2024.kpu.go.id/pilpres/hitung-suara/33/3374/337404/3374041003/3374041003001,2024-02-14 21:46:01,PASLON 02
JAWA TENGAH,KOTA SEMARANG,GAYAMSARI,SAWAH BESAR,3374041003004,14,124,93,231,3374041003004,KOTA SEMARANG,SAWAH BESAR,TPS 004,282,231,14,124,93,0.0606,0.5368,0.4026,0.8191,6,237,False,https://pemilu2024.kpu.go.id/pilpres/hitung-suara/33/3374/337404/3374041003/3374041003004,2024-02-15 18:30:25,PASLON 02
JAWA TENGAH,KOTA SEMARANG,GAYAMSARI,SAWAH BESAR,3374041003005,18,99,83,200,3374041003005,KOTA SEMARANG,SAWAH BESAR,TPS 005,238,200,18,99,83,0.09,0.495,0.415,0.8403,3,203,False,https://pemilu2024.kpu.go.id/pilpres/hitung-suara/33/3374/337404/3374041003/3374041003005,2024-02-15 17:00:25,PASLON 02
JAWA TENGAH,KOTA SEMARANG,GAYAMSARI,SAWAH BESAR,3374041003006,20,97,116,233,3374041003006,KOTA SEMARANG,SAWAH BESAR,TPS 006,264,233,20,97,116,0.0858,0.4163,0.4979,0.8826,9,242,False,https://pemilu2024.kpu.go.id/pilpres/hitung-suara/33/3374/337404/3374041003/3374041003006,2024-02-14 21:46:01,PASLON 03
JAWA TENGAH,KOTA SEMARANG,GAYAMSARI,SAWAH BESAR,3374041003007,48,96,92,236,3374041003007,KOTA SEMARANG,SAWAH BESAR,TPS 007,280,236,48,96,92,0.2034,0.4068,0.3898,0.8429,0,236,True,https://pemilu2024.kpu.go.id/pilpres/hitung-suara/33/3374/337404/3374041003/3374041003007,2024-02-16 06:00:27,PASLON 02
JAWA TENGAH,KOTA SEMARANG,GAYAMSARI,SAWAH BESAR,3374041003008,21,144,94,259,3374041003008,KOTA SEMARANG,SAWAH BESAR,TPS 008,293,259,21,144,94,0.0811,0.556,0.3629,0.884,7,266,False,https://pemilu2024.kpu.go.id/pilpres/hitung-suara/33/3374/337404/3374041003/3374041003008,2024-02-16 13:30:32,PASLON 02
JAWA TENGAH,KOTA SEMARANG,GAYAMSARI,SAWAH BESAR,3374041003009,36,89,112,237,3374041003009,KOTA SEMARANG,SAWAH BESAR,TPS 009,278,237,36,89,112,0.1519,0.3755,0.4726,0.8525,3,240,False,https://pemilu2024.kpu.go.id/pilpres/hitung-suara/33/3374/337404/3374041003/3374041003009,2024-02-15 12:00:28,PASLON 03
JAWA TENGAH,KOTA SEMARANG,GAYAMSARI,SAWAH BESAR,3374041003010,16,91,123,230,3374041003010,KOTA SEMARANG,SAWAH BESAR,TPS 010,283,230,16,91,123,0.0696,0.3957,0.5348,0.8127,4,234,False,https://pemilu2024.kpu.go.id/pilpres/hitung-suara/33/3374/337404/3374041003/3374041003010,2024-02-16 14:30:33,PASLON 03
JAWA TENGAH,KOTA SEMARANG,GAYAMSARI,SAWAH BESAR,3374041003011,19,91,135,245,3374041003011,KOTA SEMARANG,SAWAH BESAR,TPS 011,280,245,19,91,135,0.0776,0.3714,0.551,0.875,5,250,False,https://pemilu2024.kpu.go.id/pilpres/hitung-suara/33/3374/337404/3374041003/3374041003011,2024-02-16 14:30:33,PASLON 03
JAWA TENGAH,KOTA SEMARANG,GAYAMSARI,SAWAH BESAR,3374041003012,23,114,110,247,3374041003012,KOTA SEMARANG,SAWAH BESAR,TPS 012,280,247,23,114,110,0.0931,0.4615,0.4453,0.8821,0,247,True,https://pemilu2024.kpu.go.id/pilpres/hitung-suara/33/3374/337404/3374041003/3374041003012,2024-02-15 22:00:27,PASLON 02
JAWA TENGAH,KOTA SEMARANG,GAYAMSARI,SAWAH BESAR,3374041003013,15,134,79,228,3374041003013,KOTA SEMARANG,SAWAH BESAR,TPS 013,286,228,15,134,79,0.0658,0.5877,0.3465,0.7972,9,237,False,https://pemilu2024.kpu.go.id/pilpres/hitung-suara/33/3374/337404/3374041003/3374041003013,2024-02-15 15:00:29,PASLON 02
JAWA TENGAH,KOTA SEMARANG,GAYAMSARI,SAWAH BESAR,3374041003014,17,107,98,222,3374041003014,KOTA SEMARANG,SAWAH BESAR,TPS 014,278,222,17,107,98,0.0766,0.482,0.4414,0.7986,5,227,False,https://pemilu2024.kpu.go.id/pilpres/hitung-suara/33/3374/337404/3374041003/3374041003014,2024-02-16 14:30:33,PASLON 02
JAWA TENGAH,KOTA SEMARANG,GAYAMSARI,SAWAH BESAR,3374041003015,15,130,96,241,3374041003015,KOTA SEMARANG,SAWAH BESAR,TPS 015,282,241,15,130,96,0.0622,0.5394,0.3983,0.8546,6,247,False,https://pemilu2024.kpu.go.id/pilpres/hitung-suara/33/3374/337404/3374041003/3374041003015,2024-02-14 21:46:01,PASLON 02
JAWA TENGAH,KOTA SEMARANG,GAYAMSARI,SAWAH BESAR,3374041003016,16,108,93,217,3374041003016,KOTA SEMARANG,SAWAH BESAR,TPS 016,279,217,16,108,93,0.0737,0.4977,0.4286,0.7778,8,225,False,https://pemilu2024.kpu.go.id/pilpres/hitung-suara/33/3374/337404/3374041003/3374041003016,2024-02-16 06:00:27,PASLON 02
JAWA TENGAH,KOTA SEMARANG,GAYAMSARI,SAWAH BESAR,3374041003017,9,108,105,222,3374041003017,KOTA SEMARANG,SAWAH BESAR,TPS 017,282,222,9,108,105,0.0405,0.4865,0.473,0.7872,8,230,False,https://pemilu2024.kpu.go.id/pilpres/hitung-suara/33/3374/337404/3374041003/3374041003017,2024-02-15 17:00:25,PASLON 02
JAWA TENGAH,KOTA SEMARANG,GAYAMSARI,SAWAH BESAR,3374041003018,18,108,84,210,3374041003018,KOTA SEMARANG,SAWAH BESAR,TPS 018,246,210,18,108,84,0.0857,0.5143,0.4,0.8537,6,216,False,https://pemilu2024.kpu.go.id/pilpres/hitung-suara/33/3374/337404/3374041003/3374041003018,2024-02-14 21:46:01,PASLON 02
JAWA TENGAH,KOTA SEMARANG,GAYAMSARI,SAWAH BESAR,3374041003021,15,152,73,240,3374041003021,KOTA SEMARANG,SAWAH BESAR,TPS 021,297,240,15,152,73,0.0625,0.6333,0.3042,0.8081,8,248,False,https://pemilu2024.kpu.go.id/pilpres/hitung-suara/33/3374/337404/3374041003/3374041003021,2024-02-16 14:30:33,PASLON 02
JAWA TENGAH,KOTA SEMARANG,GAYAMSARI,SAWAH BESAR,3374041003022,18,108,103,229,3374041003022,KOTA SEMARANG,SAWAH BESAR,TPS 022,280,229,18,108,103,0.0786,0.4716,0.4498,0.8179,0,229,True,https://pemilu2024.kpu.go.id/pilpres/hitung-suara/33/3374/337404/3374041003/3374041003022,2024-02-16 06:00:27,PASLON 02
JAWA TENGAH,KOTA SEMARANG,GAYAMSARI,SAWAH BESAR,3374041003023,15,120,88,223,3374041003023,KOTA SEMARANG,SAWAH BESAR,TPS 023,260,223,15,120,88,0.0673,0.5381,0.3946,0.8577,5,228,False,https://pemilu2024.kpu.go.id/pilpres/hitung-suara/33/3374/337404/3374041003/3374041003023,2024-02-14 21:46:01,PASLON 02
JAWA TENGAH,KOTA SEMARANG,GAYAMSARI,SAWAH BESAR,3374041003025,13,111,66,190,3374041003025,KOTA SEMARANG,SAWAH BESAR,TPS 025,216,190,13,111,66,0.0684,0.5842,0.3474,0.8796,9,199,False,https://pemilu2024.kpu.go.id/pilpres/hitung-suara/33/3374/337404/3374041003/3374041003025,2024-02-16 06:00:27,PASLON 02
JAWA TENGAH,KOTA SEMARANG,GAYAMSARI,SIWALAN,3374041005005,23,92,109,224,3374041005005,KOTA SEMARANG,SIWALAN,TPS 005,266,224,23,92,109,0.1027,0.4107,0.4866,0.8421,0,224,True,https://pemilu2024.kpu.go.id/pilpres/hitung-suara/33/3374/337404/3374041005/3374041005005,2024-02-16 06:00:27,PASLON 03
JAWA TENGAH,KOTA SEMARANG,GAYAMSARI,SIWALAN,3374041005006,16,112,99,227,3374041005006,KOTA SEMARANG,SIWALAN,TPS 006,266,227,16,112,99,0.0705,0.4934,0.4361,0.8534,3,230,False,https://pemilu2024.kpu.go.id/pilpres/hitung-suara/33/3374/337404/3374041005/3374041005006,2024-02-16 06:00:27,PASLON 02
JAWA TENGAH,KOTA SEMARANG,GAYAMSARI,SIWALAN,3374041005007,17,111,92,220,3374041005007,KOTA SEMARANG,SIWALAN,TPS 007,266,220,17,111,92,0.0773,0.5045,0.4182,0.8271,0,220,True,https://pemilu2024.kpu.go.id/pilpres/hitung-suara/33/3374/337404/3374041005/3374041005007,2024-02-16 06:00:27,PASLON 02
JAWA TENGAH,KOTA SEMARANG,GAYAMSARI,SIWALAN,3374041005010,10,125,61,196,3374041005010,KOTA SEMARANG,SIWALAN,TPS 010,229,196,10,125,61,0.051,0.6378,0.3112,0.8559,5,201,False,https://pemilu2024.kpu.go.id/pilpres/hitung-suara/33/3374/337404/3374041005/3374041005010,2024-02-15 00:41:44,PASLON 02
JAWA TENGAH,KOTA SEMARANG,GAYAMSARI,SIWALAN,3374041005012,13,100,75,188,3374041005012,KOTA SEMARANG,SIWALAN,TPS 012,266,188,13,100,75,0.0691,0.5319,0.3989,0.7068,0,188,True,https://pemilu2024.kpu.go.id/pilpres/hitung-suara/33/3374/337404/3374041005/3374041005012,2024-02-16 06:00:27,PASLON 02
JAWA TENGAH,KOTA SEMARANG,GAYAMSARI,SIWALAN,3374041005018,22,122,106,250,3374041005018,KOTA SEMARANG,SIWALAN,TPS 018,266,250,22,122,106,0.088,0.488,0.424,0.9398,0,250,True,https://pemilu2024.kpu.go.id/pilpres/hitung-suara/33/3374/337404/3374041005/3374041005018,2024-02-15 22:00:27,PASLON 02
JAWA TENGAH,KOTA SEMARANG,GAYAMSARI,SIWALAN,3374041005020,12,121,106,239,3374041005020,KOTA SEMARANG,SIWALAN,TPS 020,295,239,12,121,106,0.0502,0.5063,0.4435,0.8102,3,242,False,https://pemilu2024.kpu.go.id/pilpres/hitung-suara/33/3374/337404/3374041005/3374041005020,2024-02-15 04:00:24,PASLON 02
JAWA TENGAH,KOTA SEMARANG,GAYAMSARI,SIWALAN,3374041005021,18,95,103,216,3374041005021,KOTA SEMARANG,SIWALAN,TPS 021,266,216,18,95,103,0.0833,0.4398,0.4769,0.812,0,216,True,https://pemilu2024.kpu.go.id/pilpres/hitung-suara/33/3374/337404/3374041005/3374041005021,2024-02-20 09:00:00,PASLON 03
JAWA TENGAH,KOTA SEMARANG,GAYAMSARI,TAMBAKREJO,3374041001001,21,62,60,143,3374041001001,KOTA SEMARANG,TAMBAKREJO,TPS 001,283,143,21,62,60,0.1469,0.4336,0.4196,0.5053,0,143,True,https://pemilu2024.kpu.go.id/pilpres/hitung-suara/33/3374/337404/3374041001/3374041001001,2024-02-16 06:00:27,PASLON 02
JAWA TENGAH,KOTA SEMARANG,GAYAMSARI,TAMBAKREJO,3374041001002,20,115,94,229,3374041001002,KOTA SEMARANG,TAMBAKREJO,TPS 002,282,229,20,115,94,0.0873,0.5022,0.4105,0.8121,7,236,False,https://pemilu2024.kpu.go.id/pilpres/hitung-suara/33/3374/337404/3374041001/3374041001002,2024-02-19 06:16:00,PASLON 02
JAWA TENGAH,KOTA SEMARANG,GAYAMSARI,TAMBAKREJO,3374041001003,31,90,43,164,3374041001003,KOTA SEMARANG,TAMBAKREJO,TPS 003,213,164,31,90,43,0.189,0.5488,0.2622,0.77,3,167,False,https://pemilu2024.kpu.go.id/pilpres/hitung-suara/33/3374/337404/3374041001/3374041001003,2024-02-22 16:00:00,PASLON 02
JAWA TENGAH,KOTA SEMARANG,GAYAMSARI,TAMBAKREJO,3374041001004,54,87,44,185,3374041001004,KOTA SEMARANG,TAMBAKREJO,TPS 004,223,185,54,87,44,0.2919,0.4703,0.2378,0.8296,7,192,False,https://pemilu2024.kpu.go.id/pilpres/hitung-suara/33/3374/337404/3374041001/3374041001004,2024-02-19 19:00:00,PASLON 02
JAWA TENGAH,KOTA SEMARANG,GAYAMSARI,TAMBAKREJO,3374041001005,26,108,116,250,3374041001005,KOTA SEMARANG,TAMBAKREJO,TPS 005,288,250,26,108,116,0.104,0.432,0.464,0.8681,5,255,False,https://pemilu2024.kpu.go.id/pilpres/hitung-suara/33/3374/337404/3374041001/3374041001005,2024-02-21 17:00:00,PASLON 03
JAWA TENGAH,KOTA SEMARANG,GAYAMSARI,TAMBAKREJO,3374041001006,24,110,88,222,3374041001006,KOTA SEMARANG,TAMBAKREJO,TPS 006,295,222,24,110,88,0.1081,0.4955,0.3964,0.7525,4,226,False,https://pemilu2024.kpu.go.id/pilpres/hitung-suara/33/3374/337404/3374041001/3374041001006,2024-02-20 08:00:00,PASLON 02
JAWA TENGAH,KOTA SEMARANG,GAYAMSARI,TAMBAKREJO,3374041001007,12,127,87,226,3374041001007,KOTA SEMARANG,TAMBAKREJO,TPS 007,273,226,12,127,87,0.0531,0.5619,0.385,0.8278,11,237,False,https://pemilu2024.kpu.go.id/pilpres/hitung-suara/33/3374/337404/3374041001/3374041001007,2024-02-21 21:00:04,PASLON 02
JAWA TENGAH,KOTA SEMARANG,GAYAMSARI,TAMBAKREJO,3374041001008,17,108,75,200,3374041001008,KOTA SEMARANG,TAMBAKREJO,TPS 008,281,200,17,108,75,0.085,0.54,0.375,0.7117,11,211,False,https://pemilu2024.kpu.go.id/pilpres/hitung-suara/33/3374/337404/3374041001/3374041001008,2024-02-21 21:00:04,PASLON 02
JAWA TENGAH,KOTA SEMARANG,GAYAMSARI,TAMBAKREJO,3374041001009,33,96,89,218,3374041001009,KOTA SEMARANG,TAMBAKREJO,TPS 009,283,218,33,96,89,0.1514,0.4404,0.4083,0.7703,0,218,True,https://pemilu2024.kpu.go.id/pilpres/hitung-suara/33/3374/337404/3374041001/3374041001009,2024-02-19 06:16:00,PASLON 02
JAWA TENGAH,KOTA SEMARANG,GAYAMSARI,TAMBAKREJO,3374041001010,7,100,119,226,3374041001010,KOTA SEMARANG,TAMBAKREJO,TPS 010,271,226,7,100,119,0.031,0.4425,0.5265,0.8339,3,229,False,https://pemilu2024.kpu.go.id/pilpres/hitung-suara/33/3374/337404/3374041001/3374041001010,2024-02-19 16:00:00,PASLON 03
JAWA TENGAH,KOTA SEMARANG,GAYAMSARI,TAMBAKREJO,3374041001011,28,117,92,237,3374041001011,KOTA SEMARANG,TAMBAKREJO,TPS 011,282,237,28,117,92,0.1181,0.4937,0.3882,0.8404,3,240,False,https://pemilu2024.kpu.go.id/pilpres/hitung-suara/33/3374/337404/3374041001/3374041001011,2024-02-15 09:00:24,PASLON 02
JAWA TENGAH,KOTA SEMARANG,GAYAMSARI,TAMBAKREJO,3374041001012,10,127,88,225,3374041001012,KOTA SEMARANG,TAMBAKREJO,TPS 012,261,225,10,127,88,0.0444,0.5644,0.3911,0.8621,3,228,False,https://pemilu2024.kpu.go.id/pilpres/hitung-suara/33/3374/337404/3374041001/3374041001012,2024-02-16 12:51:22,PASLON 02
JAWA TENGAH,KOTA SEMARANG,GAYAMSARI,TAMBAKREJO,3374041001013,12,107,105,224,3374041001013,KOTA SEMARANG,TAMBAKREJO,TPS 013,284,224,12,107,105,0.0536,0.4777,0.4688,0.7887,4,228,False,https://pemilu2024.kpu.go.id/pilpres/hitung-suara/33/3374/337404/3374041001/3374041001013,2024-02-16 17:00:00,PASLON 02
JAWA TENGAH,KOTA SEMARANG,GAYAMSARI,TAMBAKREJO,3374041001014,25,100,94,219,3374041001014,KOTA SEMARANG,TAMBAKREJO,TPS 014,274,219,25,100,94,0.1142,0.4566,0.4292,0.7993,9,228,False,https://pemilu2024.kpu.go.id/pilpres/hitung-suara/33/3374/337404/3374041001/3374041001014,2024-02-16 00:30:27,PASLON 02
JAWA TENGAH,KOTA SEMARANG,GAYAMSARI,TAMBAKREJO,3374041001015,13,118,96,227,3374041001015,KOTA SEMARANG,TAMBAKREJO,TPS 015,290,227,13,118,96,0.0573,0.5198,0.4229,0.7828,2,229,False,https://pemilu2024.kpu.go.id/pilpres/hitung-suara/33/3374/337404/3374041001/3374041001015,2024-02-16 14:30:33,PASLON 02
JAWA TENGAH,KOTA SEMARANG,GAYAMSARI,TAMBAKREJO,3374041001016,5,129,88,222,3374041001016,KOTA SEMARANG,TAMBAKREJO,TPS 016,291,222,5,129,88,0.0225,0.5811,0.3964,0.7629,3,235,False,https://pemilu2024.kpu.go.id/pilpres/hitung-suara/33/3374/337404/3374041001/3374041001016,2024-02-22 14:00:00,PASLON 02
JAWA TENGAH,KOTA SEMARANG,GAYAMSARI,TAMBAKREJO,3374041001017,10,121,102,233,3374041001017,KOTA SEMARANG,TAMBAKREJO,TPS 017,296,233,10,121,102,0.0429,0.5193,0.4378,0.7872,6,239,False,https://pemilu2024.kpu.go.id/pilpres/hitung-suara/33/3374/337404/3374041001/3374041001017,2024-02-15 00:41:44,PASLON 02
JAWA TENGAH,KOTA SEMARANG,GAYAMSARI,TAMBAKREJO,3374041001018,8,129,109,246,3374041001018,KOTA SEMARANG,TAMBAKREJO,TPS 018,292,246,8,129,109,0.0325,0.5244,0.4431,0.8425,12,258,False,https://pemilu2024.kpu.go.id/pilpres/hitung-suara/33/3374/337404/3374041001/3374041001018,2024-02-20 21:00:00,PASLON 02
JAWA TENGAH,KOTA SEMARANG,GAYAMSARI,TAMBAKREJO,3374041001019,13,143,103,259,3374041001019,KOTA SEMARANG,TAMBAKREJO,TPS 019,289,259,13,143,103,0.0502,0.5521,0.3977,0.8962,4,4,False,https://pemilu2024.kpu.go.id/pilpres/hitung-suara/33/3374/337404/3374041001/3374041001019,2024-02-22 00:00:00,PASLON 02
JAWA TENGAH,KOTA SEMARANG,GAYAMSARI,TAMBAKREJO,3374041001020,13,132,97,242,3374041001020,KOTA SEMARANG,TAMBAKREJO,TPS 020,285,242,13,132,97,0.0537,0.5455,0.4008,0.8491,6,248,False,https://pemilu2024.kpu.go.id/pilpres/hitung-suara/33/3374/337404/3374041001/3374041001020,2024-02-22 14:00:00,PASLON 02
JAWA TENGAH,KOTA SEMARANG,GAYAMSARI,TAMBAKREJO,3374041001021,18,117,106,241,3374041001021,KOTA SEMARANG,TAMBAKREJO,TPS 021,296,241,18,117,106,0.0747,0.4855,0.4398,0.8142,9,250,False,https://pemilu2024.kpu.go.id/pilpres/hitung-suara/33/3374/337404/3374041001/3374041001021,2024-02-22 14:00:00,PASLON 02
JAWA TENGAH,KOTA SEMARANG,GAYAMSARI,TAMBAKREJO,3374041001022,12,122,87,221,3374041001022,KOTA SEMARANG,TAMBAKREJO,TPS 022,283,221,12,122,87,0.0543,0.552,0.3937,0.7809,0,221,True,https://pemilu2024.kpu.go.id/pilpres/hitung-suara/33/3374/337404/3374041001/3374041001022,2024-02-16 06:00:27,PASLON 02
JAWA TENGAH,KOTA SEMARANG,GAYAMSARI,TAMBAKREJO,3374041001023,15,87,123,225,3374041001023,KOTA SEMARANG,TAMBAKREJO,TPS 023,271,225,15,87,123,0.0667,0.3867,0.5467,0.8303,7,232,False,https://pemilu2024.kpu.go.id/pilpres/hitung-suara/33/3374/337404/3374041001/3374041001023,2024-02-24 22:31:28,PASLON 03
JAWA TENGAH,KOTA SEMARANG,GAYAMSARI,TAMBAKREJO,3374041001025,29,142,74,245,3374041001025,KOTA SEMARANG,TAMBAKREJO,TPS 025,283,245,29,142,74,0.1184,0.5796,0.302,0.8657,9,254,False,https://pemilu2024.kpu.go.id/pilpres/hitung-suara/33/3374/337404/3374041001/3374041001025,2024-02-17 11:30:03,PASLON 02
JAWA TENGAH,KOTA SEMARANG,GAYAMSARI,TAMBAKREJO,3374041001026,17,155,73,245,3374041001026,KOTA SEMARANG,TAMBAKREJO,TPS 026,283,245,17,155,73,0.0694,0.6327,0.298,0.8657,0,245,True,https://pemilu2024.kpu.go.id/pilpres/hitung-suara/33/3374/337404/3374041001/3374041001026,2024-02-15 21:30:27,PASLON 02
JAWA TENGAH,KOTA SEMARANG,GENUK,BANGETAYU KULON,3374051010001,24,127,122,273,3374051010001,KOTA SEMARANG,BANGETAYU KULON,TPS 001,296,273,24,127,122,0.0879,0.4652,0.4469,0.9223,10,283,False,https://pemilu2024.kpu.go.id/pilpres/hitung-suara/33/3374/337405/3374051010/3374051010001,2024-02-15 00:41:44,PASLON 02
JAWA TENGAH,KOTA SEMARANG,GENUK,BANGETAYU KULON,3374051010003,25,127,111,263,3374051010003,KOTA SEMARANG,BANGETAYU KULON,TPS 003,299,263,25,127,111,0.0951,0.4829,0.4221,0.8796,7,270,False,https://pemilu2024.kpu.go.id/pilpres/hitung-suara/33/3374/337405/3374051010/3374051010003,2024-02-16 14:30:33,PASLON 02
JAWA TENGAH,KOTA SEMARANG,GENUK,BANGETAYU KULON,3374051010004,39,93,83,215,3374051010004,KOTA SEMARANG,BANGETAYU KULON,TPS 004,282,215,39,93,83,0.1814,0.4326,0.386,0.7624,0,215,True,https://pemilu2024.kpu.go.id/pilpres/hitung-suara/33/3374/337405/3374051010/3374051010004,2024-02-16 10:30:29,PASLON 02
JAWA TENGAH,KOTA SEMARANG,GENUK,BANGETAYU KULON,3374051010005,12,143,96,251,3374051010005,KOTA SEMARANG,BANGETAYU KULON,TPS 005,282,251,12,143,96,0.0478,0.5697,0.3825,0.8901,0,251,True,https://pemilu2024.kpu.go.id/pilpres/hitung-suara/33/3374/337405/3374051010/3374051010005,2024-02-19 06:16:00,PASLON 02
JAWA TENGAH,KOTA SEMARANG,GENUK,BANGETAYU KULON,3374051010007,23,124,92,239,3374051010007,KOTA SEMARANG,BANGETAYU KULON,TPS 007,243,239,23,124,92,0.0962,0.5188,0.3849,0.9835,8,247,False,https://pemilu2024.kpu.go.id/pilpres/hitung-suara/33/3374/337405/3374051010/3374051010007,2024-02-15 05:00:24,PASLON 02
JAWA TENGAH,KOTA SEMARANG,GENUK,BANGETAYU KULON,3374051010008,23,104,99,226,3374051010008,KOTA SEMARANG,BANGETAYU KULON,TPS 008,267,226,23,104,99,0.1018,0.4602,0.4381,0.8464,3,229,False,https://pemilu2024.kpu.go.id/pilpres/hitung-suara/33/3374/337405/3374051010/3374051010008,2024-02-15 20:00:44,PASLON 02
JAWA TENGAH,KOTA SEMARANG,GENUK,BANGETAYU KULON,3374051010009,24,151,76,251,3374051010009,KOTA SEMARANG,BANGETAYU KULON,TPS 009,299,251,24,151,76,0.0956,0.6016,0.3028,0.8395,6,257,False,https://pemilu2024.kpu.go.id/pilpres/hitung-suara/33/3374/337405/3374051010/3374051010009,2024-02-16 12:51:22,PASLON 02
JAWA TENGAH,KOTA SEMARANG,GENUK,BANGETAYU KULON,3374051010010,32,98,96,226,3374051010010,KOTA SEMARANG,BANGETAYU KULON,TPS 010,282,226,32,98,96,0.1416,0.4336,0.4248,0.8014,0,226,True,https://pemilu2024.kpu.go.id/pilpres/hitung-suara/33/3374/337405/3374051010/3374051010010,2024-02-16 16:25:10,PASLON 02
JAWA TENGAH,KOTA SEMARANG,GENUK,BANGETAYU KULON,3374051010011,15,114,100,229,3374051010011,KOTA SEMARANG,BANGETAYU KULON,TPS 011,279,229,15,114,100,0.0655,0.4978,0.4367,0.8208,8,237,False,https://pemilu2024.kpu.go.id/pilpres/hitung-suara/33/3374/337405/3374051010/3374051010011,2024-02-14 21:46:01,PASLON 02
JAWA TENGAH,KOTA SEMARANG,GENUK,BANGETAYU KULON,3374051010012,47,127,81,255,3374051010012,KOTA SEMARANG,BANGETAYU KULON,TPS 012,300,255,47,127,81,0.1843,0.498,0.3176,0.85,7,262,False,https://pemilu2024.kpu.go.id/pilpres/hitung-suara/33/3374/337405/3374051010/3374051010012,2024-02-15 20:00:44,PASLON 02
JAWA TENGAH,KOTA SEMARANG,GENUK,BANGETAYU KULON,3374051010013,32,154,83,269,3374051010013,KOTA SEMARANG,BANGETAYU KULON,TPS 013,297,269,32,154,83,0.119,0.5725,0.3086,0.9057,3,272,False,https://pemilu2024.kpu.go.id/pilpres/hitung-suara/33/3374/337405/3374051010/3374051010013,2024-02-19 06:16:00,PASLON 02
JAWA TENGAH,KOTA SEMARANG,GENUK,BANGETAYU KULON,3374051010014,35,133,77,245,3374051010014,KOTA SEMARANG,BANGETAYU KULON,TPS 014,296,245,35,133,77,0.1429,0.5429,0.3143,0.8277,5,250,False,https://pemilu2024.kpu.go.id/pilpres/hitung-suara/33/3374/337405/3374051010/3374051010014,2024-02-14 21:46:01,PASLON 02
JAWA TENGAH,KOTA SEMARANG,GENUK,BANGETAYU KULON,3374051010015,29,84,83,196,3374051010015,KOTA SEMARANG,BANGETAYU KULON,TPS 015,241,196,29,84,83,0.148,0.4286,0.4235,0.8133,13,209,False,https://pemilu2024.kpu.go.id/pilpres/hitung-suara/33/3374/337405/3374051010/3374051010015,2024-02-16 14:00:34,PASLON 02
JAWA TENGAH,KOTA SEMARANG,GENUK,BANGETAYU KULON,3374051010016,30,113,66,209,3374051010016,KOTA SEMARANG,BANGETAYU KULON,TPS 016,282,209,30,113,66,0.1435,0.5407,0.3158,0.7411,0,209,True,https://pemilu2024.kpu.go.id/pilpres/hitung-suara/33/3374/337405/3374051010/3374051010016,2024-02-16 10:00:28,PASLON 02
JAWA TENGAH,KOTA SEMARANG,GENUK,BANGETAYU KULON,3374051010017,22,113,53,188,3374051010017,KOTA SEMARANG,BANGETAYU KULON,TPS 017,237,188,22,113,53,0.117,0.6011,0.2819,0.7932,8,196,False,https://pemilu2024.kpu.go.id/pilpres/hitung-suara/33/3374/337405/3374051010/3374051010017,2024-02-15 19:00:26,PASLON 02
JAWA TENGAH,KOTA SEMARANG,GENUK,BANGETAYU KULON,3374051010018,24,128,59,211,3374051010018,KOTA SEMARANG,BANGETAYU KULON,TPS 018,282,211,24,128,59,0.1137,0.6066,0.2796,0.7482,0,211,True,https://pemilu2024.kpu.go.id/pilpres/hitung-suara/33/3374/337405/3374051010/3374051010018,2024-02-16 10:00:28,PASLON 02
JAWA TENGAH,KOTA SEMARANG,GENUK,BANGETAYU KULON,3374051010020,17,124,106,247,3374051010020,KOTA SEMARANG,BANGETAYU KULON,TPS 020,288,247,17,124,106,0.0688,0.502,0.4291,0.8576,2,249,False,https://pemilu2024.kpu.go.id/pilpres/hitung-suara/33/3374/337405/3374051010/3374051010020,2024-02-16 02:00:27,PASLON 02
JAWA TENGAH,KOTA SEMARANG,GENUK,BANGETAYU KULON,3374051010021,16,142,82,240,3374051010021,KOTA SEMARANG,BANGETAYU KULON,TPS 021,282,240,16,142,82,0.0667,0.5917,0.3417,0.8511,9,249,False,https://pemilu2024.kpu.go.id/pilpres/hitung-suara/33/3374/337405/3374051010/3374051010021,2024-02-16 10:00:28,PASLON 02
JAWA TENGAH,KOTA SEMARANG,GENUK,BANGETAYU KULON,3374051010022,27,158,70,255,3374051010022,KOTA SEMARANG,BANGETAYU KULON,TPS 022,299,255,27,158,70,0.1059,0.6196,0.2745,0.8528,4,259,False,https://pemilu2024.kpu.go.id/pilpres/hitung-suara/33/3374/337405/3374051010/3374051010022,2024-02-15 12:00:28,PASLON 02
JAWA TENGAH,KOTA SEMARANG,GENUK,BANGETAYU KULON,3374051010023,15,129,90,234,3374051010023,KOTA SEMARANG,BANGETAYU KULON,TPS 023,287,234,15,129,90,0.0641,0.5513,0.3846,0.8153,6,240,False,https://pemilu2024.kpu.go.id/pilpres/hitung-suara/33/3374/337405/3374051010/3374051010023,2024-02-15 22:00:27,PASLON 02
JAWA TENGAH,KOTA SEMARANG,GENUK,BANGETAYU KULON,3374051010024,17,148,64,229,3374051010024,KOTA SEMARANG,BANGETAYU KULON,TPS 024,270,229,17,148,64,0.0742,0.6463,0.2795,0.8481,7,236,False,https://pemilu2024.kpu.go.id/pilpres/hitung-suara/33/3374/337405/3374051010/3374051010024,2024-02-14 21:46:01,PASLON 02
JAWA TENGAH,KOTA SEMARANG,GENUK,BANGETAYU KULON,3374051010025,16,128,104,248,3374051010025,KOTA SEMARANG,BANGETAYU KULON,TPS 025,282,248,16,128,104,0.0645,0.5161,0.4194,0.8794,0,248,True,https://pemilu2024.kpu.go.id/pilpres/hitung-suara/33/3374/337405/3374051010/3374051010025,2024-02-16 16:25:10,PASLON 02
JAWA TENGAH,KOTA SEMARANG,GENUK,BANGETAYU KULON,3374051010026,9,92,97,198,3374051010026,KOTA SEMARANG,BANGETAYU KULON,TPS 026,282,198,9,92,97,0.0455,0.4646,0.4899,0.7021,0,198,True,https://pemilu2024.kpu.go.id/pilpres/hitung-suara/33/3374/337405/3374051010/3374051010026,2024-02-17 14:45:18,PASLON 03
JAWA TENGAH,KOTA SEMARANG,GENUK,BANGETAYU KULON,3374051010027,38,126,74,238,3374051010027,KOTA SEMARANG,BANGETAYU KULON,TPS 027,275,238,38,126,74,0.1597,0.5294,0.3109,0.8655,8,246,False,https://pemilu2024.kpu.go.id/pilpres/hitung-suara/33/3374/337405/3374051010/3374051010027,2024-02-15 15:30:25,PASLON 02
JAWA TENGAH,KOTA SEMARANG,GENUK,BANGETAYU KULON,3374051010028,20,89,85,194,3374051010028,KOTA SEMARANG,BANGETAYU KULON,TPS 028,235,194,20,89,85,0.1031,0.4588,0.4381,0.8255,8,202,False,https://pemilu2024.kpu.go.id/pilpres/hitung-suara/33/3374/337405/3374051010/3374051010028,2024-02-22 16:00:00,PASLON 02
JAWA TENGAH,KOTA SEMARANG,GENUK,BANGETAYU KULON,3374051010029,31,132,94,257,3374051010029,KOTA SEMARANG,BANGETAYU KULON,TPS 029,296,257,31,132,94,0.1206,0.5136,0.3658,0.8682,0,257,False,https://pemilu2024.kpu.go.id/pilpres/hitung-suara/33/3374/337405/3374051010/3374051010029,2024-02-15 19:00:26,PASLON 02
JAWA TENGAH,KOTA SEMARANG,GENUK,BANGETAYU KULON,3374051010030,11,102,96,209,3374051010030,KOTA SEMARANG,BANGETAYU KULON,TPS 030,240,209,11,102,96,0.0526,0.488,0.4593,0.8708,6,215,False,https://pemilu2024.kpu.go.id/pilpres/hitung-suara/33/3374/337405/3374051010/3374051010030,2024-02-15 20:00:44,PASLON 02
JAWA TENGAH,KOTA SEMARANG,GENUK,BANGETAYU KULON,3374051010031,33,90,85,208,3374051010031,KOTA SEMARANG,BANGETAYU KULON,TPS 031,265,208,33,90,85,0.1587,0.4327,0.4087,0.7849,7,215,False,https://pemilu2024.kpu.go.id/pilpres/hitung-suara/33/3374/337405/3374051010/3374051010031,2024-02-14 21:46:01,PASLON 02
JAWA TENGAH,KOTA SEMARANG,GENUK,BANGETAYU KULON,3374051010032,29,105,114,248,3374051010032,KOTA SEMARANG,BANGETAYU KULON,TPS 032,292,248,29,105,114,0.1169,0.4234,0.4597,0.8493,5,253,False,https://pemilu2024.kpu.go.id/pilpres/hitung-suara/33/3374/337405/3374051010/3374051010032,2024-02-15 03:06:03,PASLON 03
JAWA TENGAH,KOTA SEMARANG,GENUK,BANGETAYU KULON,3374051010033,26,106,55,187,3374051010033,KOTA SEMARANG,BANGETAYU KULON,TPS 033,230,187,26,106,55,0.139,0.5668,0.2941,0.813,10,197,False,https://pemilu2024.kpu.go.id/pilpres/hitung-suara/33/3374/337405/3374051010/3374051010033,2024-02-24 22:31:28,PASLON 02
JAWA TENGAH,KOTA SEMARANG,GENUK,BANGETAYU KULON,3374051010036,51,171,53,275,3374051010036,KOTA SEMARANG,BANGETAYU KULON,TPS 036,288,275,51,171,53,0.1855,0.6218,0.1927,0.9549,7,282,False,https://pemilu2024.kpu.go.id/pilpres/hitung-suara/33/3374/337405/3374051010/3374051010036,2024-02-16 10:00:28,PASLON 02
JAWA TENGAH,KOTA SEMARANG,GENUK,BANGETAYU KULON,3374051010037,21,137,72,230,3374051010037,KOTA SEMARANG,BANGETAYU KULON,TPS 037,271,230,21,137,72,0.0913,0.5957,0.313,0.8487,2,232,False,https://pemilu2024.kpu.go.id/pilpres/hitung-suara/33/3374/337405/3374051010/3374051010037,2024-02-21 18:00:00,PASLON 02
JAWA TENGAH,KOTA SEMARANG,GENUK,BANGETAYU KULON,3374051010038,34,140,100,274,3374051010038,KOTA SEMARANG,BANGETAYU KULON,TPS 038,274,274,34,140,100,0.1241,0.5109,0.365,1.0,10,284,False,https://pemilu2024.kpu.go.id/pilpres/hitung-suara/33/3374/337405/3374051010/3374051010038,2024-02-15 05:00:24,PASLON 02
JAWA TENGAH,KOTA SEMARANG,GENUK,BANGETAYU KULON,3374051010039,24,141,56,221,3374051010039,KOTA SEMARANG,BANGETAYU KULON,TPS 039,282,221,24,141,56,0.1086,0.638,0.2534,0.7837,0,221,True,https://pemilu2024.kpu.go.id/pilpres/hitung-suara/33/3374/337405/3374051010/3374051010039,2024-02-16 10:00:28,PASLON 02
JAWA TENGAH,KOTA SEMARANG,GENUK,BANGETAYU KULON,3374051010041,24,110,95,229,3374051010041,KOTA SEMARANG,BANGETAYU KULON,TPS 041,279,229,24,110,95,0.1048,0.4803,0.4148,0.8208,8,237,False,https://pemilu2024.kpu.go.id/pilpres/hitung-suara/33/3374/337405/3374051010/3374051010041,2024-02-16 16:25:10,PASLON 02
JAWA TENGAH,KOTA SEMARANG,GENUK,BANGETAYU KULON,3374051010042,27,103,71,201,3374051010042,KOTA SEMARANG,BANGETAYU KULON,TPS 042,282,201,27,103,71,0.1343,0.5124,0.3532,0.7128,0,201,True,https://pemilu2024.kpu.go.id/pilpres/hitung-suara/33/3374/337405/3374051010/3374051010042,2024-02-19 06:16:00,PASLON 02
JAWA TENGAH,KOTA SEMARANG,GENUK,BANGETAYU KULON,3374051010043,15,129,125,269,3374051010043,KOTA SEMARANG,BANGETAYU KULON,TPS 043,269,269,15,129,125,0.0558,0.4796,0.4647,1.0,2,271,False,https://pemilu2024.kpu.go.id/pilpres/hitung-suara/33/3374/337405/3374051010/3374051010043,2024-02-14 21:46:01,PASLON 02
JAWA TENGAH,KOTA SEMARANG,GENUK,BANGETAYU KULON,3374051010044,24,108,97,229,3374051010044,KOTA SEMARANG,BANGETAYU KULON,TPS 044,271,229,24,108,97,0.1048,0.4716,0.4236,0.845,4,233,False,https://pemilu2024.kpu.go.id/pilpres/hitung-suara/33/3374/337405/3374051010/3374051010044,2024-02-15 05:00:24,PASLON 02
JAWA TENGAH,KOTA SEMARANG,GENUK,BANGETAYU KULON,3374051010045,9,107,73,189,3374051010045,KOTA SEMARANG,BANGETAYU KULON,TPS 045,282,189,9,107,73,0.0476,0.5661,0.3862,0.6702,0,189,True,https://pemilu2024.kpu.go.id/pilpres/hitung-suara/33/3374/337405/3374051010/3374051010045,2024-02-22 14:00:00,PASLON 02
JAWA TENGAH,KOTA SEMARANG,GENUK,BANGETAYU KULON,3374051010046,46,127,100,273,3374051010046,KOTA SEMARANG,BANGETAYU KULON,TPS 046,297,273,46,127,100,0.1685,0.4652,0.3663,0.9192,4,277,False,https://pemilu2024.kpu.go.id/pilpres/hitung-suara/33/3374/337405/3374051010/3374051010046,2024-02-15 17:30:25,PASLON 02
JAWA TENGAH,KOTA SEMARANG,GENUK,BANGETAYU KULON,3374051010047,18,146,92,256,3374051010047,KOTA SEMARANG,BANGETAYU KULON,TPS 047,299,256,18,146,92,0.0703,0.5703,0.3594,0.8562,4,260,False,https://pemilu2024.kpu.go.id/pilpres/hitung-suara/33/3374/337405/3374051010/3374051010047,2024-02-14 21:46:01,PASLON 02
JAWA TENGAH,KOTA SEMARANG,GENUK,BANGETAYU KULON,3374051010048,18,137,98,253,3374051010048,KOTA SEMARANG,BANGETAYU KULON,TPS 048,293,253,18,137,98,0.0711,0.5415,0.3874,0.8635,5,258,False,https://pemilu2024.kpu.go.id/pilpres/hitung-suara/33/3374/337405/3374051010/3374051010048,2024-02-16 16:25:10,PASLON 02
JAWA TENGAH,KOTA SEMARANG,GENUK,BANGETAYU KULON,3374051010049,12,102,98,212,3374051010049,KOTA SEMARANG,BANGETAYU KULON,TPS 049,286,212,12,102,98,0.0566,0.4811,0.4623,0.7413,8,220,False,https://pemilu2024.kpu.go.id/pilpres/hitung-suara/33/3374/337405/3374051010/3374051010049,2024-02-16 09:30:28,PASLON 02
JAWA TENGAH,KOTA SEMARANG,GENUK,BANGETAYU WETAN,3374051011001,46,119,59,224,3374051011001,KOTA SEMARANG,BANGETAYU WETAN,TPS 001,283,224,46,119,59,0.2054,0.5312,0.2634,0.7915,0,224,True,https://pemilu2024.kpu.go.id/pilpres/hitung-suara/33/3374/337405/3374051011/3374051011001,2024-02-16 10:00:28,PASLON 02
JAWA TENGAH,KOTA SEMARANG,GENUK,BANGETAYU WETAN,3374051011002,28,132,77,237,3374051011002,KOTA SEMARANG,BANGETAYU WETAN,TPS 002,269,237,28,132,77,0.1181,0.557,0.3249,0.881,13,250,False,https://pemilu2024.kpu.go.id/pilpres/hitung-suara/33/3374/337405/3374051011/3374051011002,2024-02-15 17:30:25,PASLON 02
JAWA TENGAH,KOTA SEMARANG,GENUK,BANGETAYU WETAN,3374051011003,54,112,55,221,3374051011003,KOTA SEMARANG,BANGETAYU WETAN,TPS 003,283,221,54,112,55,0.2443,0.5068,0.2489,0.7809,0,221,True,https://pemilu2024.kpu.go.id/pilpres/hitung-suara/33/3374/337405/3374051011/3374051011003,2024-02-15 09:00:24,PASLON 02
JAWA TENGAH,KOTA SEMARANG,GENUK,BANGETAYU WETAN,3374051011004,39,128,72,239,3374051011004,KOTA SEMARANG,BANGETAYU WETAN,TPS 004,292,239,39,128,72,0.1632,0.5356,0.3013,0.8185,6,245,False,https://pemilu2024.kpu.go.id/pilpres/hitung-suara/33/3374/337405/3374051011/3374051011004,2024-02-16 16:25:10,PASLON 02
JAWA TENGAH,KOTA SEMARANG,GENUK,BANGETAYU WETAN,3374051011005,48,121,72,241,3374051011005,KOTA SEMARANG,BANGETAYU WETAN,TPS 005,256,241,48,121,72,0.1992,0.5021,0.2988,0.9414,10,251,False,https://pemilu2024.kpu.go.id/pilpres/hitung-suara/33/3374/337405/3374051011/3374051011005,2024-02-16 16:25:10,PASLON 02
JAWA TENGAH,KOTA SEMARANG,GENUK,BANGETAYU WETAN,3374051011006,24,129,59,212,3374051011006,KOTA SEMARANG,BANGETAYU WETAN,TPS 006,283,212,24,129,59,0.1132,0.6085,0.2783,0.7491,0,212,True,https://pemilu2024.kpu.go.id/pilpres/hitung-suara/33/3374/337405/3374051011/3374051011006,2024-02-15 17:30:25,PASLON 02
JAWA TENGAH,KOTA SEMARANG,GENUK,BANGETAYU WETAN,3374051011007,25,131,93,249,3374051011007,KOTA SEMARANG,BANGETAYU WETAN,TPS 007,277,249,25,131,93,0.1004,0.5261,0.3735,0.8989,2,251,False,https://pemilu2024.kpu.go.id/pilpres/hitung-suara/33/3374/337405/3374051011/3374051011007,2024-02-15 20:00:44,PASLON 02
JAWA TENGAH,KOTA SEMARANG,GENUK,BANGETAYU WETAN,3374051011008,30,127,86,243,3374051011008,KOTA SEMARANG,BANGETAYU WETAN,TPS 008,291,243,30,127,86,0.1235,0.5226,0.3539,0.8351,3,246,False,https://pemilu2024.kpu.go.id/pilpres/hitung-suara/33/3374/337405/3374051011/3374051011008,2024-02-16 16:25:10,PASLON 02
JAWA TENGAH,KOTA SEMARANG,GENUK,BANGETAYU WETAN,3374051011010,39,112,84,235,3374051011010,KOTA SEMARANG,BANGETAYU WETAN,TPS 010,283,235,39,112,84,0.166,0.4766,0.3574,0.8304,7,242,False,https://pemilu2024.kpu.go.id/pilpres/hitung-suara/33/3374/337405/3374051011/3374051011010,2024-02-16 16:25:10,PASLON 02
JAWA TENGAH,KOTA SEMARANG,GENUK,BANGETAYU WETAN,3374051011011,34,128,87,249,3374051011011,KOTA SEMARANG,BANGETAYU WETAN,TPS 011,255,249,34,128,87,0.1365,0.5141,0.3494,0.9765,8,257,False,https://pemilu2024.kpu.go.id/pilpres/hitung-suara/33/3374/337405/3374051011/3374051011011,2024-02-15 17:30:25,PASLON 02
JAWA TENGAH,KOTA SEMARANG,GENUK,BANGETAYU WETAN,3374051011012,49,98,84,231,3374051011012,KOTA SEMARANG,BANGETAYU WETAN,TPS 012,269,231,49,98,84,0.2121,0.4242,0.3636,0.8587,5,236,False,https://pemilu2024.kpu.go.id/pilpres/hitung-suara/33/3374/337405/3374051011/3374051011012,2024-02-15 20:00:44,PASLON 02
JAWA TENGAH,KOTA SEMARANG,GENUK,BANGETAYU WETAN,3374051011013,20,137,84,241,3374051011013,KOTA SEMARANG,BANGETAYU WETAN,TPS 013,284,241,20,137,84,0.083,0.5685,0.3485,0.8486,2,243,False,https://pemilu2024.kpu.go.id/pilpres/hitung-suara/33/3374/337405/3374051011/3374051011013,2024-02-15 05:00:24,PASLON 02
JAWA TENGAH,KOTA SEMARANG,GENUK,BANGETAYU WETAN,3374051011014,19,134,88,241,3374051011014,KOTA SEMARANG,BANGETAYU WETAN,TPS 014,287,241,19,134,88,0.0788,0.556,0.3651,0.8397,4,245,False,https://pemilu2024.kpu.go.id/pilpres/hitung-suara/33/3374/337405/3374051011/3374051011014,2024-02-16 10:00:28,PASLON 02
JAWA TENGAH,KOTA SEMARANG,GENUK,BANGETAYU WETAN,3374051011015,31,129,81,241,3374051011015,KOTA SEMARANG,BANGETAYU WETAN,TPS 015,287,241,31,129,81,0.1286,0.5353,0.3361,0.8397,5,246,False,https://pemilu2024.kpu.go.id/pilpres/hitung-suara/33/3374/337405/3374051011/3374051011015,2024-02-15 05:00:24,PASLON 02
JAWA TENGAH,KOTA SEMARANG,GENUK,BANGETAYU WETAN,3374051011016,28,145,63,236,3374051011016,KOTA SEMARANG,BANGETAYU WETAN,TPS 016,282,236,28,145,63,0.1186,0.6144,0.2669,0.8369,9,245,False,https://pemilu2024.kpu.go.id/pilpres/hitung-suara/33/3374/337405/3374051011/3374051011016,2024-02-16 16:25:10,PASLON 02
JAWA TENGAH,KOTA SEMARANG,GENUK,BANGETAYU WETAN,3374051011017,17,148,72,237,3374051011017,KOTA SEMARANG,BANGETAYU WETAN,TPS 017,283,237,17,148,72,0.0717,0.6245,0.3038,0.8375,0,237,True,https://pemilu2024.kpu.go.id/pilpres/hitung-suara/33/3374/337405/3374051011/3374051011017,2024-02-15 17:30:25,PASLON 02
JAWA TENGAH,KOTA SEMARANG,GENUK,BANGETAYU WETAN,3374051011018,31,136,69,236,3374051011018,KOTA SEMARANG,BANGETAYU WETAN,TPS 018,271,236,31,136,69,0.1314,0.5763,0.2924,0.8708,3,239,False,https://pemilu2024.kpu.go.id/pilpres/hitung-suara/33/3374/337405/3374051011/3374051011018,2024-02-14 21:46:01,PASLON 02
JAWA TENGAH,KOTA SEMARANG,GENUK,BANGETAYU WETAN,3374051011019,35,108,78,221,3374051011019,KOTA SEMARANG,BANGETAYU WETAN,TPS 019,283,221,35,108,78,0.1584,0.4887,0.3529,0.7809,7,228,False,https://pemilu2024.kpu.go.id/pilpres/hitung-suara/33/3374/337405/3374051011/3374051011019,2024-02-17 12:00:00,PASLON 02
JAWA TENGAH,KOTA SEMARANG,GENUK,BANGETAYU WETAN,3374051011020,47,135,70,252,3374051011020,KOTA SEMARANG,BANGETAYU WETAN,TPS 020,283,252,47,135,70,0.1865,0.5357,0.2778,0.8905,0,252,True,https://pemilu2024.kpu.go.id/pilpres/hitung-suara/33/3374/337405/3374051011/3374051011020,2024-02-16 14:30:33,PASLON 02
JAWA TENGAH,KOTA SEMARANG,GENUK,BANGETAYU WETAN,3374051011021,47,129,74,250,3374051011021,KOTA SEMARANG,BANGETAYU WETAN,TPS 021,283,250,47,129,74,0.188,0.516,0.296,0.8834,0,250,True,https://pemilu2024.kpu.go.id/pilpres/hitung-suara/33/3374/337405/3374051011/3374051011021,2024-02-16 10:00:28,PASLON 02
JAWA TENGAH,KOTA SEMARANG,GENUK,BANGETAYU WETAN,3374051011022,24,146,78,248,3374051011022,KOTA SEMARANG,BANGETAYU WETAN,TPS 022,291,248,24,146,78,0.0968,0.5887,0.3145,0.8522,7,255,False,https://pemilu2024.kpu.go.id/pilpres/hitung-suara/33/3374/337405/3374051011/3374051011022,2024-02-14 21:46:01,PASLON 02
JAWA TENGAH,KOTA SEMARANG,GENUK,BANGETAYU WETAN,3374051011023,23,122,129,274,3374051011023,KOTA SEMARANG,BANGETAYU WETAN,TPS 023,283,274,23,122,129,0.0839,0.4453,0.4708,0.9682,0,274,True,https://pemilu2024.kpu.go.id/pilpres/hitung-suara/33/3374/337405/3374051011/3374051011023,2024-02-15 05:00:24,PASLON 03
JAWA TENGAH,KOTA SEMARANG,GENUK,BANGETAYU WETAN,3374051011024,34,141,67,242,3374051011024,KOTA SEMARANG,BANGETAYU WETAN,TPS 024,262,242,34,141,67,0.1405,0.5826,0.2769,0.9237,2,244,False,https://pemilu2024.kpu.go.id/pilpres/hitung-suara/33/3374/337405/3374051011/3374051011024,2024-02-19 06:16:00,PASLON 02
JAWA TENGAH,KOTA SEMARANG,GENUK,BANGETAYU WETAN,3374051011025,24,152,82,258,3374051011025,KOTA SEMARANG,BANGETAYU WETAN,TPS 025,292,258,24,152,82,0.093,0.5891,0.3178,0.8836,6,264,False,https://pemilu2024.kpu.go.id/pilpres/hitung-suara/33/3374/337405/3374051011/3374051011025,2024-02-16 16:25:10,PASLON 02
JAWA TENGAH,KOTA SEMARANG,GENUK,BANGETAYU WETAN,3374051011026,11,130,120,261,3374051011026,KOTA SEMARANG,BANGETAYU WETAN,TPS 026,283,261,11,130,120,0.0421,0.4981,0.4598,0.9223,0,261,True,https://pemilu2024.kpu.go.id/pilpres/hitung-suara/33/3374/337405/3374051011/3374051011026,2024-02-15 22:00:27,PASLON 02
JAWA TENGAH,KOTA SEMARANG,GENUK,BANGETAYU WETAN,3374051011028,30,143,65,238,3374051011028,KOTA SEMARANG,BANGETAYU WETAN,TPS 028,283,238,30,143,65,0.1261,0.6008,0.2731,0.841,3,241,False,https://pemilu2024.kpu.go.id/pilpres/hitung-suara/33/3374/337405/3374051011/3374051011028,2024-02-15 21:01:18,PASLON 02
JAWA TENGAH,KOTA SEMARANG,GENUK,BANGETAYU WETAN,3374051011029,43,134,68,245,3374051011029,KOTA SEMARANG,BANGETAYU WETAN,TPS 029,275,245,43,134,68,0.1755,0.5469,0.2776,0.8909,0,245,False,https://pemilu2024.kpu.go.id/pilpres/hitung-suara/33/3374/337405/3374051011/3374051011029,2024-02-24 22:31:28,PASLON 02
JAWA TENGAH,KOTA SEMARANG,GENUK,BANGETAYU WETAN,3374051011030,31,133,78,242,3374051011030,KOTA SEMARANG,BANGETAYU WETAN,TPS 030,283,242,31,133,78,0.1281,0.5496,0.3223,0.8551,0,242,True,https://pemilu2024.kpu.go.id/pilpres/hitung-suara/33/3374/337405/3374051011/3374051011030,2024-02-15 22:30:27,PASLON 02
JAWA TENGAH,KOTA SEMARANG,GENUK,BANGETAYU WETAN,3374051011031,27,143,72,242,3374051011031,KOTA SEMARANG,BANGETAYU WETAN,TPS 031,292,242,27,143,72,0.1116,0.5909,0.2975,0.8288,4,246,False,https://pemilu2024.kpu.go.id/pilpres/hitung-suara/33/3374/337405/3374051011/3374051011031,2024-02-16 16:25:10,PASLON 02
JAWA TENGAH,KOTA SEMARANG,GENUK,BANGETAYU WETAN,3374051011032,13,111,106,230,3374051011032,KOTA SEMARANG,BANGETAYU WETAN,TPS 032,281,230,13,111,106,0.0565,0.4826,0.4609,0.8185,4,234,False,https://pemilu2024.kpu.go.id/pilpres/hitung-suara/33/3374/337405/3374051011/3374051011032,2024-02-15 15:00:29,PASLON 02
JAWA TENGAH,KOTA SEMARANG,GENUK,BANGETAYU WETAN,3374051011033,8,98,108,214,3374051011033,KOTA SEMARANG,BANGETAYU WETAN,TPS 033,259,214,8,98,108,0.0374,0.4579,0.5047,0.8263,12,226,False,https://pemilu2024.kpu.go.id/pilpres/hitung-suara/33/3374/337405/3374051011/3374051011033,2024-02-19 06:16:00,PASLON 03
JAWA TENGAH,KOTA SEMARANG,GENUK,BANGETAYU WETAN,3374051011034,41,130,96,267,3374051011034,KOTA SEMARANG,BANGETAYU WETAN,TPS 034,294,267,41,130,96,0.1536,0.4869,0.3596,0.9082,2,269,False,https://pemilu2024.kpu.go.id/pilpres/hitung-suara/33/3374/337405/3374051011/3374051011034,2024-02-15 17:30:25,PASLON 02
JAWA TENGAH,KOTA SEMARANG,GENUK,BANGETAYU WETAN,3374051011035,40,123,80,243,3374051011035,KOTA SEMARANG,BANGETAYU WETAN,TPS 035,278,243,40,123,80,0.1646,0.5062,0.3292,0.8741,5,248,False,https://pemilu2024.kpu.go.id/pilpres/hitung-suara/33/3374/337405/3374051011/3374051011035,2024-02-16 16:25:10,PASLON 02
JAWA TENGAH,KOTA SEMARANG,GENUK,BANGETAYU WETAN,3374051011036,18,140,98,256,3374051011036,KOTA SEMARANG,BANGETAYU WETAN,TPS 036,283,256,18,140,98,0.0703,0.5469,0.3828,0.9046,0,256,True,https://pemilu2024.kpu.go.id/pilpres/hitung-suara/33/3374/337405/3374051011/3374051011036,2024-02-16 10:00:28,PASLON 02
JAWA TENGAH,KOTA SEMARANG,GENUK,BANGETAYU WETAN,3374051011037,36,145,72,253,3374051011037,KOTA SEMARANG,BANGETAYU WETAN,TPS 037,283,253,36,145,72,0.1423,0.5731,0.2846,0.894,0,253,True,https://pemilu2024.kpu.go.id/pilpres/hitung-suara/33/3374/337405/3374051011/3374051011037,2024-02-15 22:30:27,PASLON 02
JAWA TENGAH,KOTA SEMARANG,GENUK,BANGETAYU WETAN,3374051011038,48,102,90,240,3374051011038,KOTA SEMARANG,BANGETAYU WETAN,TPS 038,293,240,48,102,90,0.2,0.425,0.375,0.8191,7,247,False,https://pemilu2024.kpu.go.id/pilpres/hitung-suara/33/3374/337405/3374051011/3374051011038,2024-02-15 05:00:24,PASLON 02
JAWA TENGAH,KOTA SEMARANG,GENUK,BANGETAYU WETAN,3374051011039,44,131,92,267,3374051011039,KOTA SEMARANG,BANGETAYU WETAN,TPS 039,291,267,44,131,92,0.1648,0.4906,0.3446,0.9175,11,278,False,https://pemilu2024.kpu.go.id/pilpres/hitung-suara/33/3374/337405/3374051011/3374051011039,2024-02-15 21:01:18,PASLON 02
JAWA TENGAH,KOTA SEMARANG,GENUK,BANJARDOWO,3374051005001,57,98,64,219,3374051005001,KOTA SEMARANG,BANJARDOWO,TPS 001,277,219,57,98,64,0.2603,0.4475,0.2922,0.7906,5,224,False,https://pemilu2024.kpu.go.id/pilpres/hitung-suara/33/3374/337405/3374051005/3374051005001,2024-02-15 00:41:44,PASLON 02
JAWA TENGAH,KOTA SEMARANG,GENUK,BANJARDOWO,3374051005002,13,135,79,227,3374051005002,KOTA SEMARANG,BANJARDOWO,TPS 002,272,227,13,135,79,0.0573,0.5947,0.348,0.8346,0,227,True,https://pemilu2024.kpu.go.id/pilpres/hitung-suara/33/3374/337405/3374051005/3374051005002,2024-02-16 09:30:28,PASLON 02
JAWA TENGAH,KOTA SEMARANG,GENUK,BANJARDOWO,3374051005003,20,164,67,251,3374051005003,KOTA SEMARANG,BANJARDOWO,TPS 003,251,251,20,164,67,0.0797,0.6534,0.2669,1.0,2,253,False,https://pemilu2024.kpu.go.id/pilpres/hitung-suara/33/3374/337405/3374051005/3374051005003,2024-02-21 18:00:00,PASLON 02
JAWA TENGAH,KOTA SEMARANG,GENUK,BANJARDOWO,3374051005004,54,128,62,244,3374051005004,KOTA SEMARANG,BANJARDOWO,TPS 004,272,244,54,128,62,0.2213,0.5246,0.2541,0.8971,0,244,True,https://pemilu2024.kpu.go.id/pilpres/hitung-suara/33/3374/337405/3374051005/3374051005004,2024-02-16 09:30:28,PASLON 02
JAWA TENGAH,KOTA SEMARANG,GENUK,BANJARDOWO,3374051005005,27,129,83,239,3374051005005,KOTA SEMARANG,BANJARDOWO,TPS 005,272,239,27,129,83,0.113,0.5397,0.3473,0.8787,0,239,True,https://pemilu2024.kpu.go.id/pilpres/hitung-suara/33/3374/337405/3374051005/3374051005005,2024-02-16 09:30:28,PASLON 02
JAWA TENGAH,KOTA SEMARANG,GENUK,BANJARDOWO,3374051005006,26,123,99,248,3374051005006,KOTA SEMARANG,BANJARDOWO,TPS 006,272,248,26,123,99,0.1048,0.496,0.3992,0.9118,0,248,True,https://pemilu2024.kpu.go.id/pilpres/hitung-suara/33/3374/337405/3374051005/3374051005006,2024-02-15 12:00:28,PASLON 02
JAWA TENGAH,KOTA SEMARANG,GENUK,BANJARDOWO,3374051005007,22,150,92,264,3374051005007,KOTA SEMARANG,BANJARDOWO,TPS 007,272,264,22,150,92,0.0833,0.5682,0.3485,0.9706,0,264,True,https://pemilu2024.kpu.go.id/pilpres/hitung-suara/33/3374/337405/3374051005/3374051005007,2024-02-16 09:30:28,PASLON 02
JAWA TENGAH,KOTA SEMARANG,GENUK,BANJARDOWO,3374051005008,52,127,67,246,3374051005008,KOTA SEMARANG,BANJARDOWO,TPS 008,292,246,52,127,67,0.2114,0.5163,0.2724,0.8425,2,248,False,https://pemilu2024.kpu.go.id/pilpres/hitung-suara/33/3374/337405/3374051005/3374051005008,2024-02-15 22:00:27,PASLON 02
JAWA TENGAH,KOTA SEMARANG,GENUK,BANJARDOWO,3374051005009,27,144,94,265,3374051005009,KOTA SEMARANG,BANJARDOWO,TPS 009,272,265,27,144,94,0.1019,0.5434,0.3547,0.9743,0,265,True,https://pemilu2024.kpu.go.id/pilpres/hitung-suara/33/3374/337405/3374051005/3374051005009,2024-02-16 09:30:28,PASLON 02
JAWA TENGAH,KOTA SEMARANG,GENUK,BANJARDOWO,3374051005010,27,162,60,249,3374051005010,KOTA SEMARANG,BANJARDOWO,TPS 010,272,249,27,162,60,0.1084,0.6506,0.241,0.9154,0,249,True,https://pemilu2024.kpu.go.id/pilpres/hitung-suara/33/3374/337405/3374051005/3374051005010,2024-02-16 09:30:28,PASLON 02
JAWA TENGAH,KOTA SEMARANG,GENUK,BANJARDOWO,3374051005011,30,112,96,238,3374051005011,KOTA SEMARANG,BANJARDOWO,TPS 011,272,238,30,112,96,0.1261,0.4706,0.4034,0.875,0,238,True,https://pemilu2024.kpu.go.id/pilpres/hitung-suara/33/3374/337405/3374051005/3374051005011,2024-02-15 22:00:27,PASLON 02
JAWA TENGAH,KOTA SEMARANG,GENUK,BANJARDOWO,3374051005012,23,156,62,241,3374051005012,KOTA SEMARANG,BANJARDOWO,TPS 012,272,241,23,156,62,0.0954,0.6473,0.2573,0.886,0,241,True,https://pemilu2024.kpu.go.id/pilpres/hitung-suara/33/3374/337405/3374051005/3374051005012,2024-02-15 22:00:27,PASLON 02
JAWA TENGAH,KOTA SEMARANG,GENUK,BANJARDOWO,3374051005013,29,100,84,213,3374051005013,KOTA SEMARANG,BANJARDOWO,TPS 013,268,213,29,100,84,0.1362,0.4695,0.3944,0.7948,3,216,False,https://pemilu2024.kpu.go.id/pilpres/hitung-suara/33/3374/337405/3374051005/3374051005013,2024-02-15 12:00:28,PASLON 02
JAWA TENGAH,KOTA SEMARANG,GENUK,BANJARDOWO,3374051005014,34,111,91,236,3374051005014,KOTA SEMARANG,BANJARDOWO,TPS 014,291,236,34,111,91,0.1441,0.4703,0.3856,0.811,6,242,False,https://pemilu2024.kpu.go.id/pilpres/hitung-suara/33/3374/337405/3374051005/3374051005014,2024-02-15 00:41:44,PASLON 02
JAWA TENGAH,KOTA SEMARANG,GENUK,BANJARDOWO,3374051005015,58,122,77,257,3374051005015,KOTA SEMARANG,BANJARDOWO,TPS 015,272,257,58,122,77,0.2257,0.4747,0.2996,0.9449,0,257,True,https://pemilu2024.kpu.go.id/pilpres/hitung-suara/33/3374/337405/3374051005/3374051005015,2024-02-16 09:30:28,PASLON 02
JAWA TENGAH,KOTA SEMARANG,GENUK,BANJARDOWO,3374051005016,60,98,71,229,3374051005016,KOTA SEMARANG,BANJARDOWO,TPS 016,271,229,60,98,71,0.262,0.4279,0.31,0.845,5,234,False,https://pemilu2024.kpu.go.id/pilpres/hitung-suara/33/3374/337405/3374051005/3374051005016,2024-02-14 21:46:01,PASLON 02
JAWA TENGAH,KOTA SEMARANG,GENUK,BANJARDOWO,3374051005018,60,114,54,228,3374051005018,KOTA SEMARANG,BANJARDOWO,TPS 018,272,228,60,114,54,0.2632,0.5,0.2368,0.8382,0,228,True,https://pemilu2024.kpu.go.id/pilpres/hitung-suara/33/3374/337405/3374051005/3374051005018,2024-02-16 09:30:28,PASLON 02
JAWA TENGAH,KOTA SEMARANG,GENUK,BANJARDOWO,3374051005019,37,154,47,238,3374051005019,KOTA SEMARANG,BANJARDOWO,TPS 019,282,238,37,154,47,0.1555,0.6471,0.1975,0.844,9,247,False,https://pemilu2024.kpu.go.id/pilpres/hitung-suara/33/3374/337405/3374051005/3374051005019,2024-02-15 09:00:24,PASLON 02
JAWA TENGAH,KOTA SEMARANG,GENUK,BANJARDOWO,3374051005020,47,131,56,234,3374051005020,KOTA SEMARANG,BANJARDOWO,TPS 020,272,234,47,131,56,0.2009,0.5598,0.2393,0.8603,0,234,True,https://pemilu2024.kpu.go.id/pilpres/hitung-suara/33/3374/337405/3374051005/3374051005020,2024-02-15 17:30:25,PASLON 02
JAWA TENGAH,KOTA SEMARANG,GENUK,BANJARDOWO,3374051005021,57,94,55,206,3374051005021,KOTA SEMARANG,BANJARDOWO,TPS 021,258,206,57,94,55,0.2767,0.4563,0.267,0.7984,3,209,False,https://pemilu2024.kpu.go.id/pilpres/hitung-suara/33/3374/337405/3374051005/3374051005021,2024-02-16 09:30:28,PASLON 02
JAWA TENGAH,KOTA SEMARANG,GENUK,BANJARDOWO,3374051005022,48,95,72,215,3374051005022,KOTA SEMARANG,BANJARDOWO,TPS 022,254,215,48,95,72,0.2233,0.4419,0.3349,0.8465,8,223,False,https://pemilu2024.kpu.go.id/pilpres/hitung-suara/33/3374/337405/3374051005/3374051005022,2024-02-15 17:30:25,PASLON 02
JAWA TENGAH,KOTA SEMARANG,GENUK,BANJARDOWO,3374051005023,32,122,68,222,3374051005023,KOTA SEMARANG,BANJARDOWO,TPS 023,279,222,32,122,68,0.1441,0.5495,0.3063,0.7957,9,231,False,https://pemilu2024.kpu.go.id/pilpres/hitung-suara/33/3374/337405/3374051005/3374051005023,2024-02-14 21:46:01,PASLON 02
JAWA TENGAH,KOTA SEMARANG,GENUK,BANJARDOWO,3374051005024,34,123,61,218,3374051005024,KOTA SEMARANG,BANJARDOWO,TPS 024,272,218,34,123,61,0.156,0.5642,0.2798,0.8015,0,218,True,https://pemilu2024.kpu.go.id/pilpres/hitung-suara/33/3374/337405/3374051005/3374051005024,2024-02-15 21:01:18,PASLON 02
JAWA TENGAH,KOTA SEMARANG,GENUK,BANJARDOWO,3374051005025,23,141,58,222,3374051005025,KOTA SEMARANG,BANJARDOWO,TPS 025,272,222,23,141,58,0.1036,0.6351,0.2613,0.8162,0,222,True,https://pemilu2024.kpu.go.id/pilpres/hitung-suara/33/3374/337405/3374051005/3374051005025,2024-02-16 09:30:28,PASLON 02
JAWA TENGAH,KOTA SEMARANG,GENUK,BANJARDOWO,3374051005026,11,126,57,194,3374051005026,KOTA SEMARANG,BANJARDOWO,TPS 026,228,194,11,126,57,0.0567,0.6495,0.2938,0.8509,9,203,False,https://pemilu2024.kpu.go.id/pilpres/hitung-suara/33/3374/337405/3374051005/3374051005026,2024-02-15 20:30:46,PASLON 02
JAWA TENGAH,KOTA SEMARANG,GENUK,BANJARDOWO,3374051005028,17,129,60,206,3374051005028,KOTA SEMARANG,BANJARDOWO,TPS 028,272,206,17,129,60,0.0825,0.6262,0.2913,0.7574,0,206,True,https://pemilu2024.kpu.go.id/pilpres/hitung-suara/33/3374/337405/3374051005/3374051005028,2024-02-15 22:00:27,PASLON 02
JAWA TENGAH,KOTA SEMARANG,GENUK,BANJARDOWO,3374051005029,15,128,102,245,3374051005029,KOTA SEMARANG,BANJARDOWO,TPS 029,273,245,15,128,102,0.0612,0.5224,0.4163,0.8974,6,251,False,https://pemilu2024.kpu.go.id/pilpres/hitung-suara/33/3374/337405/3374051005/3374051005029,2024-02-15 05:00:24,PASLON 02
JAWA TENGAH,KOTA SEMARANG,GENUK,GEBANGSARI,3374051006001,38,122,62,222,3374051006001,KOTA SEMARANG,GEBANGSARI,TPS 001,281,222,38,122,62,0.1712,0.5495,0.2793,0.79,0,222,True,https://pemilu2024.kpu.go.id/pilpres/hitung-suara/33/3374/337405/3374051006/3374051006001,2024-02-15 22:00:27,PASLON 02
JAWA TENGAH,KOTA SEMARANG,GENUK,GEBANGSARI,3374051006002,51,92,69,212,3374051006002,KOTA SEMARANG,GEBANGSARI,TPS 002,281,212,51,92,69,0.2406,0.434,0.3255,0.7544,0,212,True,https://pemilu2024.kpu.go.id/pilpres/hitung-suara/33/3374/337405/3374051006/3374051006002,2024-02-24 22:31:28,PASLON 02
JAWA TENGAH,KOTA SEMARANG,GENUK,GEBANGSARI,3374051006003,30,100,62,192,3374051006003,KOTA SEMARANG,GEBANGSARI,TPS 003,281,192,30,100,62,0.1562,0.5208,0.3229,0.6833,0,192,True,https://pemilu2024.kpu.go.id/pilpres/hitung-suara/33/3374/337405/3374051006/3374051006003,2024-02-15 22:00:27,PASLON 02
JAWA TENGAH,KOTA SEMARANG,GENUK,GEBANGSARI,3374051006004,44,96,73,213,3374051006004,KOTA SEMARANG,GEBANGSARI,TPS 004,281,213,44,96,73,0.2066,0.4507,0.3427,0.758,0,213,True,https://pemilu2024.kpu.go.id/pilpres/hitung-suara/33/3374/337405/3374051006/3374051006004,2024-02-16 09:30:28,PASLON 02
JAWA TENGAH,KOTA SEMARANG,GENUK,GEBANGSARI,3374051006005,31,72,80,183,3374051006005,KOTA SEMARANG,GEBANGSARI,TPS 005,248,183,31,72,80,0.1694,0.3934,0.4372,0.7379,2,185,False,https://pemilu2024.kpu.go.id/pilpres/hitung-suara/33/3374/337405/3374051006/3374051006005,2024-02-15 05:00:24,PASLON 03
JAWA TENGAH,KOTA SEMARANG,GENUK,GEBANGSARI,3374051006006,41,105,67,213,3374051006006,KOTA SEMARANG,GEBANGSARI,TPS 006,283,213,41,105,67,0.1925,0.493,0.3146,0.7527,5,218,False,https://pemilu2024.kpu.go.id/pilpres/hitung-suara/33/3374/337405/3374051006/3374051006006,2024-02-16 16:25:10,PASLON 02
JAWA TENGAH,KOTA SEMARANG,GENUK,GEBANGSARI,3374051006008,33,94,78,205,3374051006008,KOTA SEMARANG,GEBANGSARI,TPS 008,284,205,33,94,78,0.161,0.4585,0.3805,0.7218,5,210,False,https://pemilu2024.kpu.go.id/pilpres/hitung-suara/33/3374/337405/3374051006/3374051006008,2024-02-14 21:46:01,PASLON 02
JAWA TENGAH,KOTA SEMARANG,GENUK,GEBANGSARI,3374051006009,39,92,76,207,3374051006009,KOTA SEMARANG,GEBANGSARI,TPS 009,285,207,39,92,76,0.1884,0.4444,0.3671,0.7263,6,213,False,https://pemilu2024.kpu.go.id/pilpres/hitung-suara/33/3374/337405/3374051006/3374051006009,2024-02-16 12:51:22,PASLON 02
JAWA TENGAH,KOTA SEMARANG,GENUK,GEBANGSARI,3374051006010,17,102,77,196,3374051006010,KOTA SEMARANG,GEBANGSARI,TPS 010,263,196,17,102,77,0.0867,0.5204,0.3929,0.7452,6,202,False,https://pemilu2024.kpu.go.id/pilpres/hitung-suara/33/3374/337405/3374051006/3374051006010,2024-02-16 16:25:10,PASLON 02
JAWA TENGAH,KOTA SEMARANG,GENUK,GEBANGSARI,3374051006011,19,104,93,216,3374051006011,KOTA SEMARANG,GEBANGSARI,TPS 011,276,216,19,104,93,0.088,0.4815,0.4306,0.7826,5,221,False,https://pemilu2024.kpu.go.id/pilpres/hitung-suara/33/3374/337405/3374051006/3374051006011,2024-02-14 21:46:01,PASLON 02
JAWA TENGAH,KOTA SEMARANG,GENUK,GEBANGSARI,3374051006012,24,117,80,221,3374051006012,KOTA SEMARANG,GEBANGSARI,TPS 012,288,221,24,117,80,0.1086,0.5294,0.362,0.7674,3,224,False,https://pemilu2024.kpu.go.id/pilpres/hitung-suara/33/3374/337405/3374051006/3374051006012,2024-02-16 16:25:10,PASLON 02
JAWA TENGAH,KOTA SEMARANG,GENUK,GEBANGSARI,3374051006013,81,72,71,224,3374051006013,KOTA SEMARANG,GEBANGSARI,TPS 013,279,224,81,72,71,0.3616,0.3214,0.317,0.8029,2,226,False,https://pemilu2024.kpu.go.id/pilpres/hitung-suara/33/3374/337405/3374051006/3374051006013,2024-02-15 00:41:44,PASLON 01
JAWA TENGAH,KOTA SEMARANG,GENUK,GEBANGSARI,3374051006014,19,86,88,193,3374051006014,KOTA SEMARANG,GEBANGSARI,TPS 014,281,193,19,86,88,0.0984,0.4456,0.456,0.6868,0,193,True,https://pemilu2024.kpu.go.id/pilpres/hitung-suara/33/3374/337405/3374051006/3374051006014,2024-02-15 22:00:27,PASLON 03
JAWA TENGAH,KOTA SEMARANG,GENUK,GENUKSARI,3374051004001,37,115,87,239,3374051004001,KOTA SEMARANG,GENUKSARI,TPS 001,287,239,37,115,87,0.1548,0.4812,0.364,0.8328,4,243,False,https://pemilu2024.kpu.go.id/pilpres/hitung-suara/33/3374/337405/3374051004/3374051004001,2024-02-16 09:30:28,PASLON 02
JAWA TENGAH,KOTA SEMARANG,GENUK,GENUKSARI,3374051004002,37,129,64,230,3374051004002,KOTA SEMARANG,GENUKSARI,TPS 002,267,230,37,129,64,0.1609,0.5609,0.2783,0.8614,2,232,False,https://pemilu2024.kpu.go.id/pilpres/hitung-suara/33/3374/337405/3374051004/3374051004002,2024-02-19 06:16:00,PASLON 02
JAWA TENGAH,KOTA SEMARANG,GENUK,GENUKSARI,3374051004003,48,125,63,236,3374051004003,KOTA SEMARANG,GENUKSARI,TPS 003,288,236,48,125,63,0.2034,0.5297,0.2669,0.8194,4,240,False,https://pemilu2024.kpu.go.id/pilpres/hitung-suara/33/3374/337405/3374051004/3374051004003,2024-02-14 21:46:01,PASLON 02
JAWA TENGAH,KOTA SEMARANG,GENUK,GENUKSARI,3374051004004,33,105,83,221,3374051004004,KOTA SEMARANG,GENUKSARI,TPS 004,285,221,33,105,83,0.1493,0.4751,0.3756,0.7754,5,226,False,https://pemilu2024.kpu.go.id/pilpres/hitung-suara/33/3374/337405/3374051004/3374051004004,2024-02-17 12:00:00,PASLON 02
JAWA TENGAH,KOTA SEMARANG,GENUK,GENUKSARI,3374051004005,28,147,72,247,3374051004005,KOTA SEMARANG,GENUKSARI,TPS 005,292,247,28,147,72,0.1134,0.5951,0.2915,0.8459,12,259,False,https://pemilu2024.kpu.go.id/pilpres/hitung-suara/33/3374/337405/3374051004/3374051004005,2024-02-16 16:25:10,PASLON 02
JAWA TENGAH,KOTA SEMARANG,GENUK,GENUKSARI,3374051004006,9,145,87,241,3374051004006,KOTA SEMARANG,GENUKSARI,TPS 006,278,241,9,145,87,0.0373,0.6017,0.361,0.8669,4,245,False,https://pemilu2024.kpu.go.id/pilpres/hitung-suara/33/3374/337405/3374051004/3374051004006,2024-02-15 03:06:03,PASLON 02
JAWA TENGAH,KOTA SEMARANG,GENUK,GENUKSARI,3374051004007,32,133,73,238,3374051004007,KOTA SEMARANG,GENUKSARI,TPS 007,264,238,32,133,73,0.1345,0.5588,0.3067,0.9015,3,241,False,https://pemilu2024.kpu.go.id/pilpres/hitung-suara/33/3374/337405/3374051004/3374051004007,2024-02-15 23:29:50,PASLON 02
JAWA TENGAH,KOTA SEMARANG,GENUK,GENUKSARI,3374051004008,7,149,89,245,3374051004008,KOTA SEMARANG,GENUKSARI,TPS 008,288,245,7,149,89,0.0286,0.6082,0.3633,0.8507,6,251,False,https://pemilu2024.kpu.go.id/pilpres/hitung-suara/33/3374/337405/3374051004/3374051004008,2024-02-16 16:25:10,PASLON 02
JAWA TENGAH,KOTA SEMARANG,GENUK,GENUKSARI,3374051004009,22,144,76,242,3374051004009,KOTA SEMARANG,GENUKSARI,TPS 009,284,242,22,144,76,0.0909,0.595,0.314,0.8521,9,251,False,https://pemilu2024.kpu.go.id/pilpres/hitung-suara/33/3374/337405/3374051004/3374051004009,2024-02-16 16:25:10,PASLON 02
JAWA TENGAH,KOTA SEMARANG,GENUK,GENUKSARI,3374051004010,4,126,80,210,3374051004010,KOTA SEMARANG,GENUKSARI,TPS 010,254,210,4,126,80,0.019,0.6,0.381,0.8268,8,218,False,https://pemilu2024.kpu.go.id/pilpres/hitung-suara/33/3374/337405/3374051004/3374051004010,2024-02-21 12:00:00,PASLON 02
JAWA TENGAH,KOTA SEMARANG,GENUK,GENUKSARI,3374051004011,25,115,79,219,3374051004011,KOTA SEMARANG,GENUKSARI,TPS 011,253,219,25,115,79,0.1142,0.5251,0.3607,0.8656,3,222,False,https://pemilu2024.kpu.go.id/pilpres/hitung-suara/33/3374/337405/3374051004/3374051004011,2024-02-15 15:00:29,PASLON 02
JAWA TENGAH,KOTA SEMARANG,GENUK,GENUKSARI,3374051004012,32,135,67,234,3374051004012,KOTA SEMARANG,GENUKSARI,TPS 012,255,234,32,135,67,0.1368,0.5769,0.2863,0.9176,7,241,False,https://pemilu2024.kpu.go.id/pilpres/hitung-suara/33/3374/337405/3374051004/3374051004012,2024-02-16 16:25:10,PASLON 02
JAWA TENGAH,KOTA SEMARANG,GENUK,GENUKSARI,3374051004013,49,124,66,239,3374051004013,KOTA SEMARANG,GENUKSARI,TPS 013,272,239,49,124,66,0.205,0.5188,0.2762,0.8787,0,239,False,https://pemilu2024.kpu.go.id/pilpres/hitung-suara/33/3374/337405/3374051004/3374051004013,2024-02-24 22:31:28,PASLON 02
JAWA TENGAH,KOTA SEMARANG,GENUK,GENUKSARI,3374051004014,38,117,79,234,3374051004014,KOTA SEMARANG,GENUKSARI,TPS 014,264,234,38,117,79,0.1624,0.5,0.3376,0.8864,4,238,False,https://pemilu2024.kpu.go.id/pilpres/hitung-suara/33/3374/337405/3374051004/3374051004014,2024-02-15 22:00:27,PASLON 02
JAWA TENGAH,KOTA SEMARANG,GENUK,GENUKSARI,3374051004016,25,138,80,243,3374051004016,KOTA SEMARANG,GENUKSARI,TPS 016,271,243,25,138,80,0.1029,0.5679,0.3292,0.8967,6,249,False,https://pemilu2024.kpu.go.id/pilpres/hitung-suara/33/3374/337405/3374051004/3374051004016,2024-02-16 16:25:10,PASLON 02
JAWA TENGAH,KOTA SEMARANG,GENUK,GENUKSARI,3374051004017,26,161,68,255,3374051004017,KOTA SEMARANG,GENUKSARI,TPS 017,294,255,26,161,68,0.102,0.6314,0.2667,0.8673,4,259,False,https://pemilu2024.kpu.go.id/pilpres/hitung-suara/33/3374/337405/3374051004/3374051004017,2024-02-15 17:30:25,PASLON 02
JAWA TENGAH,KOTA SEMARANG,GENUK,GENUKSARI,3374051004018,47,71,64,182,3374051004018,KOTA SEMARANG,GENUKSARI,TPS 018,217,182,47,71,64,0.2582,0.3901,0.3516,0.8387,5,187,False,https://pemilu2024.kpu.go.id/pilpres/hitung-suara/33/3374/337405/3374051004/3374051004018,2024-02-17 00:00:00,PASLON 02
JAWA TENGAH,KOTA SEMARANG,GENUK,GENUKSARI,3374051004019,46,130,55,231,3374051004019,KOTA SEMARANG,GENUKSARI,TPS 019,266,231,46,130,55,0.1991,0.5628,0.2381,0.8684,3,234,False,https://pemilu2024.kpu.go.id/pilpres/hitung-suara/33/3374/337405/3374051004/3374051004019,2024-02-16 16:25:10,PASLON 02
JAWA TENGAH,KOTA SEMARANG,GENUK,GENUKSARI,3374051004020,24,137,56,217,3374051004020,KOTA SEMARANG,GENUKSARI,TPS 020,252,217,24,137,56,0.1106,0.6313,0.2581,0.8611,6,223,False,https://pemilu2024.kpu.go.id/pilpres/hitung-suara/33/3374/337405/3374051004/3374051004020,2024-02-15 09:00:24,PASLON 02
JAWA TENGAH,KOTA SEMARANG,GENUK,GENUKSARI,3374051004022,26,125,109,260,3374051004022,KOTA SEMARANG,GENUKSARI,TPS 022,276,260,26,125,109,0.1,0.4808,0.4192,0.942,0,260,True,https://pemilu2024.kpu.go.id/pilpres/hitung-suara/33/3374/337405/3374051004/3374051004022,2024-02-17 02:00:02,PASLON 02
JAWA TENGAH,KOTA SEMARANG,GENUK,GENUKSARI,3374051004023,10,94,63,167,3374051004023,KOTA SEMARANG,GENUKSARI,TPS 023,199,167,10,94,63,0.0599,0.5629,0.3772,0.8392,2,169,False,https://pemilu2024.kpu.go.id/pilpres/hitung-suara/33/3374/337405/3374051004/3374051004023,2024-02-16 16:25:10,PASLON 02
JAWA TENGAH,KOTA SEMARANG,GENUK,GENUKSARI,3374051004024,28,147,80,255,3374051004024,KOTA SEMARANG,GENUKSARI,TPS 024,295,255,28,147,80,0.1098,0.5765,0.3137,0.8644,4,259,False,https://pemilu2024.kpu.go.id/pilpres/hitung-suara/33/3374/337405/3374051004/3374051004024,2024-02-16 16:25:10,PASLON 02
JAWA TENGAH,KOTA SEMARANG,GENUK,GENUKSARI,3374051004025,17,150,102,269,3374051004025,KOTA SEMARANG,GENUKSARI,TPS 025,296,269,17,150,102,0.0632,0.5576,0.3792,0.9088,12,281,False,https://pemilu2024.kpu.go.id/pilpres/hitung-suara/33/3374/337405/3374051004/3374051004025,2024-02-15 22:00:27,PASLON 02
JAWA TENGAH,KOTA SEMARANG,GENUK,GENUKSARI,3374051004026,20,142,81,243,3374051004026,KOTA SEMARANG,GENUKSARI,TPS 026,281,243,20,142,81,0.0823,0.5844,0.3333,0.8648,5,248,False,https://pemilu2024.kpu.go.id/pilpres/hitung-suara/33/3374/337405/3374051004/3374051004026,2024-02-16 16:25:10,PASLON 02
JAWA TENGAH,KOTA SEMARANG,GENUK,GENUKSARI,3374051004027,23,132,84,239,3374051004027,KOTA SEMARANG,GENUKSARI,TPS 027,273,239,23,132,84,0.0962,0.5523,0.3515,0.8755,9,248,False,https://pemilu2024.kpu.go.id/pilpres/hitung-suara/33/3374/337405/3374051004/3374051004027,2024-02-14 21:46:01,PASLON 02
JAWA TENGAH,KOTA SEMARANG,GENUK,GENUKSARI,3374051004028,19,143,83,245,3374051004028,KOTA SEMARANG,GENUKSARI,TPS 028,281,245,19,143,83,0.0776,0.5837,0.3388,0.8719,3,248,False,https://pemilu2024.kpu.go.id/pilpres/hitung-suara/33/3374/337405/3374051004/3374051004028,2024-02-14 21:46:01,PASLON 02
JAWA TENGAH,KOTA SEMARANG,GENUK,GENUKSARI,3374051004029,19,133,83,235,3374051004029,KOTA SEMARANG,GENUKSARI,TPS 029,268,235,19,133,83,0.0809,0.566,0.3532,0.8769,3,238,False,https://pemilu2024.kpu.go.id/pilpres/hitung-suara/33/3374/337405/3374051004/3374051004029,2024-02-16 16:25:10,PASLON 02
JAWA TENGAH,KOTA SEMARANG,GENUK,GENUKSARI,3374051004030,23,141,94,258,3374051004030,KOTA SEMARANG,GENUKSARI,TPS 030,283,258,23,141,94,0.0891,0.5465,0.3643,0.9117,5,263,False,https://pemilu2024.kpu.go.id/pilpres/hitung-suara/33/3374/337405/3374051004/3374051004030,2024-02-16 16:25:10,PASLON 02
JAWA TENGAH,KOTA SEMARANG,GENUK,GENUKSARI,3374051004031,23,154,87,264,3374051004031,KOTA SEMARANG,GENUKSARI,TPS 031,300,264,23,154,87,0.0871,0.5833,0.3295,0.88,3,267,False,https://pemilu2024.kpu.go.id/pilpres/hitung-suara/33/3374/337405/3374051004/3374051004031,2024-02-16 16:25:10,PASLON 02
JAWA TENGAH,KOTA SEMARANG,GENUK,GENUKSARI,3374051004032,22,109,91,222,3374051004032,KOTA SEMARANG,GENUKSARI,TPS 032,258,222,22,109,91,0.0991,0.491,0.4099,0.8605,11,233,False,https://pemilu2024.kpu.go.id/pilpres/hitung-suara/33/3374/337405/3374051004/3374051004032,2024-02-17 16:00:02,PASLON 02
JAWA TENGAH,KOTA SEMARANG,GENUK,GENUKSARI,3374051004034,34,126,89,249,3374051004034,KOTA SEMARANG,GENUKSARI,TPS 034,275,249,34,126,89,0.1365,0.506,0.3574,0.9055,0,249,False,https://pemilu2024.kpu.go.id/pilpres/hitung-suara/33/3374/337405/3374051004/3374051004034,2024-02-15 05:00:24,PASLON 02
JAWA TENGAH,KOTA SEMARANG,GENUK,GENUKSARI,3374051004035,30,125,84,239,3374051004035,KOTA SEMARANG,GENUKSARI,TPS 035,276,239,30,125,84,0.1255,0.523,0.3515,0.8659,0,239,True,https://pemilu2024.kpu.go.id/pilpres/hitung-suara/33/3374/337405/3374051004/3374051004035,2024-02-16 09:30:28,PASLON 02
JAWA TENGAH,KOTA SEMARANG,GENUK,GENUKSARI,3374051004036,16,121,120,257,3374051004036,KOTA SEMARANG,GENUKSARI,TPS 036,279,257,16,121,120,0.0623,0.4708,0.4669,0.9211,2,259,False,https://pemilu2024.kpu.go.id/pilpres/hitung-suara/33/3374/337405/3374051004/3374051004036,2024-02-17 12:00:00,PASLON 02
JAWA TENGAH,KOTA SEMARANG,GENUK,GENUKSARI,3374051004037,8,128,112,248,3374051004037,KOTA SEMARANG,GENUKSARI,TPS 037,282,248,8,128,112,0.0323,0.5161,0.4516,0.8794,8,256,False,https://pemilu2024.kpu.go.id/pilpres/hitung-suara/33/3374/337405/3374051004/3374051004037,2024-02-15 20:30:46,PASLON 02
JAWA TENGAH,KOTA SEMARANG,GENUK,GENUKSARI,3374051004038,23,100,109,232,3374051004038,KOTA SEMARANG,GENUKSARI,TPS 038,275,232,23,100,109,0.0991,0.431,0.4698,0.8436,1,233,False,https://pemilu2024.kpu.go.id/pilpres/hitung-suara/33/3374/337405/3374051004/3374051004038,2024-02-16 16:25:10,PASLON 03
JAWA TENGAH,KOTA SEMARANG,GENUK,GENUKSARI,3374051004039,10,131,102,243,3374051004039,KOTA SEMARANG,GENUKSARI,TPS 039,290,243,10,131,102,0.0412,0.5391,0.4198,0.8379,2,245,False,https://pemilu2024.kpu.go.id/pilpres/hitung-suara/33/3374/337405/3374051004/3374051004039,2024-02-17 12:00:00,PASLON 02
JAWA TENGAH,KOTA SEMARANG,GENUK,GENUKSARI,3374051004041,17,110,107,234,3374051004041,KOTA SEMARANG,GENUKSARI,TPS 041,282,234,17,110,107,0.0726,0.4701,0.4573,0.8298,3,237,False,https://pemilu2024.kpu.go.id/pilpres/hitung-suara/33/3374/337405/3374051004/3374051004041,2024-02-17 12:00:00,PASLON 02
JAWA TENGAH,KOTA SEMARANG,GENUK,GENUKSARI,3374051004042,28,110,96,234,3374051004042,KOTA SEMARANG,GENUKSARI,TPS 042,281,234,28,110,96,0.1197,0.4701,0.4103,0.8327,10,244,False,https://pemilu2024.kpu.go.id/pilpres/hitung-suara/33/3374/337405/3374051004/3374051004042,2024-02-16 16:25:10,PASLON 02
JAWA TENGAH,KOTA SEMARANG,GENUK,GENUKSARI,3374051004043,48,114,71,233,3374051004043,KOTA SEMARANG,GENUKSARI,TPS 043,276,233,48,114,71,0.206,0.4893,0.3047,0.8442,8,241,True,https://pemilu2024.kpu.go.id/pilpres/hitung-suara/33/3374/337405/3374051004/3374051004043,2024-02-16 17:30:00,PASLON 02
JAWA TENGAH,KOTA SEMARANG,GENUK,GENUKSARI,3374051004044,23,90,57,170,3374051004044,KOTA SEMARANG,GENUKSARI,TPS 044,204,170,23,90,57,0.1353,0.5294,0.3353,0.8333,7,177,False,https://pemilu2024.kpu.go.id/pilpres/hitung-suara/33/3374/337405/3374051004/3374051004044,2024-02-17 12:00:00,PASLON 02
JAWA TENGAH,KOTA SEMARANG,GENUK,GENUKSARI,3374051004045,8,118,80,206,3374051004045,KOTA SEMARANG,GENUKSARI,TPS 045,276,206,8,118,80,0.0388,0.5728,0.3883,0.7464,0,206,True,https://pemilu2024.kpu.go.id/pilpres/hitung-suara/33/3374/337405/3374051004/3374051004045,2024-02-16 09:30:28,PASLON 02
JAWA TENGAH,KOTA SEMARANG,GENUK,GENUKSARI,3374051004046,16,123,68,207,3374051004046,KOTA SEMARANG,GENUKSARI,TPS 046,240,207,16,123,68,0.0773,0.5942,0.3285,0.8625,6,213,False,https://pemilu2024.kpu.go.id/pilpres/hitung-suara/33/3374/337405/3374051004/3374051004046,2024-02-16 16:25:10,PASLON 02
JAWA TENGAH,KOTA SEMARANG,GENUK,GENUKSARI,3374051004047,26,85,52,163,3374051004047,KOTA SEMARANG,GENUKSARI,TPS 047,276,163,26,85,52,0.1595,0.5215,0.319,0.5906,5,168,True,https://pemilu2024.kpu.go.id/pilpres/hitung-suara/33/3374/337405/3374051004/3374051004047,2024-02-15 23:29:50,PASLON 02
JAWA TENGAH,KOTA SEMARANG,GENUK,KARANGROTO,3374051003001,26,156,82,264,3374051003001,KOTA SEMARANG,KARANGROTO,TPS 001,275,264,26,156,82,0.0985,0.5909,0.3106,0.96,0,264,True,https://pemilu2024.kpu.go.id/pilpres/hitung-suara/33/3374/337405/3374051003/3374051003001,2024-02-15 22:00:27,PASLON 02
JAWA TENGAH,KOTA SEMARANG,GENUK,KARANGROTO,3374051003002,11,154,88,253,3374051003002,KOTA SEMARANG,KARANGROTO,TPS 002,275,253,11,154,88,0.0435,0.6087,0.3478,0.92,0,253,True,https://pemilu2024.kpu.go.id/pilpres/hitung-suara/33/3374/337405/3374051003/3374051003002,2024-02-15 18:00:26,PASLON 02
JAWA TENGAH,KOTA SEMARANG,GENUK,KARANGROTO,3374051003003,11,139,68,218,3374051003003,KOTA SEMARANG,KARANGROTO,TPS 003,275,218,11,139,68,0.0505,0.6376,0.3119,0.7927,0,218,True,https://pemilu2024.kpu.go.id/pilpres/hitung-suara/33/3374/337405/3374051003/3374051003003,2024-02-16 09:00:28,PASLON 02
JAWA TENGAH,KOTA SEMARANG,GENUK,KARANGROTO,3374051003004,13,137,86,236,3374051003004,KOTA SEMARANG,KARANGROTO,TPS 004,275,236,13,137,86,0.0551,0.5805,0.3644,0.8582,4,240,True,https://pemilu2024.kpu.go.id/pilpres/hitung-suara/33/3374/337405/3374051003/3374051003004,2024-02-16 14:30:33,PASLON 02
JAWA TENGAH,KOTA SEMARANG,GENUK,KARANGROTO,3374051003005,38,112,70,220,3374051003005,KOTA SEMARANG,KARANGROTO,TPS 005,280,220,38,112,70,0.1727,0.5091,0.3182,0.7857,7,227,False,https://pemilu2024.kpu.go.id/pilpres/hitung-suara/33/3374/337405/3374051003/3374051003005,2024-02-16 16:25:10,PASLON 02
JAWA TENGAH,KOTA SEMARANG,GENUK,KARANGROTO,3374051003006,18,112,102,232,3374051003006,KOTA SEMARANG,KARANGROTO,TPS 006,272,232,18,112,102,0.0776,0.4828,0.4397,0.8529,7,239,False,https://pemilu2024.kpu.go.id/pilpres/hitung-suara/33/3374/337405/3374051003/3374051003006,2024-02-15 00:41:44,PASLON 02
JAWA TENGAH,KOTA SEMARANG,GENUK,KARANGROTO,3374051003008,12,106,122,240,3374051003008,KOTA SEMARANG,KARANGROTO,TPS 008,271,240,12,106,122,0.05,0.4417,0.5083,0.8856,8,248,False,https://pemilu2024.kpu.go.id/pilpres/hitung-suara/33/3374/337405/3374051003/3374051003008,2024-02-14 21:46:01,PASLON 03
JAWA TENGAH,KOTA SEMARANG,GENUK,KARANGROTO,3374051003009,31,112,79,222,3374051003009,KOTA SEMARANG,KARANGROTO,TPS 009,270,222,31,112,79,0.1396,0.5045,0.3559,0.8222,3,225,False,https://pemilu2024.kpu.go.id/pilpres/hitung-suara/33/3374/337405/3374051003/3374051003009,2024-02-16 16:25:10,PASLON 02
JAWA TENGAH,KOTA SEMARANG,GENUK,KARANGROTO,3374051003010,26,145,97,268,3374051003010,KOTA SEMARANG,KARANGROTO,TPS 010,282,268,26,145,97,0.097,0.541,0.3619,0.9504,4,272,False,https://pemilu2024.kpu.go.id/pilpres/hitung-suara/33/3374/337405/3374051003/3374051003010,2024-02-17 12:00:00,PASLON 02
JAWA TENGAH,KOTA SEMARANG,GENUK,KARANGROTO,3374051003011,31,131,88,250,3374051003011,KOTA SEMARANG,KARANGROTO,TPS 011,273,250,31,131,88,0.124,0.524,0.352,0.9158,4,254,False,https://pemilu2024.kpu.go.id/pilpres/hitung-suara/33/3374/337405/3374051003/3374051003011,2024-02-16 21:01:00,PASLON 02
JAWA TENGAH,KOTA SEMARANG,GENUK,KARANGROTO,3374051003013,33,136,55,224,3374051003013,KOTA SEMARANG,KARANGROTO,TPS 013,268,224,33,136,55,0.1473,0.6071,0.2455,0.8358,9,233,False,https://pemilu2024.kpu.go.id/pilpres/hitung-suara/33/3374/337405/3374051003/3374051003013,2024-02-16 16:25:10,PASLON 02
JAWA TENGAH,KOTA SEMARANG,GENUK,KARANGROTO,3374051003015,25,124,60,209,3374051003015,KOTA SEMARANG,KARANGROTO,TPS 015,256,209,25,124,60,0.1196,0.5933,0.2871,0.8164,3,212,False,https://pemilu2024.kpu.go.id/pilpres/hitung-suara/33/3374/337405/3374051003/3374051003015,2024-02-16 14:30:33,PASLON 02
JAWA TENGAH,KOTA SEMARANG,GENUK,KARANGROTO,3374051003016,28,102,80,210,3374051003016,KOTA SEMARANG,KARANGROTO,TPS 016,280,210,28,102,80,0.1333,0.4857,0.381,0.75,5,215,False,https://pemilu2024.kpu.go.id/pilpres/hitung-suara/33/3374/337405/3374051003/3374051003016,2024-02-15 17:30:25,PASLON 02
JAWA TENGAH,KOTA SEMARANG,GENUK,KARANGROTO,3374051003017,15,118,88,221,3374051003017,KOTA SEMARANG,KARANGROTO,TPS 017,275,221,15,118,88,0.0679,0.5339,0.3982,0.8036,3,224,False,https://pemilu2024.kpu.go.id/pilpres/hitung-suara/33/3374/337405/3374051003/3374051003017,2024-02-16 14:30:33,PASLON 02
JAWA TENGAH,KOTA SEMARANG,GENUK,KARANGROTO,3374051003019,14,112,78,204,3374051003019,KOTA SEMARANG,KARANGROTO,TPS 019,279,204,14,112,78,0.0686,0.549,0.3824,0.7312,11,215,False,https://pemilu2024.kpu.go.id/pilpres/hitung-suara/33/3374/337405/3374051003/3374051003019,2024-02-16 14:30:33,PASLON 02
JAWA TENGAH,KOTA SEMARANG,GENUK,KARANGROTO,3374051003020,46,150,56,252,3374051003020,KOTA SEMARANG,KARANGROTO,TPS 020,275,252,46,150,56,0.1825,0.5952,0.2222,0.9164,0,252,True,https://pemilu2024.kpu.go.id/pilpres/hitung-suara/33/3374/337405/3374051003/3374051003020,2024-02-22 14:00:00,PASLON 02
JAWA TENGAH,KOTA SEMARANG,GENUK,KARANGROTO,3374051003022,19,101,91,211,3374051003022,KOTA SEMARANG,KARANGROTO,TPS 022,288,211,19,101,91,0.09,0.4787,0.4313,0.7326,4,215,False,https://pemilu2024.kpu.go.id/pilpres/hitung-suara/33/3374/337405/3374051003/3374051003022,2024-02-16 14:30:33,PASLON 02
JAWA TENGAH,KOTA SEMARANG,GENUK,KARANGROTO,3374051003023,30,124,51,205,3374051003023,KOTA SEMARANG,KARANGROTO,TPS 023,265,205,30,124,51,0.1463,0.6049,0.2488,0.7736,1,206,False,https://pemilu2024.kpu.go.id/pilpres/hitung-suara/33/3374/337405/3374051003/3374051003023,2024-02-15 16:00:26,PASLON 02
JAWA TENGAH,KOTA SEMARANG,GENUK,KARANGROTO,3374051003024,35,120,76,231,3374051003024,KOTA SEMARANG,KARANGROTO,TPS 024,275,231,35,120,76,0.1515,0.5195,0.329,0.84,0,231,True,https://pemilu2024.kpu.go.id/pilpres/hitung-suara/33/3374/337405/3374051003/3374051003024,2024-02-16 09:00:28,PASLON 02
JAWA TENGAH,KOTA SEMARANG,GENUK,KARANGROTO,3374051003025,20,132,87,239,3374051003025,KOTA SEMARANG,KARANGROTO,TPS 025,278,239,20,132,87,0.0837,0.5523,0.364,0.8597,2,241,False,https://pemilu2024.kpu.go.id/pilpres/hitung-suara/33/3374/337405/3374051003/3374051003025,2024-02-17 12:00:00,PASLON 02
JAWA TENGAH,KOTA SEMARANG,GENUK,KARANGROTO,3374051003027,26,160,65,251,3374051003027,KOTA SEMARANG,KARANGROTO,TPS 027,295,251,26,160,65,0.1036,0.6375,0.259,0.8508,5,256,False,https://pemilu2024.kpu.go.id/pilpres/hitung-suara/33/3374/337405/3374051003/3374051003027,2024-02-15 15:00:29,PASLON 02
JAWA TENGAH,KOTA SEMARANG,GENUK,KARANGROTO,3374051003028,17,120,83,220,3374051003028,KOTA SEMARANG,KARANGROTO,TPS 028,262,220,17,120,83,0.0773,0.5455,0.3773,0.8397,11,231,False,https://pemilu2024.kpu.go.id/pilpres/hitung-suara/33/3374/337405/3374051003/3374051003028,2024-02-16 23:45:47,PASLON 02
JAWA TENGAH,KOTA SEMARANG,GENUK,KARANGROTO,3374051003029,12,125,76,213,3374051003029,KOTA SEMARANG,KARANGROTO,TPS 029,268,213,12,125,76,0.0563,0.5869,0.3568,0.7948,3,216,False,https://pemilu2024.kpu.go.id/pilpres/hitung-suara/33/3374/337405/3374051003/3374051003029,2024-02-16 14:30:33,PASLON 02
JAWA TENGAH,KOTA SEMARANG,GENUK,KARANGROTO,3374051003031,10,65,122,197,3374051003031,KOTA SEMARANG,KARANGROTO,TPS 031,275,197,10,65,122,0.0508,0.3299,0.6193,0.7164,0,197,True,https://pemilu2024.kpu.go.id/pilpres/hitung-suara/33/3374/337405/3374051003/3374051003031,2024-02-15 22:00:27,PASLON 03
JAWA TENGAH,KOTA SEMARANG,GENUK,KARANGROTO,3374051003032,18,112,90,220,3374051003032,KOTA SEMARANG,KARANGROTO,TPS 032,277,220,18,112,90,0.0818,0.5091,0.4091,0.7942,4,224,False,https://pemilu2024.kpu.go.id/pilpres/hitung-suara/33/3374/337405/3374051003/3374051003032,2024-02-16 14:30:33,PASLON 02
JAWA TENGAH,KOTA SEMARANG,GENUK,KARANGROTO,3374051003033,24,125,82,231,3374051003033,KOTA SEMARANG,KARANGROTO,TPS 033,275,231,24,125,82,0.1039,0.5411,0.355,0.84,6,237,False,https://pemilu2024.kpu.go.id/pilpres/hitung-suara/33/3374/337405/3374051003/3374051003033,2024-02-15 05:00:24,PASLON 02
JAWA TENGAH,KOTA SEMARANG,GENUK,KARANGROTO,3374051003035,19,96,105,220,3374051003035,KOTA SEMARANG,KARANGROTO,TPS 035,275,220,19,96,105,0.0864,0.4364,0.4773,0.8,0,220,True,https://pemilu2024.kpu.go.id/pilpres/hitung-suara/33/3374/337405/3374051003/3374051003035,2024-02-16 09:00:28,PASLON 03
JAWA TENGAH,KOTA SEMARANG,GENUK,KARANGROTO,3374051003036,28,111,85,224,3374051003036,KOTA SEMARANG,KARANGROTO,TPS 036,267,224,28,111,85,0.125,0.4955,0.3795,0.839,2,226,False,https://pemilu2024.kpu.go.id/pilpres/hitung-suara/33/3374/337405/3374051003/3374051003036,2024-02-16 16:25:10,PASLON 02
JAWA TENGAH,KOTA SEMARANG,GENUK,KARANGROTO,3374051003037,13,113,88,214,3374051003037,KOTA SEMARANG,KARANGROTO,TPS 037,274,214,13,113,88,0.0607,0.528,0.4112,0.781,10,224,False,https://pemilu2024.kpu.go.id/pilpres/hitung-suara/33/3374/337405/3374051003/3374051003037,2024-02-17 12:00:00,PASLON 02
JAWA TENGAH,KOTA SEMARANG,GENUK,KARANGROTO,3374051003038,22,135,83,240,3374051003038,KOTA SEMARANG,KARANGROTO,TPS 038,286,240,22,135,83,0.0917,0.5625,0.3458,0.8392,3,243,False,https://pemilu2024.kpu.go.id/pilpres/hitung-suara/33/3374/337405/3374051003/3374051003038,2024-02-16 16:25:10,PASLON 02
JAWA TENGAH,KOTA SEMARANG,GENUK,KARANGROTO,3374051003039,23,149,67,239,3374051003039,KOTA SEMARANG,KARANGROTO,TPS 039,275,239,23,149,67,0.0962,0.6234,0.2803,0.8691,3,242,False,https://pemilu2024.kpu.go.id/pilpres/hitung-suara/33/3374/337405/3374051003/3374051003039,2024-02-16 16:25:10,PASLON 02
JAWA TENGAH,KOTA SEMARANG,GENUK,KUDU,3374051002001,24,153,68,245,3374051002001,KOTA SEMARANG,KUDU,TPS 001,276,245,24,153,68,0.098,0.6245,0.2776,0.8877,10,255,False,https://pemilu2024.kpu.go.id/pilpres/hitung-suara/33/3374/337405/3374051002/3374051002001,2024-02-14 21:46:01,PASLON 02
JAWA TENGAH,KOTA SEMARANG,GENUK,KUDU,3374051002002,17,124,97,238,3374051002002,KOTA SEMARANG,KUDU,TPS 002,283,238,17,124,97,0.0714,0.521,0.4076,0.841,0,238,True,https://pemilu2024.kpu.go.id/pilpres/hitung-suara/33/3374/337405/3374051002/3374051002002,2024-02-15 22:00:27,PASLON 02
JAWA TENGAH,KOTA SEMARANG,GENUK,KUDU,3374051002004,31,130,95,256,3374051002004,KOTA SEMARANG,KUDU,TPS 004,283,256,31,130,95,0.1211,0.5078,0.3711,0.9046,0,256,True,https://pemilu2024.kpu.go.id/pilpres/hitung-suara/33/3374/337405/3374051002/3374051002004,2024-02-15 22:00:27,PASLON 02
JAWA TENGAH,KOTA SEMARANG,GENUK,KUDU,3374051002005,41,147,69,257,3374051002005,KOTA SEMARANG,KUDU,TPS 005,283,257,41,147,69,0.1595,0.572,0.2685,0.9081,0,257,True,https://pemilu2024.kpu.go.id/pilpres/hitung-suara/33/3374/337405/3374051002/3374051002005,2024-02-16 09:00:28,PASLON 02
JAWA TENGAH,KOTA SEMARANG,GENUK,KUDU,3374051002006,25,142,63,230,3374051002006,KOTA SEMARANG,KUDU,TPS 006,283,230,25,142,63,0.1087,0.6174,0.2739,0.8127,0,230,True,https://pemilu2024.kpu.go.id/pilpres/hitung-suara/33/3374/337405/3374051002/3374051002006,2024-02-16 09:00:28,PASLON 02
JAWA TENGAH,KOTA SEMARANG,GENUK,KUDU,3374051002007,30,112,71,213,3374051002007,KOTA SEMARANG,KUDU,TPS 007,266,213,30,112,71,0.1408,0.5258,0.3333,0.8008,9,222,False,https://pemilu2024.kpu.go.id/pilpres/hitung-suara/33/3374/337405/3374051002/3374051002007,2024-02-15 00:41:44,PASLON 02
JAWA TENGAH,KOTA SEMARANG,GENUK,KUDU,3374051002008,29,147,81,257,3374051002008,KOTA SEMARANG,KUDU,TPS 008,257,257,29,147,81,0.1128,0.572,0.3152,1.0,7,264,False,https://pemilu2024.kpu.go.id/pilpres/hitung-suara/33/3374/337405/3374051002/3374051002008,2024-02-16 09:00:28,PASLON 02
JAWA TENGAH,KOTA SEMARANG,GENUK,KUDU,3374051002010,10,158,80,248,3374051002010,KOTA SEMARANG,KUDU,TPS 010,282,248,10,158,80,0.0403,0.6371,0.3226,0.8794,4,252,False,https://pemilu2024.kpu.go.id/pilpres/hitung-suara/33/3374/337405/3374051002/3374051002010,2024-02-15 19:00:26,PASLON 02
JAWA TENGAH,KOTA SEMARANG,GENUK,KUDU,3374051002012,27,129,111,267,3374051002012,KOTA SEMARANG,KUDU,TPS 012,294,267,27,129,111,0.1011,0.4831,0.4157,0.9082,10,277,False,https://pemilu2024.kpu.go.id/pilpres/hitung-suara/33/3374/337405/3374051002/3374051002012,2024-02-16 12:51:22,PASLON 02
JAWA TENGAH,KOTA SEMARANG,GENUK,KUDU,3374051002013,19,136,82,237,3374051002013,KOTA SEMARANG,KUDU,TPS 013,284,237,19,136,82,0.0802,0.5738,0.346,0.8345,3,240,False,https://pemilu2024.kpu.go.id/pilpres/hitung-suara/33/3374/337405/3374051002/3374051002013,2024-02-15 05:00:24,PASLON 02
JAWA TENGAH,KOTA SEMARANG,GENUK,KUDU,3374051002014,15,138,66,219,3374051002014,KOTA SEMARANG,KUDU,TPS 014,279,219,15,138,66,0.0685,0.6301,0.3014,0.7849,11,230,False,https://pemilu2024.kpu.go.id/pilpres/hitung-suara/33/3374/337405/3374051002/3374051002014,2024-02-15 00:41:44,PASLON 02
JAWA TENGAH,KOTA SEMARANG,GENUK,KUDU,3374051002015,18,159,60,237,3374051002015,KOTA SEMARANG,KUDU,TPS 015,288,237,18,159,60,0.0759,0.6709,0.2532,0.8229,8,245,False,https://pemilu2024.kpu.go.id/pilpres/hitung-suara/33/3374/337405/3374051002/3374051002015,2024-02-15 00:41:44,PASLON 02
JAWA TENGAH,KOTA SEMARANG,GENUK,KUDU,3374051002016,27,123,82,232,3374051002016,KOTA SEMARANG,KUDU,TPS 016,287,232,27,123,82,0.1164,0.5302,0.3534,0.8084,7,239,False,https://pemilu2024.kpu.go.id/pilpres/hitung-suara/33/3374/337405/3374051002/3374051002016,2024-02-15 17:30:25,PASLON 02
JAWA TENGAH,KOTA SEMARANG,GENUK,KUDU,3374051002017,14,156,86,256,3374051002017,KOTA SEMARANG,KUDU,TPS 017,291,256,14,156,86,0.0547,0.6094,0.3359,0.8797,2,258,False,https://pemilu2024.kpu.go.id/pilpres/hitung-suara/33/3374/337405/3374051002/3374051002017,2024-02-15 00:41:44,PASLON 02
JAWA TENGAH,KOTA SEMARANG,GENUK,KUDU,3374051002018,19,122,94,235,3374051002018,KOTA SEMARANG,KUDU,TPS 018,290,235,19,122,94,0.0809,0.5191,0.4,0.8103,5,240,False,https://pemilu2024.kpu.go.id/pilpres/hitung-suara/33/3374/337405/3374051002/3374051002018,2024-02-14 21:46:01,PASLON 02
JAWA TENGAH,KOTA SEMARANG,GENUK,KUDU,3374051002019,14,149,102,265,3374051002019,KOTA SEMARANG,KUDU,TPS 019,283,265,14,149,102,0.0528,0.5623,0.3849,0.9364,0,265,True,https://pemilu2024.kpu.go.id/pilpres/hitung-suara/33/3374/337405/3374051002/3374051002019,2024-02-16 09:00:28,PASLON 02
JAWA TENGAH,KOTA SEMARANG,GENUK,KUDU,3374051002021,10,152,82,244,3374051002021,KOTA SEMARANG,KUDU,TPS 021,284,244,10,152,82,0.041,0.623,0.3361,0.8592,10,254,False,https://pemilu2024.kpu.go.id/pilpres/hitung-suara/33/3374/337405/3374051002/3374051002021,2024-02-17 10:00:02,PASLON 02
JAWA TENGAH,KOTA SEMARANG,GENUK,KUDU,3374051002022,18,138,72,228,3374051002022,KOTA SEMARANG,KUDU,TPS 022,283,228,18,138,72,0.0789,0.6053,0.3158,0.8057,0,228,True,https://pemilu2024.kpu.go.id/pilpres/hitung-suara/33/3374/337405/3374051002/3374051002022,2024-02-16 09:00:28,PASLON 02
JAWA TENGAH,KOTA SEMARANG,GENUK,KUDU,3374051002024,14,136,93,243,3374051002024,KOTA SEMARANG,KUDU,TPS 024,283,243,14,136,93,0.0576,0.5597,0.3827,0.8587,0,243,True,https://pemilu2024.kpu.go.id/pilpres/hitung-suara/33/3374/337405/3374051002/3374051002024,2024-02-15 00:41:44,PASLON 02
JAWA TENGAH,KOTA SEMARANG,GENUK,KUDU,3374051002025,10,132,96,238,3374051002025,KOTA SEMARANG,KUDU,TPS 025,267,238,10,132,96,0.042,0.5546,0.4034,0.8914,4,242,False,https://pemilu2024.kpu.go.id/pilpres/hitung-suara/33/3374/337405/3374051002/3374051002025,2024-02-15 17:30:25,PASLON 02
JAWA TENGAH,KOTA SEMARANG,GENUK,KUDU,3374051002026,10,111,65,186,3374051002026,KOTA SEMARANG,KUDU,TPS 026,186,186,10,111,65,0.0538,0.5968,0.3495,1.0,0,186,False,https://pemilu2024.kpu.go.id/pilpres/hitung-suara/33/3374/337405/3374051002/3374051002026,2024-02-14 21:46:01,PASLON 02
JAWA TENGAH,KOTA SEMARANG,GENUK,MUKTIHARJO LOR,3374051009001,13,98,67,178,3374051009001,KOTA SEMARANG,MUKTIHARJO LOR,TPS 001,215,178,13,98,67,0.073,0.5506,0.3764,0.8279,8,186,False,https://pemilu2024.kpu.go.id/pilpres/hitung-suara/33/3374/337405/3374051009/3374051009001,2024-02-16 09:30:28,PASLON 02
JAWA TENGAH,KOTA SEMARANG,GENUK,MUKTIHARJO LOR,3374051009002,11,94,65,170,3374051009002,KOTA SEMARANG,MUKTIHARJO LOR,TPS 002,209,170,11,94,65,0.0647,0.5529,0.3824,0.8134,8,183,False,https://pemilu2024.kpu.go.id/pilpres/hitung-suara/33/3374/337405/3374051009/3374051009002,2024-02-15 18:30:25,PASLON 02
JAWA TENGAH,KOTA SEMARANG,GENUK,MUKTIHARJO LOR,3374051009005,10,145,106,261,3374051009005,KOTA SEMARANG,MUKTIHARJO LOR,TPS 005,261,261,10,145,106,0.0383,0.5556,0.4061,1.0,0,261,True,https://pemilu2024.kpu.go.id/pilpres/hitung-suara/33/3374/337405/3374051009/3374051009005,2024-02-16 09:30:28,PASLON 02
JAWA TENGAH,KOTA SEMARANG,GENUK,MUKTIHARJO LOR,3374051009006,14,113,126,253,3374051009006,KOTA SEMARANG,MUKTIHARJO LOR,TPS 006,293,253,14,113,126,0.0553,0.4466,0.498,0.8635,6,259,False,https://pemilu2024.kpu.go.id/pilpres/hitung-suara/33/3374/337405/3374051009/3374051009006,2024-02-15 17:30:25,PASLON 03
JAWA TENGAH,KOTA SEMARANG,GENUK,MUKTIHARJO LOR,3374051009007,28,94,102,224,3374051009007,KOTA SEMARANG,MUKTIHARJO LOR,TPS 007,256,224,28,94,102,0.125,0.4196,0.4554,0.875,0,224,True,https://pemilu2024.kpu.go.id/pilpres/hitung-suara/33/3374/337405/3374051009/3374051009007,2024-02-16 09:30:28,PASLON 03
JAWA TENGAH,KOTA SEMARANG,GENUK,MUKTIHARJO LOR,3374051009008,32,125,97,254,3374051009008,KOTA SEMARANG,MUKTIHARJO LOR,TPS 008,291,254,32,125,97,0.126,0.4921,0.3819,0.8729,4,258,False,https://pemilu2024.kpu.go.id/pilpres/hitung-suara/33/3374/337405/3374051009/3374051009008,2024-02-16 09:30:28,PASLON 02
JAWA TENGAH,KOTA SEMARANG,GENUK,MUKTIHARJO LOR,3374051009009,13,109,112,234,3374051009009,KOTA SEMARANG,MUKTIHARJO LOR,TPS 009,274,234,13,109,112,0.0556,0.4658,0.4786,0.854,4,238,False,https://pemilu2024.kpu.go.id/pilpres/hitung-suara/33/3374/337405/3374051009/3374051009009,2024-02-15 00:41:44,PASLON 03
JAWA TENGAH,KOTA SEMARANG,GENUK,MUKTIHARJO LOR,3374051009010,11,104,118,233,3374051009010,KOTA SEMARANG,MUKTIHARJO LOR,TPS 010,256,233,11,104,118,0.0472,0.4464,0.5064,0.9102,0,233,True,https://pemilu2024.kpu.go.id/pilpres/hitung-suara/33/3374/337405/3374051009/3374051009010,2024-02-16 09:30:28,PASLON 03
JAWA TENGAH,KOTA SEMARANG,GENUK,MUKTIHARJO LOR,3374051009011,1,104,86,191,3374051009011,KOTA SEMARANG,MUKTIHARJO LOR,TPS 011,239,191,1,104,86,0.0052,0.5445,0.4503,0.7992,12,203,False,https://pemilu2024.kpu.go.id/pilpres/hitung-suara/33/3374/337405/3374051009/3374051009011,2024-02-17 12:00:00,PASLON 02
JAWA TENGAH,KOTA SEMARANG,GENUK,PENGGARON LOR,3374051008001,34,145,69,248,3374051008001,KOTA SEMARANG,PENGGARON LOR,TPS 001,273,248,34,145,69,0.1371,0.5847,0.2782,0.9084,9,257,False,https://pemilu2024.kpu.go.id/pilpres/hitung-suara/33/3374/337405/3374051008/3374051008001,2024-02-16 09:30:28,PASLON 02
JAWA TENGAH,KOTA SEMARANG,GENUK,PENGGARON LOR,3374051008002,33,120,83,236,3374051008002,KOTA SEMARANG,PENGGARON LOR,TPS 002,266,236,33,120,83,0.1398,0.5085,0.3517,0.8872,6,242,False,https://pemilu2024.kpu.go.id/pilpres/hitung-suara/33/3374/337405/3374051008/3374051008002,2024-02-16 16:25:10,PASLON 02
JAWA TENGAH,KOTA SEMARANG,GENUK,PENGGARON LOR,3374051008003,11,148,83,242,3374051008003,KOTA SEMARANG,PENGGARON LOR,TPS 003,271,242,11,148,83,0.0455,0.6116,0.343,0.893,0,242,True,https://pemilu2024.kpu.go.id/pilpres/hitung-suara/33/3374/337405/3374051008/3374051008003,2024-02-16 09:30:28,PASLON 02
JAWA TENGAH,KOTA SEMARANG,GENUK,PENGGARON LOR,3374051008004,17,159,77,253,3374051008004,KOTA SEMARANG,PENGGARON LOR,TPS 004,274,253,17,159,77,0.0672,0.6285,0.3043,0.9234,7,260,False,https://pemilu2024.kpu.go.id/pilpres/hitung-suara/33/3374/337405/3374051008/3374051008004,2024-02-14 21:46:01,PASLON 02
JAWA TENGAH,KOTA SEMARANG,GENUK,PENGGARON LOR,3374051008007,43,131,51,225,3374051008007,KOTA SEMARANG,PENGGARON LOR,TPS 007,271,225,43,131,51,0.1911,0.5822,0.2267,0.8303,0,225,True,https://pemilu2024.kpu.go.id/pilpres/hitung-suara/33/3374/337405/3374051008/3374051008007,2024-02-16 09:30:28,PASLON 02
JAWA TENGAH,KOTA SEMARANG,GENUK,PENGGARON LOR,3374051008008,22,138,93,253,3374051008008,KOTA SEMARANG,PENGGARON LOR,TPS 008,294,253,22,138,93,0.087,0.5455,0.3676,0.8605,6,259,False,https://pemilu2024.kpu.go.id/pilpres/hitung-suara/33/3374/337405/3374051008/3374051008008,2024-02-15 03:06:03,PASLON 02
JAWA TENGAH,KOTA SEMARANG,GENUK,PENGGARON LOR,3374051008009,37,121,78,236,3374051008009,KOTA SEMARANG,PENGGARON LOR,TPS 009,271,236,37,121,78,0.1568,0.5127,0.3305,0.8708,0,236,True,https://pemilu2024.kpu.go.id/pilpres/hitung-suara/33/3374/337405/3374051008/3374051008009,2024-02-16 09:30:28,PASLON 02
JAWA TENGAH,KOTA SEMARANG,GENUK,PENGGARON LOR,3374051008010,15,132,67,214,3374051008010,KOTA SEMARANG,PENGGARON LOR,TPS 010,271,214,15,132,67,0.0701,0.6168,0.3131,0.7897,8,222,True,https://pemilu2024.kpu.go.id/pilpres/hitung-suara/33/3374/337405/3374051008/3374051008010,2024-02-16 16:25:10,PASLON 02
JAWA TENGAH,KOTA SEMARANG,GENUK,PENGGARON LOR,3374051008011,25,122,75,222,3374051008011,KOTA SEMARANG,PENGGARON LOR,TPS 011,267,222,25,122,75,0.1126,0.5495,0.3378,0.8315,7,229,False,https://pemilu2024.kpu.go.id/pilpres/hitung-suara/33/3374/337405/3374051008/3374051008011,2024-02-15 15:00:29,PASLON 02
JAWA TENGAH,KOTA SEMARANG,GENUK,PENGGARON LOR,3374051008012,14,102,95,211,3374051008012,KOTA SEMARANG,PENGGARON LOR,TPS 012,252,211,14,102,95,0.0664,0.4834,0.4502,0.8373,5,216,False,https://pemilu2024.kpu.go.id/pilpres/hitung-suara/33/3374/337405/3374051008/3374051008012,2024-02-14 21:46:01,PASLON 02
JAWA TENGAH,KOTA SEMARANG,GENUK,PENGGARON LOR,3374051008013,22,146,81,249,3374051008013,KOTA SEMARANG,PENGGARON LOR,TPS 013,271,249,22,146,81,0.0884,0.5863,0.3253,0.9188,0,249,True,https://pemilu2024.kpu.go.id/pilpres/hitung-suara/33/3374/337405/3374051008/3374051008013,2024-02-16 09:30:28,PASLON 02
JAWA TENGAH,KOTA SEMARANG,GENUK,PENGGARON LOR,3374051008014,31,144,81,256,3374051008014,KOTA SEMARANG,PENGGARON LOR,TPS 014,271,256,31,144,81,0.1211,0.5625,0.3164,0.9446,0,256,True,https://pemilu2024.kpu.go.id/pilpres/hitung-suara/33/3374/337405/3374051008/3374051008014,2024-02-16 09:30:28,PASLON 02
JAWA TENGAH,KOTA SEMARANG,GENUK,PENGGARON LOR,3374051008015,31,116,74,221,3374051008015,KOTA SEMARANG,PENGGARON LOR,TPS 015,271,221,31,116,74,0.1403,0.5249,0.3348,0.8155,0,221,True,https://pemilu2024.kpu.go.id/pilpres/hitung-suara/33/3374/337405/3374051008/3374051008015,2024-02-15 22:00:27,PASLON 02
JAWA TENGAH,KOTA SEMARANG,GENUK,PENGGARON LOR,3374051008016,18,89,142,249,3374051008016,KOTA SEMARANG,PENGGARON LOR,TPS 016,271,249,18,89,142,0.0723,0.3574,0.5703,0.9188,5,254,False,https://pemilu2024.kpu.go.id/pilpres/hitung-suara/33/3374/337405/3374051008/3374051008016,2024-02-15 17:30:25,PASLON 03
JAWA TENGAH,KOTA SEMARANG,GENUK,SEMBUNGHARJO,3374051001002,38,134,79,251,3374051001002,KOTA SEMARANG,SEMBUNGHARJO,TPS 002,277,251,38,134,79,0.1514,0.5339,0.3147,0.9061,4,255,False,https://pemilu2024.kpu.go.id/pilpres/hitung-suara/33/3374/337405/3374051001/3374051001002,2024-02-16 14:30:33,PASLON 02
JAWA TENGAH,KOTA SEMARANG,GENUK,SEMBUNGHARJO,3374051001003,38,154,69,261,3374051001003,KOTA SEMARANG,SEMBUNGHARJO,TPS 003,280,261,38,154,69,0.1456,0.59,0.2644,0.9321,4,265,False,https://pemilu2024.kpu.go.id/pilpres/hitung-suara/33/3374/337405/3374051001/3374051001003,2024-02-16 22:01:00,PASLON 02
JAWA TENGAH,KOTA SEMARANG,GENUK,SEMBUNGHARJO,3374051001004,26,147,82,255,3374051001004,KOTA SEMARANG,SEMBUNGHARJO,TPS 004,280,255,26,147,82,0.102,0.5765,0.3216,0.9107,0,255,True,https://pemilu2024.kpu.go.id/pilpres/hitung-suara/33/3374/337405/3374051001/3374051001004,2024-02-16 09:00:28,PASLON 02
JAWA TENGAH,KOTA SEMARANG,GENUK,SEMBUNGHARJO,3374051001006,14,148,87,249,3374051001006,KOTA SEMARANG,SEMBUNGHARJO,TPS 006,281,249,14,148,87,0.0562,0.5944,0.3494,0.8861,7,256,False,https://pemilu2024.kpu.go.id/pilpres/hitung-suara/33/3374/337405/3374051001/3374051001006,2024-02-14 21:46:01,PASLON 02
JAWA TENGAH,KOTA SEMARANG,GENUK,SEMBUNGHARJO,3374051001007,15,113,121,249,3374051001007,KOTA SEMARANG,SEMBUNGHARJO,TPS 007,279,249,15,113,121,0.0602,0.4538,0.4859,0.8925,7,256,False,https://pemilu2024.kpu.go.id/pilpres/hitung-suara/33/3374/337405/3374051001/3374051001007,2024-02-16 14:30:33,PASLON 03
JAWA TENGAH,KOTA SEMARANG,GENUK,SEMBUNGHARJO,3374051001008,15,167,59,241,3374051001008,KOTA SEMARANG,SEMBUNGHARJO,TPS 008,280,241,15,167,59,0.0622,0.6929,0.2448,0.8607,0,241,True,https://pemilu2024.kpu.go.id/pilpres/hitung-suara/33/3374/337405/3374051001/3374051001008,2024-02-16 08:00:28,PASLON 02
JAWA TENGAH,KOTA SEMARANG,GENUK,SEMBUNGHARJO,3374051001010,38,142,102,282,3374051001010,KOTA SEMARANG,SEMBUNGHARJO,TPS 010,291,282,38,142,102,0.1348,0.5035,0.3617,0.9691,5,287,False,https://pemilu2024.kpu.go.id/pilpres/hitung-suara/33/3374/337405/3374051001/3374051001010,2024-02-15 17:00:25,PASLON 02
JAWA TENGAH,KOTA SEMARANG,GENUK,SEMBUNGHARJO,3374051001012,33,118,85,236,3374051001012,KOTA SEMARANG,SEMBUNGHARJO,TPS 012,287,236,33,118,85,0.1398,0.5,0.3602,0.8223,6,242,False,https://pemilu2024.kpu.go.id/pilpres/hitung-suara/33/3374/337405/3374051001/3374051001012,2024-02-15 17:00:25,PASLON 02
JAWA TENGAH,KOTA SEMARANG,GENUK,SEMBUNGHARJO,3374051001013,32,141,85,258,3374051001013,KOTA SEMARANG,SEMBUNGHARJO,TPS 013,290,258,32,141,85,0.124,0.5465,0.3295,0.8897,6,264,False,https://pemilu2024.kpu.go.id/pilpres/hitung-suara/33/3374/337405/3374051001/3374051001013,2024-02-15 23:29:50,PASLON 02
JAWA TENGAH,KOTA SEMARANG,GENUK,SEMBUNGHARJO,3374051001014,33,125,103,261,3374051001014,KOTA SEMARANG,SEMBUNGHARJO,TPS 014,278,261,33,125,103,0.1264,0.4789,0.3946,0.9388,3,264,False,https://pemilu2024.kpu.go.id/pilpres/hitung-suara/33/3374/337405/3374051001/3374051001014,2024-02-17 11:30:03,PASLON 02
JAWA TENGAH,KOTA SEMARANG,GENUK,SEMBUNGHARJO,3374051001015,24,128,99,251,3374051001015,KOTA SEMARANG,SEMBUNGHARJO,TPS 015,282,251,24,128,99,0.0956,0.51,0.3944,0.8901,2,253,False,https://pemilu2024.kpu.go.id/pilpres/hitung-suara/33/3374/337405/3374051001/3374051001015,2024-02-17 11:30:03,PASLON 02
JAWA TENGAH,KOTA SEMARANG,GENUK,SEMBUNGHARJO,3374051001019,37,132,74,243,3374051001019,KOTA SEMARANG,SEMBUNGHARJO,TPS 019,280,243,37,132,74,0.1523,0.5432,0.3045,0.8679,0,243,True,https://pemilu2024.kpu.go.id/pilpres/hitung-suara/33/3374/337405/3374051001/3374051001019,2024-02-15 07:00:44,PASLON 02
JAWA TENGAH,KOTA SEMARANG,GENUK,SEMBUNGHARJO,3374051001020,32,130,89,251,3374051001020,KOTA SEMARANG,SEMBUNGHARJO,TPS 020,280,251,32,130,89,0.1275,0.5179,0.3546,0.8964,0,251,True,https://pemilu2024.kpu.go.id/pilpres/hitung-suara/33/3374/337405/3374051001/3374051001020,2024-02-14 21:46:01,PASLON 02
JAWA TENGAH,KOTA SEMARANG,GENUK,SEMBUNGHARJO,3374051001021,32,109,92,233,3374051001021,KOTA SEMARANG,SEMBUNGHARJO,TPS 021,267,233,32,109,92,0.1373,0.4678,0.3948,0.8727,4,237,False,https://pemilu2024.kpu.go.id/pilpres/hitung-suara/33/3374/337405/3374051001/3374051001021,2024-02-22 14:00:00,PASLON 02
JAWA TENGAH,KOTA SEMARANG,GENUK,SEMBUNGHARJO,3374051001022,34,129,77,240,3374051001022,KOTA SEMARANG,SEMBUNGHARJO,TPS 022,274,240,34,129,77,0.1417,0.5375,0.3208,0.8759,6,246,False,https://pemilu2024.kpu.go.id/pilpres/hitung-suara/33/3374/337405/3374051001/3374051001022,2024-02-15 19:00:26,PASLON 02
JAWA TENGAH,KOTA SEMARANG,GENUK,SEMBUNGHARJO,3374051001023,71,109,64,244,3374051001023,KOTA SEMARANG,SEMBUNGHARJO,TPS 023,280,244,71,109,64,0.291,0.4467,0.2623,0.8714,8,252,True,https://pemilu2024.kpu.go.id/pilpres/hitung-suara/33/3374/337405/3374051001/3374051001023,2024-02-16 16:25:10,PASLON 02
JAWA TENGAH,KOTA SEMARANG,GENUK,SEMBUNGHARJO,3374051001024,36,117,71,224,3374051001024,KOTA SEMARANG,SEMBUNGHARJO,TPS 024,280,224,36,117,71,0.1607,0.5223,0.317,0.8,0,224,True,https://pemilu2024.kpu.go.id/pilpres/hitung-suara/33/3374/337405/3374051001/3374051001024,2024-02-15 17:00:25,PASLON 02
JAWA TENGAH,KOTA SEMARANG,GENUK,SEMBUNGHARJO,3374051001025,32,130,98,260,3374051001025,KOTA SEMARANG,SEMBUNGHARJO,TPS 025,297,260,32,130,98,0.1231,0.5,0.3769,0.8754,4,264,False,https://pemilu2024.kpu.go.id/pilpres/hitung-suara/33/3374/337405/3374051001/3374051001025,2024-02-21 17:00:00,PASLON 02
JAWA TENGAH,KOTA SEMARANG,GENUK,SEMBUNGHARJO,3374051001026,48,95,86,229,3374051001026,KOTA SEMARANG,SEMBUNGHARJO,TPS 026,254,229,48,95,86,0.2096,0.4148,0.3755,0.9016,0,229,False,https://pemilu2024.kpu.go.id/pilpres/hitung-suara/33/3374/337405/3374051001/3374051001026,2024-02-15 00:41:44,PASLON 02
JAWA TENGAH,KOTA SEMARANG,GENUK,SEMBUNGHARJO,3374051001027,76,96,66,238,3374051001027,KOTA SEMARANG,SEMBUNGHARJO,TPS 027,255,238,76,96,66,0.3193,0.4034,0.2773,0.9333,3,241,False,https://pemilu2024.kpu.go.id/pilpres/hitung-suara/33/3374/337405/3374051001/3374051001027,2024-02-16 16:25:10,PASLON 02
JAWA TENGAH,KOTA SEMARANG,GENUK,SEMBUNGHARJO,3374051001028,41,97,85,223,3374051001028,KOTA SEMARANG,SEMBUNGHARJO,TPS 028,254,223,41,97,85,0.1839,0.435,0.3812,0.878,5,233,False,https://pemilu2024.kpu.go.id/pilpres/hitung-suara/33/3374/337405/3374051001/3374051001028,2024-02-16 14:30:33,PASLON 02
JAWA TENGAH,KOTA SEMARANG,GENUK,SEMBUNGHARJO,3374051001029,19,142,81,242,3374051001029,KOTA SEMARANG,SEMBUNGHARJO,TPS 029,280,242,19,142,81,0.0785,0.5868,0.3347,0.8643,0,242,True,https://pemilu2024.kpu.go.id/pilpres/hitung-suara/33/3374/337405/3374051001/3374051001029,2024-02-15 19:00:26,PASLON 02
JAWA TENGAH,KOTA SEMARANG,GENUK,SEMBUNGHARJO,3374051001030,31,122,100,253,3374051001030,KOTA SEMARANG,SEMBUNGHARJO,TPS 030,280,253,31,122,100,0.1225,0.4822,0.3953,0.9036,0,253,True,https://pemilu2024.kpu.go.id/pilpres/hitung-suara/33/3374/337405/3374051001/3374051001030,2024-02-16 09:00:28,PASLON 02
JAWA TENGAH,KOTA SEMARANG,GENUK,SEMBUNGHARJO,3374051001031,22,122,57,201,3374051001031,KOTA SEMARANG,SEMBUNGHARJO,TPS 031,235,201,22,122,57,0.1095,0.607,0.2836,0.8553,7,208,False,https://pemilu2024.kpu.go.id/pilpres/hitung-suara/33/3374/337405/3374051001/3374051001031,2024-02-15 12:00:28,PASLON 02
JAWA TENGAH,KOTA SEMARANG,GENUK,SEMBUNGHARJO,3374051001032,23,143,83,249,3374051001032,KOTA SEMARANG,SEMBUNGHARJO,TPS 032,280,249,23,143,83,0.0924,0.5743,0.3333,0.8893,0,249,True,https://pemilu2024.kpu.go.id/pilpres/hitung-suara/33/3374/337405/3374051001/3374051001032,2024-02-17 12:00:00,PASLON 02
JAWA TENGAH,KOTA SEMARANG,GENUK,SEMBUNGHARJO,3374051001033,19,156,72,247,3374051001033,KOTA SEMARANG,SEMBUNGHARJO,TPS 033,292,247,19,156,72,0.0769,0.6316,0.2915,0.8459,8,255,False,https://pemilu2024.kpu.go.id/pilpres/hitung-suara/33/3374/337405/3374051001/3374051001033,2024-02-16 14:30:33,PASLON 02
JAWA TENGAH,KOTA SEMARANG,GENUK,SEMBUNGHARJO,3374051001034,18,134,78,230,3374051001034,KOTA SEMARANG,SEMBUNGHARJO,TPS 034,262,230,18,134,78,0.0783,0.5826,0.3391,0.8779,3,233,False,https://pemilu2024.kpu.go.id/pilpres/hitung-suara/33/3374/337405/3374051001/3374051001034,2024-02-16 14:30:33,PASLON 02
JAWA TENGAH,KOTA SEMARANG,GENUK,SEMBUNGHARJO,3374051001035,14,133,101,248,3374051001035,KOTA SEMARANG,SEMBUNGHARJO,TPS 035,293,248,14,133,101,0.0565,0.5363,0.4073,0.8464,5,253,False,https://pemilu2024.kpu.go.id/pilpres/hitung-suara/33/3374/337405/3374051001/3374051001035,2024-02-16 14:30:33,PASLON 02
JAWA TENGAH,KOTA SEMARANG,GENUK,SEMBUNGHARJO,3374051001036,9,131,110,250,3374051001036,KOTA SEMARANG,SEMBUNGHARJO,TPS 036,288,250,9,131,110,0.036,0.524,0.44,0.8681,10,260,False,https://pemilu2024.kpu.go.id/pilpres/hitung-suara/33/3374/337405/3374051001/3374051001036,2024-02-16 14:30:33,PASLON 02
JAWA TENGAH,KOTA SEMARANG,GENUK,TERBOYO KULON,3374051012001,15,115,77,207,3374051012001,KOTA SEMARANG,TERBOYO KULON,TPS 001,207,207,15,115,77,0.0725,0.5556,0.372,1.0,0,207,True,https://pemilu2024.kpu.go.id/pilpres/hitung-suara/33/3374/337405/3374051012/3374051012001,2024-02-16 10:00:28,PASLON 02
JAWA TENGAH,KOTA SEMARANG,GENUK,TERBOYO KULON,3374051012002,13,101,59,173,3374051012002,KOTA SEMARANG,TERBOYO KULON,TPS 002,204,173,13,101,59,0.0751,0.5838,0.341,0.848,4,177,False,https://pemilu2024.kpu.go.id/pilpres/hitung-suara/33/3374/337405/3374051012/3374051012002,2024-02-15 17:30:25,PASLON 02
JAWA TENGAH,KOTA SEMARANG,GENUK,TERBOYO WETAN,3374051013001,9,121,81,211,3374051013001,KOTA SEMARANG,TERBOYO WETAN,TPS 001,252,211,9,121,81,0.0427,0.5735,0.3839,0.8373,5,216,False,https://pemilu2024.kpu.go.id/pilpres/hitung-suara/33/3374/337405/3374051013/3374051013001,2024-02-16 10:00:28,PASLON 02
JAWA TENGAH,KOTA SEMARANG,GENUK,TERBOYO WETAN,3374051013002,26,94,101,221,3374051013002,KOTA SEMARANG,TERBOYO WETAN,TPS 002,255,221,26,94,101,0.1176,0.4253,0.457,0.8667,3,224,False,https://pemilu2024.kpu.go.id/pilpres/hitung-suara/33/3374/337405/3374051013/3374051013002,2024-02-15 06:00:23,PASLON 03
JAWA TENGAH,KOTA SEMARANG,GENUK,TERBOYO WETAN,3374051013003,21,136,112,269,3374051013003,KOTA SEMARANG,TERBOYO WETAN,TPS 003,296,269,21,136,112,0.0781,0.5056,0.4164,0.9088,5,274,False,https://pemilu2024.kpu.go.id/pilpres/hitung-suara/33/3374/337405/3374051013/3374051013003,2024-02-15 17:30:25,PASLON 02
JAWA TENGAH,KOTA SEMARANG,GENUK,TERBOYO WETAN,3374051013004,23,120,97,240,3374051013004,KOTA SEMARANG,TERBOYO WETAN,TPS 004,281,240,23,120,97,0.0958,0.5,0.4042,0.8541,6,246,False,https://pemilu2024.kpu.go.id/pilpres/hitung-suara/33/3374/337405/3374051013/3374051013004,2024-02-15 01:04:11,PASLON 02
JAWA TENGAH,KOTA SEMARANG,GENUK,TRIMULYO,3374051007001,23,125,82,230,3374051007001,KOTA SEMARANG,TRIMULYO,TPS 001,232,230,23,125,82,0.1,0.5435,0.3565,0.9914,0,230,True,https://pemilu2024.kpu.go.id/pilpres/hitung-suara/33/3374/337405/3374051007/3374051007001,2024-02-16 09:30:28,PASLON 02
JAWA TENGAH,KOTA SEMARANG,GENUK,TRIMULYO,3374051007002,10,146,84,240,3374051007002,KOTA SEMARANG,TRIMULYO,TPS 002,247,240,10,146,84,0.0417,0.6083,0.35,0.9717,7,247,False,https://pemilu2024.kpu.go.id/pilpres/hitung-suara/33/3374/337405/3374051007/3374051007002,2024-02-15 17:30:25,PASLON 02
JAWA TENGAH,KOTA SEMARANG,GENUK,TRIMULYO,3374051007003,14,134,71,219,3374051007003,KOTA SEMARANG,TRIMULYO,TPS 003,232,219,14,134,71,0.0639,0.6119,0.3242,0.944,0,219,True,https://pemilu2024.kpu.go.id/pilpres/hitung-suara/33/3374/337405/3374051007/3374051007003,2024-02-15 12:00:28,PASLON 02
JAWA TENGAH,KOTA SEMARANG,GENUK,TRIMULYO,3374051007004,32,81,61,174,3374051007004,KOTA SEMARANG,TRIMULYO,TPS 004,217,174,32,81,61,0.1839,0.4655,0.3506,0.8018,5,179,False,https://pemilu2024.kpu.go.id/pilpres/hitung-suara/33/3374/337405/3374051007/3374051007004,2024-02-16 16:25:10,PASLON 02
JAWA TENGAH,KOTA SEMARANG,GENUK,TRIMULYO,3374051007005,19,107,61,187,3374051007005,KOTA SEMARANG,TRIMULYO,TPS 005,232,187,19,107,61,0.1016,0.5722,0.3262,0.806,0,187,True,https://pemilu2024.kpu.go.id/pilpres/hitung-suara/33/3374/337405/3374051007/3374051007005,2024-02-16 09:30:28,PASLON 02
JAWA TENGAH,KOTA SEMARANG,GENUK,TRIMULYO,3374051007006,13,113,58,184,3374051007006,KOTA SEMARANG,TRIMULYO,TPS 006,213,184,13,113,58,0.0707,0.6141,0.3152,0.8638,5,189,False,https://pemilu2024.kpu.go.id/pilpres/hitung-suara/33/3374/337405/3374051007/3374051007006,2024-02-16 16:25:10,PASLON 02
JAWA TENGAH,KOTA SEMARANG,GENUK,TRIMULYO,3374051007007,24,106,89,219,3374051007007,KOTA SEMARANG,TRIMULYO,TPS 007,296,219,24,106,89,0.1096,0.484,0.4064,0.7399,3,222,False,https://pemilu2024.kpu.go.id/pilpres/hitung-suara/33/3374/337405/3374051007/3374051007007,2024-02-16 16:25:10,PASLON 02
JAWA TENGAH,KOTA SEMARANG,GUNUNGPATI,CEPOKO,3374121012005,31,108,94,233,3374121012005,KOTA SEMARANG,CEPOKO,TPS 005,272,233,31,108,94,0.133,0.4635,0.4034,0.8566,15,248,False,https://pemilu2024.kpu.go.id/pilpres/hitung-suara/33/3374/337412/3374121012/3374121012005,2024-02-16 03:00:26,PASLON 02
JAWA TENGAH,KOTA SEMARANG,GUNUNGPATI,CEPOKO,3374121012007,9,99,95,203,3374121012007,KOTA SEMARANG,CEPOKO,TPS 007,228,203,9,99,95,0.0443,0.4877,0.468,0.8904,7,210,False,https://pemilu2024.kpu.go.id/pilpres/hitung-suara/33/3374/337412/3374121012/3374121012007,2024-02-15 00:41:44,PASLON 02
JAWA TENGAH,KOTA SEMARANG,GUNUNGPATI,CEPOKO,3374121012008,45,103,119,267,3374121012008,KOTA SEMARANG,CEPOKO,TPS 008,297,267,45,103,119,0.1685,0.3858,0.4457,0.899,9,276,False,https://pemilu2024.kpu.go.id/pilpres/hitung-suara/33/3374/337412/3374121012/3374121012008,2024-02-19 06:16:00,PASLON 03
JAWA TENGAH,KOTA SEMARANG,GUNUNGPATI,CEPOKO,3374121012009,26,131,121,278,3374121012009,KOTA SEMARANG,CEPOKO,TPS 009,278,278,26,131,121,0.0935,0.4712,0.4353,1.0,0,278,True,https://pemilu2024.kpu.go.id/pilpres/hitung-suara/33/3374/337412/3374121012/3374121012009,2024-02-16 12:51:22,PASLON 02
JAWA TENGAH,KOTA SEMARANG,GUNUNGPATI,GUNUNGPATI,3374121004001,27,131,94,252,3374121004001,KOTA SEMARANG,GUNUNGPATI,TPS 001,267,252,27,131,94,0.1071,0.5198,0.373,0.9438,0,252,True,https://pemilu2024.kpu.go.id/pilpres/hitung-suara/33/3374/337412/3374121004/3374121004001,2024-02-16 12:51:22,PASLON 02
JAWA TENGAH,KOTA SEMARANG,GUNUNGPATI,GUNUNGPATI,3374121004002,48,141,64,253,3374121004002,KOTA SEMARANG,GUNUNGPATI,TPS 002,267,253,48,141,64,0.1897,0.5573,0.253,0.9476,0,253,True,https://pemilu2024.kpu.go.id/pilpres/hitung-suara/33/3374/337412/3374121004/3374121004002,2024-02-19 14:00:00,PASLON 02
JAWA TENGAH,KOTA SEMARANG,GUNUNGPATI,GUNUNGPATI,3374121004003,78,124,69,271,3374121004003,KOTA SEMARANG,GUNUNGPATI,TPS 003,297,271,78,124,69,0.2878,0.4576,0.2546,0.9125,2,273,False,https://pemilu2024.kpu.go.id/pilpres/hitung-suara/33/3374/337412/3374121004/3374121004003,2024-02-19 06:16:00,PASLON 02
JAWA TENGAH,KOTA SEMARANG,GUNUNGPATI,GUNUNGPATI,3374121004004,59,125,68,252,3374121004004,KOTA SEMARANG,GUNUNGPATI,TPS 004,267,252,59,125,68,0.2341,0.496,0.2698,0.9438,0,252,True,https://pemilu2024.kpu.go.id/pilpres/hitung-suara/33/3374/337412/3374121004/3374121004004,2024-02-19 06:16:00,PASLON 02
JAWA TENGAH,KOTA SEMARANG,GUNUNGPATI,GUNUNGPATI,3374121004005,45,83,65,193,3374121004005,KOTA SEMARANG,GUNUNGPATI,TPS 005,224,193,45,83,65,0.2332,0.4301,0.3368,0.8616,2,195,False,https://pemilu2024.kpu.go.id/pilpres/hitung-suara/33/3374/337412/3374121004/3374121004005,2024-02-15 18:00:26,PASLON 02
JAWA TENGAH,KOTA SEMARANG,GUNUNGPATI,GUNUNGPATI,3374121004006,36,112,85,233,3374121004006,KOTA SEMARANG,GUNUNGPATI,TPS 006,275,233,36,112,85,0.1545,0.4807,0.3648,0.8473,8,241,False,https://pemilu2024.kpu.go.id/pilpres/hitung-suara/33/3374/337412/3374121004/3374121004006,2024-02-21 21:00:04,PASLON 02
JAWA TENGAH,KOTA SEMARANG,GUNUNGPATI,GUNUNGPATI,3374121004007,52,106,94,252,3374121004007,KOTA SEMARANG,GUNUNGPATI,TPS 007,272,252,52,106,94,0.2063,0.4206,0.373,0.9265,5,257,False,https://pemilu2024.kpu.go.id/pilpres/hitung-suara/33/3374/337412/3374121004/3374121004007,2024-02-19 22:00:00,PASLON 02
JAWA TENGAH,KOTA SEMARANG,GUNUNGPATI,GUNUNGPATI,3374121004008,27,111,62,200,3374121004008,KOTA SEMARANG,GUNUNGPATI,TPS 008,237,200,27,111,62,0.135,0.555,0.31,0.8439,3,203,False,https://pemilu2024.kpu.go.id/pilpres/hitung-suara/33/3374/337412/3374121004/3374121004008,2024-02-19 06:16:00,PASLON 02
JAWA TENGAH,KOTA SEMARANG,GUNUNGPATI,GUNUNGPATI,3374121004009,27,94,67,188,3374121004009,KOTA SEMARANG,GUNUNGPATI,TPS 009,221,188,27,94,67,0.1436,0.5,0.3564,0.8507,5,193,False,https://pemilu2024.kpu.go.id/pilpres/hitung-suara/33/3374/337412/3374121004/3374121004009,2024-02-21 13:00:00,PASLON 02
JAWA TENGAH,KOTA SEMARANG,GUNUNGPATI,GUNUNGPATI,3374121004010,33,145,80,258,3374121004010,KOTA SEMARANG,GUNUNGPATI,TPS 010,293,258,33,145,80,0.1279,0.562,0.3101,0.8805,10,268,False,https://pemilu2024.kpu.go.id/pilpres/hitung-suara/33/3374/337412/3374121004/3374121004010,2024-02-21 21:00:04,PASLON 02
JAWA TENGAH,KOTA SEMARANG,GUNUNGPATI,GUNUNGPATI,3374121004011,27,137,83,247,3374121004011,KOTA SEMARANG,GUNUNGPATI,TPS 011,267,247,27,137,83,0.1093,0.5547,0.336,0.9251,0,247,True,https://pemilu2024.kpu.go.id/pilpres/hitung-suara/33/3374/337412/3374121004/3374121004011,2024-02-24 22:31:28,PASLON 02
JAWA TENGAH,KOTA SEMARANG,GUNUNGPATI,GUNUNGPATI,3374121004012,15,158,77,250,3374121004012,KOTA SEMARANG,GUNUNGPATI,TPS 012,267,250,15,158,77,0.06,0.632,0.308,0.9363,0,250,True,https://pemilu2024.kpu.go.id/pilpres/hitung-suara/33/3374/337412/3374121004/3374121004012,2024-02-22 15:00:00,PASLON 02
JAWA TENGAH,KOTA SEMARANG,GUNUNGPATI,GUNUNGPATI,3374121004013,25,131,62,218,3374121004013,KOTA SEMARANG,GUNUNGPATI,TPS 013,256,218,25,131,62,0.1147,0.6009,0.2844,0.8516,3,221,False,https://pemilu2024.kpu.go.id/pilpres/hitung-suara/33/3374/337412/3374121004/3374121004013,2024-02-19 06:16:00,PASLON 02
JAWA TENGAH,KOTA SEMARANG,GUNUNGPATI,GUNUNGPATI,3374121004014,35,128,67,230,3374121004014,KOTA SEMARANG,GUNUNGPATI,TPS 014,260,230,35,128,67,0.1522,0.5565,0.2913,0.8846,6,236,False,https://pemilu2024.kpu.go.id/pilpres/hitung-suara/33/3374/337412/3374121004/3374121004014,2024-02-21 21:00:04,PASLON 02
JAWA TENGAH,KOTA SEMARANG,GUNUNGPATI,GUNUNGPATI,3374121004015,12,99,70,181,3374121004015,KOTA SEMARANG,GUNUNGPATI,TPS 015,267,181,12,99,70,0.0663,0.547,0.3867,0.6779,0,181,True,https://pemilu2024.kpu.go.id/pilpres/hitung-suara/33/3374/337412/3374121004/3374121004015,2024-02-16 12:51:22,PASLON 02
JAWA TENGAH,KOTA SEMARANG,GUNUNGPATI,GUNUNGPATI,3374121004016,24,121,93,238,3374121004016,KOTA SEMARANG,GUNUNGPATI,TPS 016,274,238,24,121,93,0.1008,0.5084,0.3908,0.8686,2,240,False,https://pemilu2024.kpu.go.id/pilpres/hitung-suara/33/3374/337412/3374121004/3374121004016,2024-02-14 21:46:01,PASLON 02
JAWA TENGAH,KOTA SEMARANG,GUNUNGPATI,GUNUNGPATI,3374121004018,16,117,134,267,3374121004018,KOTA SEMARANG,GUNUNGPATI,TPS 018,267,267,16,117,134,0.0599,0.4382,0.5019,1.0,0,267,True,https://pemilu2024.kpu.go.id/pilpres/hitung-suara/33/3374/337412/3374121004/3374121004018,2024-02-24 22:31:28,PASLON 03
JAWA TENGAH,KOTA SEMARANG,GUNUNGPATI,GUNUNGPATI,3374121004019,33,132,79,244,3374121004019,KOTA SEMARANG,GUNUNGPATI,TPS 019,281,244,33,132,79,0.1352,0.541,0.3238,0.8683,11,255,False,https://pemilu2024.kpu.go.id/pilpres/hitung-suara/33/3374/337412/3374121004/3374121004019,2024-02-15 09:00:24,PASLON 02
JAWA TENGAH,KOTA SEMARANG,GUNUNGPATI,GUNUNGPATI,3374121004020,17,106,95,218,3374121004020,KOTA SEMARANG,GUNUNGPATI,TPS 020,247,218,17,106,95,0.078,0.4862,0.4358,0.8826,18,236,False,https://pemilu2024.kpu.go.id/pilpres/hitung-suara/33/3374/337412/3374121004/3374121004020,2024-02-15 22:30:27,PASLON 02
JAWA TENGAH,KOTA SEMARANG,GUNUNGPATI,GUNUNGPATI,3374121004021,24,100,120,244,3374121004021,KOTA SEMARANG,GUNUNGPATI,TPS 021,267,244,24,100,120,0.0984,0.4098,0.4918,0.9139,5,249,False,https://pemilu2024.kpu.go.id/pilpres/hitung-suara/33/3374/337412/3374121004/3374121004021,2024-02-19 06:16:00,PASLON 03
JAWA TENGAH,KOTA SEMARANG,GUNUNGPATI,JATIREJO,3374121013001,17,138,98,253,3374121013001,KOTA SEMARANG,JATIREJO,TPS 001,274,253,17,138,98,0.0672,0.5455,0.3874,0.9234,6,259,False,https://pemilu2024.kpu.go.id/pilpres/hitung-suara/33/3374/337412/3374121013/3374121013001,2024-02-17 16:00:02,PASLON 02
JAWA TENGAH,KOTA SEMARANG,GUNUNGPATI,JATIREJO,3374121013003,17,100,80,197,3374121013003,KOTA SEMARANG,JATIREJO,TPS 003,224,197,17,100,80,0.0863,0.5076,0.4061,0.8795,9,206,False,https://pemilu2024.kpu.go.id/pilpres/hitung-suara/33/3374/337412/3374121013/3374121013003,2024-02-14 21:46:01,PASLON 02
JAWA TENGAH,KOTA SEMARANG,GUNUNGPATI,JATIREJO,3374121013004,8,136,95,239,3374121013004,KOTA SEMARANG,JATIREJO,TPS 004,265,239,8,136,95,0.0335,0.569,0.3975,0.9019,6,245,False,https://pemilu2024.kpu.go.id/pilpres/hitung-suara/33/3374/337412/3374121013/3374121013004,2024-02-15 00:41:44,PASLON 02
JAWA TENGAH,KOTA SEMARANG,GUNUNGPATI,KALISEGORO,3374121015001,25,125,108,258,3374121015001,KOTA SEMARANG,KALISEGORO,TPS 001,280,258,25,125,108,0.0969,0.4845,0.4186,0.9214,11,269,False,https://pemilu2024.kpu.go.id/pilpres/hitung-suara/33/3374/337412/3374121015/3374121015001,2024-02-14 21:46:01,PASLON 02
JAWA TENGAH,KOTA SEMARANG,GUNUNGPATI,KALISEGORO,3374121015002,29,150,95,274,3374121015002,KOTA SEMARANG,KALISEGORO,TPS 002,276,274,29,150,95,0.1058,0.5474,0.3467,0.9928,7,281,False,https://pemilu2024.kpu.go.id/pilpres/hitung-suara/33/3374/337412/3374121015/3374121015002,2024-02-16 16:25:10,PASLON 02
JAWA TENGAH,KOTA SEMARANG,GUNUNGPATI,KALISEGORO,3374121015003,36,137,97,270,3374121015003,KOTA SEMARANG,KALISEGORO,TPS 003,286,270,36,137,97,0.1333,0.5074,0.3593,0.9441,11,281,False,https://pemilu2024.kpu.go.id/pilpres/hitung-suara/33/3374/337412/3374121015/3374121015003,2024-02-19 06:16:00,PASLON 02
JAWA TENGAH,KOTA SEMARANG,GUNUNGPATI,KALISEGORO,3374121015004,35,113,102,250,3374121015004,KOTA SEMARANG,KALISEGORO,TPS 004,280,250,35,113,102,0.14,0.452,0.408,0.8929,6,256,False,https://pemilu2024.kpu.go.id/pilpres/hitung-suara/33/3374/337412/3374121015/3374121015004,2024-02-19 06:16:00,PASLON 02
JAWA TENGAH,KOTA SEMARANG,GUNUNGPATI,KALISEGORO,3374121015006,24,106,91,221,3374121015006,KOTA SEMARANG,KALISEGORO,TPS 006,242,221,24,106,91,0.1086,0.4796,0.4118,0.9132,7,228,False,https://pemilu2024.kpu.go.id/pilpres/hitung-suara/33/3374/337412/3374121015/3374121015006,2024-02-19 06:16:00,PASLON 02
JAWA TENGAH,KOTA SEMARANG,GUNUNGPATI,KALISEGORO,3374121015008,66,123,74,263,3374121015008,KOTA SEMARANG,KALISEGORO,TPS 008,283,263,66,123,74,0.251,0.4677,0.2814,0.9293,7,270,False,https://pemilu2024.kpu.go.id/pilpres/hitung-suara/33/3374/337412/3374121015/3374121015008,2024-02-14 21:46:01,PASLON 02
JAWA TENGAH,KOTA SEMARANG,GUNUNGPATI,KALISEGORO,3374121015009,87,125,56,268,3374121015009,KOTA SEMARANG,KALISEGORO,TPS 009,274,268,87,125,56,0.3246,0.4664,0.209,0.9781,3,271,False,https://pemilu2024.kpu.go.id/pilpres/hitung-suara/33/3374/337412/3374121015/3374121015009,2024-02-19 06:16:00,PASLON 02
JAWA TENGAH,KOTA SEMARANG,GUNUNGPATI,KALISEGORO,3374121015010,46,116,111,273,3374121015010,KOTA SEMARANG,KALISEGORO,TPS 010,280,273,46,116,111,0.1685,0.4249,0.4066,0.975,0,273,True,https://pemilu2024.kpu.go.id/pilpres/hitung-suara/33/3374/337412/3374121015/3374121015010,2024-02-19 06:16:00,PASLON 02
JAWA TENGAH,KOTA SEMARANG,GUNUNGPATI,KANDRI,3374121016001,25,115,83,223,3374121016001,KOTA SEMARANG,KANDRI,TPS 001,261,223,25,115,83,0.1121,0.5157,0.3722,0.8544,6,229,False,https://pemilu2024.kpu.go.id/pilpres/hitung-suara/33/3374/337412/3374121016/3374121016001,2024-02-19 06:16:00,PASLON 02
JAWA TENGAH,KOTA SEMARANG,GUNUNGPATI,KANDRI,3374121016002,18,115,66,199,3374121016002,KOTA SEMARANG,KANDRI,TPS 002,267,199,18,115,66,0.0905,0.5779,0.3317,0.7453,0,199,True,https://pemilu2024.kpu.go.id/pilpres/hitung-suara/33/3374/337412/3374121016/3374121016002,2024-02-16 12:51:22,PASLON 02
JAWA TENGAH,KOTA SEMARANG,GUNUNGPATI,KANDRI,3374121016003,35,101,78,214,3374121016003,KOTA SEMARANG,KANDRI,TPS 003,250,214,35,101,78,0.1636,0.472,0.3645,0.856,7,221,False,https://pemilu2024.kpu.go.id/pilpres/hitung-suara/33/3374/337412/3374121016/3374121016003,2024-02-19 06:16:00,PASLON 02
JAWA TENGAH,KOTA SEMARANG,GUNUNGPATI,KANDRI,3374121016004,16,117,81,214,3374121016004,KOTA SEMARANG,KANDRI,TPS 004,244,214,16,117,81,0.0748,0.5467,0.3785,0.877,0,214,False,https://pemilu2024.kpu.go.id/pilpres/hitung-suara/33/3374/337412/3374121016/3374121016004,2024-02-19 06:16:00,PASLON 02
JAWA TENGAH,KOTA SEMARANG,GUNUNGPATI,KANDRI,3374121016005,29,110,78,217,3374121016005,KOTA SEMARANG,KANDRI,TPS 005,250,217,29,110,78,0.1336,0.5069,0.3594,0.868,10,227,False,https://pemilu2024.kpu.go.id/pilpres/hitung-suara/33/3374/337412/3374121016/3374121016005,2024-02-19 06:16:00,PASLON 02
JAWA TENGAH,KOTA SEMARANG,GUNUNGPATI,KANDRI,3374121016006,24,112,82,218,3374121016006,KOTA SEMARANG,KANDRI,TPS 006,251,218,24,112,82,0.1101,0.5138,0.3761,0.8685,8,226,False,https://pemilu2024.kpu.go.id/pilpres/hitung-suara/33/3374/337412/3374121016/3374121016006,2024-02-19 06:16:00,PASLON 02
JAWA TENGAH,KOTA SEMARANG,GUNUNGPATI,KANDRI,3374121016007,20,130,72,222,3374121016007,KOTA SEMARANG,KANDRI,TPS 007,269,222,20,130,72,0.0901,0.5856,0.3243,0.8253,15,237,False,https://pemilu2024.kpu.go.id/pilpres/hitung-suara/33/3374/337412/3374121016/3374121016007,2024-02-19 06:16:00,PASLON 02
JAWA TENGAH,KOTA SEMARANG,GUNUNGPATI,KANDRI,3374121016008,14,121,104,239,3374121016008,KOTA SEMARANG,KANDRI,TPS 008,272,239,14,121,104,0.0586,0.5063,0.4351,0.8787,0,239,False,https://pemilu2024.kpu.go.id/pilpres/hitung-suara/33/3374/337412/3374121016/3374121016008,2024-02-19 06:16:00,PASLON 02
JAWA TENGAH,KOTA SEMARANG,GUNUNGPATI,KANDRI,3374121016009,21,121,97,239,3374121016009,KOTA SEMARANG,KANDRI,TPS 009,270,239,21,121,97,0.0879,0.5063,0.4059,0.8852,9,248,False,https://pemilu2024.kpu.go.id/pilpres/hitung-suara/33/3374/337412/3374121016/3374121016009,2024-02-19 06:16:00,PASLON 02
JAWA TENGAH,KOTA SEMARANG,GUNUNGPATI,KANDRI,3374121016010,7,147,80,234,3374121016010,KOTA SEMARANG,KANDRI,TPS 010,267,234,7,147,80,0.0299,0.6282,0.3419,0.8764,7,241,False,https://pemilu2024.kpu.go.id/pilpres/hitung-suara/33/3374/337412/3374121016/3374121016010,2024-02-19 06:16:00,PASLON 02
JAWA TENGAH,KOTA SEMARANG,GUNUNGPATI,KANDRI,3374121016011,6,135,92,233,3374121016011,KOTA SEMARANG,KANDRI,TPS 011,264,233,6,135,92,0.0258,0.5794,0.3948,0.8826,5,238,False,https://pemilu2024.kpu.go.id/pilpres/hitung-suara/33/3374/337412/3374121016/3374121016011,2024-02-21 20:00:00,PASLON 02
JAWA TENGAH,KOTA SEMARANG,GUNUNGPATI,KANDRI,3374121016012,29,133,70,232,3374121016012,KOTA SEMARANG,KANDRI,TPS 012,287,232,29,133,70,0.125,0.5733,0.3017,0.8084,9,241,False,https://pemilu2024.kpu.go.id/pilpres/hitung-suara/33/3374/337412/3374121016/3374121016012,2024-02-19 06:16:00,PASLON 02
JAWA TENGAH,KOTA SEMARANG,GUNUNGPATI,KANDRI,3374121016013,51,120,59,230,3374121016013,KOTA SEMARANG,KANDRI,TPS 013,277,230,51,120,59,0.2217,0.5217,0.2565,0.8303,0,230,False,https://pemilu2024.kpu.go.id/pilpres/hitung-suara/33/3374/337412/3374121016/3374121016013,2024-02-19 06:16:00,PASLON 02
JAWA TENGAH,KOTA SEMARANG,GUNUNGPATI,KANDRI,3374121016014,58,103,75,236,3374121016014,KOTA SEMARANG,KANDRI,TPS 014,275,236,58,103,75,0.2458,0.4364,0.3178,0.8582,1,237,False,https://pemilu2024.kpu.go.id/pilpres/hitung-suara/33/3374/337412/3374121016/3374121016014,2024-02-19 06:16:00,PASLON 02
JAWA TENGAH,KOTA SEMARANG,GUNUNGPATI,MANGUNSARI,3374121002002,25,143,124,292,3374121002002,KOTA SEMARANG,MANGUNSARI,TPS 002,296,292,25,143,124,0.0856,0.4897,0.4247,0.9865,4,296,False,https://pemilu2024.kpu.go.id/pilpres/hitung-suara/33/3374/337412/3374121002/3374121002002,2024-02-16 16:25:10,PASLON 02
JAWA TENGAH,KOTA SEMARANG,GUNUNGPATI,NGIJO,3374121007001,23,150,62,235,3374121007001,KOTA SEMARANG,NGIJO,TPS 001,290,235,23,150,62,0.0979,0.6383,0.2638,0.8103,0,235,True,https://pemilu2024.kpu.go.id/pilpres/hitung-suara/33/3374/337412/3374121007/3374121007001,2024-02-16 12:51:22,PASLON 02
JAWA TENGAH,KOTA SEMARANG,GUNUNGPATI,NGIJO,3374121007002,34,133,67,234,3374121007002,KOTA SEMARANG,NGIJO,TPS 002,290,234,34,133,67,0.1453,0.5684,0.2863,0.8069,0,234,True,https://pemilu2024.kpu.go.id/pilpres/hitung-suara/33/3374/337412/3374121007/3374121007002,2024-02-16 12:51:22,PASLON 02
JAWA TENGAH,KOTA SEMARANG,GUNUNGPATI,NGIJO,3374121007004,22,135,108,265,3374121007004,KOTA SEMARANG,NGIJO,TPS 004,290,265,22,135,108,0.083,0.5094,0.4075,0.9138,0,265,True,https://pemilu2024.kpu.go.id/pilpres/hitung-suara/33/3374/337412/3374121007/3374121007004,2024-02-16 12:51:22,PASLON 02
JAWA TENGAH,KOTA SEMARANG,GUNUNGPATI,NGIJO,3374121007005,45,136,86,267,3374121007005,KOTA SEMARANG,NGIJO,TPS 005,285,267,45,136,86,0.1685,0.5094,0.3221,0.9368,6,273,False,https://pemilu2024.kpu.go.id/pilpres/hitung-suara/33/3374/337412/3374121007/3374121007005,2024-02-19 06:16:00,PASLON 02
JAWA TENGAH,KOTA SEMARANG,GUNUNGPATI,NGIJO,3374121007008,16,120,117,253,3374121007008,KOTA SEMARANG,NGIJO,TPS 008,290,253,16,120,117,0.0632,0.4743,0.4625,0.8724,0,253,True,https://pemilu2024.kpu.go.id/pilpres/hitung-suara/33/3374/337412/3374121007/3374121007008,2024-02-24 22:31:28,PASLON 02
JAWA TENGAH,KOTA SEMARANG,GUNUNGPATI,NGIJO,3374121007009,70,125,60,255,3374121007009,KOTA SEMARANG,NGIJO,TPS 009,290,255,70,125,60,0.2745,0.4902,0.2353,0.8793,0,255,True,https://pemilu2024.kpu.go.id/pilpres/hitung-suara/33/3374/337412/3374121007/3374121007009,2024-02-24 22:31:28,PASLON 02
JAWA TENGAH,KOTA SEMARANG,GUNUNGPATI,NGIJO,3374121007011,32,144,104,280,3374121007011,KOTA SEMARANG,NGIJO,TPS 011,295,280,32,144,104,0.1143,0.5143,0.3714,0.9492,5,285,False,https://pemilu2024.kpu.go.id/pilpres/hitung-suara/33/3374/337412/3374121007/3374121007011,2024-02-15 20:30:46,PASLON 02
JAWA TENGAH,KOTA SEMARANG,GUNUNGPATI,NONGKOSAWIT,3374121005001,32,152,75,259,3374121005001,KOTA SEMARANG,NONGKOSAWIT,TPS 001,296,259,32,152,75,0.1236,0.5869,0.2896,0.875,0,259,True,https://pemilu2024.kpu.go.id/pilpres/hitung-suara/33/3374/337412/3374121005/3374121005001,2024-02-16 12:51:22,PASLON 02
JAWA TENGAH,KOTA SEMARANG,GUNUNGPATI,NONGKOSAWIT,3374121005002,25,127,100,252,3374121005002,KOTA SEMARANG,NONGKOSAWIT,TPS 002,299,252,25,127,100,0.0992,0.504,0.3968,0.8428,12,264,False,https://pemilu2024.kpu.go.id/pilpres/hitung-suara/33/3374/337412/3374121005/3374121005002,2024-02-15 00:41:44,PASLON 02
JAWA TENGAH,KOTA SEMARANG,GUNUNGPATI,NONGKOSAWIT,3374121005003,22,155,84,261,3374121005003,KOTA SEMARANG,NONGKOSAWIT,TPS 003,296,261,22,155,84,0.0843,0.5939,0.3218,0.8818,12,273,False,https://pemilu2024.kpu.go.id/pilpres/hitung-suara/33/3374/337412/3374121005/3374121005003,2024-02-14 21:46:01,PASLON 02
JAWA TENGAH,KOTA SEMARANG,GUNUNGPATI,NONGKOSAWIT,3374121005004,35,131,80,246,3374121005004,KOTA SEMARANG,NONGKOSAWIT,TPS 004,296,246,35,131,80,0.1423,0.5325,0.3252,0.8311,9,255,False,https://pemilu2024.kpu.go.id/pilpres/hitung-suara/33/3374/337412/3374121005/3374121005004,2024-02-16 16:25:10,PASLON 02
JAWA TENGAH,KOTA SEMARANG,GUNUNGPATI,NONGKOSAWIT,3374121005005,63,117,67,247,3374121005005,KOTA SEMARANG,NONGKOSAWIT,TPS 005,296,247,63,117,67,0.2551,0.4737,0.2713,0.8345,0,247,True,https://pemilu2024.kpu.go.id/pilpres/hitung-suara/33/3374/337412/3374121005/3374121005005,2024-02-24 22:31:28,PASLON 02
JAWA TENGAH,KOTA SEMARANG,GUNUNGPATI,NONGKOSAWIT,3374121005006,21,148,79,248,3374121005006,KOTA SEMARANG,NONGKOSAWIT,TPS 006,294,248,21,148,79,0.0847,0.5968,0.3185,0.8435,13,261,False,https://pemilu2024.kpu.go.id/pilpres/hitung-suara/33/3374/337412/3374121005/3374121005006,2024-02-15 05:00:24,PASLON 02
JAWA TENGAH,KOTA SEMARANG,GUNUNGPATI,NONGKOSAWIT,3374121005007,28,153,58,239,3374121005007,KOTA SEMARANG,NONGKOSAWIT,TPS 007,296,239,28,153,58,0.1172,0.6402,0.2427,0.8074,0,239,True,https://pemilu2024.kpu.go.id/pilpres/hitung-suara/33/3374/337412/3374121005/3374121005007,2024-02-19 06:16:00,PASLON 02
JAWA TENGAH,KOTA SEMARANG,GUNUNGPATI,NONGKOSAWIT,3374121005008,39,120,77,236,3374121005008,KOTA SEMARANG,NONGKOSAWIT,TPS 008,296,236,39,120,77,0.1653,0.5085,0.3263,0.7973,0,236,True,https://pemilu2024.kpu.go.id/pilpres/hitung-suara/33/3374/337412/3374121005/3374121005008,2024-02-16 12:51:22,PASLON 02
JAWA TENGAH,KOTA SEMARANG,GUNUNGPATI,NONGKOSAWIT,3374121005011,33,92,60,185,3374121005011,KOTA SEMARANG,NONGKOSAWIT,TPS 011,296,185,33,92,60,0.1784,0.4973,0.3243,0.625,0,185,True,https://pemilu2024.kpu.go.id/pilpres/hitung-suara/33/3374/337412/3374121005/3374121005011,2024-02-16 16:25:10,PASLON 02
JAWA TENGAH,KOTA SEMARANG,GUNUNGPATI,NONGKOSAWIT,3374121005012,24,103,46,173,3374121005012,KOTA SEMARANG,NONGKOSAWIT,TPS 012,179,173,24,103,46,0.1387,0.5954,0.2659,0.9665,1,174,False,https://pemilu2024.kpu.go.id/pilpres/hitung-suara/33/3374/337412/3374121005/3374121005012,2024-02-14 21:46:01,PASLON 02
JAWA TENGAH,KOTA SEMARANG,GUNUNGPATI,NONGKOSAWIT,3374121005013,29,60,45,134,3374121005013,KOTA SEMARANG,NONGKOSAWIT,TPS 013,296,134,29,60,45,0.2164,0.4478,0.3358,0.4527,0,134,True,https://pemilu2024.kpu.go.id/pilpres/hitung-suara/33/3374/337412/3374121005/3374121005013,2024-02-24 22:31:28,PASLON 02
JAWA TENGAH,KOTA SEMARANG,GUNUNGPATI,NONGKOSAWIT,3374121005014,35,151,78,264,3374121005014,KOTA SEMARANG,NONGKOSAWIT,TPS 014,296,264,35,151,78,0.1326,0.572,0.2955,0.8919,0,264,True,https://pemilu2024.kpu.go.id/pilpres/hitung-suara/33/3374/337412/3374121005/3374121005014,2024-02-16 12:51:22,PASLON 02
JAWA TENGAH,KOTA SEMARANG,GUNUNGPATI,NONGKOSAWIT,3374121005016,24,147,100,271,3374121005016,KOTA SEMARANG,NONGKOSAWIT,TPS 016,295,271,24,147,100,0.0886,0.5424,0.369,0.9186,7,278,False,https://pemilu2024.kpu.go.id/pilpres/hitung-suara/33/3374/337412/3374121005/3374121005016,2024-02-19 06:16:00,PASLON 02
JAWA TENGAH,KOTA SEMARANG,GUNUNGPATI,PAKINTELAN,3374121001001,18,129,98,245,3374121001001,KOTA SEMARANG,PAKINTELAN,TPS 001,268,245,18,129,98,0.0735,0.5265,0.4,0.9142,0,245,True,https://pemilu2024.kpu.go.id/pilpres/hitung-suara/33/3374/337412/3374121001/3374121001001,2024-02-16 11:00:29,PASLON 02
JAWA TENGAH,KOTA SEMARANG,GUNUNGPATI,PAKINTELAN,3374121001002,25,117,79,221,3374121001002,KOTA SEMARANG,PAKINTELAN,TPS 002,249,221,25,117,79,0.1131,0.5294,0.3575,0.8876,6,227,False,https://pemilu2024.kpu.go.id/pilpres/hitung-suara/33/3374/337412/3374121001/3374121001002,2024-02-16 11:00:29,PASLON 02
JAWA TENGAH,KOTA SEMARANG,GUNUNGPATI,PAKINTELAN,3374121001003,21,124,76,221,3374121001003,KOTA SEMARANG,PAKINTELAN,TPS 003,249,221,21,124,76,0.095,0.5611,0.3439,0.8876,6,227,False,https://pemilu2024.kpu.go.id/pilpres/hitung-suara/33/3374/337412/3374121001/3374121001003,2024-02-16 11:00:29,PASLON 02
JAWA TENGAH,KOTA SEMARANG,GUNUNGPATI,PAKINTELAN,3374121001005,12,126,79,217,3374121001005,KOTA SEMARANG,PAKINTELAN,TPS 005,245,217,12,126,79,0.0553,0.5806,0.3641,0.8857,6,223,False,https://pemilu2024.kpu.go.id/pilpres/hitung-suara/33/3374/337412/3374121001/3374121001005,2024-02-16 16:25:10,PASLON 02
JAWA TENGAH,KOTA SEMARANG,GUNUNGPATI,PAKINTELAN,3374121001006,25,125,60,210,3374121001006,KOTA SEMARANG,PAKINTELAN,TPS 006,268,210,25,125,60,0.119,0.5952,0.2857,0.7836,0,210,True,https://pemilu2024.kpu.go.id/pilpres/hitung-suara/33/3374/337412/3374121001/3374121001006,2024-02-16 11:00:29,PASLON 02
JAWA TENGAH,KOTA SEMARANG,GUNUNGPATI,PAKINTELAN,3374121001008,34,100,107,241,3374121001008,KOTA SEMARANG,PAKINTELAN,TPS 008,275,241,34,100,107,0.1411,0.4149,0.444,0.8764,9,250,False,https://pemilu2024.kpu.go.id/pilpres/hitung-suara/33/3374/337412/3374121001/3374121001008,2024-02-19 06:16:00,PASLON 03
JAWA TENGAH,KOTA SEMARANG,GUNUNGPATI,PAKINTELAN,3374121001009,26,90,106,222,3374121001009,KOTA SEMARANG,PAKINTELAN,TPS 009,268,222,26,90,106,0.1171,0.4054,0.4775,0.8284,0,222,True,https://pemilu2024.kpu.go.id/pilpres/hitung-suara/33/3374/337412/3374121001/3374121001009,2024-02-24 22:31:28,PASLON 03
JAWA TENGAH,KOTA SEMARANG,GUNUNGPATI,PAKINTELAN,3374121001010,20,70,98,188,3374121001010,KOTA SEMARANG,PAKINTELAN,TPS 010,268,188,20,70,98,0.1064,0.3723,0.5213,0.7015,0,188,True,https://pemilu2024.kpu.go.id/pilpres/hitung-suara/33/3374/337412/3374121001/3374121001010,2024-02-16 12:51:22,PASLON 03
JAWA TENGAH,KOTA SEMARANG,GUNUNGPATI,PAKINTELAN,3374121001011,26,142,78,246,3374121001011,KOTA SEMARANG,PAKINTELAN,TPS 011,268,246,26,142,78,0.1057,0.5772,0.3171,0.9179,0,246,True,https://pemilu2024.kpu.go.id/pilpres/hitung-suara/33/3374/337412/3374121001/3374121001011,2024-02-24 22:31:28,PASLON 02
JAWA TENGAH,KOTA SEMARANG,GUNUNGPATI,PAKINTELAN,3374121001012,16,144,88,248,3374121001012,KOTA SEMARANG,PAKINTELAN,TPS 012,268,248,16,144,88,0.0645,0.5806,0.3548,0.9254,0,248,True,https://pemilu2024.kpu.go.id/pilpres/hitung-suara/33/3374/337412/3374121001/3374121001012,2024-02-24 22:31:28,PASLON 02
JAWA TENGAH,KOTA SEMARANG,GUNUNGPATI,PAKINTELAN,3374121001013,31,111,83,225,3374121001013,KOTA SEMARANG,PAKINTELAN,TPS 013,268,225,31,111,83,0.1378,0.4933,0.3689,0.8396,5,230,False,https://pemilu2024.kpu.go.id/pilpres/hitung-suara/33/3374/337412/3374121001/3374121001013,2024-02-16 12:51:22,PASLON 02
JAWA TENGAH,KOTA SEMARANG,GUNUNGPATI,PAKINTELAN,3374121001014,24,116,119,259,3374121001014,KOTA SEMARANG,PAKINTELAN,TPS 014,268,259,24,116,119,0.0927,0.4479,0.4595,0.9664,9,268,False,https://pemilu2024.kpu.go.id/pilpres/hitung-suara/33/3374/337412/3374121001/3374121001014,2024-02-19 06:16:00,PASLON 03
JAWA TENGAH,KOTA SEMARANG,GUNUNGPATI,PAKINTELAN,3374121001015,44,123,111,278,3374121001015,KOTA SEMARANG,PAKINTELAN,TPS 015,278,278,44,123,111,0.1583,0.4424,0.3993,1.0,0,278,True,https://pemilu2024.kpu.go.id/pilpres/hitung-suara/33/3374/337412/3374121001/3374121001015,2024-02-16 12:51:22,PASLON 02
JAWA TENGAH,KOTA SEMARANG,GUNUNGPATI,PAKINTELAN,3374121001017,39,131,121,291,3374121001017,KOTA SEMARANG,PAKINTELAN,TPS 017,299,291,39,131,121,0.134,0.4502,0.4158,0.9732,6,297,False,https://pemilu2024.kpu.go.id/pilpres/hitung-suara/33/3374/337412/3374121001/3374121001017,2024-02-16 12:51:22,PASLON 02
JAWA TENGAH,KOTA SEMARANG,GUNUNGPATI,PATEMON,3374121008001,39,145,68,252,3374121008001,KOTA SEMARANG,PATEMON,TPS 001,278,252,39,145,68,0.1548,0.5754,0.2698,0.9065,7,259,False,https://pemilu2024.kpu.go.id/pilpres/hitung-suara/33/3374/337412/3374121008/3374121008001,2024-02-19 06:16:00,PASLON 02
JAWA TENGAH,KOTA SEMARANG,GUNUNGPATI,PATEMON,3374121008004,48,145,73,266,3374121008004,KOTA SEMARANG,PATEMON,TPS 004,279,266,48,145,73,0.1805,0.5451,0.2744,0.9534,10,276,False,https://pemilu2024.kpu.go.id/pilpres/hitung-suara/33/3374/337412/3374121008/3374121008004,2024-02-16 12:51:22,PASLON 02
JAWA TENGAH,KOTA SEMARANG,GUNUNGPATI,PATEMON,3374121008007,39,151,73,263,3374121008007,KOTA SEMARANG,PATEMON,TPS 007,289,263,39,151,73,0.1483,0.5741,0.2776,0.91,7,270,False,https://pemilu2024.kpu.go.id/pilpres/hitung-suara/33/3374/337412/3374121008/3374121008007,2024-02-19 06:16:00,PASLON 02
JAWA TENGAH,KOTA SEMARANG,GUNUNGPATI,PATEMON,3374121008008,59,145,76,280,3374121008008,KOTA SEMARANG,PATEMON,TPS 008,282,280,59,145,76,0.2107,0.5179,0.2714,0.9929,0,280,True,https://pemilu2024.kpu.go.id/pilpres/hitung-suara/33/3374/337412/3374121008/3374121008008,2024-02-24 22:31:28,PASLON 02
JAWA TENGAH,KOTA SEMARANG,GUNUNGPATI,PATEMON,3374121008009,81,142,47,270,3374121008009,KOTA SEMARANG,PATEMON,TPS 009,282,270,81,142,47,0.3,0.5259,0.1741,0.9574,0,270,True,https://pemilu2024.kpu.go.id/pilpres/hitung-suara/33/3374/337412/3374121008/3374121008009,2024-02-16 12:51:22,PASLON 02
JAWA TENGAH,KOTA SEMARANG,GUNUNGPATI,PATEMON,3374121008010,52,126,77,255,3374121008010,KOTA SEMARANG,PATEMON,TPS 010,282,255,52,126,77,0.2039,0.4941,0.302,0.9043,0,255,True,https://pemilu2024.kpu.go.id/pilpres/hitung-suara/33/3374/337412/3374121008/3374121008010,2024-02-16 12:51:22,PASLON 02
JAWA TENGAH,KOTA SEMARANG,GUNUNGPATI,PATEMON,3374121008011,50,147,60,257,3374121008011,KOTA SEMARANG,PATEMON,TPS 011,284,257,50,147,60,0.1946,0.572,0.2335,0.9049,4,261,False,https://pemilu2024.kpu.go.id/pilpres/hitung-suara/33/3374/337412/3374121008/3374121008011,2024-02-21 11:00:00,PASLON 02
JAWA TENGAH,KOTA SEMARANG,GUNUNGPATI,PATEMON,3374121008013,32,136,102,270,3374121008013,KOTA SEMARANG,PATEMON,TPS 013,288,270,32,136,102,0.1185,0.5037,0.3778,0.9375,3,273,False,https://pemilu2024.kpu.go.id/pilpres/hitung-suara/33/3374/337412/3374121008/3374121008013,2024-02-22 16:00:00,PASLON 02
JAWA TENGAH,KOTA SEMARANG,GUNUNGPATI,PATEMON,3374121008014,41,135,89,265,3374121008014,KOTA SEMARANG,PATEMON,TPS 014,282,265,41,135,89,0.1547,0.5094,0.3358,0.9397,0,265,True,https://pemilu2024.kpu.go.id/pilpres/hitung-suara/33/3374/337412/3374121008/3374121008014,2024-02-16 12:51:22,PASLON 02
JAWA TENGAH,KOTA SEMARANG,GUNUNGPATI,PATEMON,3374121008016,33,70,69,172,3374121008016,KOTA SEMARANG,PATEMON,TPS 016,187,172,33,70,69,0.1919,0.407,0.4012,0.9198,3,175,False,https://pemilu2024.kpu.go.id/pilpres/hitung-suara/33/3374/337412/3374121008/3374121008016,2024-02-19 06:16:00,PASLON 02
JAWA TENGAH,KOTA SEMARANG,GUNUNGPATI,PLALANGAN,3374121003001,47,143,70,260,3374121003001,KOTA SEMARANG,PLALANGAN,TPS 001,260,260,47,143,70,0.1808,0.55,0.2692,1.0,0,260,True,https://pemilu2024.kpu.go.id/pilpres/hitung-suara/33/3374/337412/3374121003/3374121003001,2024-02-16 12:51:22,PASLON 02
JAWA TENGAH,KOTA SEMARANG,GUNUNGPATI,PLALANGAN,3374121003002,59,114,78,251,3374121003002,KOTA SEMARANG,PLALANGAN,TPS 002,251,251,59,114,78,0.2351,0.4542,0.3108,1.0,0,251,True,https://pemilu2024.kpu.go.id/pilpres/hitung-suara/33/3374/337412/3374121003/3374121003002,2024-02-24 22:31:28,PASLON 02
JAWA TENGAH,KOTA SEMARANG,GUNUNGPATI,PLALANGAN,3374121003003,37,119,86,242,3374121003003,KOTA SEMARANG,PLALANGAN,TPS 003,244,242,37,119,86,0.1529,0.4917,0.3554,0.9918,0,242,True,https://pemilu2024.kpu.go.id/pilpres/hitung-suara/33/3374/337412/3374121003/3374121003003,2024-02-16 12:51:22,PASLON 02
JAWA TENGAH,KOTA SEMARANG,GUNUNGPATI,PLALANGAN,3374121003005,19,102,60,181,3374121003005,KOTA SEMARANG,PLALANGAN,TPS 005,209,181,19,102,60,0.105,0.5635,0.3315,0.866,6,187,False,https://pemilu2024.kpu.go.id/pilpres/hitung-suara/33/3374/337412/3374121003/3374121003005,2024-02-15 00:41:44,PASLON 02
JAWA TENGAH,KOTA SEMARANG,GUNUNGPATI,PLALANGAN,3374121003007,43,136,62,241,3374121003007,KOTA SEMARANG,PLALANGAN,TPS 007,244,241,43,136,62,0.1784,0.5643,0.2573,0.9877,0,241,True,https://pemilu2024.kpu.go.id/pilpres/hitung-suara/33/3374/337412/3374121003/3374121003007,2024-02-19 06:16:00,PASLON 02
JAWA TENGAH,KOTA SEMARANG,GUNUNGPATI,PLALANGAN,3374121003008,15,101,90,206,3374121003008,KOTA SEMARANG,PLALANGAN,TPS 008,244,206,15,101,90,0.0728,0.4903,0.4369,0.8443,0,206,True,https://pemilu2024.kpu.go.id/pilpres/hitung-suara/33/3374/337412/3374121003/3374121003008,2024-02-19 06:16:00,PASLON 02
JAWA TENGAH,KOTA SEMARANG,GUNUNGPATI,PLALANGAN,3374121003010,12,83,95,190,3374121003010,KOTA SEMARANG,PLALANGAN,TPS 010,244,190,12,83,95,0.0632,0.4368,0.5,0.7787,0,190,True,https://pemilu2024.kpu.go.id/pilpres/hitung-suara/33/3374/337412/3374121003/3374121003010,2024-02-16 12:51:22,PASLON 03
JAWA TENGAH,KOTA SEMARANG,GUNUNGPATI,PLALANGAN,3374121003011,36,130,81,247,3374121003011,KOTA SEMARANG,PLALANGAN,TPS 011,280,247,36,130,81,0.1457,0.5263,0.3279,0.8821,9,256,False,https://pemilu2024.kpu.go.id/pilpres/hitung-suara/33/3374/337412/3374121003/3374121003011,2024-02-17 13:37:34,PASLON 02
JAWA TENGAH,KOTA SEMARANG,GUNUNGPATI,PONGANGAN,3374121006001,22,119,101,242,3374121006001,KOTA SEMARANG,PONGANGAN,TPS 001,284,242,22,119,101,0.0909,0.4917,0.4174,0.8521,7,249,False,https://pemilu2024.kpu.go.id/pilpres/hitung-suara/33/3374/337412/3374121006/3374121006001,2024-02-19 06:16:00,PASLON 02
JAWA TENGAH,KOTA SEMARANG,GUNUNGPATI,PONGANGAN,3374121006002,24,127,100,251,3374121006002,KOTA SEMARANG,PONGANGAN,TPS 002,286,251,24,127,100,0.0956,0.506,0.3984,0.8776,5,256,False,https://pemilu2024.kpu.go.id/pilpres/hitung-suara/33/3374/337412/3374121006/3374121006002,2024-02-15 07:00:44,PASLON 02
JAWA TENGAH,KOTA SEMARANG,GUNUNGPATI,PONGANGAN,3374121006003,31,124,102,257,3374121006003,KOTA SEMARANG,PONGANGAN,TPS 003,284,257,31,124,102,0.1206,0.4825,0.3969,0.9049,0,257,True,https://pemilu2024.kpu.go.id/pilpres/hitung-suara/33/3374/337412/3374121006/3374121006003,2024-02-16 12:51:22,PASLON 02
JAWA TENGAH,KOTA SEMARANG,GUNUNGPATI,PONGANGAN,3374121006012,16,78,95,189,3374121006012,KOTA SEMARANG,PONGANGAN,TPS 012,284,189,16,78,95,0.0847,0.4127,0.5026,0.6655,0,189,True,https://pemilu2024.kpu.go.id/pilpres/hitung-suara/33/3374/337412/3374121006/3374121006012,2024-02-24 22:31:28,PASLON 03
JAWA TENGAH,KOTA SEMARANG,GUNUNGPATI,PONGANGAN,3374121006013,13,125,85,223,3374121006013,KOTA SEMARANG,PONGANGAN,TPS 013,284,223,13,125,85,0.0583,0.5605,0.3812,0.7852,0,223,True,https://pemilu2024.kpu.go.id/pilpres/hitung-suara/33/3374/337412/3374121006/3374121006013,2024-02-16 12:51:22,PASLON 02
JAWA TENGAH,KOTA SEMARANG,GUNUNGPATI,PONGANGAN,3374121006016,9,68,105,182,3374121006016,KOTA SEMARANG,PONGANGAN,TPS 016,240,182,9,68,105,0.0495,0.3736,0.5769,0.7583,6,188,False,https://pemilu2024.kpu.go.id/pilpres/hitung-suara/33/3374/337412/3374121006/3374121006016,2024-02-15 17:00:25,PASLON 03
JAWA TENGAH,KOTA SEMARANG,GUNUNGPATI,PONGANGAN,3374121006017,21,72,122,215,3374121006017,KOTA SEMARANG,PONGANGAN,TPS 017,284,215,21,72,122,0.0977,0.3349,0.5674,0.757,0,215,True,https://pemilu2024.kpu.go.id/pilpres/hitung-suara/33/3374/337412/3374121006/3374121006017,2024-02-24 22:31:28,PASLON 03
JAWA TENGAH,KOTA SEMARANG,GUNUNGPATI,SADENG,3374121011001,16,141,74,231,3374121011001,KOTA SEMARANG,SADENG,TPS 001,271,231,16,141,74,0.0693,0.6104,0.3203,0.8524,8,239,False,https://pemilu2024.kpu.go.id/pilpres/hitung-suara/33/3374/337412/3374121011/3374121011001,2024-02-14 21:46:01,PASLON 02
JAWA TENGAH,KOTA SEMARANG,GUNUNGPATI,SADENG,3374121011002,37,129,66,232,3374121011002,KOTA SEMARANG,SADENG,TPS 002,280,232,37,129,66,0.1595,0.556,0.2845,0.8286,0,232,True,https://pemilu2024.kpu.go.id/pilpres/hitung-suara/33/3374/337412/3374121011/3374121011002,2024-02-16 16:25:10,PASLON 02
JAWA TENGAH,KOTA SEMARANG,GUNUNGPATI,SADENG,3374121011003,20,132,78,230,3374121011003,KOTA SEMARANG,SADENG,TPS 003,263,230,20,132,78,0.087,0.5739,0.3391,0.8745,6,236,False,https://pemilu2024.kpu.go.id/pilpres/hitung-suara/33/3374/337412/3374121011/3374121011003,2024-02-15 00:41:44,PASLON 02
JAWA TENGAH,KOTA SEMARANG,GUNUNGPATI,SADENG,3374121011004,26,133,70,229,3374121011004,KOTA SEMARANG,SADENG,TPS 004,280,229,26,133,70,0.1135,0.5808,0.3057,0.8179,0,229,True,https://pemilu2024.kpu.go.id/pilpres/hitung-suara/33/3374/337412/3374121011/3374121011004,2024-02-20 10:00:00,PASLON 02
JAWA TENGAH,KOTA SEMARANG,GUNUNGPATI,SADENG,3374121011005,21,148,68,237,3374121011005,KOTA SEMARANG,SADENG,TPS 005,277,237,21,148,68,0.0886,0.6245,0.2869,0.8556,9,246,False,https://pemilu2024.kpu.go.id/pilpres/hitung-suara/33/3374/337412/3374121011/3374121011005,2024-02-19 06:16:00,PASLON 02
JAWA TENGAH,KOTA SEMARANG,GUNUNGPATI,SADENG,3374121011006,28,178,47,253,3374121011006,KOTA SEMARANG,SADENG,TPS 006,280,253,28,178,47,0.1107,0.7036,0.1858,0.9036,9,262,False,https://pemilu2024.kpu.go.id/pilpres/hitung-suara/33/3374/337412/3374121011/3374121011006,2024-02-19 06:16:00,PASLON 02
JAWA TENGAH,KOTA SEMARANG,GUNUNGPATI,SADENG,3374121011007,24,160,70,254,3374121011007,KOTA SEMARANG,SADENG,TPS 007,281,254,24,160,70,0.0945,0.6299,0.2756,0.9039,8,262,False,https://pemilu2024.kpu.go.id/pilpres/hitung-suara/33/3374/337412/3374121011/3374121011007,2024-02-14 21:46:01,PASLON 02
JAWA TENGAH,KOTA SEMARANG,GUNUNGPATI,SADENG,3374121011008,18,121,82,221,3374121011008,KOTA SEMARANG,SADENG,TPS 008,280,221,18,121,82,0.0814,0.5475,0.371,0.7893,0,221,True,https://pemilu2024.kpu.go.id/pilpres/hitung-suara/33/3374/337412/3374121011/3374121011008,2024-02-16 12:51:22,PASLON 02
JAWA TENGAH,KOTA SEMARANG,GUNUNGPATI,SADENG,3374121011009,12,155,71,238,3374121011009,KOTA SEMARANG,SADENG,TPS 009,280,238,12,155,71,0.0504,0.6513,0.2983,0.85,0,238,True,https://pemilu2024.kpu.go.id/pilpres/hitung-suara/33/3374/337412/3374121011/3374121011009,2024-02-24 22:31:28,PASLON 02
JAWA TENGAH,KOTA SEMARANG,GUNUNGPATI,SADENG,3374121011010,21,156,71,248,3374121011010,KOTA SEMARANG,SADENG,TPS 010,289,248,21,156,71,0.0847,0.629,0.2863,0.8581,9,260,False,https://pemilu2024.kpu.go.id/pilpres/hitung-suara/33/3374/337412/3374121011/3374121011010,2024-02-19 06:16:00,PASLON 02
JAWA TENGAH,KOTA SEMARANG,GUNUNGPATI,SADENG,3374121011011,18,143,88,249,3374121011011,KOTA SEMARANG,SADENG,TPS 011,300,249,18,143,88,0.0723,0.5743,0.3534,0.83,5,254,False,https://pemilu2024.kpu.go.id/pilpres/hitung-suara/33/3374/337412/3374121011/3374121011011,2024-02-19 06:16:00,PASLON 02
JAWA TENGAH,KOTA SEMARANG,GUNUNGPATI,SADENG,3374121011012,36,127,87,250,3374121011012,KOTA SEMARANG,SADENG,TPS 012,298,250,36,127,87,0.144,0.508,0.348,0.8389,14,264,False,https://pemilu2024.kpu.go.id/pilpres/hitung-suara/33/3374/337412/3374121011/3374121011012,2024-02-14 21:46:01,PASLON 02
JAWA TENGAH,KOTA SEMARANG,GUNUNGPATI,SADENG,3374121011013,34,97,115,246,3374121011013,KOTA SEMARANG,SADENG,TPS 013,296,246,34,97,115,0.1382,0.3943,0.4675,0.8311,4,250,False,https://pemilu2024.kpu.go.id/pilpres/hitung-suara/33/3374/337412/3374121011/3374121011013,2024-02-19 06:16:00,PASLON 03
JAWA TENGAH,KOTA SEMARANG,GUNUNGPATI,SADENG,3374121011014,38,90,80,208,3374121011014,KOTA SEMARANG,SADENG,TPS 014,295,208,38,90,80,0.1827,0.4327,0.3846,0.7051,5,213,False,https://pemilu2024.kpu.go.id/pilpres/hitung-suara/33/3374/337412/3374121011/3374121011014,2024-02-15 00:41:44,PASLON 02
JAWA TENGAH,KOTA SEMARANG,GUNUNGPATI,SADENG,3374121011015,42,85,69,196,3374121011015,KOTA SEMARANG,SADENG,TPS 015,278,196,42,85,69,0.2143,0.4337,0.352,0.705,0,196,False,https://pemilu2024.kpu.go.id/pilpres/hitung-suara/33/3374/337412/3374121011/3374121011015,2024-02-15 20:00:44,PASLON 02
JAWA TENGAH,KOTA SEMARANG,GUNUNGPATI,SADENG,3374121011016,20,67,69,156,3374121011016,KOTA SEMARANG,SADENG,TPS 016,157,156,20,67,69,0.1282,0.4295,0.4423,0.9936,1,157,False,https://pemilu2024.kpu.go.id/pilpres/hitung-suara/33/3374/337412/3374121011/3374121011016,2024-02-19 06:16:00,PASLON 03
JAWA TENGAH,KOTA SEMARANG,GUNUNGPATI,SADENG,3374121011017,37,131,70,238,3374121011017,KOTA SEMARANG,SADENG,TPS 017,299,238,37,131,70,0.1555,0.5504,0.2941,0.796,6,244,False,https://pemilu2024.kpu.go.id/pilpres/hitung-suara/33/3374/337412/3374121011/3374121011017,2024-02-24 22:31:28,PASLON 02
JAWA TENGAH,KOTA SEMARANG,GUNUNGPATI,SADENG,3374121011018,35,94,72,201,3374121011018,KOTA SEMARANG,SADENG,TPS 018,250,201,35,94,72,0.1741,0.4677,0.3582,0.804,2,203,False,https://pemilu2024.kpu.go.id/pilpres/hitung-suara/33/3374/337412/3374121011/3374121011018,2024-02-19 06:16:00,PASLON 02
JAWA TENGAH,KOTA SEMARANG,GUNUNGPATI,SADENG,3374121011019,52,86,60,198,3374121011019,KOTA SEMARANG,SADENG,TPS 019,280,198,52,86,60,0.2626,0.4343,0.303,0.7071,0,198,True,https://pemilu2024.kpu.go.id/pilpres/hitung-suara/33/3374/337412/3374121011/3374121011019,2024-02-16 12:51:22,PASLON 02
JAWA TENGAH,KOTA SEMARANG,GUNUNGPATI,SADENG,3374121011020,72,125,79,276,3374121011020,KOTA SEMARANG,SADENG,TPS 020,280,276,72,125,79,0.2609,0.4529,0.2862,0.9857,0,276,True,https://pemilu2024.kpu.go.id/pilpres/hitung-suara/33/3374/337412/3374121011/3374121011020,2024-02-16 12:51:22,PASLON 02
JAWA TENGAH,KOTA SEMARANG,GUNUNGPATI,SADENG,3374121011021,31,110,94,235,3374121011021,KOTA SEMARANG,SADENG,TPS 021,280,235,31,110,94,0.1319,0.4681,0.4,0.8393,0,235,True,https://pemilu2024.kpu.go.id/pilpres/hitung-suara/33/3374/337412/3374121011/3374121011021,2024-02-16 12:51:22,PASLON 02
JAWA TENGAH,KOTA SEMARANG,GUNUNGPATI,SEKARAN,3374121009001,24,135,95,254,3374121009001,KOTA SEMARANG,SEKARAN,TPS 001,275,254,24,135,95,0.0945,0.5315,0.374,0.9236,7,261,False,https://pemilu2024.kpu.go.id/pilpres/hitung-suara/33/3374/337412/3374121009/3374121009001,2024-02-15 03:06:03,PASLON 02
JAWA TENGAH,KOTA SEMARANG,GUNUNGPATI,SEKARAN,3374121009002,29,159,69,257,3374121009002,KOTA SEMARANG,SEKARAN,TPS 002,287,257,29,159,69,0.1128,0.6187,0.2685,0.8955,5,262,False,https://pemilu2024.kpu.go.id/pilpres/hitung-suara/33/3374/337412/3374121009/3374121009002,2024-02-19 06:16:00,PASLON 02
JAWA TENGAH,KOTA SEMARANG,GUNUNGPATI,SEKARAN,3374121009004,21,133,87,241,3374121009004,KOTA SEMARANG,SEKARAN,TPS 004,270,241,21,133,87,0.0871,0.5519,0.361,0.8926,7,248,False,https://pemilu2024.kpu.go.id/pilpres/hitung-suara/33/3374/337412/3374121009/3374121009004,2024-02-19 06:16:00,PASLON 02
JAWA TENGAH,KOTA SEMARANG,GUNUNGPATI,SEKARAN,3374121009005,39,118,86,243,3374121009005,KOTA SEMARANG,SEKARAN,TPS 005,272,243,39,118,86,0.1605,0.4856,0.3539,0.8934,6,249,False,https://pemilu2024.kpu.go.id/pilpres/hitung-suara/33/3374/337412/3374121009/3374121009005,2024-02-16 12:51:22,PASLON 02
JAWA TENGAH,KOTA SEMARANG,GUNUNGPATI,SEKARAN,3374121009006,33,138,71,242,3374121009006,KOTA SEMARANG,SEKARAN,TPS 006,267,242,33,138,71,0.1364,0.5702,0.2934,0.9064,5,247,False,https://pemilu2024.kpu.go.id/pilpres/hitung-suara/33/3374/337412/3374121009/3374121009006,2024-02-21 15:00:00,PASLON 02
JAWA TENGAH,KOTA SEMARANG,GUNUNGPATI,SEKARAN,3374121009007,37,119,69,225,3374121009007,KOTA SEMARANG,SEKARAN,TPS 007,282,225,37,119,69,0.1644,0.5289,0.3067,0.7979,0,225,True,https://pemilu2024.kpu.go.id/pilpres/hitung-suara/33/3374/337412/3374121009/3374121009007,2024-02-19 06:16:00,PASLON 02
JAWA TENGAH,KOTA SEMARANG,GUNUNGPATI,SEKARAN,3374121009008,31,111,101,243,3374121009008,KOTA SEMARANG,SEKARAN,TPS 008,282,243,31,111,101,0.1276,0.4568,0.4156,0.8617,0,243,True,https://pemilu2024.kpu.go.id/pilpres/hitung-suara/33/3374/337412/3374121009/3374121009008,2024-02-16 12:51:22,PASLON 02
JAWA TENGAH,KOTA SEMARANG,GUNUNGPATI,SEKARAN,3374121009009,38,135,78,251,3374121009009,KOTA SEMARANG,SEKARAN,TPS 009,282,251,38,135,78,0.1514,0.5378,0.3108,0.8901,0,251,True,https://pemilu2024.kpu.go.id/pilpres/hitung-suara/33/3374/337412/3374121009/3374121009009,2024-02-16 12:51:22,PASLON 02
JAWA TENGAH,KOTA SEMARANG,GUNUNGPATI,SEKARAN,3374121009011,22,137,91,250,3374121009011,KOTA SEMARANG,SEKARAN,TPS 011,290,250,22,137,91,0.088,0.548,0.364,0.8621,5,255,False,https://pemilu2024.kpu.go.id/pilpres/hitung-suara/33/3374/337412/3374121009/3374121009011,2024-02-14 21:46:01,PASLON 02
JAWA TENGAH,KOTA SEMARANG,GUNUNGPATI,SEKARAN,3374121009012,26,97,73,196,3374121009012,KOTA SEMARANG,SEKARAN,TPS 012,282,196,26,97,73,0.1327,0.4949,0.3724,0.695,0,196,True,https://pemilu2024.kpu.go.id/pilpres/hitung-suara/33/3374/337412/3374121009/3374121009012,2024-02-16 12:51:22,PASLON 02
JAWA TENGAH,KOTA SEMARANG,GUNUNGPATI,SEKARAN,3374121009013,64,109,91,264,3374121009013,KOTA SEMARANG,SEKARAN,TPS 013,282,264,64,109,91,0.2424,0.4129,0.3447,0.9362,0,264,True,https://pemilu2024.kpu.go.id/pilpres/hitung-suara/33/3374/337412/3374121009/3374121009013,2024-02-16 12:51:22,PASLON 02
JAWA TENGAH,KOTA SEMARANG,GUNUNGPATI,SEKARAN,3374121009014,49,130,82,261,3374121009014,KOTA SEMARANG,SEKARAN,TPS 014,282,261,49,130,82,0.1877,0.4981,0.3142,0.9255,0,261,True,https://pemilu2024.kpu.go.id/pilpres/hitung-suara/33/3374/337412/3374121009/3374121009014,2024-02-16 16:25:10,PASLON 02
JAWA TENGAH,KOTA SEMARANG,GUNUNGPATI,SEKARAN,3374121009015,32,113,73,218,3374121009015,KOTA SEMARANG,SEKARAN,TPS 015,282,218,32,113,73,0.1468,0.5183,0.3349,0.773,0,218,True,https://pemilu2024.kpu.go.id/pilpres/hitung-suara/33/3374/337412/3374121009/3374121009015,2024-02-16 12:51:22,PASLON 02
JAWA TENGAH,KOTA SEMARANG,GUNUNGPATI,SEKARAN,3374121009016,27,145,92,264,3374121009016,KOTA SEMARANG,SEKARAN,TPS 016,282,264,27,145,92,0.1023,0.5492,0.3485,0.9362,0,264,True,https://pemilu2024.kpu.go.id/pilpres/hitung-suara/33/3374/337412/3374121009/3374121009016,2024-02-16 12:51:22,PASLON 02
JAWA TENGAH,KOTA SEMARANG,GUNUNGPATI,SEKARAN,3374121009017,56,141,69,266,3374121009017,KOTA SEMARANG,SEKARAN,TPS 017,285,266,56,141,69,0.2105,0.5301,0.2594,0.9333,6,272,False,https://pemilu2024.kpu.go.id/pilpres/hitung-suara/33/3374/337412/3374121009/3374121009017,2024-02-24 22:31:28,PASLON 02
JAWA TENGAH,KOTA SEMARANG,GUNUNGPATI,SEKARAN,3374121009018,53,127,70,250,3374121009018,KOTA SEMARANG,SEKARAN,TPS 018,282,250,53,127,70,0.212,0.508,0.28,0.8865,6,256,False,https://pemilu2024.kpu.go.id/pilpres/hitung-suara/33/3374/337412/3374121009/3374121009018,2024-02-15 15:00:29,PASLON 02
JAWA TENGAH,KOTA SEMARANG,GUNUNGPATI,SEKARAN,3374121009019,49,131,60,240,3374121009019,KOTA SEMARANG,SEKARAN,TPS 019,262,240,49,131,60,0.2042,0.5458,0.25,0.916,6,246,False,https://pemilu2024.kpu.go.id/pilpres/hitung-suara/33/3374/337412/3374121009/3374121009019,2024-02-19 06:16:00,PASLON 02
JAWA TENGAH,KOTA SEMARANG,GUNUNGPATI,SEKARAN,3374121009021,29,105,108,242,3374121009021,KOTA SEMARANG,SEKARAN,TPS 021,281,242,29,105,108,0.1198,0.4339,0.4463,0.8612,8,250,False,https://pemilu2024.kpu.go.id/pilpres/hitung-suara/33/3374/337412/3374121009/3374121009021,2024-02-19 06:16:00,PASLON 03
JAWA TENGAH,KOTA SEMARANG,GUNUNGPATI,SEKARAN,3374121009022,18,130,114,262,3374121009022,KOTA SEMARANG,SEKARAN,TPS 022,283,262,18,130,114,0.0687,0.4962,0.4351,0.9258,10,272,False,https://pemilu2024.kpu.go.id/pilpres/hitung-suara/33/3374/337412/3374121009/3374121009022,2024-02-15 17:00:25,PASLON 02
JAWA TENGAH,KOTA SEMARANG,GUNUNGPATI,SEKARAN,3374121009023,24,116,120,260,3374121009023,KOTA SEMARANG,SEKARAN,TPS 023,282,260,24,116,120,0.0923,0.4462,0.4615,0.922,0,260,True,https://pemilu2024.kpu.go.id/pilpres/hitung-suara/33/3374/337412/3374121009/3374121009023,2024-02-24 22:31:28,PASLON 03
JAWA TENGAH,KOTA SEMARANG,GUNUNGPATI,SEKARAN,3374121009024,35,156,85,276,3374121009024,KOTA SEMARANG,SEKARAN,TPS 024,284,276,35,156,85,0.1268,0.5652,0.308,0.9718,4,280,False,https://pemilu2024.kpu.go.id/pilpres/hitung-suara/33/3374/337412/3374121009/3374121009024,2024-02-19 20:00:00,PASLON 02
JAWA TENGAH,KOTA SEMARANG,GUNUNGPATI,SUKOREJO,3374121010002,36,115,111,262,3374121010002,KOTA SEMARANG,SUKOREJO,TPS 002,290,262,36,115,111,0.1374,0.4389,0.4237,0.9034,0,262,True,https://pemilu2024.kpu.go.id/pilpres/hitung-suara/33/3374/337412/3374121010/3374121010002,2024-02-22 15:00:00,PASLON 02
JAWA TENGAH,KOTA SEMARANG,GUNUNGPATI,SUKOREJO,3374121010003,41,141,82,264,3374121010003,KOTA SEMARANG,SUKOREJO,TPS 003,291,264,41,141,82,0.1553,0.5341,0.3106,0.9072,3,267,False,https://pemilu2024.kpu.go.id/pilpres/hitung-suara/33/3374/337412/3374121010/3374121010003,2024-02-22 15:00:00,PASLON 02
JAWA TENGAH,KOTA SEMARANG,GUNUNGPATI,SUKOREJO,3374121010006,29,142,112,283,3374121010006,KOTA SEMARANG,SUKOREJO,TPS 006,299,283,29,142,112,0.1025,0.5018,0.3958,0.9465,7,290,False,https://pemilu2024.kpu.go.id/pilpres/hitung-suara/33/3374/337412/3374121010/3374121010006,2024-02-20 11:00:00,PASLON 02
JAWA TENGAH,KOTA SEMARANG,GUNUNGPATI,SUKOREJO,3374121010008,38,154,76,268,3374121010008,KOTA SEMARANG,SUKOREJO,TPS 008,299,268,38,154,76,0.1418,0.5746,0.2836,0.8963,4,272,False,https://pemilu2024.kpu.go.id/pilpres/hitung-suara/33/3374/337412/3374121010/3374121010008,2024-02-19 16:00:00,PASLON 02
JAWA TENGAH,KOTA SEMARANG,GUNUNGPATI,SUKOREJO,3374121010009,59,108,98,265,3374121010009,KOTA SEMARANG,SUKOREJO,TPS 009,290,265,59,108,98,0.2226,0.4075,0.3698,0.9138,0,265,True,https://pemilu2024.kpu.go.id/pilpres/hitung-suara/33/3374/337412/3374121010/3374121010009,2024-02-22 15:00:00,PASLON 02
JAWA TENGAH,KOTA SEMARANG,GUNUNGPATI,SUKOREJO,3374121010012,37,117,98,252,3374121010012,KOTA SEMARANG,SUKOREJO,TPS 012,290,252,37,117,98,0.1468,0.4643,0.3889,0.869,0,252,True,https://pemilu2024.kpu.go.id/pilpres/hitung-suara/33/3374/337412/3374121010/3374121010012,2024-02-16 12:51:22,PASLON 02
JAWA TENGAH,KOTA SEMARANG,GUNUNGPATI,SUKOREJO,3374121010015,32,121,70,223,3374121010015,KOTA SEMARANG,SUKOREJO,TPS 015,260,223,32,121,70,0.1435,0.5426,0.3139,0.8577,5,228,False,https://pemilu2024.kpu.go.id/pilpres/hitung-suara/33/3374/337412/3374121010/3374121010015,2024-02-19 12:00:00,PASLON 02
JAWA TENGAH,KOTA SEMARANG,GUNUNGPATI,SUKOREJO,3374121010016,75,101,78,254,3374121010016,KOTA SEMARANG,SUKOREJO,TPS 016,290,254,75,101,78,0.2953,0.3976,0.3071,0.8759,0,254,True,https://pemilu2024.kpu.go.id/pilpres/hitung-suara/33/3374/337412/3374121010/3374121010016,2024-02-16 16:25:10,PASLON 02
JAWA TENGAH,KOTA SEMARANG,GUNUNGPATI,SUKOREJO,3374121010018,51,108,94,253,3374121010018,KOTA SEMARANG,SUKOREJO,TPS 018,299,253,51,108,94,0.2016,0.4269,0.3715,0.8462,5,258,False,https://pemilu2024.kpu.go.id/pilpres/hitung-suara/33/3374/337412/3374121010/3374121010018,2024-02-19 06:16:00,PASLON 02
JAWA TENGAH,KOTA SEMARANG,GUNUNGPATI,SUKOREJO,3374121010019,53,122,70,245,3374121010019,KOTA SEMARANG,SUKOREJO,TPS 019,290,245,53,122,70,0.2163,0.498,0.2857,0.8448,0,245,True,https://pemilu2024.kpu.go.id/pilpres/hitung-suara/33/3374/337412/3374121010/3374121010019,2024-02-24 22:31:28,PASLON 02
JAWA TENGAH,KOTA SEMARANG,GUNUNGPATI,SUKOREJO,3374121010020,46,105,59,210,3374121010020,KOTA SEMARANG,SUKOREJO,TPS 020,227,210,46,105,59,0.219,0.5,0.281,0.9251,5,215,False,https://pemilu2024.kpu.go.id/pilpres/hitung-suara/33/3374/337412/3374121010/3374121010020,2024-02-19 12:00:00,PASLON 02
JAWA TENGAH,KOTA SEMARANG,GUNUNGPATI,SUKOREJO,3374121010021,70,114,78,262,3374121010021,KOTA SEMARANG,SUKOREJO,TPS 021,288,262,70,114,78,0.2672,0.4351,0.2977,0.9097,1,263,False,https://pemilu2024.kpu.go.id/pilpres/hitung-suara/33/3374/337412/3374121010/3374121010021,2024-02-16 16:25:10,PASLON 02
JAWA TENGAH,KOTA SEMARANG,GUNUNGPATI,SUKOREJO,3374121010023,8,92,125,225,3374121010023,KOTA SEMARANG,SUKOREJO,TPS 023,290,225,8,92,125,0.0356,0.4089,0.5556,0.7759,0,225,True,https://pemilu2024.kpu.go.id/pilpres/hitung-suara/33/3374/337412/3374121010/3374121010023,2024-02-24 22:31:28,PASLON 03
JAWA TENGAH,KOTA SEMARANG,GUNUNGPATI,SUKOREJO,3374121010025,4,85,146,235,3374121010025,KOTA SEMARANG,SUKOREJO,TPS 025,297,235,4,85,146,0.017,0.3617,0.6213,0.7912,8,243,False,https://pemilu2024.kpu.go.id/pilpres/hitung-suara/33/3374/337412/3374121010/3374121010025,2024-02-14 21:46:01,PASLON 03
JAWA TENGAH,KOTA SEMARANG,GUNUNGPATI,SUKOREJO,3374121010026,22,108,124,254,3374121010026,KOTA SEMARANG,SUKOREJO,TPS 026,254,254,22,108,124,0.0866,0.4252,0.4882,1.0,1,255,False,https://pemilu2024.kpu.go.id/pilpres/hitung-suara/33/3374/337412/3374121010/3374121010026,2024-02-19 06:16:00,PASLON 03
JAWA TENGAH,KOTA SEMARANG,GUNUNGPATI,SUKOREJO,3374121010027,17,133,108,258,3374121010027,KOTA SEMARANG,SUKOREJO,TPS 027,290,258,17,133,108,0.0659,0.5155,0.4186,0.8897,0,258,True,https://pemilu2024.kpu.go.id/pilpres/hitung-suara/33/3374/337412/3374121010/3374121010027,2024-02-24 22:31:28,PASLON 02
JAWA TENGAH,KOTA SEMARANG,GUNUNGPATI,SUKOREJO,3374121010030,18,110,78,206,3374121010030,KOTA SEMARANG,SUKOREJO,TPS 030,231,206,18,110,78,0.0874,0.534,0.3786,0.8918,13,219,False,https://pemilu2024.kpu.go.id/pilpres/hitung-suara/33/3374/337412/3374121010/3374121010030,2024-02-19 06:16:00,PASLON 02
JAWA TENGAH,KOTA SEMARANG,GUNUNGPATI,SUKOREJO,3374121010032,8,110,77,195,3374121010032,KOTA SEMARANG,SUKOREJO,TPS 032,290,195,8,110,77,0.041,0.5641,0.3949,0.6724,0,195,True,https://pemilu2024.kpu.go.id/pilpres/hitung-suara/33/3374/337412/3374121010/3374121010032,2024-02-24 22:31:28,PASLON 02
JAWA TENGAH,KOTA SEMARANG,GUNUNGPATI,SUKOREJO,3374121010033,59,131,78,268,3374121010033,KOTA SEMARANG,SUKOREJO,TPS 033,290,268,59,131,78,0.2201,0.4888,0.291,0.9241,0,268,True,https://pemilu2024.kpu.go.id/pilpres/hitung-suara/33/3374/337412/3374121010/3374121010033,2024-02-16 12:51:22,PASLON 02
JAWA TENGAH,KOTA SEMARANG,GUNUNGPATI,SUMURREJO,3374121014002,51,118,84,253,3374121014002,KOTA SEMARANG,SUMURREJO,TPS 002,284,253,51,118,84,0.2016,0.4664,0.332,0.8908,4,257,False,https://pemilu2024.kpu.go.id/pilpres/hitung-suara/33/3374/337412/3374121014/3374121014002,2024-02-19 06:16:00,PASLON 02
JAWA TENGAH,KOTA SEMARANG,GUNUNGPATI,SUMURREJO,3374121014003,75,114,48,237,3374121014003,KOTA SEMARANG,SUMURREJO,TPS 003,276,237,75,114,48,0.3165,0.481,0.2025,0.8587,0,237,True,https://pemilu2024.kpu.go.id/pilpres/hitung-suara/33/3374/337412/3374121014/3374121014003,2024-02-16 16:25:10,PASLON 02
JAWA TENGAH,KOTA SEMARANG,GUNUNGPATI,SUMURREJO,3374121014004,34,94,77,205,3374121014004,KOTA SEMARANG,SUMURREJO,TPS 004,240,205,34,94,77,0.1659,0.4585,0.3756,0.8542,4,209,False,https://pemilu2024.kpu.go.id/pilpres/hitung-suara/33/3374/337412/3374121014/3374121014004,2024-02-15 03:06:03,PASLON 02
JAWA TENGAH,KOTA SEMARANG,GUNUNGPATI,SUMURREJO,3374121014005,35,144,88,267,3374121014005,KOTA SEMARANG,SUMURREJO,TPS 005,297,267,35,144,88,0.1311,0.5393,0.3296,0.899,6,273,False,https://pemilu2024.kpu.go.id/pilpres/hitung-suara/33/3374/337412/3374121014/3374121014005,2024-02-19 06:16:00,PASLON 02
JAWA TENGAH,KOTA SEMARANG,GUNUNGPATI,SUMURREJO,3374121014007,46,121,87,254,3374121014007,KOTA SEMARANG,SUMURREJO,TPS 007,293,254,46,121,87,0.1811,0.4764,0.3425,0.8669,6,260,False,https://pemilu2024.kpu.go.id/pilpres/hitung-suara/33/3374/337412/3374121014/3374121014007,2024-02-19 06:16:00,PASLON 02
JAWA TENGAH,KOTA SEMARANG,GUNUNGPATI,SUMURREJO,3374121014009,23,124,103,250,3374121014009,KOTA SEMARANG,SUMURREJO,TPS 009,267,250,23,124,103,0.092,0.496,0.412,0.9363,4,254,False,https://pemilu2024.kpu.go.id/pilpres/hitung-suara/33/3374/337412/3374121014/3374121014009,2024-02-16 14:30:33,PASLON 02
JAWA TENGAH,KOTA SEMARANG,GUNUNGPATI,SUMURREJO,3374121014010,25,149,82,256,3374121014010,KOTA SEMARANG,SUMURREJO,TPS 010,286,256,25,149,82,0.0977,0.582,0.3203,0.8951,5,261,False,https://pemilu2024.kpu.go.id/pilpres/hitung-suara/33/3374/337412/3374121014/3374121014010,2024-02-19 06:16:00,PASLON 02
JAWA TENGAH,KOTA SEMARANG,GUNUNGPATI,SUMURREJO,3374121014011,31,124,93,248,3374121014011,KOTA SEMARANG,SUMURREJO,TPS 011,260,248,31,124,93,0.125,0.5,0.375,0.9538,3,252,False,https://pemilu2024.kpu.go.id/pilpres/hitung-suara/33/3374/337412/3374121014/3374121014011,2024-02-19 06:16:00,PASLON 02
JAWA TENGAH,KOTA SEMARANG,GUNUNGPATI,SUMURREJO,3374121014013,26,109,65,200,3374121014013,KOTA SEMARANG,SUMURREJO,TPS 013,234,200,26,109,65,0.13,0.545,0.325,0.8547,6,206,False,https://pemilu2024.kpu.go.id/pilpres/hitung-suara/33/3374/337412/3374121014/3374121014013,2024-02-19 06:16:00,PASLON 02
JAWA TENGAH,KOTA SEMARANG,MIJEN,BUBAKAN,3374141002001,43,134,92,269,3374141002001,KOTA SEMARANG,BUBAKAN,TPS 001,274,269,43,134,92,0.1599,0.4981,0.342,0.9818,0,269,True,https://pemilu2024.kpu.go.id/pilpres/hitung-suara/33/3374/337414/3374141002/3374141002001,2024-02-24 22:31:28,PASLON 02
JAWA TENGAH,KOTA SEMARANG,MIJEN,BUBAKAN,3374141002003,29,160,61,250,3374141002003,KOTA SEMARANG,BUBAKAN,TPS 003,285,250,29,160,61,0.116,0.64,0.244,0.8772,4,254,False,https://pemilu2024.kpu.go.id/pilpres/hitung-suara/33/3374/337414/3374141002/3374141002003,2024-02-21 18:00:00,PASLON 02
JAWA TENGAH,KOTA SEMARANG,MIJEN,BUBAKAN,3374141002004,45,134,51,230,3374141002004,KOTA SEMARANG,BUBAKAN,TPS 004,279,230,45,134,51,0.1957,0.5826,0.2217,0.8244,11,241,False,https://pemilu2024.kpu.go.id/pilpres/hitung-suara/33/3374/337414/3374141002/3374141002004,2024-02-16 10:00:28,PASLON 02
JAWA TENGAH,KOTA SEMARANG,MIJEN,BUBAKAN,3374141002005,15,129,60,204,3374141002005,KOTA SEMARANG,BUBAKAN,TPS 005,264,204,15,129,60,0.0735,0.6324,0.2941,0.7727,8,212,False,https://pemilu2024.kpu.go.id/pilpres/hitung-suara/33/3374/337414/3374141002/3374141002005,2024-02-19 06:16:00,PASLON 02
JAWA TENGAH,KOTA SEMARANG,MIJEN,BUBAKAN,3374141002006,28,114,69,211,3374141002006,KOTA SEMARANG,BUBAKAN,TPS 006,262,211,28,114,69,0.1327,0.5403,0.327,0.8053,11,222,False,https://pemilu2024.kpu.go.id/pilpres/hitung-suara/33/3374/337414/3374141002/3374141002006,2024-02-21 21:00:04,PASLON 02
JAWA TENGAH,KOTA SEMARANG,MIJEN,BUBAKAN,3374141002007,51,119,61,231,3374141002007,KOTA SEMARANG,BUBAKAN,TPS 007,269,231,51,119,61,0.2208,0.5152,0.2641,0.8587,6,237,False,https://pemilu2024.kpu.go.id/pilpres/hitung-suara/33/3374/337414/3374141002/3374141002007,2024-02-16 09:30:28,PASLON 02
JAWA TENGAH,KOTA SEMARANG,MIJEN,BUBAKAN,3374141002008,25,137,73,235,3374141002008,KOTA SEMARANG,BUBAKAN,TPS 008,286,235,25,137,73,0.1064,0.583,0.3106,0.8217,3,238,False,https://pemilu2024.kpu.go.id/pilpres/hitung-suara/33/3374/337414/3374141002/3374141002008,2024-02-21 12:00:00,PASLON 02
JAWA TENGAH,KOTA SEMARANG,MIJEN,BUBAKAN,3374141002009,60,143,65,268,3374141002009,KOTA SEMARANG,BUBAKAN,TPS 009,274,268,60,143,65,0.2239,0.5336,0.2425,0.9781,0,268,True,https://pemilu2024.kpu.go.id/pilpres/hitung-suara/33/3374/337414/3374141002/3374141002009,2024-02-16 10:00:28,PASLON 02
JAWA TENGAH,KOTA SEMARANG,MIJEN,CANGKIRAN,3374141001001,42,129,77,248,3374141001001,KOTA SEMARANG,CANGKIRAN,TPS 001,295,248,42,129,77,0.1694,0.5202,0.3105,0.8407,7,255,False,https://pemilu2024.kpu.go.id/pilpres/hitung-suara/33/3374/337414/3374141001/3374141001001,2024-02-17 11:30:03,PASLON 02
JAWA TENGAH,KOTA SEMARANG,MIJEN,CANGKIRAN,3374141001002,23,110,73,206,3374141001002,KOTA SEMARANG,CANGKIRAN,TPS 002,263,206,23,110,73,0.1117,0.534,0.3544,0.7833,10,216,False,https://pemilu2024.kpu.go.id/pilpres/hitung-suara/33/3374/337414/3374141001/3374141001002,2024-02-17 08:00:02,PASLON 02
JAWA TENGAH,KOTA SEMARANG,MIJEN,CANGKIRAN,3374141001003,26,153,75,254,3374141001003,KOTA SEMARANG,CANGKIRAN,TPS 003,287,254,26,153,75,0.1024,0.6024,0.2953,0.885,6,260,False,https://pemilu2024.kpu.go.id/pilpres/hitung-suara/33/3374/337414/3374141001/3374141001003,2024-02-16 09:30:28,PASLON 02
JAWA TENGAH,KOTA SEMARANG,MIJEN,CANGKIRAN,3374141001004,24,112,103,239,3374141001004,KOTA SEMARANG,CANGKIRAN,TPS 004,281,239,24,112,103,0.1004,0.4686,0.431,0.8505,3,242,False,https://pemilu2024.kpu.go.id/pilpres/hitung-suara/33/3374/337414/3374141001/3374141001004,2024-02-22 09:00:00,PASLON 02
JAWA TENGAH,KOTA SEMARANG,MIJEN,CANGKIRAN,3374141001005,25,114,89,228,3374141001005,KOTA SEMARANG,CANGKIRAN,TPS 005,261,228,25,114,89,0.1096,0.5,0.3904,0.8736,0,228,False,https://pemilu2024.kpu.go.id/pilpres/hitung-suara/33/3374/337414/3374141001/3374141001005,2024-02-21 14:00:00,PASLON 02
JAWA TENGAH,KOTA SEMARANG,MIJEN,CANGKIRAN,3374141001006,32,119,81,232,3374141001006,KOTA SEMARANG,CANGKIRAN,TPS 006,265,232,32,119,81,0.1379,0.5129,0.3491,0.8755,4,236,False,https://pemilu2024.kpu.go.id/pilpres/hitung-suara/33/3374/337414/3374141001/3374141001006,2024-02-21 19:00:00,PASLON 02
JAWA TENGAH,KOTA SEMARANG,MIJEN,CANGKIRAN,3374141001007,14,113,95,222,3374141001007,KOTA SEMARANG,CANGKIRAN,TPS 007,277,222,14,113,95,0.0631,0.509,0.4279,0.8014,7,229,False,https://pemilu2024.kpu.go.id/pilpres/hitung-suara/33/3374/337414/3374141001/3374141001007,2024-02-15 18:00:26,PASLON 02
JAWA TENGAH,KOTA SEMARANG,MIJEN,CANGKIRAN,3374141001008,16,108,98,222,3374141001008,KOTA SEMARANG,CANGKIRAN,TPS 008,271,222,16,108,98,0.0721,0.4865,0.4414,0.8192,10,232,False,https://pemilu2024.kpu.go.id/pilpres/hitung-suara/33/3374/337414/3374141001/3374141001008,2024-02-19 06:16:00,PASLON 02
JAWA TENGAH,KOTA SEMARANG,MIJEN,CANGKIRAN,3374141001009,41,111,84,236,3374141001009,KOTA SEMARANG,CANGKIRAN,TPS 009,248,236,41,111,84,0.1737,0.4703,0.3559,0.9516,5,241,False,https://pemilu2024.kpu.go.id/pilpres/hitung-suara/33/3374/337414/3374141001/3374141001009,2024-02-16 00:30:27,PASLON 02
JAWA TENGAH,KOTA SEMARANG,MIJEN,CANGKIRAN,3374141001010,29,110,80,219,3374141001010,KOTA SEMARANG,CANGKIRAN,TPS 010,264,219,29,110,80,0.1324,0.5023,0.3653,0.8295,5,224,False,https://pemilu2024.kpu.go.id/pilpres/hitung-suara/33/3374/337414/3374141001/3374141001010,2024-02-14 21:46:01,PASLON 02
JAWA TENGAH,KOTA SEMARANG,MIJEN,CANGKIRAN,3374141001011,4,129,77,210,3374141001011,KOTA SEMARANG,CANGKIRAN,TPS 011,271,210,4,129,77,0.019,0.6143,0.3667,0.7749,0,210,True,https://pemilu2024.kpu.go.id/pilpres/hitung-suara/33/3374/337414/3374141001/3374141001011,2024-02-16 09:30:28,PASLON 02
JAWA TENGAH,KOTA SEMARANG,MIJEN,CANGKIRAN,3374141001012,25,132,76,233,3374141001012,KOTA SEMARANG,CANGKIRAN,TPS 012,271,233,25,132,76,0.1073,0.5665,0.3262,0.8598,0,233,True,https://pemilu2024.kpu.go.id/pilpres/hitung-suara/33/3374/337414/3374141001/3374141001012,2024-02-16 10:00:28,PASLON 02
JAWA TENGAH,KOTA SEMARANG,MIJEN,CANGKIRAN,3374141001013,36,123,79,238,3374141001013,KOTA SEMARANG,CANGKIRAN,TPS 013,280,238,36,123,79,0.1513,0.5168,0.3319,0.85,3,241,False,https://pemilu2024.kpu.go.id/pilpres/hitung-suara/33/3374/337414/3374141001/3374141001013,2024-02-15 03:06:03,PASLON 02
JAWA TENGAH,KOTA SEMARANG,MIJEN,JATIBARANG,3374141009001,23,118,87,228,3374141009001,KOTA SEMARANG,JATIBARANG,TPS 001,256,228,23,118,87,0.1009,0.5175,0.3816,0.8906,2,230,False,https://pemilu2024.kpu.go.id/pilpres/hitung-suara/33/3374/337414/3374141009/3374141009001,2024-02-21 13:00:00,PASLON 02
JAWA TENGAH,KOTA SEMARANG,MIJEN,JATIBARANG,3374141009002,20,155,64,239,3374141009002,KOTA SEMARANG,JATIBARANG,TPS 002,256,239,20,155,64,0.0837,0.6485,0.2678,0.9336,0,239,True,https://pemilu2024.kpu.go.id/pilpres/hitung-suara/33/3374/337414/3374141009/3374141009002,2024-02-24 22:31:28,PASLON 02
JAWA TENGAH,KOTA SEMARANG,MIJEN,JATIBARANG,3374141009004,24,132,69,225,3374141009004,KOTA SEMARANG,JATIBARANG,TPS 004,256,225,24,132,69,0.1067,0.5867,0.3067,0.8789,5,230,False,https://pemilu2024.kpu.go.id/pilpres/hitung-suara/33/3374/337414/3374141009/3374141009004,2024-02-15 18:30:25,PASLON 02
JAWA TENGAH,KOTA SEMARANG,MIJEN,JATIBARANG,3374141009006,17,103,113,233,3374141009006,KOTA SEMARANG,JATIBARANG,TPS 006,265,233,17,103,113,0.073,0.4421,0.485,0.8792,8,241,False,https://pemilu2024.kpu.go.id/pilpres/hitung-suara/33/3374/337414/3374141009/3374141009006,2024-02-15 18:30:25,PASLON 03
JAWA TENGAH,KOTA SEMARANG,MIJEN,JATIBARANG,3374141009007,18,104,89,211,3374141009007,KOTA SEMARANG,JATIBARANG,TPS 007,265,211,18,104,89,0.0853,0.4929,0.4218,0.7962,6,217,False,https://pemilu2024.kpu.go.id/pilpres/hitung-suara/33/3374/337414/3374141009/3374141009007,2024-02-15 05:00:24,PASLON 02
JAWA TENGAH,KOTA SEMARANG,MIJEN,JATIBARANG,3374141009008,19,113,60,192,3374141009008,KOTA SEMARANG,JATIBARANG,TPS 008,255,192,19,113,60,0.099,0.5885,0.3125,0.7529,2,194,False,https://pemilu2024.kpu.go.id/pilpres/hitung-suara/33/3374/337414/3374141009/3374141009008,2024-02-24 22:31:28,PASLON 02
JAWA TENGAH,KOTA SEMARANG,MIJEN,JATIBARANG,3374141009009,25,123,65,213,3374141009009,KOTA SEMARANG,JATIBARANG,TPS 009,255,213,25,123,65,0.1174,0.5775,0.3052,0.8353,6,219,False,https://pemilu2024.kpu.go.id/pilpres/hitung-suara/33/3374/337414/3374141009/3374141009009,2024-02-17 10:00:02,PASLON 02
JAWA TENGAH,KOTA SEMARANG,MIJEN,JATIBARANG,3374141009010,26,127,58,211,3374141009010,KOTA SEMARANG,JATIBARANG,TPS 010,251,211,26,127,58,0.1232,0.6019,0.2749,0.8406,9,220,False,https://pemilu2024.kpu.go.id/pilpres/hitung-suara/33/3374/337414/3374141009/3374141009010,2024-02-17 07:00:02,PASLON 02
JAWA TENGAH,KOTA SEMARANG,MIJEN,JATISARI,3374141013002,27,135,66,228,3374141013002,KOTA SEMARANG,JATISARI,TPS 002,281,228,27,135,66,0.1184,0.5921,0.2895,0.8114,4,232,False,https://pemilu2024.kpu.go.id/pilpres/hitung-suara/33/3374/337414/3374141013/3374141013002,2024-02-16 22:01:00,PASLON 02
JAWA TENGAH,KOTA SEMARANG,MIJEN,JATISARI,3374141013003,16,120,94,230,3374141013003,KOTA SEMARANG,JATISARI,TPS 003,295,230,16,120,94,0.0696,0.5217,0.4087,0.7797,11,241,False,https://pemilu2024.kpu.go.id/pilpres/hitung-suara/33/3374/337414/3374141013/3374141013003,2024-02-16 11:00:29,PASLON 02
JAWA TENGAH,KOTA SEMARANG,MIJEN,JATISARI,3374141013004,24,137,75,236,3374141013004,KOTA SEMARANG,JATISARI,TPS 004,287,236,24,137,75,0.1017,0.5805,0.3178,0.8223,0,236,True,https://pemilu2024.kpu.go.id/pilpres/hitung-suara/33/3374/337414/3374141013/3374141013004,2024-02-16 10:00:28,PASLON 02
JAWA TENGAH,KOTA SEMARANG,MIJEN,JATISARI,3374141013005,31,148,71,250,3374141013005,KOTA SEMARANG,JATISARI,TPS 005,293,250,31,148,71,0.124,0.592,0.284,0.8532,4,254,False,https://pemilu2024.kpu.go.id/pilpres/hitung-suara/33/3374/337414/3374141013/3374141013005,2024-02-24 22:31:28,PASLON 02
JAWA TENGAH,KOTA SEMARANG,MIJEN,JATISARI,3374141013006,29,121,67,217,3374141013006,KOTA SEMARANG,JATISARI,TPS 006,266,217,29,121,67,0.1336,0.5576,0.3088,0.8158,8,225,False,https://pemilu2024.kpu.go.id/pilpres/hitung-suara/33/3374/337414/3374141013/3374141013006,2024-02-16 09:00:28,PASLON 02
JAWA TENGAH,KOTA SEMARANG,MIJEN,JATISARI,3374141013007,39,134,72,245,3374141013007,KOTA SEMARANG,JATISARI,TPS 007,276,245,39,134,72,0.1592,0.5469,0.2939,0.8877,4,249,False,https://pemilu2024.kpu.go.id/pilpres/hitung-suara/33/3374/337414/3374141013/3374141013007,2024-02-14 21:46:01,PASLON 02
JAWA TENGAH,KOTA SEMARANG,MIJEN,JATISARI,3374141013008,73,97,68,238,3374141013008,KOTA SEMARANG,JATISARI,TPS 008,266,238,73,97,68,0.3067,0.4076,0.2857,0.8947,7,245,False,https://pemilu2024.kpu.go.id/pilpres/hitung-suara/33/3374/337414/3374141013/3374141013008,2024-02-19 06:16:00,PASLON 02
JAWA TENGAH,KOTA SEMARANG,MIJEN,JATISARI,3374141013009,52,119,54,225,3374141013009,KOTA SEMARANG,JATISARI,TPS 009,287,225,52,119,54,0.2311,0.5289,0.24,0.784,0,225,True,https://pemilu2024.kpu.go.id/pilpres/hitung-suara/33/3374/337414/3374141013/3374141013009,2024-02-22 15:00:00,PASLON 02
JAWA TENGAH,KOTA SEMARANG,MIJEN,JATISARI,3374141013011,28,131,71,230,3374141013011,KOTA SEMARANG,JATISARI,TPS 011,237,230,28,131,71,0.1217,0.5696,0.3087,0.9705,10,240,False,https://pemilu2024.kpu.go.id/pilpres/hitung-suara/33/3374/337414/3374141013/3374141013011,2024-02-19 06:16:00,PASLON 02
JAWA TENGAH,KOTA SEMARANG,MIJEN,JATISARI,3374141013012,21,83,56,160,3374141013012,KOTA SEMARANG,JATISARI,TPS 012,195,160,21,83,56,0.1312,0.5188,0.35,0.8205,5,165,False,https://pemilu2024.kpu.go.id/pilpres/hitung-suara/33/3374/337414/3374141013/3374141013012,2024-02-17 11:00:02,PASLON 02
JAWA TENGAH,KOTA SEMARANG,MIJEN,JATISARI,3374141013013,53,114,64,231,3374141013013,KOTA SEMARANG,JATISARI,TPS 013,287,231,53,114,64,0.2294,0.4935,0.2771,0.8049,0,231,True,https://pemilu2024.kpu.go.id/pilpres/hitung-suara/33/3374/337414/3374141013/3374141013013,2024-02-19 06:16:00,PASLON 02
JAWA TENGAH,KOTA SEMARANG,MIJEN,JATISARI,3374141013014,70,98,62,230,3374141013014,KOTA SEMARANG,JATISARI,TPS 014,285,230,70,98,62,0.3043,0.4261,0.2696,0.807,7,237,False,https://pemilu2024.kpu.go.id/pilpres/hitung-suara/33/3374/337414/3374141013/3374141013014,2024-02-24 22:31:28,PASLON 02
JAWA TENGAH,KOTA SEMARANG,MIJEN,JATISARI,3374141013015,57,122,77,256,3374141013015,KOTA SEMARANG,JATISARI,TPS 015,288,256,57,122,77,0.2227,0.4766,0.3008,0.8889,2,254,False,https://pemilu2024.kpu.go.id/pilpres/hitung-suara/33/3374/337414/3374141013/3374141013015,2024-02-21 18:00:00,PASLON 02
JAWA TENGAH,KOTA SEMARANG,MIJEN,JATISARI,3374141013016,52,94,67,213,3374141013016,KOTA SEMARANG,JATISARI,TPS 016,261,213,52,94,67,0.2441,0.4413,0.3146,0.8161,1,214,False,https://pemilu2024.kpu.go.id/pilpres/hitung-suara/33/3374/337414/3374141013/3374141013016,2024-02-19 06:16:00,PASLON 02
JAWA TENGAH,KOTA SEMARANG,MIJEN,JATISARI,3374141013017,56,109,77,242,3374141013017,KOTA SEMARANG,JATISARI,TPS 017,282,242,56,109,77,0.2314,0.4504,0.3182,0.8582,2,244,False,https://pemilu2024.kpu.go.id/pilpres/hitung-suara/33/3374/337414/3374141013/3374141013017,2024-02-19 11:00:00,PASLON 02
JAWA TENGAH,KOTA SEMARANG,MIJEN,JATISARI,3374141013018,58,109,72,239,3374141013018,KOTA SEMARANG,JATISARI,TPS 018,287,239,58,109,72,0.2427,0.4561,0.3013,0.8328,2,241,False,https://pemilu2024.kpu.go.id/pilpres/hitung-suara/33/3374/337414/3374141013/3374141013018,2024-02-19 06:16:00,PASLON 02
JAWA TENGAH,KOTA SEMARANG,MIJEN,JATISARI,3374141013019,48,127,92,267,3374141013019,KOTA SEMARANG,JATISARI,TPS 019,291,267,48,127,92,0.1798,0.4757,0.3446,0.9175,3,270,False,https://pemilu2024.kpu.go.id/pilpres/hitung-suara/33/3374/337414/3374141013/3374141013019,2024-02-17 18:00:00,PASLON 02
JAWA TENGAH,KOTA SEMARANG,MIJEN,JATISARI,3374141013020,52,109,78,239,3374141013020,KOTA SEMARANG,JATISARI,TPS 020,287,239,52,109,78,0.2176,0.4561,0.3264,0.8328,6,245,False,https://pemilu2024.kpu.go.id/pilpres/hitung-suara/33/3374/337414/3374141013/3374141013020,2024-02-15 18:30:25,PASLON 02
JAWA TENGAH,KOTA SEMARANG,MIJEN,JATISARI,3374141013021,72,112,59,243,3374141013021,KOTA SEMARANG,JATISARI,TPS 021,292,243,72,112,59,0.2963,0.4609,0.2428,0.8322,0,243,False,https://pemilu2024.kpu.go.id/pilpres/hitung-suara/33/3374/337414/3374141013/3374141013021,2024-02-17 08:00:02,PASLON 02
JAWA TENGAH,KOTA SEMARANG,MIJEN,JATISARI,3374141013022,58,127,78,263,3374141013022,KOTA SEMARANG,JATISARI,TPS 022,294,263,58,127,78,0.2205,0.4829,0.2966,0.8946,3,266,False,https://pemilu2024.kpu.go.id/pilpres/hitung-suara/33/3374/337414/3374141013/3374141013022,2024-02-19 06:16:00,PASLON 02
JAWA TENGAH,KOTA SEMARANG,MIJEN,JATISARI,3374141013023,39,121,97,257,3374141013023,KOTA SEMARANG,JATISARI,TPS 023,297,257,39,121,97,0.1518,0.4708,0.3774,0.8653,4,261,False,https://pemilu2024.kpu.go.id/pilpres/hitung-suara/33/3374/337414/3374141013/3374141013023,2024-02-15 18:30:25,PASLON 02
JAWA TENGAH,KOTA SEMARANG,MIJEN,JATISARI,3374141013024,32,149,62,243,3374141013024,KOTA SEMARANG,JATISARI,TPS 024,292,243,32,149,62,0.1317,0.6132,0.2551,0.8322,5,248,False,https://pemilu2024.kpu.go.id/pilpres/hitung-suara/33/3374/337414/3374141013/3374141013024,2024-02-16 06:00:27,PASLON 02
JAWA TENGAH,KOTA SEMARANG,MIJEN,JATISARI,3374141013025,53,136,52,241,3374141013025,KOTA SEMARANG,JATISARI,TPS 025,299,241,53,136,52,0.2199,0.5643,0.2158,0.806,3,244,False,https://pemilu2024.kpu.go.id/pilpres/hitung-suara/33/3374/337414/3374141013/3374141013025,2024-02-19 06:16:00,PASLON 02
JAWA TENGAH,KOTA SEMARANG,MIJEN,JATISARI,3374141013026,29,143,67,239,3374141013026,KOTA SEMARANG,JATISARI,TPS 026,291,239,29,143,67,0.1213,0.5983,0.2803,0.8213,6,245,False,https://pemilu2024.kpu.go.id/pilpres/hitung-suara/33/3374/337414/3374141013/3374141013026,2024-02-19 06:16:00,PASLON 02
JAWA TENGAH,KOTA SEMARANG,MIJEN,JATISARI,3374141013027,47,110,73,230,3374141013027,KOTA SEMARANG,JATISARI,TPS 027,283,230,47,110,73,0.2043,0.4783,0.3174,0.8127,2,232,False,https://pemilu2024.kpu.go.id/pilpres/hitung-suara/33/3374/337414/3374141013/3374141013027,2024-02-14 21:46:01,PASLON 02
JAWA TENGAH,KOTA SEMARANG,MIJEN,JATISARI,3374141013028,64,127,64,255,3374141013028,KOTA SEMARANG,JATISARI,TPS 028,290,255,64,127,64,0.251,0.498,0.251,0.8793,5,260,False,https://pemilu2024.kpu.go.id/pilpres/hitung-suara/33/3374/337414/3374141013/3374141013028,2024-02-19 06:16:00,PASLON 02
JAWA TENGAH,KOTA SEMARANG,MIJEN,JATISARI,3374141013029,54,109,85,248,3374141013029,KOTA SEMARANG,JATISARI,TPS 029,278,248,54,109,85,0.2177,0.4395,0.3427,0.8921,2,250,False,https://pemilu2024.kpu.go.id/pilpres/hitung-suara/33/3374/337414/3374141013/3374141013029,2024-02-15 22:00:27,PASLON 02
JAWA TENGAH,KOTA SEMARANG,MIJEN,JATISARI,3374141013030,51,103,71,225,3374141013030,KOTA SEMARANG,JATISARI,TPS 030,260,225,51,103,71,0.2267,0.4578,0.3156,0.8654,4,229,False,https://pemilu2024.kpu.go.id/pilpres/hitung-suara/33/3374/337414/3374141013/3374141013030,2024-02-15 09:00:24,PASLON 02
JAWA TENGAH,KOTA SEMARANG,MIJEN,JATISARI,3374141013031,58,104,73,235,3374141013031,KOTA SEMARANG,JATISARI,TPS 031,296,235,58,104,73,0.2468,0.4426,0.3106,0.7939,0,235,False,https://pemilu2024.kpu.go.id/pilpres/hitung-suara/33/3374/337414/3374141013/3374141013031,2024-02-19 06:16:00,PASLON 02
JAWA TENGAH,KOTA SEMARANG,MIJEN,JATISARI,3374141013032,26,117,58,201,3374141013032,KOTA SEMARANG,JATISARI,TPS 032,287,201,26,117,58,0.1294,0.5821,0.2886,0.7003,0,201,True,https://pemilu2024.kpu.go.id/pilpres/hitung-suara/33/3374/337414/3374141013/3374141013032,2024-02-16 10:00:28,PASLON 02
JAWA TENGAH,KOTA SEMARANG,MIJEN,KARANGMALANG,3374141003001,37,112,110,259,3374141003001,KOTA SEMARANG,KARANGMALANG,TPS 001,297,259,37,112,110,0.1429,0.4324,0.4247,0.8721,15,274,False,https://pemilu2024.kpu.go.id/pilpres/hitung-suara/33/3374/337414/3374141003/3374141003001,2024-02-24 22:31:28,PASLON 02
JAWA TENGAH,KOTA SEMARANG,MIJEN,KARANGMALANG,3374141003002,27,139,80,246,3374141003002,KOTA SEMARANG,KARANGMALANG,TPS 002,294,246,27,139,80,0.1098,0.565,0.3252,0.8367,5,251,False,https://pemilu2024.kpu.go.id/pilpres/hitung-suara/33/3374/337414/3374141003/3374141003002,2024-02-22 08:00:00,PASLON 02
JAWA TENGAH,KOTA SEMARANG,MIJEN,KARANGMALANG,3374141003003,27,121,77,225,3374141003003,KOTA SEMARANG,KARANGMALANG,TPS 003,285,225,27,121,77,0.12,0.5378,0.3422,0.7895,13,238,False,https://pemilu2024.kpu.go.id/pilpres/hitung-suara/33/3374/337414/3374141003/3374141003003,2024-02-15 18:00:26,PASLON 02
JAWA TENGAH,KOTA SEMARANG,MIJEN,KARANGMALANG,3374141003004,33,96,105,234,3374141003004,KOTA SEMARANG,KARANGMALANG,TPS 004,291,234,33,96,105,0.141,0.4103,0.4487,0.8041,9,243,False,https://pemilu2024.kpu.go.id/pilpres/hitung-suara/33/3374/337414/3374141003/3374141003004,2024-02-14 21:46:01,PASLON 03
JAWA TENGAH,KOTA SEMARANG,MIJEN,KARANGMALANG,3374141003005,34,127,89,250,3374141003005,KOTA SEMARANG,KARANGMALANG,TPS 005,289,250,34,127,89,0.136,0.508,0.356,0.8651,5,255,False,https://pemilu2024.kpu.go.id/pilpres/hitung-suara/33/3374/337414/3374141003/3374141003005,2024-02-21 16:00:00,PASLON 02
JAWA TENGAH,KOTA SEMARANG,MIJEN,KARANGMALANG,3374141003006,13,137,94,244,3374141003006,KOTA SEMARANG,KARANGMALANG,TPS 006,286,244,13,137,94,0.0533,0.5615,0.3852,0.8531,10,254,False,https://pemilu2024.kpu.go.id/pilpres/hitung-suara/33/3374/337414/3374141003/3374141003006,2024-02-22 00:00:00,PASLON 02
JAWA TENGAH,KOTA SEMARANG,MIJEN,KARANGMALANG,3374141003007,8,141,97,246,3374141003007,KOTA SEMARANG,KARANGMALANG,TPS 007,289,246,8,141,97,0.0325,0.5732,0.3943,0.8512,14,260,False,https://pemilu2024.kpu.go.id/pilpres/hitung-suara/33/3374/337414/3374141003/3374141003007,2024-02-15 17:30:25,PASLON 02
JAWA TENGAH,KOTA SEMARANG,MIJEN,KEDUNGPANE,3374141010001,28,113,84,225,3374141010001,KOTA SEMARANG,KEDUNGPANE,TPS 001,257,225,28,113,84,0.1244,0.5022,0.3733,0.8755,2,227,False,https://pemilu2024.kpu.go.id/pilpres/hitung-suara/33/3374/337414/3374141010/3374141010001,2024-02-19 06:16:00,PASLON 02
JAWA TENGAH,KOTA SEMARANG,MIJEN,KEDUNGPANE,3374141010002,19,123,80,222,3374141010002,KOTA SEMARANG,KEDUNGPANE,TPS 002,270,222,19,123,80,0.0856,0.5541,0.3604,0.8222,10,232,False,https://pemilu2024.kpu.go.id/pilpres/hitung-suara/33/3374/337414/3374141010/3374141010002,2024-02-15 00:41:44,PASLON 02
JAWA TENGAH,KOTA SEMARANG,MIJEN,KEDUNGPANE,3374141010003,14,141,69,224,3374141010003,KOTA SEMARANG,KEDUNGPANE,TPS 003,272,224,14,141,69,0.0625,0.6295,0.308,0.8235,7,231,False,https://pemilu2024.kpu.go.id/pilpres/hitung-suara/33/3374/337414/3374141010/3374141010003,2024-02-15 00:41:44,PASLON 02
JAWA TENGAH,KOTA SEMARANG,MIJEN,KEDUNGPANE,3374141010005,12,140,68,220,3374141010005,KOTA SEMARANG,KEDUNGPANE,TPS 005,261,220,12,140,68,0.0545,0.6364,0.3091,0.8429,3,223,False,https://pemilu2024.kpu.go.id/pilpres/hitung-suara/33/3374/337414/3374141010/3374141010005,2024-02-21 18:00:00,PASLON 02
JAWA TENGAH,KOTA SEMARANG,MIJEN,KEDUNGPANE,3374141010006,11,127,91,229,3374141010006,KOTA SEMARANG,KEDUNGPANE,TPS 006,271,229,11,127,91,0.048,0.5546,0.3974,0.845,0,229,True,https://pemilu2024.kpu.go.id/pilpres/hitung-suara/33/3374/337414/3374141010/3374141010006,2024-02-15 18:30:25,PASLON 02
JAWA TENGAH,KOTA SEMARANG,MIJEN,KEDUNGPANE,3374141010007,11,113,80,204,3374141010007,KOTA SEMARANG,KEDUNGPANE,TPS 007,271,204,11,113,80,0.0539,0.5539,0.3922,0.7528,3,207,False,https://pemilu2024.kpu.go.id/pilpres/hitung-suara/33/3374/337414/3374141010/3374141010007,2024-02-14 21:46:01,PASLON 02
JAWA TENGAH,KOTA SEMARANG,MIJEN,KEDUNGPANE,3374141010008,11,130,81,222,3374141010008,KOTA SEMARANG,KEDUNGPANE,TPS 008,271,222,11,130,81,0.0495,0.5856,0.3649,0.8192,0,222,True,https://pemilu2024.kpu.go.id/pilpres/hitung-suara/33/3374/337414/3374141010/3374141010008,2024-02-19 06:16:00,PASLON 02
JAWA TENGAH,KOTA SEMARANG,MIJEN,KEDUNGPANE,3374141010009,24,123,76,223,3374141010009,KOTA SEMARANG,KEDUNGPANE,TPS 009,263,223,24,123,76,0.1076,0.5516,0.3408,0.8479,2,225,False,https://pemilu2024.kpu.go.id/pilpres/hitung-suara/33/3374/337414/3374141010/3374141010009,2024-02-19 06:16:00,PASLON 02
JAWA TENGAH,KOTA SEMARANG,MIJEN,KEDUNGPANE,3374141010010,23,146,72,241,3374141010010,KOTA SEMARANG,KEDUNGPANE,TPS 010,245,241,23,146,72,0.0954,0.6058,0.2988,0.9837,4,246,False,https://pemilu2024.kpu.go.id/pilpres/hitung-suara/33/3374/337414/3374141010/3374141010010,2024-02-25 13:00:00,PASLON 02
JAWA TENGAH,KOTA SEMARANG,MIJEN,KEDUNGPANE,3374141010011,23,128,84,235,3374141010011,KOTA SEMARANG,KEDUNGPANE,TPS 011,273,235,23,128,84,0.0979,0.5447,0.3574,0.8608,7,242,False,https://pemilu2024.kpu.go.id/pilpres/hitung-suara/33/3374/337414/3374141010/3374141010011,2024-02-19 06:16:00,PASLON 02
JAWA TENGAH,KOTA SEMARANG,MIJEN,KEDUNGPANE,3374141010013,20,96,96,212,3374141010013,KOTA SEMARANG,KEDUNGPANE,TPS 013,271,212,20,96,96,0.0943,0.4528,0.4528,0.7823,0,212,True,https://pemilu2024.kpu.go.id/pilpres/hitung-suara/33/3374/337414/3374141010/3374141010013,2024-02-17 18:30:00,PASLON 02
JAWA TENGAH,KOTA SEMARANG,MIJEN,KEDUNGPANE,3374141010014,10,153,71,234,3374141010014,KOTA SEMARANG,KEDUNGPANE,TPS 014,277,234,10,153,71,0.0427,0.6538,0.3034,0.8448,10,254,False,https://pemilu2024.kpu.go.id/pilpres/hitung-suara/33/3374/337414/3374141010/3374141010014,2024-02-19 06:16:00,PASLON 02
JAWA TENGAH,KOTA SEMARANG,MIJEN,KEDUNGPANE,3374141010015,20,119,99,238,3374141010015,KOTA SEMARANG,KEDUNGPANE,TPS 015,270,238,20,119,99,0.084,0.5,0.416,0.8815,0,238,False,https://pemilu2024.kpu.go.id/pilpres/hitung-suara/33/3374/337414/3374141010/3374141010015,2024-02-19 06:16:00,PASLON 02
JAWA TENGAH,KOTA SEMARANG,MIJEN,KEDUNGPANE,3374141010016,19,104,88,211,3374141010016,KOTA SEMARANG,KEDUNGPANE,TPS 016,237,211,19,104,88,0.09,0.4929,0.4171,0.8903,3,214,False,https://pemilu2024.kpu.go.id/pilpres/hitung-suara/33/3374/337414/3374141010/3374141010016,2024-02-19 06:16:00,PASLON 02
JAWA TENGAH,KOTA SEMARANG,MIJEN,KEDUNGPANE,3374141010017,21,143,65,229,3374141010017,KOTA SEMARANG,KEDUNGPANE,TPS 017,289,229,21,143,65,0.0917,0.6245,0.2838,0.7924,9,238,False,https://pemilu2024.kpu.go.id/pilpres/hitung-suara/33/3374/337414/3374141010/3374141010017,2024-02-19 06:16:00,PASLON 02
JAWA TENGAH,KOTA SEMARANG,MIJEN,KEDUNGPANE,3374141010018,31,159,54,244,3374141010018,KOTA SEMARANG,KEDUNGPANE,TPS 018,299,244,31,159,54,0.127,0.6516,0.2213,0.8161,4,248,False,https://pemilu2024.kpu.go.id/pilpres/hitung-suara/33/3374/337414/3374141010/3374141010018,2024-02-15 01:47:43,PASLON 02
JAWA TENGAH,KOTA SEMARANG,MIJEN,KEDUNGPANE,3374141010019,35,116,86,237,3374141010019,KOTA SEMARANG,KEDUNGPANE,TPS 019,271,237,35,116,86,0.1477,0.4895,0.3629,0.8745,0,237,True,https://pemilu2024.kpu.go.id/pilpres/hitung-suara/33/3374/337414/3374141010/3374141010019,2024-02-22 15:00:00,PASLON 02
JAWA TENGAH,KOTA SEMARANG,MIJEN,KEDUNGPANE,3374141010020,59,87,67,213,3374141010020,KOTA SEMARANG,KEDUNGPANE,TPS 020,276,213,59,87,67,0.277,0.4085,0.3146,0.7717,1,214,False,https://pemilu2024.kpu.go.id/pilpres/hitung-suara/33/3374/337414/3374141010/3374141010020,2024-02-15 16:00:26,PASLON 02
JAWA TENGAH,KOTA SEMARANG,MIJEN,KEDUNGPANE,3374141010021,66,63,101,230,3374141010021,KOTA SEMARANG,KEDUNGPANE,TPS 021,274,230,66,63,101,0.287,0.2739,0.4391,0.8394,5,235,False,https://pemilu2024.kpu.go.id/pilpres/hitung-suara/33/3374/337414/3374141010/3374141010021,2024-02-15 12:00:28,PASLON 03
JAWA TENGAH,KOTA SEMARANG,MIJEN,KEDUNGPANE,3374141010022,70,92,73,235,3374141010022,KOTA SEMARANG,KEDUNGPANE,TPS 022,271,235,70,92,73,0.2979,0.3915,0.3106,0.8672,0,235,True,https://pemilu2024.kpu.go.id/pilpres/hitung-suara/33/3374/337414/3374141010/3374141010022,2024-02-24 22:31:28,PASLON 02
JAWA TENGAH,KOTA SEMARANG,MIJEN,MIJEN,3374141008001,31,120,72,223,3374141008001,KOTA SEMARANG,MIJEN,TPS 001,277,223,31,120,72,0.139,0.5381,0.3229,0.8051,8,231,False,https://pemilu2024.kpu.go.id/pilpres/hitung-suara/33/3374/337414/3374141008/3374141008001,2024-02-21 23:00:00,PASLON 02
JAWA TENGAH,KOTA SEMARANG,MIJEN,MIJEN,3374141008002,30,156,59,245,3374141008002,KOTA SEMARANG,MIJEN,TPS 002,277,245,30,156,59,0.1224,0.6367,0.2408,0.8845,0,245,True,https://pemilu2024.kpu.go.id/pilpres/hitung-suara/33/3374/337414/3374141008/3374141008002,2024-02-24 22:31:28,PASLON 02
JAWA TENGAH,KOTA SEMARANG,MIJEN,MIJEN,3374141008003,45,101,62,208,3374141008003,KOTA SEMARANG,MIJEN,TPS 003,258,208,45,101,62,0.2163,0.4856,0.2981,0.8062,3,211,False,https://pemilu2024.kpu.go.id/pilpres/hitung-suara/33/3374/337414/3374141008/3374141008003,2024-02-15 18:30:25,PASLON 02
JAWA TENGAH,KOTA SEMARANG,MIJEN,MIJEN,3374141008004,42,142,48,232,3374141008004,KOTA SEMARANG,MIJEN,TPS 004,281,232,42,142,48,0.181,0.6121,0.2069,0.8256,6,238,False,https://pemilu2024.kpu.go.id/pilpres/hitung-suara/33/3374/337414/3374141008/3374141008004,2024-02-19 06:16:00,PASLON 02
JAWA TENGAH,KOTA SEMARANG,MIJEN,MIJEN,3374141008005,79,155,40,274,3374141008005,KOTA SEMARANG,MIJEN,TPS 005,279,274,79,155,40,0.2883,0.5657,0.146,0.9821,12,247,False,https://pemilu2024.kpu.go.id/pilpres/hitung-suara/33/3374/337414/3374141008/3374141008005,2024-02-19 06:16:00,PASLON 02
JAWA TENGAH,KOTA SEMARANG,MIJEN,MIJEN,3374141008006,53,125,30,208,3374141008006,KOTA SEMARANG,MIJEN,TPS 006,241,208,53,125,30,0.2548,0.601,0.1442,0.8631,5,213,False,https://pemilu2024.kpu.go.id/pilpres/hitung-suara/33/3374/337414/3374141008/3374141008006,2024-02-22 15:00:00,PASLON 02
JAWA TENGAH,KOTA SEMARANG,MIJEN,MIJEN,3374141008007,31,129,95,255,3374141008007,KOTA SEMARANG,MIJEN,TPS 007,289,255,31,129,95,0.1216,0.5059,0.3725,0.8824,3,258,False,https://pemilu2024.kpu.go.id/pilpres/hitung-suara/33/3374/337414/3374141008/3374141008007,2024-02-21 22:00:00,PASLON 02
JAWA TENGAH,KOTA SEMARANG,MIJEN,MIJEN,3374141008008,34,127,83,244,3374141008008,KOTA SEMARANG,MIJEN,TPS 008,277,244,34,127,83,0.1393,0.5205,0.3402,0.8809,0,244,True,https://pemilu2024.kpu.go.id/pilpres/hitung-suara/33/3374/337414/3374141008/3374141008008,2024-02-16 10:00:28,PASLON 02
JAWA TENGAH,KOTA SEMARANG,MIJEN,MIJEN,3374141008009,10,131,65,206,3374141008009,KOTA SEMARANG,MIJEN,TPS 009,226,206,10,131,65,0.0485,0.6359,0.3155,0.9115,2,208,False,https://pemilu2024.kpu.go.id/pilpres/hitung-suara/33/3374/337414/3374141008/3374141008009,2024-02-16 12:51:22,PASLON 02
JAWA TENGAH,KOTA SEMARANG,MIJEN,MIJEN,3374141008010,13,146,71,230,3374141008010,KOTA SEMARANG,MIJEN,TPS 010,277,230,13,146,71,0.0565,0.6348,0.3087,0.8303,0,230,True,https://pemilu2024.kpu.go.id/pilpres/hitung-suara/33/3374/337414/3374141008/3374141008010,2024-02-19 06:16:00,PASLON 02
JAWA TENGAH,KOTA SEMARANG,MIJEN,MIJEN,3374141008011,12,82,49,143,3374141008011,KOTA SEMARANG,MIJEN,TPS 011,163,143,12,82,49,0.0839,0.5734,0.3427,0.8773,4,147,False,https://pemilu2024.kpu.go.id/pilpres/hitung-suara/33/3374/337414/3374141008/3374141008011,2024-02-21 16:00:00,PASLON 02
JAWA TENGAH,KOTA SEMARANG,MIJEN,MIJEN,3374141008012,12,107,48,167,3374141008012,KOTA SEMARANG,MIJEN,TPS 012,203,167,12,107,48,0.0719,0.6407,0.2874,0.8227,2,169,False,https://pemilu2024.kpu.go.id/pilpres/hitung-suara/33/3374/337414/3374141008/3374141008012,2024-02-15 18:30:25,PASLON 02
JAWA TENGAH,KOTA SEMARANG,MIJEN,MIJEN,3374141008013,30,123,79,232,3374141008013,KOTA SEMARANG,MIJEN,TPS 013,277,232,30,123,79,0.1293,0.5302,0.3405,0.8375,1,233,False,https://pemilu2024.kpu.go.id/pilpres/hitung-suara/33/3374/337414/3374141008/3374141008013,2024-02-24 22:31:28,PASLON 02
JAWA TENGAH,KOTA SEMARANG,MIJEN,MIJEN,3374141008014,38,133,83,254,3374141008014,KOTA SEMARANG,MIJEN,TPS 014,292,254,38,133,83,0.1496,0.5236,0.3268,0.8699,4,258,False,https://pemilu2024.kpu.go.id/pilpres/hitung-suara/33/3374/337414/3374141008/3374141008014,2024-02-21 01:00:00,PASLON 02
JAWA TENGAH,KOTA SEMARANG,MIJEN,MIJEN,3374141008015,37,120,76,233,3374141008015,KOTA SEMARANG,MIJEN,TPS 015,275,233,37,120,76,0.1588,0.515,0.3262,0.8473,8,241,False,https://pemilu2024.kpu.go.id/pilpres/hitung-suara/33/3374/337414/3374141008/3374141008015,2024-02-24 22:31:28,PASLON 02
JAWA TENGAH,KOTA SEMARANG,MIJEN,MIJEN,3374141008016,50,116,52,218,3374141008016,KOTA SEMARANG,MIJEN,TPS 016,277,218,50,116,52,0.2294,0.5321,0.2385,0.787,0,218,True,https://pemilu2024.kpu.go.id/pilpres/hitung-suara/33/3374/337414/3374141008/3374141008016,2024-02-16 10:00:28,PASLON 02
JAWA TENGAH,KOTA SEMARANG,MIJEN,MIJEN,3374141008019,45,113,72,230,3374141008019,KOTA SEMARANG,MIJEN,TPS 019,295,230,45,113,72,0.1957,0.4913,0.313,0.7797,6,236,False,https://pemilu2024.kpu.go.id/pilpres/hitung-suara/33/3374/337414/3374141008/3374141008019,2024-02-15 18:30:25,PASLON 02
JAWA TENGAH,KOTA SEMARANG,MIJEN,MIJEN,3374141008020,38,134,62,234,3374141008020,KOTA SEMARANG,MIJEN,TPS 020,291,234,38,134,62,0.1624,0.5726,0.265,0.8041,5,239,False,https://pemilu2024.kpu.go.id/pilpres/hitung-suara/33/3374/337414/3374141008/3374141008020,2024-02-21 16:00:00,PASLON 02
JAWA TENGAH,KOTA SEMARANG,MIJEN,MIJEN,3374141008021,48,132,64,244,3374141008021,KOTA SEMARANG,MIJEN,TPS 021,295,244,48,132,64,0.1967,0.541,0.2623,0.8271,6,250,False,https://pemilu2024.kpu.go.id/pilpres/hitung-suara/33/3374/337414/3374141008/3374141008021,2024-02-21 12:00:00,PASLON 02
JAWA TENGAH,KOTA SEMARANG,MIJEN,NGADIRGO,3374141011002,13,148,91,252,3374141011002,KOTA SEMARANG,NGADIRGO,TPS 002,294,252,13,148,91,0.0516,0.5873,0.3611,0.8571,10,262,False,https://pemilu2024.kpu.go.id/pilpres/hitung-suara/33/3374/337414/3374141011/3374141011002,2024-02-15 20:00:44,PASLON 02
JAWA TENGAH,KOTA SEMARANG,MIJEN,NGADIRGO,3374141011003,36,144,80,260,3374141011003,KOTA SEMARANG,NGADIRGO,TPS 003,288,260,36,144,80,0.1385,0.5538,0.3077,0.9028,9,269,False,https://pemilu2024.kpu.go.id/pilpres/hitung-suara/33/3374/337414/3374141011/3374141011003,2024-02-19 06:16:00,PASLON 02
JAWA TENGAH,KOTA SEMARANG,MIJEN,NGADIRGO,3374141011004,27,128,87,242,3374141011004,KOTA SEMARANG,NGADIRGO,TPS 004,283,242,27,128,87,0.1116,0.5289,0.3595,0.8551,4,246,False,https://pemilu2024.kpu.go.id/pilpres/hitung-suara/33/3374/337414/3374141011/3374141011004,2024-02-19 06:16:00,PASLON 02
JAWA TENGAH,KOTA SEMARANG,MIJEN,NGADIRGO,3374141011005,21,147,88,256,3374141011005,KOTA SEMARANG,NGADIRGO,TPS 005,287,256,21,147,88,0.082,0.5742,0.3438,0.892,3,259,False,https://pemilu2024.kpu.go.id/pilpres/hitung-suara/33/3374/337414/3374141011/3374141011005,2024-02-14 21:46:01,PASLON 02
JAWA TENGAH,KOTA SEMARANG,MIJEN,NGADIRGO,3374141011006,23,131,103,257,3374141011006,KOTA SEMARANG,NGADIRGO,TPS 006,288,257,23,131,103,0.0895,0.5097,0.4008,0.8924,7,264,False,https://pemilu2024.kpu.go.id/pilpres/hitung-suara/33/3374/337414/3374141011/3374141011006,2024-02-24 22:31:28,PASLON 02
JAWA TENGAH,KOTA SEMARANG,MIJEN,NGADIRGO,3374141011007,34,127,99,260,3374141011007,KOTA SEMARANG,NGADIRGO,TPS 007,280,260,34,127,99,0.1308,0.4885,0.3808,0.9286,0,260,True,https://pemilu2024.kpu.go.id/pilpres/hitung-suara/33/3374/337414/3374141011/3374141011007,2024-02-24 22:31:28,PASLON 02
JAWA TENGAH,KOTA SEMARANG,MIJEN,NGADIRGO,3374141011008,23,115,123,261,3374141011008,KOTA SEMARANG,NGADIRGO,TPS 008,290,261,23,115,123,0.0881,0.4406,0.4713,0.9,6,267,False,https://pemilu2024.kpu.go.id/pilpres/hitung-suara/33/3374/337414/3374141011/3374141011008,2024-02-15 07:00:44,PASLON 03
JAWA TENGAH,KOTA SEMARANG,MIJEN,NGADIRGO,3374141011009,13,110,134,257,3374141011009,KOTA SEMARANG,NGADIRGO,TPS 009,293,257,13,110,134,0.0506,0.428,0.5214,0.8771,8,265,False,https://pemilu2024.kpu.go.id/pilpres/hitung-suara/33/3374/337414/3374141011/3374141011009,2024-02-15 18:30:25,PASLON 03
JAWA TENGAH,KOTA SEMARANG,MIJEN,NGADIRGO,3374141011011,27,121,68,216,3374141011011,KOTA SEMARANG,NGADIRGO,TPS 011,258,216,27,121,68,0.125,0.5602,0.3148,0.8372,3,219,False,https://pemilu2024.kpu.go.id/pilpres/hitung-suara/33/3374/337414/3374141011/3374141011011,2024-02-15 12:00:28,PASLON 02
JAWA TENGAH,KOTA SEMARANG,MIJEN,NGADIRGO,3374141011012,20,111,61,192,3374141011012,KOTA SEMARANG,NGADIRGO,TPS 012,280,192,20,111,61,0.1042,0.5781,0.3177,0.6857,0,192,True,https://pemilu2024.kpu.go.id/pilpres/hitung-suara/33/3374/337414/3374141011/3374141011012,2024-02-17 11:00:02,PASLON 02
JAWA TENGAH,KOTA SEMARANG,MIJEN,NGADIRGO,3374141011013,27,138,46,211,3374141011013,KOTA SEMARANG,NGADIRGO,TPS 013,218,211,27,138,46,0.128,0.654,0.218,0.9679,7,218,False,https://pemilu2024.kpu.go.id/pilpres/hitung-suara/33/3374/337414/3374141011/3374141011013,2024-02-14 21:46:01,PASLON 02
JAWA TENGAH,KOTA SEMARANG,MIJEN,NGADIRGO,3374141011015,12,110,98,220,3374141011015,KOTA SEMARANG,NGADIRGO,TPS 015,278,220,12,110,98,0.0545,0.5,0.4455,0.7914,2,222,False,https://pemilu2024.kpu.go.id/pilpres/hitung-suara/33/3374/337414/3374141011/3374141011015,2024-02-19 06:16:00,PASLON 02
JAWA TENGAH,KOTA SEMARANG,MIJEN,NGADIRGO,3374141011016,31,112,66,209,3374141011016,KOTA SEMARANG,NGADIRGO,TPS 016,249,209,31,112,66,0.1483,0.5359,0.3158,0.8394,0,209,False,https://pemilu2024.kpu.go.id/pilpres/hitung-suara/33/3374/337414/3374141011/3374141011016,2024-02-19 06:16:00,PASLON 02
JAWA TENGAH,KOTA SEMARANG,MIJEN,NGADIRGO,3374141011017,34,105,77,216,3374141011017,KOTA SEMARANG,NGADIRGO,TPS 017,245,216,34,105,77,0.1574,0.4861,0.3565,0.8816,7,223,False,https://pemilu2024.kpu.go.id/pilpres/hitung-suara/33/3374/337414/3374141011/3374141011017,2024-02-17 01:22:58,PASLON 02
JAWA TENGAH,KOTA SEMARANG,MIJEN,NGADIRGO,3374141011018,37,103,63,203,3374141011018,KOTA SEMARANG,NGADIRGO,TPS 018,246,203,37,103,63,0.1823,0.5074,0.3103,0.8252,3,206,False,https://pemilu2024.kpu.go.id/pilpres/hitung-suara/33/3374/337414/3374141011/3374141011018,2024-02-16 12:51:22,PASLON 02
JAWA TENGAH,KOTA SEMARANG,MIJEN,NGADIRGO,3374141011019,27,110,72,209,3374141011019,KOTA SEMARANG,NGADIRGO,TPS 019,248,209,27,110,72,0.1292,0.5263,0.3445,0.8427,4,213,False,https://pemilu2024.kpu.go.id/pilpres/hitung-suara/33/3374/337414/3374141011/3374141011019,2024-02-19 06:16:00,PASLON 02
JAWA TENGAH,KOTA SEMARANG,MIJEN,PESANTREN,3374141014001,21,126,64,211,3374141014001,KOTA SEMARANG,PESANTREN,TPS 001,258,211,21,126,64,0.0995,0.5972,0.3033,0.8178,6,217,False,https://pemilu2024.kpu.go.id/pilpres/hitung-suara/33/3374/337414/3374141014/3374141014001,2024-02-14 21:46:01,PASLON 02
JAWA TENGAH,KOTA SEMARANG,MIJEN,PESANTREN,3374141014002,16,120,86,222,3374141014002,KOTA SEMARANG,PESANTREN,TPS 002,247,222,16,120,86,0.0721,0.5405,0.3874,0.8988,6,228,False,https://pemilu2024.kpu.go.id/pilpres/hitung-suara/33/3374/337414/3374141014/3374141014002,2024-02-19 06:16:00,PASLON 02
JAWA TENGAH,KOTA SEMARANG,MIJEN,PESANTREN,3374141014003,22,117,100,239,3374141014003,KOTA SEMARANG,PESANTREN,TPS 003,263,239,22,117,100,0.0921,0.4895,0.4184,0.9087,5,244,False,https://pemilu2024.kpu.go.id/pilpres/hitung-suara/33/3374/337414/3374141014/3374141014003,2024-02-19 06:16:00,PASLON 02
JAWA TENGAH,KOTA SEMARANG,MIJEN,PESANTREN,3374141014004,33,147,66,246,3374141014004,KOTA SEMARANG,PESANTREN,TPS 004,274,246,33,147,66,0.1341,0.5976,0.2683,0.8978,6,252,False,https://pemilu2024.kpu.go.id/pilpres/hitung-suara/33/3374/337414/3374141014/3374141014004,2024-02-24 22:31:28,PASLON 02
JAWA TENGAH,KOTA SEMARANG,MIJEN,PESANTREN,3374141014005,55,131,75,261,3374141014005,KOTA SEMARANG,PESANTREN,TPS 005,284,261,55,131,75,0.2107,0.5019,0.2874,0.919,3,264,False,https://pemilu2024.kpu.go.id/pilpres/hitung-suara/33/3374/337414/3374141014/3374141014005,2024-02-19 06:16:00,PASLON 02
JAWA TENGAH,KOTA SEMARANG,MIJEN,PESANTREN,3374141014006,69,97,80,246,3374141014006,KOTA SEMARANG,PESANTREN,TPS 006,263,246,69,97,80,0.2805,0.3943,0.3252,0.9354,0,246,True,https://pemilu2024.kpu.go.id/pilpres/hitung-suara/33/3374/337414/3374141014/3374141014006,2024-02-24 22:31:28,PASLON 02
JAWA TENGAH,KOTA SEMARANG,MIJEN,PESANTREN,3374141014007,78,130,44,252,3374141014007,KOTA SEMARANG,PESANTREN,TPS 007,263,252,78,130,44,0.3095,0.5159,0.1746,0.9582,0,252,True,https://pemilu2024.kpu.go.id/pilpres/hitung-suara/33/3374/337414/3374141014/3374141014007,2024-02-24 22:31:28,PASLON 02
JAWA TENGAH,KOTA SEMARANG,MIJEN,POLAMAN,3374141004001,58,135,62,255,3374141004001,KOTA SEMARANG,POLAMAN,TPS 001,283,255,58,135,62,0.2275,0.5294,0.2431,0.9011,3,258,False,https://pemilu2024.kpu.go.id/pilpres/hitung-suara/33/3374/337414/3374141004/3374141004001,2024-02-19 06:16:00,PASLON 02
JAWA TENGAH,KOTA SEMARANG,MIJEN,POLAMAN,3374141004002,28,118,89,235,3374141004002,KOTA SEMARANG,POLAMAN,TPS 002,235,235,28,118,89,0.1191,0.5021,0.3787,1.0,0,235,True,https://pemilu2024.kpu.go.id/pilpres/hitung-suara/33/3374/337414/3374141004/3374141004002,2024-02-24 22:31:28,PASLON 02
JAWA TENGAH,KOTA SEMARANG,MIJEN,POLAMAN,3374141004003,44,101,108,253,3374141004003,KOTA SEMARANG,POLAMAN,TPS 003,253,253,44,101,108,0.1739,0.3992,0.4269,1.0,0,253,True,https://pemilu2024.kpu.go.id/pilpres/hitung-suara/33/3374/337414/3374141004/3374141004003,2024-02-24 22:31:28,PASLON 03
JAWA TENGAH,KOTA SEMARANG,MIJEN,POLAMAN,3374141004004,8,99,52,159,3374141004004,KOTA SEMARANG,POLAMAN,TPS 004,186,159,8,99,52,0.0503,0.6226,0.327,0.8548,3,162,False,https://pemilu2024.kpu.go.id/pilpres/hitung-suara/33/3374/337414/3374141004/3374141004004,2024-02-15 18:30:25,PASLON 02
JAWA TENGAH,KOTA SEMARANG,MIJEN,POLAMAN,3374141004005,11,95,69,175,3374141004005,KOTA SEMARANG,POLAMAN,TPS 005,205,175,11,95,69,0.0629,0.5429,0.3943,0.8537,4,179,False,https://pemilu2024.kpu.go.id/pilpres/hitung-suara/33/3374/337414/3374141004/3374141004005,2024-02-21 20:00:00,PASLON 02
JAWA TENGAH,KOTA SEMARANG,MIJEN,POLAMAN,3374141004006,15,106,49,170,3374141004006,KOTA SEMARANG,POLAMAN,TPS 006,205,170,15,106,49,0.0882,0.6235,0.2882,0.8293,0,170,True,https://pemilu2024.kpu.go.id/pilpres/hitung-suara/33/3374/337414/3374141004/3374141004006,2024-02-24 22:31:28,PASLON 02
JAWA TENGAH,KOTA SEMARANG,MIJEN,PURWOSARI,3374141005002,9,142,74,225,3374141005002,KOTA SEMARANG,PURWOSARI,TPS 002,272,225,9,142,74,0.04,0.6311,0.3289,0.8272,0,225,True,https://pemilu2024.kpu.go.id/pilpres/hitung-suara/33/3374/337414/3374141005/3374141005002,2024-02-22 15:00:00,PASLON 02
JAWA TENGAH,KOTA SEMARANG,MIJEN,PURWOSARI,3374141005003,27,132,73,232,3374141005003,KOTA SEMARANG,PURWOSARI,TPS 003,266,232,27,132,73,0.1164,0.569,0.3147,0.8722,7,239,False,https://pemilu2024.kpu.go.id/pilpres/hitung-suara/33/3374/337414/3374141005/3374141005003,2024-02-15 00:41:44,PASLON 02
JAWA TENGAH,KOTA SEMARANG,MIJEN,PURWOSARI,3374141005004,12,148,89,249,3374141005004,KOTA SEMARANG,PURWOSARI,TPS 004,255,249,12,148,89,0.0482,0.5944,0.3574,0.9765,6,255,False,https://pemilu2024.kpu.go.id/pilpres/hitung-suara/33/3374/337414/3374141005/3374141005004,2024-02-14 21:46:01,PASLON 02
JAWA TENGAH,KOTA SEMARANG,MIJEN,PURWOSARI,3374141005005,8,91,92,191,3374141005005,KOTA SEMARANG,PURWOSARI,TPS 005,272,191,8,91,92,0.0419,0.4764,0.4817,0.7022,0,191,True,https://pemilu2024.kpu.go.id/pilpres/hitung-suara/33/3374/337414/3374141005/3374141005005,2024-02-24 22:31:28,PASLON 03
JAWA TENGAH,KOTA SEMARANG,MIJEN,PURWOSARI,3374141005006,5,104,92,201,3374141005006,KOTA SEMARANG,PURWOSARI,TPS 006,231,201,5,104,92,0.0249,0.5174,0.4577,0.8701,1,202,False,https://pemilu2024.kpu.go.id/pilpres/hitung-suara/33/3374/337414/3374141005/3374141005006,2024-02-15 18:30:25,PASLON 02
JAWA TENGAH,KOTA SEMARANG,MIJEN,PURWOSARI,3374141005007,18,146,86,250,3374141005007,KOTA SEMARANG,PURWOSARI,TPS 007,292,250,18,146,86,0.072,0.584,0.344,0.8562,5,255,False,https://pemilu2024.kpu.go.id/pilpres/hitung-suara/33/3374/337414/3374141005/3374141005007,2024-02-21 19:00:00,PASLON 02
JAWA TENGAH,KOTA SEMARANG,MIJEN,PURWOSARI,3374141005009,16,152,47,215,3374141005009,KOTA SEMARANG,PURWOSARI,TPS 009,277,215,16,152,47,0.0744,0.707,0.2186,0.7762,13,228,False,https://pemilu2024.kpu.go.id/pilpres/hitung-suara/33/3374/337414/3374141005/3374141005009,2024-02-21 18:00:00,PASLON 02
JAWA TENGAH,KOTA SEMARANG,MIJEN,PURWOSARI,3374141005010,17,133,71,221,3374141005010,KOTA SEMARANG,PURWOSARI,TPS 010,267,221,17,133,71,0.0769,0.6018,0.3213,0.8277,15,236,False,https://pemilu2024.kpu.go.id/pilpres/hitung-suara/33/3374/337414/3374141005/3374141005010,2024-02-14 21:46:01,PASLON 02
JAWA TENGAH,KOTA SEMARANG,MIJEN,PURWOSARI,3374141005011,25,115,82,222,3374141005011,KOTA SEMARANG,PURWOSARI,TPS 011,272,222,25,115,82,0.1126,0.518,0.3694,0.8162,0,222,True,https://pemilu2024.kpu.go.id/pilpres/hitung-suara/33/3374/337414/3374141005/3374141005011,2024-02-22 15:00:00,PASLON 02
JAWA TENGAH,KOTA SEMARANG,MIJEN,PURWOSARI,3374141005012,18,76,44,138,3374141005012,KOTA SEMARANG,PURWOSARI,TPS 012,272,138,18,76,44,0.1304,0.5507,0.3188,0.5074,0,138,True,https://pemilu2024.kpu.go.id/pilpres/hitung-suara/33/3374/337414/3374141005/3374141005012,2024-02-16 10:00:28,PASLON 02
JAWA TENGAH,KOTA SEMARANG,MIJEN,PURWOSARI,3374141005013,23,94,49,166,3374141005013,KOTA SEMARANG,PURWOSARI,TPS 013,208,166,23,94,49,0.1386,0.5663,0.2952,0.7981,8,174,False,https://pemilu2024.kpu.go.id/pilpres/hitung-suara/33/3374/337414/3374141005/3374141005013,2024-02-19 11:00:00,PASLON 02
JAWA TENGAH,KOTA SEMARANG,MIJEN,PURWOSARI,3374141005014,26,91,101,218,3374141005014,KOTA SEMARANG,PURWOSARI,TPS 014,272,218,26,91,101,0.1193,0.4174,0.4633,0.8015,14,232,False,https://pemilu2024.kpu.go.id/pilpres/hitung-suara/33/3374/337414/3374141005/3374141005014,2024-02-15 18:30:25,PASLON 03
JAWA TENGAH,KOTA SEMARANG,MIJEN,PURWOSARI,3374141005015,22,113,69,204,3374141005015,KOTA SEMARANG,PURWOSARI,TPS 015,232,204,22,113,69,0.1078,0.5539,0.3382,0.8793,7,211,False,https://pemilu2024.kpu.go.id/pilpres/hitung-suara/33/3374/337414/3374141005/3374141005015,2024-02-21 17:00:00,PASLON 02
JAWA TENGAH,KOTA SEMARANG,MIJEN,TAMBANGAN,3374141006001,12,121,70,203,3374141006001,KOTA SEMARANG,TAMBANGAN,TPS 001,250,203,12,121,70,0.0591,0.5961,0.3448,0.812,2,205,False,https://pemilu2024.kpu.go.id/pilpres/hitung-suara/33/3374/337414/3374141006/3374141006001,2024-02-21 18:00:00,PASLON 02
JAWA TENGAH,KOTA SEMARANG,MIJEN,TAMBANGAN,3374141006002,17,109,89,215,3374141006002,KOTA SEMARANG,TAMBANGAN,TPS 002,267,215,17,109,89,0.0791,0.507,0.414,0.8052,12,227,False,https://pemilu2024.kpu.go.id/pilpres/hitung-suara/33/3374/337414/3374141006/3374141006002,2024-02-21 23:00:00,PASLON 02
JAWA TENGAH,KOTA SEMARANG,MIJEN,TAMBANGAN,3374141006003,24,93,103,220,3374141006003,KOTA SEMARANG,TAMBANGAN,TPS 003,253,220,24,93,103,0.1091,0.4227,0.4682,0.8696,8,228,False,https://pemilu2024.kpu.go.id/pilpres/hitung-suara/33/3374/337414/3374141006/3374141006003,2024-02-21 12:00:00,PASLON 03
JAWA TENGAH,KOTA SEMARANG,MIJEN,TAMBANGAN,3374141006004,17,114,96,227,3374141006004,KOTA SEMARANG,TAMBANGAN,TPS 004,270,227,17,114,96,0.0749,0.5022,0.4229,0.8407,3,230,False,https://pemilu2024.kpu.go.id/pilpres/hitung-suara/33/3374/337414/3374141006/3374141006004,2024-02-21 12:00:00,PASLON 02
JAWA TENGAH,KOTA SEMARANG,MIJEN,TAMBANGAN,3374141006005,31,144,75,250,3374141006005,KOTA SEMARANG,TAMBANGAN,TPS 005,295,250,31,144,75,0.124,0.576,0.3,0.8475,6,256,False,https://pemilu2024.kpu.go.id/pilpres/hitung-suara/33/3374/337414/3374141006/3374141006005,2024-02-15 00:41:44,PASLON 02
JAWA TENGAH,KOTA SEMARANG,MIJEN,TAMBANGAN,3374141006006,26,162,62,250,3374141006006,KOTA SEMARANG,TAMBANGAN,TPS 006,288,250,26,162,62,0.104,0.648,0.248,0.8681,6,256,False,https://pemilu2024.kpu.go.id/pilpres/hitung-suara/33/3374/337414/3374141006/3374141006006,2024-02-14 21:46:01,PASLON 02
JAWA TENGAH,KOTA SEMARANG,MIJEN,TAMBANGAN,3374141006007,36,115,74,225,3374141006007,KOTA SEMARANG,TAMBANGAN,TPS 007,278,225,36,115,74,0.16,0.5111,0.3289,0.8094,4,229,False,https://pemilu2024.kpu.go.id/pilpres/hitung-suara/33/3374/337414/3374141006/3374141006007,2024-02-21 12:00:00,PASLON 02
JAWA TENGAH,KOTA SEMARANG,MIJEN,TAMBANGAN,3374141006008,14,157,86,257,3374141006008,KOTA SEMARANG,TAMBANGAN,TPS 008,292,257,14,157,86,0.0545,0.6109,0.3346,0.8801,3,260,False,https://pemilu2024.kpu.go.id/pilpres/hitung-suara/33/3374/337414/3374141006/3374141006008,2024-02-21 17:00:00,PASLON 02
JAWA TENGAH,KOTA SEMARANG,MIJEN,TAMBANGAN,3374141006009,18,143,89,250,3374141006009,KOTA SEMARANG,TAMBANGAN,TPS 009,297,250,18,143,89,0.072,0.572,0.356,0.8418,5,255,False,https://pemilu2024.kpu.go.id/pilpres/hitung-suara/33/3374/337414/3374141006/3374141006009,2024-02-16 10:00:28,PASLON 02
JAWA TENGAH,KOTA SEMARANG,MIJEN,TAMBANGAN,3374141006010,18,186,73,277,3374141006010,KOTA SEMARANG,TAMBANGAN,TPS 010,297,277,18,186,73,0.065,0.6715,0.2635,0.9327,3,280,False,https://pemilu2024.kpu.go.id/pilpres/hitung-suara/33/3374/337414/3374141006/3374141006010,2024-02-14 21:46:01,PASLON 02
JAWA TENGAH,KOTA SEMARANG,MIJEN,TAMBANGAN,3374141006011,24,131,80,235,3374141006011,KOTA SEMARANG,TAMBANGAN,TPS 011,292,235,24,131,80,0.1021,0.5574,0.3404,0.8048,5,240,False,https://pemilu2024.kpu.go.id/pilpres/hitung-suara/33/3374/337414/3374141006/3374141006011,2024-02-21 17:00:00,PASLON 02
JAWA TENGAH,KOTA SEMARANG,MIJEN,TAMBANGAN,3374141006012,38,132,60,230,3374141006012,KOTA SEMARANG,TAMBANGAN,TPS 012,286,230,38,132,60,0.1652,0.5739,0.2609,0.8042,6,236,False,https://pemilu2024.kpu.go.id/pilpres/hitung-suara/33/3374/337414/3374141006/3374141006012,2024-02-21 14:00:00,PASLON 02
JAWA TENGAH,KOTA SEMARANG,MIJEN,TAMBANGAN,3374141006013,31,142,67,240,3374141006013,KOTA SEMARANG,TAMBANGAN,TPS 013,247,240,31,142,67,0.1292,0.5917,0.2792,0.9717,0,240,False,https://pemilu2024.kpu.go.id/pilpres/hitung-suara/33/3374/337414/3374141006/3374141006013,2024-02-21 21:00:04,PASLON 02
JAWA TENGAH,KOTA SEMARANG,MIJEN,TAMBANGAN,3374141006014,29,115,80,224,3374141006014,KOTA SEMARANG,TAMBANGAN,TPS 014,288,224,29,115,80,0.1295,0.5134,0.3571,0.7778,5,229,False,https://pemilu2024.kpu.go.id/pilpres/hitung-suara/33/3374/337414/3374141006/3374141006014,2024-02-21 15:00:00,PASLON 02
JAWA TENGAH,KOTA SEMARANG,MIJEN,WONOLOPO,3374141007002,30,162,67,259,3374141007002,KOTA SEMARANG,WONOLOPO,TPS 002,293,259,30,162,67,0.1158,0.6255,0.2587,0.884,3,264,False,https://pemilu2024.kpu.go.id/pilpres/hitung-suara/33/3374/337414/3374141007/3374141007002,2024-02-17 09:00:02,PASLON 02
JAWA TENGAH,KOTA SEMARANG,MIJEN,WONOLOPO,3374141007003,25,152,74,251,3374141007003,KOTA SEMARANG,WONOLOPO,TPS 003,293,251,25,152,74,0.0996,0.6056,0.2948,0.8567,6,257,False,https://pemilu2024.kpu.go.id/pilpres/hitung-suara/33/3374/337414/3374141007/3374141007003,2024-02-21 15:00:00,PASLON 02
JAWA TENGAH,KOTA SEMARANG,MIJEN,WONOLOPO,3374141007004,12,91,97,200,3374141007004,KOTA SEMARANG,WONOLOPO,TPS 004,273,200,12,91,97,0.06,0.455,0.485,0.7326,0,200,False,https://pemilu2024.kpu.go.id/pilpres/hitung-suara/33/3374/337414/3374141007/3374141007004,2024-02-21 21:00:04,PASLON 03
JAWA TENGAH,KOTA SEMARANG,MIJEN,WONOLOPO,3374141007005,28,125,99,252,3374141007005,KOTA SEMARANG,WONOLOPO,TPS 005,260,252,28,125,99,0.1111,0.496,0.3929,0.9692,9,261,False,https://pemilu2024.kpu.go.id/pilpres/hitung-suara/33/3374/337414/3374141007/3374141007005,2024-02-24 22:31:28,PASLON 02
JAWA TENGAH,KOTA SEMARANG,MIJEN,WONOLOPO,3374141007006,57,115,85,257,3374141007006,KOTA SEMARANG,WONOLOPO,TPS 006,293,257,57,115,85,0.2218,0.4475,0.3307,0.8771,6,263,False,https://pemilu2024.kpu.go.id/pilpres/hitung-suara/33/3374/337414/3374141007/3374141007006,2024-02-21 20:00:00,PASLON 02
JAWA TENGAH,KOTA SEMARANG,MIJEN,WONOLOPO,3374141007007,22,137,103,262,3374141007007,KOTA SEMARANG,WONOLOPO,TPS 007,291,262,22,137,103,0.084,0.5229,0.3931,0.9003,4,266,False,https://pemilu2024.kpu.go.id/pilpres/hitung-suara/33/3374/337414/3374141007/3374141007007,2024-02-21 14:00:00,PASLON 02
JAWA TENGAH,KOTA SEMARANG,MIJEN,WONOLOPO,3374141007008,11,129,86,226,3374141007008,KOTA SEMARANG,WONOLOPO,TPS 008,295,226,11,129,86,0.0487,0.5708,0.3805,0.7661,8,234,False,https://pemilu2024.kpu.go.id/pilpres/hitung-suara/33/3374/337414/3374141007/3374141007008,2024-02-14 21:46:01,PASLON 02
JAWA TENGAH,KOTA SEMARANG,MIJEN,WONOLOPO,3374141007009,29,171,54,254,3374141007009,KOTA SEMARANG,WONOLOPO,TPS 009,298,254,29,171,54,0.1142,0.6732,0.2126,0.8523,10,264,False,https://pemilu2024.kpu.go.id/pilpres/hitung-suara/33/3374/337414/3374141007/3374141007009,2024-02-21 17:00:00,PASLON 02
JAWA TENGAH,KOTA SEMARANG,MIJEN,WONOLOPO,3374141007010,60,82,81,223,3374141007010,KOTA SEMARANG,WONOLOPO,TPS 010,294,223,60,82,81,0.2691,0.3677,0.3632,0.7585,5,228,False,https://pemilu2024.kpu.go.id/pilpres/hitung-suara/33/3374/337414/3374141007/3374141007010,2024-02-15 23:29:50,PASLON 02
JAWA TENGAH,KOTA SEMARANG,MIJEN,WONOLOPO,3374141007011,28,118,112,258,3374141007011,KOTA SEMARANG,WONOLOPO,TPS 011,285,258,28,118,112,0.1085,0.4574,0.4341,0.9053,0,258,True,https://pemilu2024.kpu.go.id/pilpres/hitung-suara/33/3374/337414/3374141007/3374141007011,2024-02-22 15:00:00,PASLON 02
JAWA TENGAH,KOTA SEMARANG,MIJEN,WONOLOPO,3374141007012,74,85,53,212,3374141007012,KOTA SEMARANG,WONOLOPO,TPS 012,273,212,74,85,53,0.3491,0.4009,0.25,0.7766,7,219,False,https://pemilu2024.kpu.go.id/pilpres/hitung-suara/33/3374/337414/3374141007/3374141007012,2024-02-21 15:00:00,PASLON 02
JAWA TENGAH,KOTA SEMARANG,MIJEN,WONOLOPO,3374141007013,27,166,59,252,3374141007013,KOTA SEMARANG,WONOLOPO,TPS 013,298,252,27,166,59,0.1071,0.6587,0.2341,0.8456,2,254,False,https://pemilu2024.kpu.go.id/pilpres/hitung-suara/33/3374/337414/3374141007/3374141007013,2024-02-21 13:00:00,PASLON 02
JAWA TENGAH,KOTA SEMARANG,MIJEN,WONOLOPO,3374141007014,26,151,72,249,3374141007014,KOTA SEMARANG,WONOLOPO,TPS 014,285,249,26,151,72,0.1044,0.6064,0.2892,0.8737,3,252,False,https://pemilu2024.kpu.go.id/pilpres/hitung-suara/33/3374/337414/3374141007/3374141007014,2024-02-24 22:31:28,PASLON 02
JAWA TENGAH,KOTA SEMARANG,MIJEN,WONOLOPO,3374141007015,45,133,65,243,3374141007015,KOTA SEMARANG,WONOLOPO,TPS 015,283,243,45,133,65,0.1852,0.5473,0.2675,0.8587,2,245,False,https://pemilu2024.kpu.go.id/pilpres/hitung-suara/33/3374/337414/3374141007/3374141007015,2024-02-21 16:00:00,PASLON 02
JAWA TENGAH,KOTA SEMARANG,MIJEN,WONOLOPO,3374141007016,43,101,72,216,3374141007016,KOTA SEMARANG,WONOLOPO,TPS 016,255,216,43,101,72,0.1991,0.4676,0.3333,0.8471,2,218,False,https://pemilu2024.kpu.go.id/pilpres/hitung-suara/33/3374/337414/3374141007/3374141007016,2024-02-19 06:16:00,PASLON 02
JAWA TENGAH,KOTA SEMARANG,MIJEN,WONOLOPO,3374141007017,33,88,79,200,3374141007017,KOTA SEMARANG,WONOLOPO,TPS 017,260,200,33,88,79,0.165,0.44,0.395,0.7692,5,205,False,https://pemilu2024.kpu.go.id/pilpres/hitung-suara/33/3374/337414/3374141007/3374141007017,2024-02-14 21:46:01,PASLON 02
JAWA TENGAH,KOTA SEMARANG,MIJEN,WONOLOPO,3374141007018,27,101,73,201,3374141007018,KOTA SEMARANG,WONOLOPO,TPS 018,251,201,27,101,73,0.1343,0.5025,0.3632,0.8008,11,212,False,https://pemilu2024.kpu.go.id/pilpres/hitung-suara/33/3374/337414/3374141007/3374141007018,2024-02-17 09:00:02,PASLON 02
JAWA TENGAH,KOTA SEMARANG,MIJEN,WONOLOPO,3374141007019,33,128,73,234,3374141007019,KOTA SEMARANG,WONOLOPO,TPS 019,285,234,33,128,73,0.141,0.547,0.312,0.8211,0,234,True,https://pemilu2024.kpu.go.id/pilpres/hitung-suara/33/3374/337414/3374141007/3374141007019,2024-02-24 22:31:28,PASLON 02
JAWA TENGAH,KOTA SEMARANG,MIJEN,WONOLOPO,3374141007020,17,110,42,169,3374141007020,KOTA SEMARANG,WONOLOPO,TPS 020,285,169,17,110,42,0.1006,0.6509,0.2485,0.593,0,169,True,https://pemilu2024.kpu.go.id/pilpres/hitung-suara/33/3374/337414/3374141007/3374141007020,2024-02-24 22:31:28,PASLON 02
JAWA TENGAH,KOTA SEMARANG,MIJEN,WONOLOPO,3374141007021,11,103,59,173,3374141007021,KOTA SEMARANG,WONOLOPO,TPS 021,238,173,11,103,59,0.0636,0.5954,0.341,0.7269,5,178,False,https://pemilu2024.kpu.go.id/pilpres/hitung-suara/33/3374/337414/3374141007/3374141007021,2024-02-21 15:00:00,PASLON 02
JAWA TENGAH,KOTA SEMARANG,MIJEN,WONOLOPO,3374141007022,17,103,52,172,3374141007022,KOTA SEMARANG,WONOLOPO,TPS 022,216,172,17,103,52,0.0988,0.5988,0.3023,0.7963,5,177,False,https://pemilu2024.kpu.go.id/pilpres/hitung-suara/33/3374/337414/3374141007/3374141007022,2024-02-22 00:00:00,PASLON 02
JAWA TENGAH,KOTA SEMARANG,MIJEN,WONOLOPO,3374141007024,44,141,60,245,3374141007024,KOTA SEMARANG,WONOLOPO,TPS 024,299,245,44,141,60,0.1796,0.5755,0.2449,0.8194,1,246,False,https://pemilu2024.kpu.go.id/pilpres/hitung-suara/33/3374/337414/3374141007/3374141007024,2024-02-21 00:00:00,PASLON 02
JAWA TENGAH,KOTA SEMARANG,MIJEN,WONOLOPO,3374141007025,53,125,60,238,3374141007025,KOTA SEMARANG,WONOLOPO,TPS 025,285,238,53,125,60,0.2227,0.5252,0.2521,0.8351,0,238,True,https://pemilu2024.kpu.go.id/pilpres/hitung-suara/33/3374/337414/3374141007/3374141007025,2024-02-24 22:31:28,PASLON 02
JAWA TENGAH,KOTA SEMARANG,MIJEN,WONOLOPO,3374141007026,35,143,58,236,3374141007026,KOTA SEMARANG,WONOLOPO,TPS 026,275,236,35,143,58,0.1483,0.6059,0.2458,0.8582,6,242,False,https://pemilu2024.kpu.go.id/pilpres/hitung-suara/33/3374/337414/3374141007/3374141007026,2024-02-21 00:00:00,PASLON 02
JAWA TENGAH,KOTA SEMARANG,MIJEN,WONOLOPO,3374141007027,33,151,43,227,3374141007027,KOTA SEMARANG,WONOLOPO,TPS 027,298,227,33,151,43,0.1454,0.6652,0.1894,0.7617,7,234,False,https://pemilu2024.kpu.go.id/pilpres/hitung-suara/33/3374/337414/3374141007/3374141007027,2024-02-21 15:00:00,PASLON 02
JAWA TENGAH,KOTA SEMARANG,MIJEN,WONOPLUMBON,3374141012001,11,147,86,244,3374141012001,KOTA SEMARANG,WONOPLUMBON,TPS 001,286,244,11,147,86,0.0451,0.6025,0.3525,0.8531,12,256,False,https://pemilu2024.kpu.go.id/pilpres/hitung-suara/33/3374/337414/3374141012/3374141012001,2024-02-14 21:46:01,PASLON 02
JAWA TENGAH,KOTA SEMARANG,MIJEN,WONOPLUMBON,3374141012002,19,166,65,250,3374141012002,KOTA SEMARANG,WONOPLUMBON,TPS 002,254,250,19,166,65,0.076,0.664,0.26,0.9843,5,255,False,https://pemilu2024.kpu.go.id/pilpres/hitung-suara/33/3374/337414/3374141012/3374141012002,2024-02-24 22:31:28,PASLON 02
JAWA TENGAH,KOTA SEMARANG,MIJEN,WONOPLUMBON,3374141012003,15,162,92,269,3374141012003,KOTA SEMARANG,WONOPLUMBON,TPS 003,285,269,15,162,92,0.0558,0.6022,0.342,0.9439,0,269,True,https://pemilu2024.kpu.go.id/pilpres/hitung-suara/33/3374/337414/3374141012/3374141012003,2024-02-24 22:31:28,PASLON 02
JAWA TENGAH,KOTA SEMARANG,MIJEN,WONOPLUMBON,3374141012004,23,146,77,246,3374141012004,KOTA SEMARANG,WONOPLUMBON,TPS 004,299,246,23,146,77,0.0935,0.5935,0.313,0.8227,10,256,False,https://pemilu2024.kpu.go.id/pilpres/hitung-suara/33/3374/337414/3374141012/3374141012004,2024-02-14 21:46:01,PASLON 02
JAWA TENGAH,KOTA SEMARANG,MIJEN,WONOPLUMBON,3374141012005,28,128,94,250,3374141012005,KOTA SEMARANG,WONOPLUMBON,TPS 005,294,250,28,128,94,0.112,0.512,0.376,0.8503,6,256,False,https://pemilu2024.kpu.go.id/pilpres/hitung-suara/33/3374/337414/3374141012/3374141012005,2024-02-19 06:16:00,PASLON 02
JAWA TENGAH,KOTA SEMARANG,MIJEN,WONOPLUMBON,3374141012006,27,167,67,261,3374141012006,KOTA SEMARANG,WONOPLUMBON,TPS 006,285,261,27,167,67,0.1034,0.6398,0.2567,0.9158,7,268,False,https://pemilu2024.kpu.go.id/pilpres/hitung-suara/33/3374/337414/3374141012/3374141012006,2024-02-19 06:16:00,PASLON 02
JAWA TENGAH,KOTA SEMARANG,MIJEN,WONOPLUMBON,3374141012008,31,126,89,246,3374141012008,KOTA SEMARANG,WONOPLUMBON,TPS 008,286,246,31,126,89,0.126,0.5122,0.3618,0.8601,7,253,False,https://pemilu2024.kpu.go.id/pilpres/hitung-suara/33/3374/337414/3374141012/3374141012008,2024-02-19 06:16:00,PASLON 02
JAWA TENGAH,KOTA SEMARANG,MIJEN,WONOPLUMBON,3374141012009,7,133,77,217,3374141012009,KOTA SEMARANG,WONOPLUMBON,TPS 009,251,217,7,133,77,0.0323,0.6129,0.3548,0.8645,11,228,False,https://pemilu2024.kpu.go.id/pilpres/hitung-suara/33/3374/337414/3374141012/3374141012009,2024-02-15 18:30:25,PASLON 02
JAWA TENGAH,KOTA SEMARANG,MIJEN,WONOPLUMBON,3374141012010,6,134,84,224,3374141012010,KOTA SEMARANG,WONOPLUMBON,TPS 010,263,224,6,134,84,0.0268,0.5982,0.375,0.8517,10,234,False,https://pemilu2024.kpu.go.id/pilpres/hitung-suara/33/3374/337414/3374141012/3374141012010,2024-02-24 22:31:28,PASLON 02
JAWA TENGAH,KOTA SEMARANG,MIJEN,WONOPLUMBON,3374141012011,12,120,95,227,3374141012011,KOTA SEMARANG,WONOPLUMBON,TPS 011,235,227,12,120,95,0.0529,0.5286,0.4185,0.966,9,236,False,https://pemilu2024.kpu.go.id/pilpres/hitung-suara/33/3374/337414/3374141012/3374141012011,2024-02-16 10:00:28,PASLON 02
JAWA TENGAH,KOTA SEMARANG,NGALIYAN,BAMBANKEREP,3374151006001,10,117,88,215,3374151006001,KOTA SEMARANG,BAMBANKEREP,TPS 001,257,215,10,117,88,0.0465,0.5442,0.4093,0.8366,8,223,False,https://pemilu2024.kpu.go.id/pilpres/hitung-suara/33/3374/337415/3374151006/3374151006001,2024-02-14 21:46:01,PASLON 02
JAWA TENGAH,KOTA SEMARANG,NGALIYAN,BAMBANKEREP,3374151006002,21,134,64,219,3374151006002,KOTA SEMARANG,BAMBANKEREP,TPS 002,255,219,21,134,64,0.0959,0.6119,0.2922,0.8588,18,237,False,https://pemilu2024.kpu.go.id/pilpres/hitung-suara/33/3374/337415/3374151006/3374151006002,2024-02-14 21:46:01,PASLON 02
JAWA TENGAH,KOTA SEMARANG,NGALIYAN,BAMBANKEREP,3374151006003,11,110,76,197,3374151006003,KOTA SEMARANG,BAMBANKEREP,TPS 003,246,197,11,110,76,0.0558,0.5584,0.3858,0.8008,11,208,False,https://pemilu2024.kpu.go.id/pilpres/hitung-suara/33/3374/337415/3374151006/3374151006003,2024-02-19 06:16:00,PASLON 02
JAWA TENGAH,KOTA SEMARANG,NGALIYAN,BAMBANKEREP,3374151006004,24,97,42,163,3374151006004,KOTA SEMARANG,BAMBANKEREP,TPS 004,185,163,24,97,42,0.1472,0.5951,0.2577,0.8811,10,173,False,https://pemilu2024.kpu.go.id/pilpres/hitung-suara/33/3374/337415/3374151006/3374151006004,2024-02-14 21:46:01,PASLON 02
JAWA TENGAH,KOTA SEMARANG,NGALIYAN,BAMBANKEREP,3374151006005,20,125,76,221,3374151006005,KOTA SEMARANG,BAMBANKEREP,TPS 005,264,221,20,125,76,0.0905,0.5656,0.3439,0.8371,9,230,False,https://pemilu2024.kpu.go.id/pilpres/hitung-suara/33/3374/337415/3374151006/3374151006005,2024-02-16 10:00:28,PASLON 02
JAWA TENGAH,KOTA SEMARANG,NGALIYAN,BAMBANKEREP,3374151006006,25,134,88,247,3374151006006,KOTA SEMARANG,BAMBANKEREP,TPS 006,289,247,25,134,88,0.1012,0.5425,0.3563,0.8547,6,253,False,https://pemilu2024.kpu.go.id/pilpres/hitung-suara/33/3374/337415/3374151006/3374151006006,2024-02-19 06:16:00,PASLON 02
JAWA TENGAH,KOTA SEMARANG,NGALIYAN,BAMBANKEREP,3374151006007,22,149,77,248,3374151006007,KOTA SEMARANG,BAMBANKEREP,TPS 007,264,248,22,149,77,0.0887,0.6008,0.3105,0.9394,0,248,True,https://pemilu2024.kpu.go.id/pilpres/hitung-suara/33/3374/337415/3374151006/3374151006007,2024-02-15 00:41:44,PASLON 02
JAWA TENGAH,KOTA SEMARANG,NGALIYAN,BAMBANKEREP,3374151006008,9,126,108,243,3374151006008,KOTA SEMARANG,BAMBANKEREP,TPS 008,288,243,9,126,108,0.037,0.5185,0.4444,0.8438,10,253,False,https://pemilu2024.kpu.go.id/pilpres/hitung-suara/33/3374/337415/3374151006/3374151006008,2024-02-19 06:16:00,PASLON 02
JAWA TENGAH,KOTA SEMARANG,NGALIYAN,BAMBANKEREP,3374151006009,13,127,67,207,3374151006009,KOTA SEMARANG,BAMBANKEREP,TPS 009,245,207,13,127,67,0.0628,0.6135,0.3237,0.8449,3,210,False,https://pemilu2024.kpu.go.id/pilpres/hitung-suara/33/3374/337415/3374151006/3374151006009,2024-02-16 09:30:28,PASLON 02
JAWA TENGAH,KOTA SEMARANG,NGALIYAN,BAMBANKEREP,3374151006010,20,118,103,241,3374151006010,KOTA SEMARANG,BAMBANKEREP,TPS 010,288,241,20,118,103,0.083,0.4896,0.4274,0.8368,4,245,False,https://pemilu2024.kpu.go.id/pilpres/hitung-suara/33/3374/337415/3374151006/3374151006010,2024-02-19 06:16:00,PASLON 02
JAWA TENGAH,KOTA SEMARANG,NGALIYAN,BAMBANKEREP,3374151006011,17,66,92,175,3374151006011,KOTA SEMARANG,BAMBANKEREP,TPS 011,222,175,17,66,92,0.0971,0.3771,0.5257,0.7883,5,180,False,https://pemilu2024.kpu.go.id/pilpres/hitung-suara/33/3374/337415/3374151006/3374151006011,2024-02-15 00:41:44,PASLON 03
JAWA TENGAH,KOTA SEMARANG,NGALIYAN,BAMBANKEREP,3374151006012,17,116,72,205,3374151006012,KOTA SEMARANG,BAMBANKEREP,TPS 012,260,205,17,116,72,0.0829,0.5659,0.3512,0.7885,4,209,False,https://pemilu2024.kpu.go.id/pilpres/hitung-suara/33/3374/337415/3374151006/3374151006012,2024-02-15 18:00:26,PASLON 02
JAWA TENGAH,KOTA SEMARANG,NGALIYAN,BAMBANKEREP,3374151006013,41,120,74,235,3374151006013,KOTA SEMARANG,BAMBANKEREP,TPS 013,287,235,41,120,74,0.1745,0.5106,0.3149,0.8188,7,242,False,https://pemilu2024.kpu.go.id/pilpres/hitung-suara/33/3374/337415/3374151006/3374151006013,2024-02-15 20:00:44,PASLON 02
JAWA TENGAH,KOTA SEMARANG,NGALIYAN,BAMBANKEREP,3374151006014,15,125,96,236,3374151006014,KOTA SEMARANG,BAMBANKEREP,TPS 014,289,236,15,125,96,0.0636,0.5297,0.4068,0.8166,8,244,False,https://pemilu2024.kpu.go.id/pilpres/hitung-suara/33/3374/337415/3374151006/3374151006014,2024-02-19 06:16:00,PASLON 02
JAWA TENGAH,KOTA SEMARANG,NGALIYAN,BAMBANKEREP,3374151006016,26,140,30,196,3374151006016,KOTA SEMARANG,BAMBANKEREP,TPS 016,296,196,26,140,30,0.1327,0.7143,0.1531,0.6622,5,261,False,https://pemilu2024.kpu.go.id/pilpres/hitung-suara/33/3374/337415/3374151006/3374151006016,2024-02-24 22:31:28,PASLON 02
JAWA TENGAH,KOTA SEMARANG,NGALIYAN,BAMBANKEREP,3374151006017,36,124,92,252,3374151006017,KOTA SEMARANG,BAMBANKEREP,TPS 017,299,252,36,124,92,0.1429,0.4921,0.3651,0.8428,8,260,False,https://pemilu2024.kpu.go.id/pilpres/hitung-suara/33/3374/337415/3374151006/3374151006017,2024-02-16 00:00:26,PASLON 02
JAWA TENGAH,KOTA SEMARANG,NGALIYAN,BRINGIN,3374151003001,60,124,87,271,3374151003001,KOTA SEMARANG,BRINGIN,TPS 001,289,271,60,124,87,0.2214,0.4576,0.321,0.9377,4,275,False,https://pemilu2024.kpu.go.id/pilpres/hitung-suara/33/3374/337415/3374151003/3374151003001,2024-02-14 21:46:01,PASLON 02
JAWA TENGAH,KOTA SEMARANG,NGALIYAN,BRINGIN,3374151003002,63,140,52,255,3374151003002,KOTA SEMARANG,BRINGIN,TPS 002,292,255,63,140,52,0.2471,0.549,0.2039,0.8733,5,260,False,https://pemilu2024.kpu.go.id/pilpres/hitung-suara/33/3374/337415/3374151003/3374151003002,2024-02-24 22:31:28,PASLON 02
JAWA TENGAH,KOTA SEMARANG,NGALIYAN,BRINGIN,3374151003003,63,93,72,228,3374151003003,KOTA SEMARANG,BRINGIN,TPS 003,289,228,63,93,72,0.2763,0.4079,0.3158,0.7889,8,236,False,https://pemilu2024.kpu.go.id/pilpres/hitung-suara/33/3374/337415/3374151003/3374151003003,2024-02-24 22:31:28,PASLON 02
JAWA TENGAH,KOTA SEMARANG,NGALIYAN,BRINGIN,3374151003004,65,93,59,217,3374151003004,KOTA SEMARANG,BRINGIN,TPS 004,299,217,65,93,59,0.2995,0.4286,0.2719,0.7258,11,228,False,https://pemilu2024.kpu.go.id/pilpres/hitung-suara/33/3374/337415/3374151003/3374151003004,2024-02-17 18:00:00,PASLON 02
JAWA TENGAH,KOTA SEMARANG,NGALIYAN,BRINGIN,3374151003005,77,104,69,250,3374151003005,KOTA SEMARANG,BRINGIN,TPS 005,280,250,77,104,69,0.308,0.416,0.276,0.8929,3,253,False,https://pemilu2024.kpu.go.id/pilpres/hitung-suara/33/3374/337415/3374151003/3374151003005,2024-02-17 18:00:00,PASLON 02
JAWA TENGAH,KOTA SEMARANG,NGALIYAN,BRINGIN,3374151003006,52,132,70,254,3374151003006,KOTA SEMARANG,BRINGIN,TPS 006,294,254,52,132,70,0.2047,0.5197,0.2756,0.8639,4,258,False,https://pemilu2024.kpu.go.id/pilpres/hitung-suara/33/3374/337415/3374151003/3374151003006,2024-02-17 18:00:00,PASLON 02
JAWA TENGAH,KOTA SEMARANG,NGALIYAN,BRINGIN,3374151003007,46,137,68,251,3374151003007,KOTA SEMARANG,BRINGIN,TPS 007,293,251,46,137,68,0.1833,0.5458,0.2709,0.8567,11,262,False,https://pemilu2024.kpu.go.id/pilpres/hitung-suara/33/3374/337415/3374151003/3374151003007,2024-02-15 00:41:44,PASLON 02
JAWA TENGAH,KOTA SEMARANG,NGALIYAN,BRINGIN,3374151003008,62,100,65,227,3374151003008,KOTA SEMARANG,BRINGIN,TPS 008,282,227,62,100,65,0.2731,0.4405,0.2863,0.805,5,232,False,https://pemilu2024.kpu.go.id/pilpres/hitung-suara/33/3374/337415/3374151003/3374151003008,2024-02-16 16:25:10,PASLON 02
JAWA TENGAH,KOTA SEMARANG,NGALIYAN,BRINGIN,3374151003010,54,115,53,222,3374151003010,KOTA SEMARANG,BRINGIN,TPS 010,271,222,54,115,53,0.2432,0.518,0.2387,0.8192,6,228,False,https://pemilu2024.kpu.go.id/pilpres/hitung-suara/33/3374/337415/3374151003/3374151003010,2024-02-17 18:00:00,PASLON 02
JAWA TENGAH,KOTA SEMARANG,NGALIYAN,BRINGIN,3374151003011,56,86,50,192,3374151003011,KOTA SEMARANG,BRINGIN,TPS 011,224,192,56,86,50,0.2917,0.4479,0.2604,0.8571,8,200,False,https://pemilu2024.kpu.go.id/pilpres/hitung-suara/33/3374/337415/3374151003/3374151003011,2024-02-15 00:41:44,PASLON 02
JAWA TENGAH,KOTA SEMARANG,NGALIYAN,BRINGIN,3374151003012,53,120,81,254,3374151003012,KOTA SEMARANG,BRINGIN,TPS 012,290,254,53,120,81,0.2087,0.4724,0.3189,0.8759,4,258,False,https://pemilu2024.kpu.go.id/pilpres/hitung-suara/33/3374/337415/3374151003/3374151003012,2024-02-17 18:00:00,PASLON 02
JAWA TENGAH,KOTA SEMARANG,NGALIYAN,BRINGIN,3374151003013,27,109,57,193,3374151003013,KOTA SEMARANG,BRINGIN,TPS 013,240,193,27,109,57,0.1399,0.5648,0.2953,0.8042,8,201,False,https://pemilu2024.kpu.go.id/pilpres/hitung-suara/33/3374/337415/3374151003/3374151003013,2024-02-16 16:25:10,PASLON 02
JAWA TENGAH,KOTA SEMARANG,NGALIYAN,BRINGIN,3374151003014,39,139,81,259,3374151003014,KOTA SEMARANG,BRINGIN,TPS 014,296,259,39,139,81,0.1506,0.5367,0.3127,0.875,7,266,False,https://pemilu2024.kpu.go.id/pilpres/hitung-suara/33/3374/337415/3374151003/3374151003014,2024-02-15 18:00:26,PASLON 02
JAWA TENGAH,KOTA SEMARANG,NGALIYAN,BRINGIN,3374151003015,25,162,65,252,3374151003015,KOTA SEMARANG,BRINGIN,TPS 015,283,252,25,162,65,0.0992,0.6429,0.2579,0.8905,5,257,False,https://pemilu2024.kpu.go.id/pilpres/hitung-suara/33/3374/337415/3374151003/3374151003015,2024-02-21 17:00:00,PASLON 02
JAWA TENGAH,KOTA SEMARANG,NGALIYAN,BRINGIN,3374151003016,39,118,59,216,3374151003016,KOTA SEMARANG,BRINGIN,TPS 016,234,216,39,118,59,0.1806,0.5463,0.2731,0.9231,1,217,False,https://pemilu2024.kpu.go.id/pilpres/hitung-suara/33/3374/337415/3374151003/3374151003016,2024-02-16 16:25:10,PASLON 02
JAWA TENGAH,KOTA SEMARANG,NGALIYAN,BRINGIN,3374151003017,54,143,64,261,3374151003017,KOTA SEMARANG,BRINGIN,TPS 017,295,261,54,143,64,0.2069,0.5479,0.2452,0.8847,4,265,False,https://pemilu2024.kpu.go.id/pilpres/hitung-suara/33/3374/337415/3374151003/3374151003017,2024-02-24 22:31:28,PASLON 02
JAWA TENGAH,KOTA SEMARANG,NGALIYAN,BRINGIN,3374151003018,18,168,80,266,3374151003018,KOTA SEMARANG,BRINGIN,TPS 018,277,266,18,168,80,0.0677,0.6316,0.3008,0.9603,4,4,False,https://pemilu2024.kpu.go.id/pilpres/hitung-suara/33/3374/337415/3374151003/3374151003018,2024-02-16 16:25:10,PASLON 02
JAWA TENGAH,KOTA SEMARANG,NGALIYAN,BRINGIN,3374151003019,28,159,80,267,3374151003019,KOTA SEMARANG,BRINGIN,TPS 019,294,267,28,159,80,0.1049,0.5955,0.2996,0.9082,5,272,False,https://pemilu2024.kpu.go.id/pilpres/hitung-suara/33/3374/337415/3374151003/3374151003019,2024-02-16 16:25:10,PASLON 02
JAWA TENGAH,KOTA SEMARANG,NGALIYAN,BRINGIN,3374151003021,42,124,71,237,3374151003021,KOTA SEMARANG,BRINGIN,TPS 021,296,237,42,124,71,0.1772,0.5232,0.2996,0.8007,8,245,False,https://pemilu2024.kpu.go.id/pilpres/hitung-suara/33/3374/337415/3374151003/3374151003021,2024-02-16 16:25:10,PASLON 02
JAWA TENGAH,KOTA SEMARANG,NGALIYAN,BRINGIN,3374151003022,31,133,74,238,3374151003022,KOTA SEMARANG,BRINGIN,TPS 022,289,238,31,133,74,0.1303,0.5588,0.3109,0.8235,0,238,True,https://pemilu2024.kpu.go.id/pilpres/hitung-suara/33/3374/337415/3374151003/3374151003022,2024-02-24 22:31:28,PASLON 02
JAWA TENGAH,KOTA SEMARANG,NGALIYAN,BRINGIN,3374151003023,62,125,65,252,3374151003023,KOTA SEMARANG,BRINGIN,TPS 023,289,252,62,125,65,0.246,0.496,0.2579,0.872,7,259,False,https://pemilu2024.kpu.go.id/pilpres/hitung-suara/33/3374/337415/3374151003/3374151003023,2024-02-17 18:00:00,PASLON 02
JAWA TENGAH,KOTA SEMARANG,NGALIYAN,BRINGIN,3374151003024,66,111,63,240,3374151003024,KOTA SEMARANG,BRINGIN,TPS 024,242,240,66,111,63,0.275,0.4625,0.2625,0.9917,2,242,False,https://pemilu2024.kpu.go.id/pilpres/hitung-suara/33/3374/337415/3374151003/3374151003024,2024-02-17 18:00:00,PASLON 02
JAWA TENGAH,KOTA SEMARANG,NGALIYAN,BRINGIN,3374151003025,86,114,65,265,3374151003025,KOTA SEMARANG,BRINGIN,TPS 025,297,265,86,114,65,0.3245,0.4302,0.2453,0.8923,4,269,False,https://pemilu2024.kpu.go.id/pilpres/hitung-suara/33/3374/337415/3374151003/3374151003025,2024-02-17 18:00:00,PASLON 02
JAWA TENGAH,KOTA SEMARANG,NGALIYAN,BRINGIN,3374151003026,101,89,55,245,3374151003026,KOTA SEMARANG,BRINGIN,TPS 026,293,245,101,89,55,0.4122,0.3633,0.2245,0.8362,1,246,False,https://pemilu2024.kpu.go.id/pilpres/hitung-suara/33/3374/337415/3374151003/3374151003026,2024-02-16 16:25:10,PASLON 01
JAWA TENGAH,KOTA SEMARANG,NGALIYAN,BRINGIN,3374151003027,87,88,69,244,3374151003027,KOTA SEMARANG,BRINGIN,TPS 027,287,244,87,88,69,0.3566,0.3607,0.2828,0.8502,1,245,False,https://pemilu2024.kpu.go.id/pilpres/hitung-suara/33/3374/337415/3374151003/3374151003027,2024-02-16 16:25:10,PASLON 02
JAWA TENGAH,KOTA SEMARANG,NGALIYAN,BRINGIN,3374151003028,75,115,53,243,3374151003028,KOTA SEMARANG,BRINGIN,TPS 028,299,243,75,115,53,0.3086,0.4733,0.2181,0.8127,115,53,False,https://pemilu2024.kpu.go.id/pilpres/hitung-suara/33/3374/337415/3374151003/3374151003028,2024-02-19 11:00:00,PASLON 02
JAWA TENGAH,KOTA SEMARANG,NGALIYAN,BRINGIN,3374151003029,28,82,59,169,3374151003029,KOTA SEMARANG,BRINGIN,TPS 029,213,169,28,82,59,0.1657,0.4852,0.3491,0.7934,6,175,False,https://pemilu2024.kpu.go.id/pilpres/hitung-suara/33/3374/337415/3374151003/3374151003029,2024-02-21 18:00:00,PASLON 02
JAWA TENGAH,KOTA SEMARANG,NGALIYAN,BRINGIN,3374151003030,32,96,52,180,3374151003030,KOTA SEMARANG,BRINGIN,TPS 030,209,180,32,96,52,0.1778,0.5333,0.2889,0.8612,0,180,False,https://pemilu2024.kpu.go.id/pilpres/hitung-suara/33/3374/337415/3374151003/3374151003030,2024-02-16 01:00:27,PASLON 02
JAWA TENGAH,KOTA SEMARANG,NGALIYAN,BRINGIN,3374151003031,59,97,79,235,3374151003031,KOTA SEMARANG,BRINGIN,TPS 031,288,235,59,97,79,0.2511,0.4128,0.3362,0.816,1,236,False,https://pemilu2024.kpu.go.id/pilpres/hitung-suara/33/3374/337415/3374151003/3374151003031,2024-02-16 16:25:10,PASLON 02
JAWA TENGAH,KOTA SEMARANG,NGALIYAN,BRINGIN,3374151003032,76,92,62,230,3374151003032,KOTA SEMARANG,BRINGIN,TPS 032,291,230,76,92,62,0.3304,0.4,0.2696,0.7904,5,235,False,https://pemilu2024.kpu.go.id/pilpres/hitung-suara/33/3374/337415/3374151003/3374151003032,2024-02-16 16:25:10,PASLON 02
JAWA TENGAH,KOTA SEMARANG,NGALIYAN,BRINGIN,3374151003033,58,93,73,224,3374151003033,KOTA SEMARANG,BRINGIN,TPS 033,277,224,58,93,73,0.2589,0.4152,0.3259,0.8087,2,226,False,https://pemilu2024.kpu.go.id/pilpres/hitung-suara/33/3374/337415/3374151003/3374151003033,2024-02-15 15:00:29,PASLON 02
JAWA TENGAH,KOTA SEMARANG,NGALIYAN,BRINGIN,3374151003034,54,102,69,225,3374151003034,KOTA SEMARANG,BRINGIN,TPS 034,292,225,54,102,69,0.24,0.4533,0.3067,0.7705,2,227,False,https://pemilu2024.kpu.go.id/pilpres/hitung-suara/33/3374/337415/3374151003/3374151003034,2024-02-16 16:25:10,PASLON 02
JAWA TENGAH,KOTA SEMARANG,NGALIYAN,BRINGIN,3374151003035,74,92,83,249,3374151003035,KOTA SEMARANG,BRINGIN,TPS 035,289,249,74,92,83,0.2972,0.3695,0.3333,0.8616,0,249,True,https://pemilu2024.kpu.go.id/pilpres/hitung-suara/33/3374/337415/3374151003/3374151003035,2024-02-24 22:31:28,PASLON 02
JAWA TENGAH,KOTA SEMARANG,NGALIYAN,BRINGIN,3374151003036,66,101,59,226,3374151003036,KOTA SEMARANG,BRINGIN,TPS 036,297,226,66,101,59,0.292,0.4469,0.2611,0.7609,2,228,False,https://pemilu2024.kpu.go.id/pilpres/hitung-suara/33/3374/337415/3374151003/3374151003036,2024-02-17 18:00:00,PASLON 02
JAWA TENGAH,KOTA SEMARANG,NGALIYAN,BRINGIN,3374151003037,49,133,83,265,3374151003037,KOTA SEMARANG,BRINGIN,TPS 037,299,265,49,133,83,0.1849,0.5019,0.3132,0.8863,1,266,False,https://pemilu2024.kpu.go.id/pilpres/hitung-suara/33/3374/337415/3374151003/3374151003037,2024-02-15 21:01:18,PASLON 02
JAWA TENGAH,KOTA SEMARANG,NGALIYAN,BRINGIN,3374151003038,62,105,80,247,3374151003038,KOTA SEMARANG,BRINGIN,TPS 038,298,247,62,105,80,0.251,0.4251,0.3239,0.8289,2,249,False,https://pemilu2024.kpu.go.id/pilpres/hitung-suara/33/3374/337415/3374151003/3374151003038,2024-02-14 21:46:01,PASLON 02
JAWA TENGAH,KOTA SEMARANG,NGALIYAN,BRINGIN,3374151003039,39,111,63,213,3374151003039,KOTA SEMARANG,BRINGIN,TPS 039,272,213,39,111,63,0.1831,0.5211,0.2958,0.7831,8,221,False,https://pemilu2024.kpu.go.id/pilpres/hitung-suara/33/3374/337415/3374151003/3374151003039,2024-02-21 16:00:00,PASLON 02
JAWA TENGAH,KOTA SEMARANG,NGALIYAN,BRINGIN,3374151003040,40,125,66,231,3374151003040,KOTA SEMARANG,BRINGIN,TPS 040,260,231,40,125,66,0.1732,0.5411,0.2857,0.8885,0,231,False,https://pemilu2024.kpu.go.id/pilpres/hitung-suara/33/3374/337415/3374151003/3374151003040,2024-02-17 18:30:00,PASLON 02
JAWA TENGAH,KOTA SEMARANG,NGALIYAN,BRINGIN,3374151003041,63,101,72,236,3374151003041,KOTA SEMARANG,BRINGIN,TPS 041,293,236,63,101,72,0.2669,0.428,0.3051,0.8055,5,241,False,https://pemilu2024.kpu.go.id/pilpres/hitung-suara/33/3374/337415/3374151003/3374151003041,2024-02-15 15:30:25,PASLON 02
JAWA TENGAH,KOTA SEMARANG,NGALIYAN,BRINGIN,3374151003042,34,124,73,231,3374151003042,KOTA SEMARANG,BRINGIN,TPS 042,289,231,34,124,73,0.1472,0.5368,0.316,0.7993,0,231,True,https://pemilu2024.kpu.go.id/pilpres/hitung-suara/33/3374/337415/3374151003/3374151003042,2024-02-16 16:25:10,PASLON 02
JAWA TENGAH,KOTA SEMARANG,NGALIYAN,BRINGIN,3374151003043,22,111,53,186,3374151003043,KOTA SEMARANG,BRINGIN,TPS 043,289,186,22,111,53,0.1183,0.5968,0.2849,0.6436,0,186,True,https://pemilu2024.kpu.go.id/pilpres/hitung-suara/33/3374/337415/3374151003/3374151003043,2024-02-16 09:00:28,PASLON 02
JAWA TENGAH,KOTA SEMARANG,NGALIYAN,BRINGIN,3374151003045,19,76,39,134,3374151003045,KOTA SEMARANG,BRINGIN,TPS 045,139,134,19,76,39,0.1418,0.5672,0.291,0.964,4,138,False,https://pemilu2024.kpu.go.id/pilpres/hitung-suara/33/3374/337415/3374151003/3374151003045,2024-02-24 22:31:28,PASLON 02
JAWA TENGAH,KOTA SEMARANG,NGALIYAN,BRINGIN,3374151003046,73,112,66,251,3374151003046,KOTA SEMARANG,BRINGIN,TPS 046,286,251,73,112,66,0.2908,0.4462,0.2629,0.8776,5,256,False,https://pemilu2024.kpu.go.id/pilpres/hitung-suara/33/3374/337415/3374151003/3374151003046,2024-02-17 18:30:00,PASLON 02
JAWA TENGAH,KOTA SEMARANG,NGALIYAN,BRINGIN,3374151003047,29,121,92,242,3374151003047,KOTA SEMARANG,BRINGIN,TPS 047,279,242,29,121,92,0.1198,0.5,0.3802,0.8674,8,250,False,https://pemilu2024.kpu.go.id/pilpres/hitung-suara/33/3374/337415/3374151003/3374151003047,2024-02-16 09:00:28,PASLON 02
JAWA TENGAH,KOTA SEMARANG,NGALIYAN,BRINGIN,3374151003048,60,118,88,266,3374151003048,KOTA SEMARANG,BRINGIN,TPS 048,292,266,60,118,88,0.2256,0.4436,0.3308,0.911,4,270,False,https://pemilu2024.kpu.go.id/pilpres/hitung-suara/33/3374/337415/3374151003/3374151003048,2024-02-16 16:25:10,PASLON 02
JAWA TENGAH,KOTA SEMARANG,NGALIYAN,GONDORIYO,3374151001001,25,168,49,242,3374151001001,KOTA SEMARANG,GONDORIYO,TPS 001,257,242,25,168,49,0.1033,0.6942,0.2025,0.9416,5,247,False,https://pemilu2024.kpu.go.id/pilpres/hitung-suara/33/3374/337415/3374151001/3374151001001,2024-02-21 19:00:00,PASLON 02
JAWA TENGAH,KOTA SEMARANG,NGALIYAN,GONDORIYO,3374151001003,9,106,126,241,3374151001003,KOTA SEMARANG,GONDORIYO,TPS 003,260,241,9,106,126,0.0373,0.4398,0.5228,0.9269,0,241,True,https://pemilu2024.kpu.go.id/pilpres/hitung-suara/33/3374/337415/3374151001/3374151001003,2024-02-15 12:00:28,PASLON 03
JAWA TENGAH,KOTA SEMARANG,NGALIYAN,GONDORIYO,3374151001004,30,115,71,216,3374151001004,KOTA SEMARANG,GONDORIYO,TPS 004,264,216,30,115,71,0.1389,0.5324,0.3287,0.8182,21,237,False,https://pemilu2024.kpu.go.id/pilpres/hitung-suara/33/3374/337415/3374151001/3374151001004,2024-02-21 17:00:00,PASLON 02
JAWA TENGAH,KOTA SEMARANG,NGALIYAN,GONDORIYO,3374151001005,37,143,55,235,3374151001005,KOTA SEMARANG,GONDORIYO,TPS 005,256,235,37,143,55,0.1574,0.6085,0.234,0.918,9,244,False,https://pemilu2024.kpu.go.id/pilpres/hitung-suara/33/3374/337415/3374151001/3374151001005,2024-02-20 11:00:00,PASLON 02
JAWA TENGAH,KOTA SEMARANG,NGALIYAN,GONDORIYO,3374151001006,21,104,117,242,3374151001006,KOTA SEMARANG,GONDORIYO,TPS 006,247,242,21,104,117,0.0868,0.4298,0.4835,0.9798,5,247,False,https://pemilu2024.kpu.go.id/pilpres/hitung-suara/33/3374/337415/3374151001/3374151001006,2024-02-19 15:00:00,PASLON 03
JAWA TENGAH,KOTA SEMARANG,NGALIYAN,GONDORIYO,3374151001009,41,63,47,151,3374151001009,KOTA SEMARANG,GONDORIYO,TPS 009,260,151,41,63,47,0.2715,0.4172,0.3113,0.5808,0,151,True,https://pemilu2024.kpu.go.id/pilpres/hitung-suara/33/3374/337415/3374151001/3374151001009,2024-02-16 09:00:28,PASLON 02
JAWA TENGAH,KOTA SEMARANG,NGALIYAN,GONDORIYO,3374151001010,54,120,68,242,3374151001010,KOTA SEMARANG,GONDORIYO,TPS 010,260,242,54,120,68,0.2231,0.4959,0.281,0.9308,0,242,True,https://pemilu2024.kpu.go.id/pilpres/hitung-suara/33/3374/337415/3374151001/3374151001010,2024-02-16 09:00:28,PASLON 02
JAWA TENGAH,KOTA SEMARANG,NGALIYAN,GONDORIYO,3374151001011,51,126,71,248,3374151001011,KOTA SEMARANG,GONDORIYO,TPS 011,260,248,51,126,71,0.2056,0.5081,0.2863,0.9538,0,248,True,https://pemilu2024.kpu.go.id/pilpres/hitung-suara/33/3374/337415/3374151001/3374151001011,2024-02-24 22:31:28,PASLON 02
JAWA TENGAH,KOTA SEMARANG,NGALIYAN,GONDORIYO,3374151001012,46,106,48,200,3374151001012,KOTA SEMARANG,GONDORIYO,TPS 012,260,200,46,106,48,0.23,0.53,0.24,0.7692,0,200,True,https://pemilu2024.kpu.go.id/pilpres/hitung-suara/33/3374/337415/3374151001/3374151001012,2024-02-24 22:31:28,PASLON 02
JAWA TENGAH,KOTA SEMARANG,NGALIYAN,GONDORIYO,3374151001013,69,108,76,253,3374151001013,KOTA SEMARANG,GONDORIYO,TPS 013,294,253,69,108,76,0.2727,0.4269,0.3004,0.8605,7,260,False,https://pemilu2024.kpu.go.id/pilpres/hitung-suara/33/3374/337415/3374151001/3374151001013,2024-02-21 15:00:00,PASLON 02
JAWA TENGAH,KOTA SEMARANG,NGALIYAN,GONDORIYO,3374151001015,32,136,83,251,3374151001015,KOTA SEMARANG,GONDORIYO,TPS 015,278,251,32,136,83,0.1275,0.5418,0.3307,0.9029,3,254,False,https://pemilu2024.kpu.go.id/pilpres/hitung-suara/33/3374/337415/3374151001/3374151001015,2024-02-15 00:41:44,PASLON 02
JAWA TENGAH,KOTA SEMARANG,NGALIYAN,GONDORIYO,3374151001020,58,142,63,263,3374151001020,KOTA SEMARANG,GONDORIYO,TPS 020,263,263,58,142,63,0.2205,0.5399,0.2395,1.0,0,263,True,https://pemilu2024.kpu.go.id/pilpres/hitung-suara/33/3374/337415/3374151001/3374151001020,2024-02-15 19:30:26,PASLON 02
JAWA TENGAH,KOTA SEMARANG,NGALIYAN,KALIPANCUR,3374151005001,17,133,96,246,3374151005001,KOTA SEMARANG,KALIPANCUR,TPS 001,295,246,17,133,96,0.0691,0.5407,0.3902,0.8339,8,254,False,https://pemilu2024.kpu.go.id/pilpres/hitung-suara/33/3374/337415/3374151005/3374151005001,2024-02-14 21:46:01,PASLON 02
JAWA TENGAH,KOTA SEMARANG,NGALIYAN,KALIPANCUR,3374151005002,26,132,91,249,3374151005002,KOTA SEMARANG,KALIPANCUR,TPS 002,291,249,26,132,91,0.1044,0.5301,0.3655,0.8557,5,254,False,https://pemilu2024.kpu.go.id/pilpres/hitung-suara/33/3374/337415/3374151005/3374151005002,2024-02-15 07:00:44,PASLON 02
JAWA TENGAH,KOTA SEMARANG,NGALIYAN,KALIPANCUR,3374151005003,34,132,87,253,3374151005003,KOTA SEMARANG,KALIPANCUR,TPS 003,295,253,34,132,87,0.1344,0.5217,0.3439,0.8576,4,257,False,https://pemilu2024.kpu.go.id/pilpres/hitung-suara/33/3374/337415/3374151005/3374151005003,2024-02-17 13:37:34,PASLON 02
JAWA TENGAH,KOTA SEMARANG,NGALIYAN,KALIPANCUR,3374151005004,21,151,94,266,3374151005004,KOTA SEMARANG,KALIPANCUR,TPS 004,295,266,21,151,94,0.0789,0.5677,0.3534,0.9017,6,272,False,https://pemilu2024.kpu.go.id/pilpres/hitung-suara/33/3374/337415/3374151005/3374151005004,2024-02-14 21:46:01,PASLON 02
JAWA TENGAH,KOTA SEMARANG,NGALIYAN,KALIPANCUR,3374151005005,33,88,123,244,3374151005005,KOTA SEMARANG,KALIPANCUR,TPS 005,292,244,33,88,123,0.1352,0.3607,0.5041,0.8356,7,251,False,https://pemilu2024.kpu.go.id/pilpres/hitung-suara/33/3374/337415/3374151005/3374151005005,2024-02-16 09:30:28,PASLON 03
JAWA TENGAH,KOTA SEMARANG,NGALIYAN,KALIPANCUR,3374151005006,21,123,108,252,3374151005006,KOTA SEMARANG,KALIPANCUR,TPS 006,290,252,21,123,108,0.0833,0.4881,0.4286,0.869,6,258,False,https://pemilu2024.kpu.go.id/pilpres/hitung-suara/33/3374/337415/3374151005/3374151005006,2024-02-17 16:00:02,PASLON 02
JAWA TENGAH,KOTA SEMARANG,NGALIYAN,KALIPANCUR,3374151005007,23,124,104,251,3374151005007,KOTA SEMARANG,KALIPANCUR,TPS 007,294,251,23,124,104,0.0916,0.494,0.4143,0.8537,3,254,False,https://pemilu2024.kpu.go.id/pilpres/hitung-suara/33/3374/337415/3374151005/3374151005007,2024-02-15 22:00:27,PASLON 02
JAWA TENGAH,KOTA SEMARANG,NGALIYAN,KALIPANCUR,3374151005008,16,132,113,261,3374151005008,KOTA SEMARANG,KALIPANCUR,TPS 008,294,261,16,132,113,0.0613,0.5057,0.433,0.8878,5,266,False,https://pemilu2024.kpu.go.id/pilpres/hitung-suara/33/3374/337415/3374151005/3374151005008,2024-02-14 21:46:01,PASLON 02
JAWA TENGAH,KOTA SEMARANG,NGALIYAN,KALIPANCUR,3374151005009,38,108,68,214,3374151005009,KOTA SEMARANG,KALIPANCUR,TPS 009,243,214,38,108,68,0.1776,0.5047,0.3178,0.8807,5,219,False,https://pemilu2024.kpu.go.id/pilpres/hitung-suara/33/3374/337415/3374151005/3374151005009,2024-02-15 00:41:44,PASLON 02
JAWA TENGAH,KOTA SEMARANG,NGALIYAN,KALIPANCUR,3374151005010,29,103,79,211,3374151005010,KOTA SEMARANG,KALIPANCUR,TPS 010,252,211,29,103,79,0.1374,0.4882,0.3744,0.8373,8,219,False,https://pemilu2024.kpu.go.id/pilpres/hitung-suara/33/3374/337415/3374151005/3374151005010,2024-02-19 06:16:00,PASLON 02
JAWA TENGAH,KOTA SEMARANG,NGALIYAN,KALIPANCUR,3374151005011,17,128,86,231,3374151005011,KOTA SEMARANG,KALIPANCUR,TPS 011,279,231,17,128,86,0.0736,0.5541,0.3723,0.828,9,240,False,https://pemilu2024.kpu.go.id/pilpres/hitung-suara/33/3374/337415/3374151005/3374151005011,2024-02-17 13:37:34,PASLON 02
JAWA TENGAH,KOTA SEMARANG,NGALIYAN,KALIPANCUR,3374151005012,17,105,96,218,3374151005012,KOTA SEMARANG,KALIPANCUR,TPS 012,268,218,17,105,96,0.078,0.4817,0.4404,0.8134,11,229,False,https://pemilu2024.kpu.go.id/pilpres/hitung-suara/33/3374/337415/3374151005/3374151005012,2024-02-19 06:16:00,PASLON 02
JAWA TENGAH,KOTA SEMARANG,NGALIYAN,KALIPANCUR,3374151005013,20,108,65,193,3374151005013,KOTA SEMARANG,KALIPANCUR,TPS 013,213,193,20,108,65,0.1036,0.5596,0.3368,0.9061,2,195,False,https://pemilu2024.kpu.go.id/pilpres/hitung-suara/33/3374/337415/3374151005/3374151005013,2024-02-19 06:16:00,PASLON 02
JAWA TENGAH,KOTA SEMARANG,NGALIYAN,KALIPANCUR,3374151005014,7,104,92,203,3374151005014,KOTA SEMARANG,KALIPANCUR,TPS 014,266,203,7,104,92,0.0345,0.5123,0.4532,0.7632,10,213,False,https://pemilu2024.kpu.go.id/pilpres/hitung-suara/33/3374/337415/3374151005/3374151005014,2024-02-16 23:00:00,PASLON 02
JAWA TENGAH,KOTA SEMARANG,NGALIYAN,KALIPANCUR,3374151005015,18,126,81,225,3374151005015,KOTA SEMARANG,KALIPANCUR,TPS 015,258,225,18,126,81,0.08,0.56,0.36,0.8721,3,228,False,https://pemilu2024.kpu.go.id/pilpres/hitung-suara/33/3374/337415/3374151005/3374151005015,2024-02-15 16:30:25,PASLON 02
JAWA TENGAH,KOTA SEMARANG,NGALIYAN,KALIPANCUR,3374151005016,20,134,92,246,3374151005016,KOTA SEMARANG,KALIPANCUR,TPS 016,286,246,20,134,92,0.0813,0.5447,0.374,0.8601,6,252,False,https://pemilu2024.kpu.go.id/pilpres/hitung-suara/33/3374/337415/3374151005/3374151005016,2024-02-17 10:00:02,PASLON 02
JAWA TENGAH,KOTA SEMARANG,NGALIYAN,KALIPANCUR,3374151005017,33,92,43,168,3374151005017,KOTA SEMARANG,KALIPANCUR,TPS 017,205,168,33,92,43,0.1964,0.5476,0.256,0.8195,4,172,False,https://pemilu2024.kpu.go.id/pilpres/hitung-suara/33/3374/337415/3374151005/3374151005017,2024-02-14 21:46:01,PASLON 02
JAWA TENGAH,KOTA SEMARANG,NGALIYAN,KALIPANCUR,3374151005018,36,120,84,240,3374151005018,KOTA SEMARANG,KALIPANCUR,TPS 018,282,240,36,120,84,0.15,0.5,0.35,0.8511,5,245,False,https://pemilu2024.kpu.go.id/pilpres/hitung-suara/33/3374/337415/3374151005/3374151005018,2024-02-14 21:46:01,PASLON 02
JAWA TENGAH,KOTA SEMARANG,NGALIYAN,KALIPANCUR,3374151005019,31,89,75,195,3374151005019,KOTA SEMARANG,KALIPANCUR,TPS 019,235,195,31,89,75,0.159,0.4564,0.3846,0.8298,3,198,False,https://pemilu2024.kpu.go.id/pilpres/hitung-suara/33/3374/337415/3374151005/3374151005019,2024-02-16 16:25:10,PASLON 02
JAWA TENGAH,KOTA SEMARANG,NGALIYAN,KALIPANCUR,3374151005020,27,118,77,222,3374151005020,KOTA SEMARANG,KALIPANCUR,TPS 020,268,222,27,118,77,0.1216,0.5315,0.3468,0.8284,2,224,False,https://pemilu2024.kpu.go.id/pilpres/hitung-suara/33/3374/337415/3374151005/3374151005020,2024-02-15 16:30:25,PASLON 02
JAWA TENGAH,KOTA SEMARANG,NGALIYAN,KALIPANCUR,3374151005021,37,129,67,233,3374151005021,KOTA SEMARANG,KALIPANCUR,TPS 021,298,233,37,129,67,0.1588,0.5536,0.2876,0.7819,8,241,False,https://pemilu2024.kpu.go.id/pilpres/hitung-suara/33/3374/337415/3374151005/3374151005021,2024-02-19 06:16:00,PASLON 02
JAWA TENGAH,KOTA SEMARANG,NGALIYAN,KALIPANCUR,3374151005022,30,114,79,223,3374151005022,KOTA SEMARANG,KALIPANCUR,TPS 022,265,223,30,114,79,0.1345,0.5112,0.3543,0.8415,0,223,False,https://pemilu2024.kpu.go.id/pilpres/hitung-suara/33/3374/337415/3374151005/3374151005022,2024-02-16 16:25:10,PASLON 02
JAWA TENGAH,KOTA SEMARANG,NGALIYAN,KALIPANCUR,3374151005023,41,126,78,245,3374151005023,KOTA SEMARANG,KALIPANCUR,TPS 023,290,245,41,126,78,0.1673,0.5143,0.3184,0.8448,8,253,False,https://pemilu2024.kpu.go.id/pilpres/hitung-suara/33/3374/337415/3374151005/3374151005023,2024-02-14 21:46:01,PASLON 02
JAWA TENGAH,KOTA SEMARANG,NGALIYAN,KALIPANCUR,3374151005024,33,111,90,234,3374151005024,KOTA SEMARANG,KALIPANCUR,TPS 024,297,234,33,111,90,0.141,0.4744,0.3846,0.7879,8,242,False,https://pemilu2024.kpu.go.id/pilpres/hitung-suara/33/3374/337415/3374151005/3374151005024,2024-02-15 16:30:25,PASLON 02
JAWA TENGAH,KOTA SEMARANG,NGALIYAN,KALIPANCUR,3374151005025,24,112,112,248,3374151005025,KOTA SEMARANG,KALIPANCUR,TPS 025,296,248,24,112,112,0.0968,0.4516,0.4516,0.8378,17,265,False,https://pemilu2024.kpu.go.id/pilpres/hitung-suara/33/3374/337415/3374151005/3374151005025,2024-02-14 21:46:01,PASLON 02
JAWA TENGAH,KOTA SEMARANG,NGALIYAN,KALIPANCUR,3374151005026,31,116,87,234,3374151005026,KOTA SEMARANG,KALIPANCUR,TPS 026,288,234,31,116,87,0.1325,0.4957,0.3718,0.8125,6,242,False,https://pemilu2024.kpu.go.id/pilpres/hitung-suara/33/3374/337415/3374151005/3374151005026,2024-02-15 16:30:25,PASLON 02
JAWA TENGAH,KOTA SEMARANG,NGALIYAN,KALIPANCUR,3374151005027,28,130,76,234,3374151005027,KOTA SEMARANG,KALIPANCUR,TPS 027,284,234,28,130,76,0.1197,0.5556,0.3248,0.8239,2,236,False,https://pemilu2024.kpu.go.id/pilpres/hitung-suara/33/3374/337415/3374151005/3374151005027,2024-02-15 16:30:25,PASLON 02
JAWA TENGAH,KOTA SEMARANG,NGALIYAN,KALIPANCUR,3374151005028,26,129,86,241,3374151005028,KOTA SEMARANG,KALIPANCUR,TPS 028,281,241,26,129,86,0.1079,0.5353,0.3568,0.8577,5,246,False,https://pemilu2024.kpu.go.id/pilpres/hitung-suara/33/3374/337415/3374151005/3374151005028,2024-02-15 15:30:25,PASLON 02
JAWA TENGAH,KOTA SEMARANG,NGALIYAN,KALIPANCUR,3374151005029,22,158,72,252,3374151005029,KOTA SEMARANG,KALIPANCUR,TPS 029,293,252,22,158,72,0.0873,0.627,0.2857,0.8601,8,260,False,https://pemilu2024.kpu.go.id/pilpres/hitung-suara/33/3374/337415/3374151005/3374151005029,2024-02-15 17:00:25,PASLON 02
JAWA TENGAH,KOTA SEMARANG,NGALIYAN,KALIPANCUR,3374151005030,47,88,76,211,3374151005030,KOTA SEMARANG,KALIPANCUR,TPS 030,249,211,47,88,76,0.2227,0.4171,0.3602,0.8474,10,221,False,https://pemilu2024.kpu.go.id/pilpres/hitung-suara/33/3374/337415/3374151005/3374151005030,2024-02-15 12:00:28,PASLON 02
JAWA TENGAH,KOTA SEMARANG,NGALIYAN,KALIPANCUR,3374151005031,39,70,82,191,3374151005031,KOTA SEMARANG,KALIPANCUR,TPS 031,232,191,39,70,82,0.2042,0.3665,0.4293,0.8233,1,192,False,https://pemilu2024.kpu.go.id/pilpres/hitung-suara/33/3374/337415/3374151005/3374151005031,2024-02-15 17:30:25,PASLON 03
JAWA TENGAH,KOTA SEMARANG,NGALIYAN,KALIPANCUR,3374151005032,38,93,68,199,3374151005032,KOTA SEMARANG,KALIPANCUR,TPS 032,251,199,38,93,68,0.191,0.4673,0.3417,0.7928,1,200,False,https://pemilu2024.kpu.go.id/pilpres/hitung-suara/33/3374/337415/3374151005/3374151005032,2024-02-19 06:16:00,PASLON 02
JAWA TENGAH,KOTA SEMARANG,NGALIYAN,KALIPANCUR,3374151005033,52,107,70,229,3374151005033,KOTA SEMARANG,KALIPANCUR,TPS 033,271,229,52,107,70,0.2271,0.4672,0.3057,0.845,8,237,False,https://pemilu2024.kpu.go.id/pilpres/hitung-suara/33/3374/337415/3374151005/3374151005033,2024-02-24 22:31:28,PASLON 02
JAWA TENGAH,KOTA SEMARANG,NGALIYAN,KALIPANCUR,3374151005034,64,93,85,242,3374151005034,KOTA SEMARANG,KALIPANCUR,TPS 034,296,242,64,93,85,0.2645,0.3843,0.3512,0.8176,6,248,False,https://pemilu2024.kpu.go.id/pilpres/hitung-suara/33/3374/337415/3374151005/3374151005034,2024-02-14 21:46:01,PASLON 02
JAWA TENGAH,KOTA SEMARANG,NGALIYAN,KALIPANCUR,3374151005035,47,98,98,243,3374151005035,KOTA SEMARANG,KALIPANCUR,TPS 035,295,243,47,98,98,0.1934,0.4033,0.4033,0.8237,4,247,False,https://pemilu2024.kpu.go.id/pilpres/hitung-suara/33/3374/337415/3374151005/3374151005035,2024-02-14 21:46:01,PASLON 02
JAWA TENGAH,KOTA SEMARANG,NGALIYAN,KALIPANCUR,3374151005036,58,109,90,257,3374151005036,KOTA SEMARANG,KALIPANCUR,TPS 036,298,257,58,109,90,0.2257,0.4241,0.3502,0.8624,7,264,False,https://pemilu2024.kpu.go.id/pilpres/hitung-suara/33/3374/337415/3374151005/3374151005036,2024-02-15 00:41:44,PASLON 02
JAWA TENGAH,KOTA SEMARANG,NGALIYAN,KALIPANCUR,3374151005037,53,112,95,260,3374151005037,KOTA SEMARANG,KALIPANCUR,TPS 037,291,260,53,112,95,0.2038,0.4308,0.3654,0.8935,6,266,False,https://pemilu2024.kpu.go.id/pilpres/hitung-suara/33/3374/337415/3374151005/3374151005037,2024-02-19 06:16:00,PASLON 02
JAWA TENGAH,KOTA SEMARANG,NGALIYAN,KALIPANCUR,3374151005038,49,100,83,232,3374151005038,KOTA SEMARANG,KALIPANCUR,TPS 038,296,232,49,100,83,0.2112,0.431,0.3578,0.7838,5,237,False,https://pemilu2024.kpu.go.id/pilpres/hitung-suara/33/3374/337415/3374151005/3374151005038,2024-02-15 00:41:44,PASLON 02
JAWA TENGAH,KOTA SEMARANG,NGALIYAN,KALIPANCUR,3374151005039,44,108,76,228,3374151005039,KOTA SEMARANG,KALIPANCUR,TPS 039,286,228,44,108,76,0.193,0.4737,0.3333,0.7972,3,231,False,https://pemilu2024.kpu.go.id/pilpres/hitung-suara/33/3374/337415/3374151005/3374151005039,2024-02-16 22:01:00,PASLON 02
JAWA TENGAH,KOTA SEMARANG,NGALIYAN,KALIPANCUR,3374151005040,35,78,48,161,3374151005040,KOTA SEMARANG,KALIPANCUR,TPS 040,202,161,35,78,48,0.2174,0.4845,0.2981,0.797,0,161,False,https://pemilu2024.kpu.go.id/pilpres/hitung-suara/33/3374/337415/3374151005/3374151005040,2024-02-15 00:41:44,PASLON 02
JAWA TENGAH,KOTA SEMARANG,NGALIYAN,KALIPANCUR,3374151005041,49,101,82,232,3374151005041,KOTA SEMARANG,KALIPANCUR,TPS 041,266,232,49,101,82,0.2112,0.4353,0.3534,0.8722,4,236,False,https://pemilu2024.kpu.go.id/pilpres/hitung-suara/33/3374/337415/3374151005/3374151005041,2024-02-14 21:46:01,PASLON 02
JAWA TENGAH,KOTA SEMARANG,NGALIYAN,KALIPANCUR,3374151005042,60,100,76,236,3374151005042,KOTA SEMARANG,KALIPANCUR,TPS 042,294,236,60,100,76,0.2542,0.4237,0.322,0.8027,1,237,False,https://pemilu2024.kpu.go.id/pilpres/hitung-suara/33/3374/337415/3374151005/3374151005042,2024-02-14 21:46:01,PASLON 02
JAWA TENGAH,KOTA SEMARANG,NGALIYAN,KALIPANCUR,3374151005043,52,111,71,234,3374151005043,KOTA SEMARANG,KALIPANCUR,TPS 043,294,234,52,111,71,0.2222,0.4744,0.3034,0.7959,5,239,False,https://pemilu2024.kpu.go.id/pilpres/hitung-suara/33/3374/337415/3374151005/3374151005043,2024-02-15 18:00:26,PASLON 02
JAWA TENGAH,KOTA SEMARANG,NGALIYAN,KALIPANCUR,3374151005044,50,105,97,252,3374151005044,KOTA SEMARANG,KALIPANCUR,TPS 044,291,252,50,105,97,0.1984,0.4167,0.3849,0.866,2,254,False,https://pemilu2024.kpu.go.id/pilpres/hitung-suara/33/3374/337415/3374151005/3374151005044,2024-02-19 06:16:00,PASLON 02
JAWA TENGAH,KOTA SEMARANG,NGALIYAN,KALIPANCUR,3374151005046,48,74,96,218,3374151005046,KOTA SEMARANG,KALIPANCUR,TPS 046,271,218,48,74,96,0.2202,0.3394,0.4404,0.8044,4,222,False,https://pemilu2024.kpu.go.id/pilpres/hitung-suara/33/3374/337415/3374151005/3374151005046,2024-02-14 21:46:01,PASLON 03
JAWA TENGAH,KOTA SEMARANG,NGALIYAN,KALIPANCUR,3374151005047,57,84,82,223,3374151005047,KOTA SEMARANG,KALIPANCUR,TPS 047,272,223,57,84,82,0.2556,0.3767,0.3677,0.8199,0,223,False,https://pemilu2024.kpu.go.id/pilpres/hitung-suara/33/3374/337415/3374151005/3374151005047,2024-02-19 06:16:00,PASLON 02
JAWA TENGAH,KOTA SEMARANG,NGALIYAN,KALIPANCUR,3374151005048,55,108,81,244,3374151005048,KOTA SEMARANG,KALIPANCUR,TPS 048,291,244,55,108,81,0.2254,0.4426,0.332,0.8385,8,252,False,https://pemilu2024.kpu.go.id/pilpres/hitung-suara/33/3374/337415/3374151005/3374151005048,2024-02-15 00:41:44,PASLON 02
JAWA TENGAH,KOTA SEMARANG,NGALIYAN,KALIPANCUR,3374151005049,42,142,75,259,3374151005049,KOTA SEMARANG,KALIPANCUR,TPS 049,259,259,42,142,75,0.1622,0.5483,0.2896,1.0,4,263,False,https://pemilu2024.kpu.go.id/pilpres/hitung-suara/33/3374/337415/3374151005/3374151005049,2024-02-19 06:16:00,PASLON 02
JAWA TENGAH,KOTA SEMARANG,NGALIYAN,KALIPANCUR,3374151005050,54,96,75,225,3374151005050,KOTA SEMARANG,KALIPANCUR,TPS 050,294,225,54,96,75,0.24,0.4267,0.3333,0.7653,6,231,False,https://pemilu2024.kpu.go.id/pilpres/hitung-suara/33/3374/337415/3374151005/3374151005050,2024-02-15 09:00:24,PASLON 02
JAWA TENGAH,KOTA SEMARANG,NGALIYAN,KALIPANCUR,3374151005051,21,83,56,160,3374151005051,KOTA SEMARANG,KALIPANCUR,TPS 051,199,160,21,83,56,0.1312,0.5188,0.35,0.804,1,161,False,https://pemilu2024.kpu.go.id/pilpres/hitung-suara/33/3374/337415/3374151005/3374151005051,2024-02-19 06:16:00,PASLON 02
JAWA TENGAH,KOTA SEMARANG,NGALIYAN,KALIPANCUR,3374151005052,72,115,40,227,3374151005052,KOTA SEMARANG,KALIPANCUR,TPS 052,281,227,72,115,40,0.3172,0.5066,0.1762,0.8078,3,230,False,https://pemilu2024.kpu.go.id/pilpres/hitung-suara/33/3374/337415/3374151005/3374151005052,2024-02-15 23:29:50,PASLON 02
JAWA TENGAH,KOTA SEMARANG,NGALIYAN,KALIPANCUR,3374151005053,39,115,65,219,3374151005053,KOTA SEMARANG,KALIPANCUR,TPS 053,271,219,39,115,65,0.1781,0.5251,0.2968,0.8081,2,221,False,https://pemilu2024.kpu.go.id/pilpres/hitung-suara/33/3374/337415/3374151005/3374151005053,2024-02-19 06:16:00,PASLON 02
JAWA TENGAH,KOTA SEMARANG,NGALIYAN,KALIPANCUR,3374151005054,36,119,67,222,3374151005054,KOTA SEMARANG,KALIPANCUR,TPS 054,295,222,36,119,67,0.1622,0.536,0.3018,0.7525,7,229,False,https://pemilu2024.kpu.go.id/pilpres/hitung-suara/33/3374/337415/3374151005/3374151005054,2024-02-19 06:16:00,PASLON 02
JAWA TENGAH,KOTA SEMARANG,NGALIYAN,KALIPANCUR,3374151005055,45,138,53,236,3374151005055,KOTA SEMARANG,KALIPANCUR,TPS 055,288,236,45,138,53,0.1907,0.5847,0.2246,0.8194,3,239,False,https://pemilu2024.kpu.go.id/pilpres/hitung-suara/33/3374/337415/3374151005/3374151005055,2024-02-15 12:00:28,PASLON 02
JAWA TENGAH,KOTA SEMARANG,NGALIYAN,KALIPANCUR,3374151005056,50,67,67,184,3374151005056,KOTA SEMARANG,KALIPANCUR,TPS 056,226,184,50,67,67,0.2717,0.3641,0.3641,0.8142,2,186,False,https://pemilu2024.kpu.go.id/pilpres/hitung-suara/33/3374/337415/3374151005/3374151005056,2024-02-19 06:16:00,PASLON 02
JAWA TENGAH,KOTA SEMARANG,NGALIYAN,KALIPANCUR,3374151005057,37,77,52,166,3374151005057,KOTA SEMARANG,KALIPANCUR,TPS 057,177,166,37,77,52,0.2229,0.4639,0.3133,0.9379,2,168,False,https://pemilu2024.kpu.go.id/pilpres/hitung-suara/33/3374/337415/3374151005/3374151005057,2024-02-15 03:06:03,PASLON 02
JAWA TENGAH,KOTA SEMARANG,NGALIYAN,NGALIYAN,3374151007001,34,99,69,202,3374151007001,KOTA SEMARANG,NGALIYAN,TPS 001,224,202,34,99,69,0.1683,0.4901,0.3416,0.9018,2,204,False,https://pemilu2024.kpu.go.id/pilpres/hitung-suara/33/3374/337415/3374151007/3374151007001,2024-02-15 18:00:26,PASLON 02
JAWA TENGAH,KOTA SEMARANG,NGALIYAN,NGALIYAN,3374151007002,23,111,103,237,3374151007002,KOTA SEMARANG,NGALIYAN,TPS 002,299,237,23,111,103,0.097,0.4684,0.4346,0.7926,1,238,False,https://pemilu2024.kpu.go.id/pilpres/hitung-suara/33/3374/337415/3374151007/3374151007002,2024-02-19 06:16:00,PASLON 02
JAWA TENGAH,KOTA SEMARANG,NGALIYAN,NGALIYAN,3374151007003,26,91,57,174,3374151007003,KOTA SEMARANG,NGALIYAN,TPS 003,186,174,26,91,57,0.1494,0.523,0.3276,0.9355,5,179,False,https://pemilu2024.kpu.go.id/pilpres/hitung-suara/33/3374/337415/3374151007/3374151007003,2024-02-19 06:16:00,PASLON 02
JAWA TENGAH,KOTA SEMARANG,NGALIYAN,NGALIYAN,3374151007004,28,131,95,254,3374151007004,KOTA SEMARANG,NGALIYAN,TPS 004,288,254,28,131,95,0.1102,0.5157,0.374,0.8819,8,262,False,https://pemilu2024.kpu.go.id/pilpres/hitung-suara/33/3374/337415/3374151007/3374151007004,2024-02-14 21:46:01,PASLON 02
JAWA TENGAH,KOTA SEMARANG,NGALIYAN,NGALIYAN,3374151007005,25,100,69,194,3374151007005,KOTA SEMARANG,NGALIYAN,TPS 005,215,194,25,100,69,0.1289,0.5155,0.3557,0.9023,6,200,False,https://pemilu2024.kpu.go.id/pilpres/hitung-suara/33/3374/337415/3374151007/3374151007005,2024-02-19 06:16:00,PASLON 02
JAWA TENGAH,KOTA SEMARANG,NGALIYAN,NGALIYAN,3374151007006,18,143,104,265,3374151007006,KOTA SEMARANG,NGALIYAN,TPS 006,292,265,18,143,104,0.0679,0.5396,0.3925,0.9075,1,266,False,https://pemilu2024.kpu.go.id/pilpres/hitung-suara/33/3374/337415/3374151007/3374151007006,2024-02-15 06:00:23,PASLON 02
JAWA TENGAH,KOTA SEMARANG,NGALIYAN,NGALIYAN,3374151007007,58,90,87,235,3374151007007,KOTA SEMARANG,NGALIYAN,TPS 007,299,235,58,90,87,0.2468,0.383,0.3702,0.786,8,243,False,https://pemilu2024.kpu.go.id/pilpres/hitung-suara/33/3374/337415/3374151007/3374151007007,2024-02-16 22:30:00,PASLON 02
JAWA TENGAH,KOTA SEMARANG,NGALIYAN,NGALIYAN,3374151007008,82,91,64,237,3374151007008,KOTA SEMARANG,NGALIYAN,TPS 008,298,237,82,91,64,0.346,0.384,0.27,0.7953,8,245,False,https://pemilu2024.kpu.go.id/pilpres/hitung-suara/33/3374/337415/3374151007/3374151007008,2024-02-19 06:16:00,PASLON 02
JAWA TENGAH,KOTA SEMARANG,NGALIYAN,NGALIYAN,3374151007009,77,112,59,248,3374151007009,KOTA SEMARANG,NGALIYAN,TPS 009,290,248,77,112,59,0.3105,0.4516,0.2379,0.8552,0,248,False,https://pemilu2024.kpu.go.id/pilpres/hitung-suara/33/3374/337415/3374151007/3374151007009,2024-02-15 00:41:44,PASLON 02
JAWA TENGAH,KOTA SEMARANG,NGALIYAN,NGALIYAN,3374151007010,57,81,78,216,3374151007010,KOTA SEMARANG,NGALIYAN,TPS 010,282,216,57,81,78,0.2639,0.375,0.3611,0.766,0,216,True,https://pemilu2024.kpu.go.id/pilpres/hitung-suara/33/3374/337415/3374151007/3374151007010,2024-02-22 16:00:00,PASLON 02
JAWA TENGAH,KOTA SEMARANG,NGALIYAN,NGALIYAN,3374151007011,18,64,58,140,3374151007011,KOTA SEMARANG,NGALIYAN,TPS 011,165,140,18,64,58,0.1286,0.4571,0.4143,0.8485,1,141,False,https://pemilu2024.kpu.go.id/pilpres/hitung-suara/33/3374/337415/3374151007/3374151007011,2024-02-24 22:31:28,PASLON 02
JAWA TENGAH,KOTA SEMARANG,NGALIYAN,NGALIYAN,3374151007013,51,116,72,239,3374151007013,KOTA SEMARANG,NGALIYAN,TPS 013,282,239,51,116,72,0.2134,0.4854,0.3013,0.8475,0,239,True,https://pemilu2024.kpu.go.id/pilpres/hitung-suara/33/3374/337415/3374151007/3374151007013,2024-02-15 18:00:26,PASLON 02
JAWA TENGAH,KOTA SEMARANG,NGALIYAN,NGALIYAN,3374151007014,48,102,85,235,3374151007014,KOTA SEMARANG,NGALIYAN,TPS 014,281,235,48,102,85,0.2043,0.434,0.3617,0.8363,2,237,False,https://pemilu2024.kpu.go.id/pilpres/hitung-suara/33/3374/337415/3374151007/3374151007014,2024-02-14 21:46:01,PASLON 02
JAWA TENGAH,KOTA SEMARANG,NGALIYAN,NGALIYAN,3374151007015,70,104,53,227,3374151007015,KOTA SEMARANG,NGALIYAN,TPS 015,236,227,70,104,53,0.3084,0.4581,0.2335,0.9619,9,236,False,https://pemilu2024.kpu.go.id/pilpres/hitung-suara/33/3374/337415/3374151007/3374151007015,2024-02-14 21:46:01,PASLON 02
JAWA TENGAH,KOTA SEMARANG,NGALIYAN,NGALIYAN,3374151007016,53,137,45,235,3374151007016,KOTA SEMARANG,NGALIYAN,TPS 016,239,235,53,137,45,0.2255,0.583,0.1915,0.9833,8,243,False,https://pemilu2024.kpu.go.id/pilpres/hitung-suara/33/3374/337415/3374151007/3374151007016,2024-02-16 22:01:00,PASLON 02
JAWA TENGAH,KOTA SEMARANG,NGALIYAN,NGALIYAN,3374151007017,68,95,70,233,3374151007017,KOTA SEMARANG,NGALIYAN,TPS 017,295,233,68,95,70,0.2918,0.4077,0.3004,0.7898,3,236,False,https://pemilu2024.kpu.go.id/pilpres/hitung-suara/33/3374/337415/3374151007/3374151007017,2024-02-19 06:16:00,PASLON 02
JAWA TENGAH,KOTA SEMARANG,NGALIYAN,NGALIYAN,3374151007018,36,125,74,235,3374151007018,KOTA SEMARANG,NGALIYAN,TPS 018,293,235,36,125,74,0.1532,0.5319,0.3149,0.802,3,238,False,https://pemilu2024.kpu.go.id/pilpres/hitung-suara/33/3374/337415/3374151007/3374151007018,2024-02-14 21:46:01,PASLON 02
JAWA TENGAH,KOTA SEMARANG,NGALIYAN,NGALIYAN,3374151007019,57,110,67,234,3374151007019,KOTA SEMARANG,NGALIYAN,TPS 019,282,234,57,110,67,0.2436,0.4701,0.2863,0.8298,0,234,True,https://pemilu2024.kpu.go.id/pilpres/hitung-suara/33/3374/337415/3374151007/3374151007019,2024-02-15 20:30:46,PASLON 02
JAWA TENGAH,KOTA SEMARANG,NGALIYAN,NGALIYAN,3374151007020,39,91,44,174,3374151007020,KOTA SEMARANG,NGALIYAN,TPS 020,282,174,39,91,44,0.2241,0.523,0.2529,0.617,0,174,True,https://pemilu2024.kpu.go.id/pilpres/hitung-suara/33/3374/337415/3374151007/3374151007020,2024-02-15 18:00:26,PASLON 02
JAWA TENGAH,KOTA SEMARANG,NGALIYAN,NGALIYAN,3374151007022,63,95,86,244,3374151007022,KOTA SEMARANG,NGALIYAN,TPS 022,292,244,63,95,86,0.2582,0.3893,0.3525,0.8356,3,247,False,https://pemilu2024.kpu.go.id/pilpres/hitung-suara/33/3374/337415/3374151007/3374151007022,2024-02-15 00:41:44,PASLON 02
JAWA TENGAH,KOTA SEMARANG,NGALIYAN,NGALIYAN,3374151007023,41,82,85,208,3374151007023,KOTA SEMARANG,NGALIYAN,TPS 023,254,208,41,82,85,0.1971,0.3942,0.4087,0.8189,1,209,False,https://pemilu2024.kpu.go.id/pilpres/hitung-suara/33/3374/337415/3374151007/3374151007023,2024-02-15 00:41:44,PASLON 03
JAWA TENGAH,KOTA SEMARANG,NGALIYAN,NGALIYAN,3374151007024,54,83,83,220,3374151007024,KOTA SEMARANG,NGALIYAN,TPS 024,297,220,54,83,83,0.2455,0.3773,0.3773,0.7407,5,225,False,https://pemilu2024.kpu.go.id/pilpres/hitung-suara/33/3374/337415/3374151007/3374151007024,2024-02-19 06:16:00,PASLON 02
JAWA TENGAH,KOTA SEMARANG,NGALIYAN,NGALIYAN,3374151007025,41,86,114,241,3374151007025,KOTA SEMARANG,NGALIYAN,TPS 025,295,241,41,86,114,0.1701,0.3568,0.473,0.8169,4,245,False,https://pemilu2024.kpu.go.id/pilpres/hitung-suara/33/3374/337415/3374151007/3374151007025,2024-02-19 06:16:00,PASLON 03
JAWA TENGAH,KOTA SEMARANG,NGALIYAN,NGALIYAN,3374151007026,73,75,88,236,3374151007026,KOTA SEMARANG,NGALIYAN,TPS 026,282,236,73,75,88,0.3093,0.3178,0.3729,0.8369,0,236,True,https://pemilu2024.kpu.go.id/pilpres/hitung-suara/33/3374/337415/3374151007/3374151007026,2024-02-24 22:31:28,PASLON 03
JAWA TENGAH,KOTA SEMARANG,NGALIYAN,NGALIYAN,3374151007027,48,99,106,253,3374151007027,KOTA SEMARANG,NGALIYAN,TPS 027,282,253,48,99,106,0.1897,0.3913,0.419,0.8972,0,253,True,https://pemilu2024.kpu.go.id/pilpres/hitung-suara/33/3374/337415/3374151007/3374151007027,2024-02-16 09:30:28,PASLON 03
JAWA TENGAH,KOTA SEMARANG,NGALIYAN,NGALIYAN,3374151007028,22,148,80,250,3374151007028,KOTA SEMARANG,NGALIYAN,TPS 028,287,250,22,148,80,0.088,0.592,0.32,0.8711,16,266,False,https://pemilu2024.kpu.go.id/pilpres/hitung-suara/33/3374/337415/3374151007/3374151007028,2024-02-15 19:30:26,PASLON 02
JAWA TENGAH,KOTA SEMARANG,NGALIYAN,NGALIYAN,3374151007029,25,126,100,251,3374151007029,KOTA SEMARANG,NGALIYAN,TPS 029,283,251,25,126,100,0.0996,0.502,0.3984,0.8869,5,256,False,https://pemilu2024.kpu.go.id/pilpres/hitung-suara/33/3374/337415/3374151007/3374151007029,2024-02-14 21:46:01,PASLON 02
JAWA TENGAH,KOTA SEMARANG,NGALIYAN,NGALIYAN,3374151007030,41,139,71,251,3374151007030,KOTA SEMARANG,NGALIYAN,TPS 030,280,251,41,139,71,0.1633,0.5538,0.2829,0.8964,4,255,False,https://pemilu2024.kpu.go.id/pilpres/hitung-suara/33/3374/337415/3374151007/3374151007030,2024-02-19 06:16:00,PASLON 02
JAWA TENGAH,KOTA SEMARANG,NGALIYAN,NGALIYAN,3374151007031,27,125,82,234,3374151007031,KOTA SEMARANG,NGALIYAN,TPS 031,286,234,27,125,82,0.1154,0.5342,0.3504,0.8182,7,241,False,https://pemilu2024.kpu.go.id/pilpres/hitung-suara/33/3374/337415/3374151007/3374151007031,2024-02-15 15:00:29,PASLON 02
JAWA TENGAH,KOTA SEMARANG,NGALIYAN,NGALIYAN,3374151007032,25,106,93,224,3374151007032,KOTA SEMARANG,NGALIYAN,TPS 032,265,224,25,106,93,0.1116,0.4732,0.4152,0.8453,9,233,False,https://pemilu2024.kpu.go.id/pilpres/hitung-suara/33/3374/337415/3374151007/3374151007032,2024-02-24 22:31:28,PASLON 02
JAWA TENGAH,KOTA SEMARANG,NGALIYAN,NGALIYAN,3374151007033,41,111,85,237,3374151007033,KOTA SEMARANG,NGALIYAN,TPS 033,279,237,41,111,85,0.173,0.4684,0.3586,0.8495,3,240,False,https://pemilu2024.kpu.go.id/pilpres/hitung-suara/33/3374/337415/3374151007/3374151007033,2024-02-17 01:00:00,PASLON 02
JAWA TENGAH,KOTA SEMARANG,NGALIYAN,NGALIYAN,3374151007034,45,118,65,228,3374151007034,KOTA SEMARANG,NGALIYAN,TPS 034,260,228,45,118,65,0.1974,0.5175,0.2851,0.8769,6,234,False,https://pemilu2024.kpu.go.id/pilpres/hitung-suara/33/3374/337415/3374151007/3374151007034,2024-02-15 18:00:26,PASLON 02
JAWA TENGAH,KOTA SEMARANG,NGALIYAN,NGALIYAN,3374151007035,42,105,51,198,3374151007035,KOTA SEMARANG,NGALIYAN,TPS 035,221,198,42,105,51,0.2121,0.5303,0.2576,0.8959,9,207,False,https://pemilu2024.kpu.go.id/pilpres/hitung-suara/33/3374/337415/3374151007/3374151007035,2024-02-21 21:00:04,PASLON 02
JAWA TENGAH,KOTA SEMARANG,NGALIYAN,NGALIYAN,3374151007036,16,119,54,189,3374151007036,KOTA SEMARANG,NGALIYAN,TPS 036,205,189,16,119,54,0.0847,0.6296,0.2857,0.922,6,195,False,https://pemilu2024.kpu.go.id/pilpres/hitung-suara/33/3374/337415/3374151007/3374151007036,2024-02-24 22:31:28,PASLON 02
JAWA TENGAH,KOTA SEMARANG,NGALIYAN,NGALIYAN,3374151007037,69,92,90,251,3374151007037,KOTA SEMARANG,NGALIYAN,TPS 037,282,251,69,92,90,0.2749,0.3665,0.3586,0.8901,0,251,True,https://pemilu2024.kpu.go.id/pilpres/hitung-suara/33/3374/337415/3374151007/3374151007037,2024-02-24 22:31:28,PASLON 02
JAWA TENGAH,KOTA SEMARANG,NGALIYAN,PODOREJO,3374151002001,7,142,108,257,3374151002001,KOTA SEMARANG,PODOREJO,TPS 001,280,257,7,142,108,0.0272,0.5525,0.4202,0.9179,4,261,False,https://pemilu2024.kpu.go.id/pilpres/hitung-suara/33/3374/337415/3374151002/3374151002001,2024-02-16 16:25:10,PASLON 02
JAWA TENGAH,KOTA SEMARANG,NGALIYAN,PODOREJO,3374151002002,18,145,34,197,3374151002002,KOTA SEMARANG,PODOREJO,TPS 002,289,197,18,145,34,0.0914,0.736,0.1726,0.6817,15,272,False,https://pemilu2024.kpu.go.id/pilpres/hitung-suara/33/3374/337415/3374151002/3374151002002,2024-02-17 18:00:00,PASLON 02
JAWA TENGAH,KOTA SEMARANG,NGALIYAN,PODOREJO,3374151002003,17,128,76,221,3374151002003,KOTA SEMARANG,PODOREJO,TPS 003,250,221,17,128,76,0.0769,0.5792,0.3439,0.884,14,235,False,https://pemilu2024.kpu.go.id/pilpres/hitung-suara/33/3374/337415/3374151002/3374151002003,2024-02-17 18:00:00,PASLON 02
JAWA TENGAH,KOTA SEMARANG,NGALIYAN,PODOREJO,3374151002004,11,138,92,241,3374151002004,KOTA SEMARANG,PODOREJO,TPS 004,295,241,11,138,92,0.0456,0.5726,0.3817,0.8169,8,249,False,https://pemilu2024.kpu.go.id/pilpres/hitung-suara/33/3374/337415/3374151002/3374151002004,2024-02-15 20:00:44,PASLON 02
JAWA TENGAH,KOTA SEMARANG,NGALIYAN,PODOREJO,3374151002005,17,151,83,251,3374151002005,KOTA SEMARANG,PODOREJO,TPS 005,287,251,17,151,83,0.0677,0.6016,0.3307,0.8746,16,267,False,https://pemilu2024.kpu.go.id/pilpres/hitung-suara/33/3374/337415/3374151002/3374151002005,2024-02-19 06:16:00,PASLON 02
JAWA TENGAH,KOTA SEMARANG,NGALIYAN,PODOREJO,3374151002007,39,118,83,240,3374151002007,KOTA SEMARANG,PODOREJO,TPS 007,285,240,39,118,83,0.1625,0.4917,0.3458,0.8421,5,245,False,https://pemilu2024.kpu.go.id/pilpres/hitung-suara/33/3374/337415/3374151002/3374151002007,2024-02-16 09:00:28,PASLON 02
JAWA TENGAH,KOTA SEMARANG,NGALIYAN,PODOREJO,3374151002008,43,140,86,269,3374151002008,KOTA SEMARANG,PODOREJO,TPS 008,293,269,43,140,86,0.1599,0.5204,0.3197,0.9181,6,275,False,https://pemilu2024.kpu.go.id/pilpres/hitung-suara/33/3374/337415/3374151002/3374151002008,2024-02-15 22:00:27,PASLON 02
JAWA TENGAH,KOTA SEMARANG,NGALIYAN,PODOREJO,3374151002009,37,138,77,252,3374151002009,KOTA SEMARANG,PODOREJO,TPS 009,285,252,37,138,77,0.1468,0.5476,0.3056,0.8842,9,261,False,https://pemilu2024.kpu.go.id/pilpres/hitung-suara/33/3374/337415/3374151002/3374151002009,2024-02-15 22:00:27,PASLON 02
JAWA TENGAH,KOTA SEMARANG,NGALIYAN,PODOREJO,3374151002011,24,129,59,212,3374151002011,KOTA SEMARANG,PODOREJO,TPS 011,237,212,24,129,59,0.1132,0.6085,0.2783,0.8945,4,216,False,https://pemilu2024.kpu.go.id/pilpres/hitung-suara/33/3374/337415/3374151002/3374151002011,2024-02-21 18:00:00,PASLON 02
JAWA TENGAH,KOTA SEMARANG,NGALIYAN,PODOREJO,3374151002012,19,120,107,246,3374151002012,KOTA SEMARANG,PODOREJO,TPS 012,292,246,19,120,107,0.0772,0.4878,0.435,0.8425,7,253,False,https://pemilu2024.kpu.go.id/pilpres/hitung-suara/33/3374/337415/3374151002/3374151002012,2024-02-15 12:00:28,PASLON 02
JAWA TENGAH,KOTA SEMARANG,NGALIYAN,PODOREJO,3374151002013,11,106,138,255,3374151002013,KOTA SEMARANG,PODOREJO,TPS 013,282,255,11,106,138,0.0431,0.4157,0.5412,0.9043,7,262,False,https://pemilu2024.kpu.go.id/pilpres/hitung-suara/33/3374/337415/3374151002/3374151002013,2024-02-17 18:00:00,PASLON 03
JAWA TENGAH,KOTA SEMARANG,NGALIYAN,PODOREJO,3374151002015,10,58,121,189,3374151002015,KOTA SEMARANG,PODOREJO,TPS 015,215,189,10,58,121,0.0529,0.3069,0.6402,0.8791,11,200,False,https://pemilu2024.kpu.go.id/pilpres/hitung-suara/33/3374/337415/3374151002/3374151002015,2024-02-21 22:00:00,PASLON 03
JAWA TENGAH,KOTA SEMARANG,NGALIYAN,PODOREJO,3374151002016,15,92,108,215,3374151002016,KOTA SEMARANG,PODOREJO,TPS 016,254,215,15,92,108,0.0698,0.4279,0.5023,0.8465,8,223,False,https://pemilu2024.kpu.go.id/pilpres/hitung-suara/33/3374/337415/3374151002/3374151002016,2024-02-24 22:31:28,PASLON 03
JAWA TENGAH,KOTA SEMARANG,NGALIYAN,PODOREJO,3374151002017,28,95,100,223,3374151002017,KOTA SEMARANG,PODOREJO,TPS 017,257,223,28,95,100,0.1256,0.426,0.4484,0.8677,6,229,False,https://pemilu2024.kpu.go.id/pilpres/hitung-suara/33/3374/337415/3374151002/3374151002017,2024-02-19 06:16:00,PASLON 03
JAWA TENGAH,KOTA SEMARANG,NGALIYAN,PODOREJO,3374151002018,21,77,114,212,3374151002018,KOTA SEMARANG,PODOREJO,TPS 018,279,212,21,77,114,0.0991,0.3632,0.5377,0.7599,4,216,True,https://pemilu2024.kpu.go.id/pilpres/hitung-suara/33/3374/337415/3374151002/3374151002018,2024-02-16 16:25:10,PASLON 03
JAWA TENGAH,KOTA SEMARANG,NGALIYAN,PODOREJO,3374151002019,9,82,122,213,3374151002019,KOTA SEMARANG,PODOREJO,TPS 019,246,213,9,82,122,0.0423,0.385,0.5728,0.8659,8,221,False,https://pemilu2024.kpu.go.id/pilpres/hitung-suara/33/3374/337415/3374151002/3374151002019,2024-02-24 22:31:28,PASLON 03
JAWA TENGAH,KOTA SEMARANG,NGALIYAN,PODOREJO,3374151002020,14,130,95,239,3374151002020,KOTA SEMARANG,PODOREJO,TPS 020,274,239,14,130,95,0.0586,0.5439,0.3975,0.8723,10,249,False,https://pemilu2024.kpu.go.id/pilpres/hitung-suara/33/3374/337415/3374151002/3374151002020,2024-02-15 12:00:28,PASLON 02
JAWA TENGAH,KOTA SEMARANG,NGALIYAN,PODOREJO,3374151002021,11,113,99,223,3374151002021,KOTA SEMARANG,PODOREJO,TPS 021,258,223,11,113,99,0.0493,0.5067,0.4439,0.8643,11,234,False,https://pemilu2024.kpu.go.id/pilpres/hitung-suara/33/3374/337415/3374151002/3374151002021,2024-02-16 09:00:28,PASLON 02
JAWA TENGAH,KOTA SEMARANG,NGALIYAN,PODOREJO,3374151002022,12,123,103,238,3374151002022,KOTA SEMARANG,PODOREJO,TPS 022,272,238,12,123,103,0.0504,0.5168,0.4328,0.875,10,248,False,https://pemilu2024.kpu.go.id/pilpres/hitung-suara/33/3374/337415/3374151002/3374151002022,2024-02-16 04:00:27,PASLON 02
JAWA TENGAH,KOTA SEMARANG,NGALIYAN,PODOREJO,3374151002023,14,135,98,247,3374151002023,KOTA SEMARANG,PODOREJO,TPS 023,279,247,14,135,98,0.0567,0.5466,0.3968,0.8853,8,255,False,https://pemilu2024.kpu.go.id/pilpres/hitung-suara/33/3374/337415/3374151002/3374151002023,2024-02-15 00:41:44,PASLON 02
JAWA TENGAH,KOTA SEMARANG,NGALIYAN,PODOREJO,3374151002024,20,111,122,253,3374151002024,KOTA SEMARANG,PODOREJO,TPS 024,279,253,20,111,122,0.0791,0.4387,0.4822,0.9068,0,253,True,https://pemilu2024.kpu.go.id/pilpres/hitung-suara/33/3374/337415/3374151002/3374151002024,2024-02-16 16:25:10,PASLON 03
JAWA TENGAH,KOTA SEMARANG,NGALIYAN,PODOREJO,3374151002025,10,140,63,213,3374151002025,KOTA SEMARANG,PODOREJO,TPS 025,232,213,10,140,63,0.0469,0.6573,0.2958,0.9181,6,219,False,https://pemilu2024.kpu.go.id/pilpres/hitung-suara/33/3374/337415/3374151002/3374151002025,2024-02-15 21:01:18,PASLON 02
JAWA TENGAH,KOTA SEMARANG,NGALIYAN,PODOREJO,3374151002026,17,162,74,253,3374151002026,KOTA SEMARANG,PODOREJO,TPS 026,287,253,17,162,74,0.0672,0.6403,0.2925,0.8815,11,264,False,https://pemilu2024.kpu.go.id/pilpres/hitung-suara/33/3374/337415/3374151002/3374151002026,2024-02-19 06:16:00,PASLON 02
JAWA TENGAH,KOTA SEMARANG,NGALIYAN,PURWOYOSO,3374151004001,34,119,70,223,3374151004001,KOTA SEMARANG,PURWOYOSO,TPS 001,288,223,34,119,70,0.1525,0.5336,0.3139,0.7743,4,227,False,https://pemilu2024.kpu.go.id/pilpres/hitung-suara/33/3374/337415/3374151004/3374151004001,2024-02-15 00:41:44,PASLON 02
JAWA TENGAH,KOTA SEMARANG,NGALIYAN,PURWOYOSO,3374151004002,43,122,90,255,3374151004002,KOTA SEMARANG,PURWOYOSO,TPS 002,280,255,43,122,90,0.1686,0.4784,0.3529,0.9107,5,260,False,https://pemilu2024.kpu.go.id/pilpres/hitung-suara/33/3374/337415/3374151004/3374151004002,2024-02-14 21:46:01,PASLON 02
JAWA TENGAH,KOTA SEMARANG,NGALIYAN,PURWOYOSO,3374151004003,40,128,75,243,3374151004003,KOTA SEMARANG,PURWOYOSO,TPS 003,288,243,40,128,75,0.1646,0.5267,0.3086,0.8438,6,249,False,https://pemilu2024.kpu.go.id/pilpres/hitung-suara/33/3374/337415/3374151004/3374151004003,2024-02-16 12:51:22,PASLON 02
JAWA TENGAH,KOTA SEMARANG,NGALIYAN,PURWOYOSO,3374151004004,32,109,91,232,3374151004004,KOTA SEMARANG,PURWOYOSO,TPS 004,274,232,32,109,91,0.1379,0.4698,0.3922,0.8467,7,239,False,https://pemilu2024.kpu.go.id/pilpres/hitung-suara/33/3374/337415/3374151004/3374151004004,2024-02-15 18:30:25,PASLON 02
JAWA TENGAH,KOTA SEMARANG,NGALIYAN,PURWOYOSO,3374151004005,34,122,81,237,3374151004005,KOTA SEMARANG,PURWOYOSO,TPS 005,270,237,34,122,81,0.1435,0.5148,0.3418,0.8778,5,242,False,https://pemilu2024.kpu.go.id/pilpres/hitung-suara/33/3374/337415/3374151004/3374151004005,2024-02-17 18:30:00,PASLON 02
JAWA TENGAH,KOTA SEMARANG,NGALIYAN,PURWOYOSO,3374151004006,34,112,97,243,3374151004006,KOTA SEMARANG,PURWOYOSO,TPS 006,291,243,34,112,97,0.1399,0.4609,0.3992,0.8351,9,252,False,https://pemilu2024.kpu.go.id/pilpres/hitung-suara/33/3374/337415/3374151004/3374151004006,2024-02-15 21:01:18,PASLON 02
JAWA TENGAH,KOTA SEMARANG,NGALIYAN,PURWOYOSO,3374151004007,43,128,65,236,3374151004007,KOTA SEMARANG,PURWOYOSO,TPS 007,238,236,43,128,65,0.1822,0.5424,0.2754,0.9916,9,245,False,https://pemilu2024.kpu.go.id/pilpres/hitung-suara/33/3374/337415/3374151004/3374151004007,2024-02-14 21:46:01,PASLON 02
JAWA TENGAH,KOTA SEMARANG,NGALIYAN,PURWOYOSO,3374151004008,29,131,83,243,3374151004008,KOTA SEMARANG,PURWOYOSO,TPS 008,285,243,29,131,83,0.1193,0.5391,0.3416,0.8526,5,248,False,https://pemilu2024.kpu.go.id/pilpres/hitung-suara/33/3374/337415/3374151004/3374151004008,2024-02-15 00:41:44,PASLON 02
JAWA TENGAH,KOTA SEMARANG,NGALIYAN,PURWOYOSO,3374151004009,52,110,88,250,3374151004009,KOTA SEMARANG,PURWOYOSO,TPS 009,291,250,52,110,88,0.208,0.44,0.352,0.8591,7,257,False,https://pemilu2024.kpu.go.id/pilpres/hitung-suara/33/3374/337415/3374151004/3374151004009,2024-02-14 21:46:01,PASLON 02
JAWA TENGAH,KOTA SEMARANG,NGALIYAN,PURWOYOSO,3374151004010,36,104,93,233,3374151004010,KOTA SEMARANG,PURWOYOSO,TPS 010,295,233,36,104,93,0.1545,0.4464,0.3991,0.7898,4,237,False,https://pemilu2024.kpu.go.id/pilpres/hitung-suara/33/3374/337415/3374151004/3374151004010,2024-02-16 22:01:00,PASLON 02
JAWA TENGAH,KOTA SEMARANG,NGALIYAN,PURWOYOSO,3374151004011,31,102,90,223,3374151004011,KOTA SEMARANG,PURWOYOSO,TPS 011,282,223,31,102,90,0.139,0.4574,0.4036,0.7908,5,228,False,https://pemilu2024.kpu.go.id/pilpres/hitung-suara/33/3374/337415/3374151004/3374151004011,2024-02-19 06:16:00,PASLON 02
JAWA TENGAH,KOTA SEMARANG,NGALIYAN,PURWOYOSO,3374151004012,26,90,88,204,3374151004012,KOTA SEMARANG,PURWOYOSO,TPS 012,274,204,26,90,88,0.1275,0.4412,0.4314,0.7445,0,204,True,https://pemilu2024.kpu.go.id/pilpres/hitung-suara/33/3374/337415/3374151004/3374151004012,2024-02-16 09:00:28,PASLON 02
JAWA TENGAH,KOTA SEMARANG,NGALIYAN,PURWOYOSO,3374151004013,24,114,90,228,3374151004013,KOTA SEMARANG,PURWOYOSO,TPS 013,255,228,24,114,90,0.1053,0.5,0.3947,0.8941,5,233,False,https://pemilu2024.kpu.go.id/pilpres/hitung-suara/33/3374/337415/3374151004/3374151004013,2024-02-17 18:30:00,PASLON 02
JAWA TENGAH,KOTA SEMARANG,NGALIYAN,PURWOYOSO,3374151004014,18,83,114,215,3374151004014,KOTA SEMARANG,PURWOYOSO,TPS 014,249,215,18,83,114,0.0837,0.386,0.5302,0.8635,6,221,False,https://pemilu2024.kpu.go.id/pilpres/hitung-suara/33/3374/337415/3374151004/3374151004014,2024-02-16 16:25:10,PASLON 03
JAWA TENGAH,KOTA SEMARANG,NGALIYAN,PURWOYOSO,3374151004015,31,108,101,240,3374151004015,KOTA SEMARANG,PURWOYOSO,TPS 015,269,240,31,108,101,0.1292,0.45,0.4208,0.8922,6,246,False,https://pemilu2024.kpu.go.id/pilpres/hitung-suara/33/3374/337415/3374151004/3374151004015,2024-02-15 00:41:44,PASLON 02
JAWA TENGAH,KOTA SEMARANG,NGALIYAN,PURWOYOSO,3374151004016,34,151,78,263,3374151004016,KOTA SEMARANG,PURWOYOSO,TPS 016,295,263,34,151,78,0.1293,0.5741,0.2966,0.8915,3,266,False,https://pemilu2024.kpu.go.id/pilpres/hitung-suara/33/3374/337415/3374151004/3374151004016,2024-02-15 00:41:44,PASLON 02
JAWA TENGAH,KOTA SEMARANG,NGALIYAN,PURWOYOSO,3374151004017,45,97,92,234,3374151004017,KOTA SEMARANG,PURWOYOSO,TPS 017,296,234,45,97,92,0.1923,0.4145,0.3932,0.7905,7,241,False,https://pemilu2024.kpu.go.id/pilpres/hitung-suara/33/3374/337415/3374151004/3374151004017,2024-02-15 15:00:29,PASLON 02
JAWA TENGAH,KOTA SEMARANG,NGALIYAN,PURWOYOSO,3374151004018,14,97,71,182,3374151004018,KOTA SEMARANG,PURWOYOSO,TPS 018,236,182,14,97,71,0.0769,0.533,0.3901,0.7712,6,192,False,https://pemilu2024.kpu.go.id/pilpres/hitung-suara/33/3374/337415/3374151004/3374151004018,2024-02-19 06:16:00,PASLON 02
JAWA TENGAH,KOTA SEMARANG,NGALIYAN,PURWOYOSO,3374151004019,14,98,89,201,3374151004019,KOTA SEMARANG,PURWOYOSO,TPS 019,223,201,14,98,89,0.0697,0.4876,0.4428,0.9013,5,206,False,https://pemilu2024.kpu.go.id/pilpres/hitung-suara/33/3374/337415/3374151004/3374151004019,2024-02-16 09:00:28,PASLON 02
JAWA TENGAH,KOTA SEMARANG,NGALIYAN,PURWOYOSO,3374151004020,46,85,80,211,3374151004020,KOTA SEMARANG,PURWOYOSO,TPS 020,234,211,46,85,80,0.218,0.4028,0.3791,0.9017,3,214,False,https://pemilu2024.kpu.go.id/pilpres/hitung-suara/33/3374/337415/3374151004/3374151004020,2024-02-21 13:00:00,PASLON 02
JAWA TENGAH,KOTA SEMARANG,NGALIYAN,PURWOYOSO,3374151004022,29,108,87,224,3374151004022,KOTA SEMARANG,PURWOYOSO,TPS 022,244,224,29,108,87,0.1295,0.4821,0.3884,0.918,8,232,False,https://pemilu2024.kpu.go.id/pilpres/hitung-suara/33/3374/337415/3374151004/3374151004022,2024-02-15 21:01:18,PASLON 02
JAWA TENGAH,KOTA SEMARANG,NGALIYAN,PURWOYOSO,3374151004023,35,70,65,170,3374151004023,KOTA SEMARANG,PURWOYOSO,TPS 023,188,170,35,70,65,0.2059,0.4118,0.3824,0.9043,5,175,False,https://pemilu2024.kpu.go.id/pilpres/hitung-suara/33/3374/337415/3374151004/3374151004023,2024-02-15 22:30:27,PASLON 02
JAWA TENGAH,KOTA SEMARANG,NGALIYAN,PURWOYOSO,3374151004024,38,79,76,193,3374151004024,KOTA SEMARANG,PURWOYOSO,TPS 024,193,193,38,79,76,0.1969,0.4093,0.3938,1.0,8,201,False,https://pemilu2024.kpu.go.id/pilpres/hitung-suara/33/3374/337415/3374151004/3374151004024,2024-02-14 21:46:01,PASLON 02
JAWA TENGAH,KOTA SEMARANG,NGALIYAN,PURWOYOSO,3374151004025,62,90,73,225,3374151004025,KOTA SEMARANG,PURWOYOSO,TPS 025,274,225,62,90,73,0.2756,0.4,0.3244,0.8212,0,225,True,https://pemilu2024.kpu.go.id/pilpres/hitung-suara/33/3374/337415/3374151004/3374151004025,2024-02-21 11:00:00,PASLON 02
JAWA TENGAH,KOTA SEMARANG,NGALIYAN,PURWOYOSO,3374151004026,63,71,64,198,3374151004026,KOTA SEMARANG,PURWOYOSO,TPS 026,217,198,63,71,64,0.3182,0.3586,0.3232,0.9124,4,222,False,https://pemilu2024.kpu.go.id/pilpres/hitung-suara/33/3374/337415/3374151004/3374151004026,2024-02-19 06:16:00,PASLON 02
JAWA TENGAH,KOTA SEMARANG,NGALIYAN,PURWOYOSO,3374151004027,66,92,69,227,3374151004027,KOTA SEMARANG,PURWOYOSO,TPS 027,228,227,66,92,69,0.2907,0.4053,0.304,0.9956,5,232,False,https://pemilu2024.kpu.go.id/pilpres/hitung-suara/33/3374/337415/3374151004/3374151004027,2024-02-19 06:16:00,PASLON 02
JAWA TENGAH,KOTA SEMARANG,NGALIYAN,PURWOYOSO,3374151004028,83,99,59,241,3374151004028,KOTA SEMARANG,PURWOYOSO,TPS 028,263,241,83,99,59,0.3444,0.4108,0.2448,0.9163,6,247,False,https://pemilu2024.kpu.go.id/pilpres/hitung-suara/33/3374/337415/3374151004/3374151004028,2024-02-19 13:00:00,PASLON 02
JAWA TENGAH,KOTA SEMARANG,NGALIYAN,PURWOYOSO,3374151004029,49,131,75,255,3374151004029,KOTA SEMARANG,PURWOYOSO,TPS 029,295,255,49,131,75,0.1922,0.5137,0.2941,0.8644,8,263,False,https://pemilu2024.kpu.go.id/pilpres/hitung-suara/33/3374/337415/3374151004/3374151004029,2024-02-15 00:41:44,PASLON 02
JAWA TENGAH,KOTA SEMARANG,NGALIYAN,PURWOYOSO,3374151004030,46,147,84,277,3374151004030,KOTA SEMARANG,PURWOYOSO,TPS 030,277,277,46,147,84,0.1661,0.5307,0.3032,1.0,0,277,True,https://pemilu2024.kpu.go.id/pilpres/hitung-suara/33/3374/337415/3374151004/3374151004030,2024-02-15 03:06:03,PASLON 02
JAWA TENGAH,KOTA SEMARANG,NGALIYAN,PURWOYOSO,3374151004031,14,151,104,269,3374151004031,KOTA SEMARANG,PURWOYOSO,TPS 031,276,269,14,151,104,0.052,0.5613,0.3866,0.9746,6,275,False,https://pemilu2024.kpu.go.id/pilpres/hitung-suara/33/3374/337415/3374151004/3374151004031,2024-02-14 21:46:01,PASLON 02
JAWA TENGAH,KOTA SEMARANG,NGALIYAN,PURWOYOSO,3374151004032,33,139,89,261,3374151004032,KOTA SEMARANG,PURWOYOSO,TPS 032,292,261,33,139,89,0.1264,0.5326,0.341,0.8938,4,265,False,https://pemilu2024.kpu.go.id/pilpres/hitung-suara/33/3374/337415/3374151004/3374151004032,2024-02-19 06:16:00,PASLON 02
JAWA TENGAH,KOTA SEMARANG,NGALIYAN,PURWOYOSO,3374151004033,51,157,58,266,3374151004033,KOTA SEMARANG,PURWOYOSO,TPS 033,288,266,51,157,58,0.1917,0.5902,0.218,0.9236,6,272,False,https://pemilu2024.kpu.go.id/pilpres/hitung-suara/33/3374/337415/3374151004/3374151004033,2024-02-17 13:37:34,PASLON 02
JAWA TENGAH,KOTA SEMARANG,NGALIYAN,PURWOYOSO,3374151004034,27,137,89,253,3374151004034,KOTA SEMARANG,PURWOYOSO,TPS 034,289,253,27,137,89,0.1067,0.5415,0.3518,0.8754,7,260,False,https://pemilu2024.kpu.go.id/pilpres/hitung-suara/33/3374/337415/3374151004/3374151004034,2024-02-24 22:31:28,PASLON 02
JAWA TENGAH,KOTA SEMARANG,NGALIYAN,PURWOYOSO,3374151004035,24,128,77,229,3374151004035,KOTA SEMARANG,PURWOYOSO,TPS 035,247,229,24,128,77,0.1048,0.559,0.3362,0.9271,4,233,False,https://pemilu2024.kpu.go.id/pilpres/hitung-suara/33/3374/337415/3374151004/3374151004035,2024-02-14 21:46:01,PASLON 02
JAWA TENGAH,KOTA SEMARANG,NGALIYAN,PURWOYOSO,3374151004036,9,113,85,207,3374151004036,KOTA SEMARANG,PURWOYOSO,TPS 036,238,207,9,113,85,0.0435,0.5459,0.4106,0.8697,2,209,False,https://pemilu2024.kpu.go.id/pilpres/hitung-suara/33/3374/337415/3374151004/3374151004036,2024-02-24 22:31:28,PASLON 02
JAWA TENGAH,KOTA SEMARANG,NGALIYAN,PURWOYOSO,3374151004037,12,141,58,211,3374151004037,KOTA SEMARANG,PURWOYOSO,TPS 037,274,211,12,141,58,0.0569,0.6682,0.2749,0.7701,0,211,True,https://pemilu2024.kpu.go.id/pilpres/hitung-suara/33/3374/337415/3374151004/3374151004037,2024-02-22 16:00:00,PASLON 02
JAWA TENGAH,KOTA SEMARANG,NGALIYAN,PURWOYOSO,3374151004038,23,85,86,194,3374151004038,KOTA SEMARANG,PURWOYOSO,TPS 038,274,194,23,85,86,0.1186,0.4381,0.4433,0.708,6,200,True,https://pemilu2024.kpu.go.id/pilpres/hitung-suara/33/3374/337415/3374151004/3374151004038,2024-02-19 06:16:00,PASLON 03
JAWA TENGAH,KOTA SEMARANG,NGALIYAN,PURWOYOSO,3374151004039,16,118,73,207,3374151004039,KOTA SEMARANG,PURWOYOSO,TPS 039,258,207,16,118,73,0.0773,0.57,0.3527,0.8023,12,219,False,https://pemilu2024.kpu.go.id/pilpres/hitung-suara/33/3374/337415/3374151004/3374151004039,2024-02-15 16:00:26,PASLON 02
JAWA TENGAH,KOTA SEMARANG,NGALIYAN,PURWOYOSO,3374151004040,16,134,89,239,3374151004040,KOTA SEMARANG,PURWOYOSO,TPS 040,274,239,16,134,89,0.0669,0.5607,0.3724,0.8723,1,240,True,https://pemilu2024.kpu.go.id/pilpres/hitung-suara/33/3374/337415/3374151004/3374151004040,2024-02-19 06:16:00,PASLON 02
JAWA TENGAH,KOTA SEMARANG,NGALIYAN,PURWOYOSO,3374151004041,26,97,114,237,3374151004041,KOTA SEMARANG,PURWOYOSO,TPS 041,293,237,26,97,114,0.1097,0.4093,0.481,0.8089,6,243,False,https://pemilu2024.kpu.go.id/pilpres/hitung-suara/33/3374/337415/3374151004/3374151004041,2024-02-19 06:16:00,PASLON 03
JAWA TENGAH,KOTA SEMARANG,NGALIYAN,PURWOYOSO,3374151004043,30,119,96,245,3374151004043,KOTA SEMARANG,PURWOYOSO,TPS 043,282,245,30,119,96,0.1224,0.4857,0.3918,0.8688,8,254,False,https://pemilu2024.kpu.go.id/pilpres/hitung-suara/33/3374/337415/3374151004/3374151004043,2024-02-17 18:30:00,PASLON 02
JAWA TENGAH,KOTA SEMARANG,NGALIYAN,TAMBAKAJI,3374151008001,20,127,59,206,3374151008001,KOTA SEMARANG,TAMBAKAJI,TPS 001,255,206,20,127,59,0.0971,0.6165,0.2864,0.8078,2,208,False,https://pemilu2024.kpu.go.id/pilpres/hitung-suara/33/3374/337415/3374151008/3374151008001,2024-02-19 06:16:00,PASLON 02
JAWA TENGAH,KOTA SEMARANG,NGALIYAN,TAMBAKAJI,3374151008002,41,124,75,240,3374151008002,KOTA SEMARANG,TAMBAKAJI,TPS 002,272,240,41,124,75,0.1708,0.5167,0.3125,0.8824,7,247,False,https://pemilu2024.kpu.go.id/pilpres/hitung-suara/33/3374/337415/3374151008/3374151008002,2024-02-19 06:16:00,PASLON 02
JAWA TENGAH,KOTA SEMARANG,NGALIYAN,TAMBAKAJI,3374151008003,29,98,116,243,3374151008003,KOTA SEMARANG,TAMBAKAJI,TPS 003,259,243,29,98,116,0.1193,0.4033,0.4774,0.9382,1,244,False,https://pemilu2024.kpu.go.id/pilpres/hitung-suara/33/3374/337415/3374151008/3374151008003,2024-02-19 06:16:00,PASLON 03
JAWA TENGAH,KOTA SEMARANG,NGALIYAN,TAMBAKAJI,3374151008004,28,116,68,212,3374151008004,KOTA SEMARANG,TAMBAKAJI,TPS 004,250,212,28,116,68,0.1321,0.5472,0.3208,0.848,3,215,False,https://pemilu2024.kpu.go.id/pilpres/hitung-suara/33/3374/337415/3374151008/3374151008004,2024-02-24 22:31:28,PASLON 02
JAWA TENGAH,KOTA SEMARANG,NGALIYAN,TAMBAKAJI,3374151008005,32,112,95,239,3374151008005,KOTA SEMARANG,TAMBAKAJI,TPS 005,290,239,32,112,95,0.1339,0.4686,0.3975,0.8241,8,247,False,https://pemilu2024.kpu.go.id/pilpres/hitung-suara/33/3374/337415/3374151008/3374151008005,2024-02-24 22:31:28,PASLON 02
JAWA TENGAH,KOTA SEMARANG,NGALIYAN,TAMBAKAJI,3374151008006,40,140,87,267,3374151008006,KOTA SEMARANG,TAMBAKAJI,TPS 006,295,267,40,140,87,0.1498,0.5243,0.3258,0.9051,2,269,False,https://pemilu2024.kpu.go.id/pilpres/hitung-suara/33/3374/337415/3374151008/3374151008006,2024-02-21 16:00:00,PASLON 02
JAWA TENGAH,KOTA SEMARANG,NGALIYAN,TAMBAKAJI,3374151008007,29,123,77,229,3374151008007,KOTA SEMARANG,TAMBAKAJI,TPS 007,270,229,29,123,77,0.1266,0.5371,0.3362,0.8481,7,236,False,https://pemilu2024.kpu.go.id/pilpres/hitung-suara/33/3374/337415/3374151008/3374151008007,2024-02-14 21:46:01,PASLON 02
JAWA TENGAH,KOTA SEMARANG,NGALIYAN,TAMBAKAJI,3374151008008,47,122,86,255,3374151008008,KOTA SEMARANG,TAMBAKAJI,TPS 008,274,255,47,122,86,0.1843,0.4784,0.3373,0.9307,2,257,False,https://pemilu2024.kpu.go.id/pilpres/hitung-suara/33/3374/337415/3374151008/3374151008008,2024-02-21 14:00:00,PASLON 02
JAWA TENGAH,KOTA SEMARANG,NGALIYAN,TAMBAKAJI,3374151008009,30,157,68,255,3374151008009,KOTA SEMARANG,TAMBAKAJI,TPS 009,296,255,30,157,68,0.1176,0.6157,0.2667,0.8615,12,267,False,https://pemilu2024.kpu.go.id/pilpres/hitung-suara/33/3374/337415/3374151008/3374151008009,2024-02-19 06:16:00,PASLON 02
JAWA TENGAH,KOTA SEMARANG,NGALIYAN,TAMBAKAJI,3374151008010,104,94,48,246,3374151008010,KOTA SEMARANG,TAMBAKAJI,TPS 010,285,246,104,94,48,0.4228,0.3821,0.1951,0.8632,2,248,False,https://pemilu2024.kpu.go.id/pilpres/hitung-suara/33/3374/337415/3374151008/3374151008010,2024-02-15 22:40:13,PASLON 01
JAWA TENGAH,KOTA SEMARANG,NGALIYAN,TAMBAKAJI,3374151008011,21,98,126,245,3374151008011,KOTA SEMARANG,TAMBAKAJI,TPS 011,270,245,21,98,126,0.0857,0.4,0.5143,0.9074,7,252,False,https://pemilu2024.kpu.go.id/pilpres/hitung-suara/33/3374/337415/3374151008/3374151008011,2024-02-14 21:46:01,PASLON 03
JAWA TENGAH,KOTA SEMARANG,NGALIYAN,TAMBAKAJI,3374151008012,51,108,93,252,3374151008012,KOTA SEMARANG,TAMBAKAJI,TPS 012,288,252,51,108,93,0.2024,0.4286,0.369,0.875,3,255,False,https://pemilu2024.kpu.go.id/pilpres/hitung-suara/33/3374/337415/3374151008/3374151008012,2024-02-15 00:41:44,PASLON 02
JAWA TENGAH,KOTA SEMARANG,NGALIYAN,TAMBAKAJI,3374151008013,43,112,83,238,3374151008013,KOTA SEMARANG,TAMBAKAJI,TPS 013,273,238,43,112,83,0.1807,0.4706,0.3487,0.8718,5,243,False,https://pemilu2024.kpu.go.id/pilpres/hitung-suara/33/3374/337415/3374151008/3374151008013,2024-02-15 00:41:44,PASLON 02
JAWA TENGAH,KOTA SEMARANG,NGALIYAN,TAMBAKAJI,3374151008014,40,90,107,237,3374151008014,KOTA SEMARANG,TAMBAKAJI,TPS 014,269,237,40,90,107,0.1688,0.3797,0.4515,0.881,8,245,False,https://pemilu2024.kpu.go.id/pilpres/hitung-suara/33/3374/337415/3374151008/3374151008014,2024-02-19 06:16:00,PASLON 03
JAWA TENGAH,KOTA SEMARANG,NGALIYAN,TAMBAKAJI,3374151008015,50,100,99,249,3374151008015,KOTA SEMARANG,TAMBAKAJI,TPS 015,263,249,50,100,99,0.2008,0.4016,0.3976,0.9468,3,252,False,https://pemilu2024.kpu.go.id/pilpres/hitung-suara/33/3374/337415/3374151008/3374151008015,2024-02-24 22:31:28,PASLON 02
JAWA TENGAH,KOTA SEMARANG,NGALIYAN,TAMBAKAJI,3374151008016,34,122,88,244,3374151008016,KOTA SEMARANG,TAMBAKAJI,TPS 016,299,244,34,122,88,0.1393,0.5,0.3607,0.8161,9,253,False,https://pemilu2024.kpu.go.id/pilpres/hitung-suara/33/3374/337415/3374151008/3374151008016,2024-02-24 22:31:28,PASLON 02
JAWA TENGAH,KOTA SEMARANG,NGALIYAN,TAMBAKAJI,3374151008017,32,146,76,254,3374151008017,KOTA SEMARANG,TAMBAKAJI,TPS 017,285,254,32,146,76,0.126,0.5748,0.2992,0.8912,8,262,False,https://pemilu2024.kpu.go.id/pilpres/hitung-suara/33/3374/337415/3374151008/3374151008017,2024-02-24 22:31:28,PASLON 02
JAWA TENGAH,KOTA SEMARANG,NGALIYAN,TAMBAKAJI,3374151008018,41,136,76,253,3374151008018,KOTA SEMARANG,TAMBAKAJI,TPS 018,289,253,41,136,76,0.1621,0.5375,0.3004,0.8754,7,260,False,https://pemilu2024.kpu.go.id/pilpres/hitung-suara/33/3374/337415/3374151008/3374151008018,2024-02-20 23:00:00,PASLON 02
JAWA TENGAH,KOTA SEMARANG,NGALIYAN,TAMBAKAJI,3374151008019,67,123,74,264,3374151008019,KOTA SEMARANG,TAMBAKAJI,TPS 019,298,264,67,123,74,0.2538,0.4659,0.2803,0.8859,2,266,False,https://pemilu2024.kpu.go.id/pilpres/hitung-suara/33/3374/337415/3374151008/3374151008019,2024-02-24 22:31:28,PASLON 02
JAWA TENGAH,KOTA SEMARANG,NGALIYAN,TAMBAKAJI,3374151008020,67,75,90,232,3374151008020,KOTA SEMARANG,TAMBAKAJI,TPS 020,267,232,67,75,90,0.2888,0.3233,0.3879,0.8689,2,234,False,https://pemilu2024.kpu.go.id/pilpres/hitung-suara/33/3374/337415/3374151008/3374151008020,2024-02-24 22:31:28,PASLON 03
JAWA TENGAH,KOTA SEMARANG,NGALIYAN,TAMBAKAJI,3374151008021,55,87,60,202,3374151008021,KOTA SEMARANG,TAMBAKAJI,TPS 021,229,202,55,87,60,0.2723,0.4307,0.297,0.8821,2,204,False,https://pemilu2024.kpu.go.id/pilpres/hitung-suara/33/3374/337415/3374151008/3374151008021,2024-02-17 19:30:00,PASLON 02
JAWA TENGAH,KOTA SEMARANG,NGALIYAN,TAMBAKAJI,3374151008022,38,75,75,188,3374151008022,KOTA SEMARANG,TAMBAKAJI,TPS 022,258,188,38,75,75,0.2021,0.3989,0.3989,0.7287,4,192,False,https://pemilu2024.kpu.go.id/pilpres/hitung-suara/33/3374/337415/3374151008/3374151008022,2024-02-15 00:41:44,PASLON 02
JAWA TENGAH,KOTA SEMARANG,NGALIYAN,TAMBAKAJI,3374151008023,44,130,65,239,3374151008023,KOTA SEMARANG,TAMBAKAJI,TPS 023,257,239,44,130,65,0.1841,0.5439,0.272,0.93,5,244,False,https://pemilu2024.kpu.go.id/pilpres/hitung-suara/33/3374/337415/3374151008/3374151008023,2024-02-24 22:31:28,PASLON 02
JAWA TENGAH,KOTA SEMARANG,NGALIYAN,TAMBAKAJI,3374151008024,33,85,40,158,3374151008024,KOTA SEMARANG,TAMBAKAJI,TPS 024,158,158,33,85,40,0.2089,0.538,0.2532,1.0,3,161,False,https://pemilu2024.kpu.go.id/pilpres/hitung-suara/33/3374/337415/3374151008/3374151008024,2024-02-14 21:46:01,PASLON 02
JAWA TENGAH,KOTA SEMARANG,NGALIYAN,TAMBAKAJI,3374151008025,29,125,59,213,3374151008025,KOTA SEMARANG,TAMBAKAJI,TPS 025,228,213,29,125,59,0.1362,0.5869,0.277,0.9342,2,215,False,https://pemilu2024.kpu.go.id/pilpres/hitung-suara/33/3374/337415/3374151008/3374151008025,2024-02-15 00:41:44,PASLON 02
JAWA TENGAH,KOTA SEMARANG,NGALIYAN,TAMBAKAJI,3374151008026,32,123,84,239,3374151008026,KOTA SEMARANG,TAMBAKAJI,TPS 026,270,239,32,123,84,0.1339,0.5146,0.3515,0.8852,6,245,False,https://pemilu2024.kpu.go.id/pilpres/hitung-suara/33/3374/337415/3374151008/3374151008026,2024-02-14 21:46:01,PASLON 02
JAWA TENGAH,KOTA SEMARANG,NGALIYAN,TAMBAKAJI,3374151008027,46,87,58,191,3374151008027,KOTA SEMARANG,TAMBAKAJI,TPS 027,211,191,46,87,58,0.2408,0.4555,0.3037,0.9052,4,195,False,https://pemilu2024.kpu.go.id/pilpres/hitung-suara/33/3374/337415/3374151008/3374151008027,2024-02-14 21:46:01,PASLON 02
JAWA TENGAH,KOTA SEMARANG,NGALIYAN,TAMBAKAJI,3374151008028,40,121,75,236,3374151008028,KOTA SEMARANG,TAMBAKAJI,TPS 028,260,236,40,121,75,0.1695,0.5127,0.3178,0.9077,3,239,False,https://pemilu2024.kpu.go.id/pilpres/hitung-suara/33/3374/337415/3374151008/3374151008028,2024-02-15 09:00:24,PASLON 02
JAWA TENGAH,KOTA SEMARANG,NGALIYAN,TAMBAKAJI,3374151008030,33,90,51,174,3374151008030,KOTA SEMARANG,TAMBAKAJI,TPS 030,176,174,33,90,51,0.1897,0.5172,0.2931,0.9886,6,180,False,https://pemilu2024.kpu.go.id/pilpres/hitung-suara/33/3374/337415/3374151008/3374151008030,2024-02-24 22:31:28,PASLON 02
JAWA TENGAH,KOTA SEMARANG,NGALIYAN,TAMBAKAJI,3374151008031,39,138,56,233,3374151008031,KOTA SEMARANG,TAMBAKAJI,TPS 031,240,233,39,138,56,0.1674,0.5923,0.2403,0.9708,7,240,False,https://pemilu2024.kpu.go.id/pilpres/hitung-suara/33/3374/337415/3374151008/3374151008031,2024-02-21 19:00:00,PASLON 02
JAWA TENGAH,KOTA SEMARANG,NGALIYAN,TAMBAKAJI,3374151008032,25,134,71,230,3374151008032,KOTA SEMARANG,TAMBAKAJI,TPS 032,242,230,25,134,71,0.1087,0.5826,0.3087,0.9504,15,245,False,https://pemilu2024.kpu.go.id/pilpres/hitung-suara/33/3374/337415/3374151008/3374151008032,2024-02-14 21:46:01,PASLON 02
JAWA TENGAH,KOTA SEMARANG,NGALIYAN,TAMBAKAJI,3374151008033,73,118,68,259,3374151008033,KOTA SEMARANG,TAMBAKAJI,TPS 033,281,259,73,118,68,0.2819,0.4556,0.2625,0.9217,2,261,False,https://pemilu2024.kpu.go.id/pilpres/hitung-suara/33/3374/337415/3374151008/3374151008033,2024-02-24 22:31:28,PASLON 02
JAWA TENGAH,KOTA SEMARANG,NGALIYAN,TAMBAKAJI,3374151008034,45,82,56,183,3374151008034,KOTA SEMARANG,TAMBAKAJI,TPS 034,239,183,45,82,56,0.2459,0.4481,0.306,0.7657,4,187,False,https://pemilu2024.kpu.go.id/pilpres/hitung-suara/33/3374/337415/3374151008/3374151008034,2024-02-21 12:00:00,PASLON 02
JAWA TENGAH,KOTA SEMARANG,NGALIYAN,TAMBAKAJI,3374151008035,39,73,89,201,3374151008035,KOTA SEMARANG,TAMBAKAJI,TPS 035,271,201,39,73,89,0.194,0.3632,0.4428,0.7417,0,201,True,https://pemilu2024.kpu.go.id/pilpres/hitung-suara/33/3374/337415/3374151008/3374151008035,2024-02-16 09:30:28,PASLON 03
JAWA TENGAH,KOTA SEMARANG,NGALIYAN,TAMBAKAJI,3374151008036,38,118,92,248,3374151008036,KOTA SEMARANG,TAMBAKAJI,TPS 036,284,248,38,118,92,0.1532,0.4758,0.371,0.8732,7,255,False,https://pemilu2024.kpu.go.id/pilpres/hitung-suara/33/3374/337415/3374151008/3374151008036,2024-02-24 22:31:28,PASLON 02
JAWA TENGAH,KOTA SEMARANG,NGALIYAN,TAMBAKAJI,3374151008037,21,109,86,216,3374151008037,KOTA SEMARANG,TAMBAKAJI,TPS 037,219,216,21,109,86,0.0972,0.5046,0.3981,0.9863,8,224,False,https://pemilu2024.kpu.go.id/pilpres/hitung-suara/33/3374/337415/3374151008/3374151008037,2024-02-14 21:46:01,PASLON 02
JAWA TENGAH,KOTA SEMARANG,NGALIYAN,TAMBAKAJI,3374151008038,44,144,86,274,3374151008038,KOTA SEMARANG,TAMBAKAJI,TPS 038,298,274,44,144,86,0.1606,0.5255,0.3139,0.9195,4,278,False,https://pemilu2024.kpu.go.id/pilpres/hitung-suara/33/3374/337415/3374151008/3374151008038,2024-02-16 09:30:28,PASLON 02
JAWA TENGAH,KOTA SEMARANG,NGALIYAN,TAMBAKAJI,3374151008039,29,123,55,207,3374151008039,KOTA SEMARANG,TAMBAKAJI,TPS 039,235,207,29,123,55,0.1401,0.5942,0.2657,0.8809,4,211,False,https://pemilu2024.kpu.go.id/pilpres/hitung-suara/33/3374/337415/3374151008/3374151008039,2024-02-24 22:31:28,PASLON 02
JAWA TENGAH,KOTA SEMARANG,NGALIYAN,TAMBAKAJI,3374151008040,40,139,104,283,3374151008040,KOTA SEMARANG,TAMBAKAJI,TPS 040,295,283,40,139,104,0.1413,0.4912,0.3675,0.9593,7,290,False,https://pemilu2024.kpu.go.id/pilpres/hitung-suara/33/3374/337415/3374151008/3374151008040,2024-02-14 21:46:01,PASLON 02
JAWA TENGAH,KOTA SEMARANG,NGALIYAN,TAMBAKAJI,3374151008041,26,157,85,268,3374151008041,KOTA SEMARANG,TAMBAKAJI,TPS 041,299,268,26,157,85,0.097,0.5858,0.3172,0.8963,15,283,False,https://pemilu2024.kpu.go.id/pilpres/hitung-suara/33/3374/337415/3374151008/3374151008041,2024-02-24 22:31:28,PASLON 02
JAWA TENGAH,KOTA SEMARANG,NGALIYAN,TAMBAKAJI,3374151008042,23,155,69,247,3374151008042,KOTA SEMARANG,TAMBAKAJI,TPS 042,280,247,23,155,69,0.0931,0.6275,0.2794,0.8821,13,260,False,https://pemilu2024.kpu.go.id/pilpres/hitung-suara/33/3374/337415/3374151008/3374151008042,2024-02-15 19:30:26,PASLON 02
JAWA TENGAH,KOTA SEMARANG,NGALIYAN,TAMBAKAJI,3374151008043,25,141,74,240,3374151008043,KOTA SEMARANG,TAMBAKAJI,TPS 043,269,240,25,141,74,0.1042,0.5875,0.3083,0.8922,4,244,False,https://pemilu2024.kpu.go.id/pilpres/hitung-suara/33/3374/337415/3374151008/3374151008043,2024-02-21 09:00:00,PASLON 02
JAWA TENGAH,KOTA SEMARANG,NGALIYAN,TAMBAKAJI,3374151008044,39,147,68,254,3374151008044,KOTA SEMARANG,TAMBAKAJI,TPS 044,285,254,39,147,68,0.1535,0.5787,0.2677,0.8912,7,261,False,https://pemilu2024.kpu.go.id/pilpres/hitung-suara/33/3374/337415/3374151008/3374151008044,2024-02-19 06:16:00,PASLON 02
JAWA TENGAH,KOTA SEMARANG,NGALIYAN,TAMBAKAJI,3374151008045,26,128,77,231,3374151008045,KOTA SEMARANG,TAMBAKAJI,TPS 045,294,231,26,128,77,0.1126,0.5541,0.3333,0.7857,8,239,False,https://pemilu2024.kpu.go.id/pilpres/hitung-suara/33/3374/337415/3374151008/3374151008045,2024-02-24 22:31:28,PASLON 02
JAWA TENGAH,KOTA SEMARANG,NGALIYAN,TAMBAKAJI,3374151008046,23,169,71,263,3374151008046,KOTA SEMARANG,TAMBAKAJI,TPS 046,287,263,23,169,71,0.0875,0.6426,0.27,0.9164,2,265,False,https://pemilu2024.kpu.go.id/pilpres/hitung-suara/33/3374/337415/3374151008/3374151008046,2024-02-17 19:30:00,PASLON 02
JAWA TENGAH,KOTA SEMARANG,NGALIYAN,TAMBAKAJI,3374151008047,24,153,86,263,3374151008047,KOTA SEMARANG,TAMBAKAJI,TPS 047,296,263,24,153,86,0.0913,0.5817,0.327,0.8885,8,271,False,https://pemilu2024.kpu.go.id/pilpres/hitung-suara/33/3374/337415/3374151008/3374151008047,2024-02-24 22:31:28,PASLON 02
JAWA TENGAH,KOTA SEMARANG,NGALIYAN,TAMBAKAJI,3374151008048,20,160,83,263,3374151008048,KOTA SEMARANG,TAMBAKAJI,TPS 048,271,263,20,160,83,0.076,0.6084,0.3156,0.9705,0,263,True,https://pemilu2024.kpu.go.id/pilpres/hitung-suara/33/3374/337415/3374151008/3374151008048,2024-02-24 22:31:28,PASLON 02
JAWA TENGAH,KOTA SEMARANG,NGALIYAN,TAMBAKAJI,3374151008049,25,133,114,272,3374151008049,KOTA SEMARANG,TAMBAKAJI,TPS 049,288,272,25,133,114,0.0919,0.489,0.4191,0.9444,1,273,False,https://pemilu2024.kpu.go.id/pilpres/hitung-suara/33/3374/337415/3374151008/3374151008049,2024-02-24 22:31:28,PASLON 02
JAWA TENGAH,KOTA SEMARANG,NGALIYAN,TAMBAKAJI,3374151008050,18,155,72,245,3374151008050,KOTA SEMARANG,TAMBAKAJI,TPS 050,283,245,18,155,72,0.0735,0.6327,0.2939,0.8657,8,253,False,https://pemilu2024.kpu.go.id/pilpres/hitung-suara/33/3374/337415/3374151008/3374151008050,2024-02-21 17:00:00,PASLON 02
JAWA TENGAH,KOTA SEMARANG,NGALIYAN,TAMBAKAJI,3374151008051,36,155,70,261,3374151008051,KOTA SEMARANG,TAMBAKAJI,TPS 051,271,261,36,155,70,0.1379,0.5939,0.2682,0.9631,0,261,True,https://pemilu2024.kpu.go.id/pilpres/hitung-suara/33/3374/337415/3374151008/3374151008051,2024-02-16 09:30:28,PASLON 02
JAWA TENGAH,KOTA SEMARANG,NGALIYAN,TAMBAKAJI,3374151008052,21,156,73,250,3374151008052,KOTA SEMARANG,TAMBAKAJI,TPS 052,271,250,21,156,73,0.084,0.624,0.292,0.9225,0,250,True,https://pemilu2024.kpu.go.id/pilpres/hitung-suara/33/3374/337415/3374151008/3374151008052,2024-02-22 16:00:00,PASLON 02
JAWA TENGAH,KOTA SEMARANG,NGALIYAN,TAMBAKAJI,3374151008053,46,148,64,258,3374151008053,KOTA SEMARANG,TAMBAKAJI,TPS 053,292,258,46,148,64,0.1783,0.5736,0.2481,0.8836,7,265,False,https://pemilu2024.kpu.go.id/pilpres/hitung-suara/33/3374/337415/3374151008/3374151008053,2024-02-24 22:31:28,PASLON 02
JAWA TENGAH,KOTA SEMARANG,NGALIYAN,TAMBAKAJI,3374151008054,47,71,47,165,3374151008054,KOTA SEMARANG,TAMBAKAJI,TPS 054,187,165,47,71,47,0.2848,0.4303,0.2848,0.8824,0,165,False,https://pemilu2024.kpu.go.id/pilpres/hitung-suara/33/3374/337415/3374151008/3374151008054,2024-02-15 09:00:24,PASLON 02
JAWA TENGAH,KOTA SEMARANG,NGALIYAN,TAMBAKAJI,3374151008055,49,62,52,163,3374151008055,KOTA SEMARANG,TAMBAKAJI,TPS 055,184,163,49,62,52,0.3006,0.3804,0.319,0.8859,3,166,False,https://pemilu2024.kpu.go.id/pilpres/hitung-suara/33/3374/337415/3374151008/3374151008055,2024-02-16 23:00:00,PASLON 02
JAWA TENGAH,KOTA SEMARANG,NGALIYAN,TAMBAKAJI,3374151008056,45,133,92,270,3374151008056,KOTA SEMARANG,TAMBAKAJI,TPS 056,300,270,45,133,92,0.1667,0.4926,0.3407,0.9,3,273,False,https://pemilu2024.kpu.go.id/pilpres/hitung-suara/33/3374/337415/3374151008/3374151008056,2024-02-14 21:46:01,PASLON 02
JAWA TENGAH,KOTA SEMARANG,NGALIYAN,TAMBAKAJI,3374151008057,42,125,79,246,3374151008057,KOTA SEMARANG,TAMBAKAJI,TPS 057,264,246,42,125,79,0.1707,0.5081,0.3211,0.9318,0,246,False,https://pemilu2024.kpu.go.id/pilpres/hitung-suara/33/3374/337415/3374151008/3374151008057,2024-02-24 22:31:28,PASLON 02
JAWA TENGAH,KOTA SEMARANG,NGALIYAN,WATES,3374151010001,17,121,68,206,3374151010001,KOTA SEMARANG,WATES,TPS 001,267,206,17,121,68,0.0825,0.5874,0.3301,0.7715,14,220,False,https://pemilu2024.kpu.go.id/pilpres/hitung-suara/33/3374/337415/3374151010/3374151010001,2024-02-15 21:01:18,PASLON 02
JAWA TENGAH,KOTA SEMARANG,NGALIYAN,WATES,3374151010002,44,120,71,235,3374151010002,KOTA SEMARANG,WATES,TPS 002,270,235,44,120,71,0.1872,0.5106,0.3021,0.8704,10,245,False,https://pemilu2024.kpu.go.id/pilpres/hitung-suara/33/3374/337415/3374151010/3374151010002,2024-02-17 08:00:02,PASLON 02
JAWA TENGAH,KOTA SEMARANG,NGALIYAN,WATES,3374151010003,37,158,59,254,3374151010003,KOTA SEMARANG,WATES,TPS 003,292,254,37,158,59,0.1457,0.622,0.2323,0.8699,4,258,False,https://pemilu2024.kpu.go.id/pilpres/hitung-suara/33/3374/337415/3374151010/3374151010003,2024-02-22 00:00:00,PASLON 02
JAWA TENGAH,KOTA SEMARANG,NGALIYAN,WATES,3374151010004,38,126,71,235,3374151010004,KOTA SEMARANG,WATES,TPS 004,287,235,38,126,71,0.1617,0.5362,0.3021,0.8188,8,243,False,https://pemilu2024.kpu.go.id/pilpres/hitung-suara/33/3374/337415/3374151010/3374151010004,2024-02-17 19:30:00,PASLON 02
JAWA TENGAH,KOTA SEMARANG,NGALIYAN,WATES,3374151010005,35,139,70,244,3374151010005,KOTA SEMARANG,WATES,TPS 005,257,244,35,139,70,0.1434,0.5697,0.2869,0.9494,7,251,False,https://pemilu2024.kpu.go.id/pilpres/hitung-suara/33/3374/337415/3374151010/3374151010005,2024-02-15 00:41:44,PASLON 02
JAWA TENGAH,KOTA SEMARANG,NGALIYAN,WATES,3374151010006,19,113,82,214,3374151010006,KOTA SEMARANG,WATES,TPS 006,271,214,19,113,82,0.0888,0.528,0.3832,0.7897,7,221,False,https://pemilu2024.kpu.go.id/pilpres/hitung-suara/33/3374/337415/3374151010/3374151010006,2024-02-14 21:46:01,PASLON 02
JAWA TENGAH,KOTA SEMARANG,NGALIYAN,WATES,3374151010007,73,136,53,262,3374151010007,KOTA SEMARANG,WATES,TPS 007,295,262,73,136,53,0.2786,0.5191,0.2023,0.8881,4,266,False,https://pemilu2024.kpu.go.id/pilpres/hitung-suara/33/3374/337415/3374151010/3374151010007,2024-02-16 17:00:00,PASLON 02
JAWA TENGAH,KOTA SEMARANG,NGALIYAN,WATES,3374151010008,29,150,71,250,3374151010008,KOTA SEMARANG,WATES,TPS 008,293,250,29,150,71,0.116,0.6,0.284,0.8532,5,255,False,https://pemilu2024.kpu.go.id/pilpres/hitung-suara/33/3374/337415/3374151010/3374151010008,2024-02-21 13:00:00,PASLON 02
JAWA TENGAH,KOTA SEMARANG,NGALIYAN,WATES,3374151010009,18,125,72,215,3374151010009,KOTA SEMARANG,WATES,TPS 009,254,215,18,125,72,0.0837,0.5814,0.3349,0.8465,7,222,False,https://pemilu2024.kpu.go.id/pilpres/hitung-suara/33/3374/337415/3374151010/3374151010009,2024-02-14 21:46:01,PASLON 02
JAWA TENGAH,KOTA SEMARANG,NGALIYAN,WATES,3374151010010,19,125,92,236,3374151010010,KOTA SEMARANG,WATES,TPS 010,266,236,19,125,92,0.0805,0.5297,0.3898,0.8872,3,239,False,https://pemilu2024.kpu.go.id/pilpres/hitung-suara/33/3374/337415/3374151010/3374151010010,2024-02-16 21:01:00,PASLON 02
JAWA TENGAH,KOTA SEMARANG,NGALIYAN,WATES,3374151010011,22,137,61,220,3374151010011,KOTA SEMARANG,WATES,TPS 011,248,220,22,137,61,0.1,0.6227,0.2773,0.8871,10,230,False,https://pemilu2024.kpu.go.id/pilpres/hitung-suara/33/3374/337415/3374151010/3374151010011,2024-02-17 19:30:00,PASLON 02
JAWA TENGAH,KOTA SEMARANG,NGALIYAN,WATES,3374151010012,49,139,66,254,3374151010012,KOTA SEMARANG,WATES,TPS 012,289,254,49,139,66,0.1929,0.5472,0.2598,0.8789,9,263,False,https://pemilu2024.kpu.go.id/pilpres/hitung-suara/33/3374/337415/3374151010/3374151010012,2024-02-15 12:00:28,PASLON 02
JAWA TENGAH,KOTA SEMARANG,NGALIYAN,WATES,3374151010013,26,130,58,214,3374151010013,KOTA SEMARANG,WATES,TPS 013,226,214,26,130,58,0.1215,0.6075,0.271,0.9469,2,216,False,https://pemilu2024.kpu.go.id/pilpres/hitung-suara/33/3374/337415/3374151010/3374151010013,2024-02-20 11:00:00,PASLON 02
JAWA TENGAH,KOTA SEMARANG,NGALIYAN,WATES,3374151010014,27,136,53,216,3374151010014,KOTA SEMARANG,WATES,TPS 014,264,216,27,136,53,0.125,0.6296,0.2454,0.8182,9,225,False,https://pemilu2024.kpu.go.id/pilpres/hitung-suara/33/3374/337415/3374151010/3374151010014,2024-02-17 18:00:00,PASLON 02
JAWA TENGAH,KOTA SEMARANG,NGALIYAN,WATES,3374151010015,43,131,52,226,3374151010015,KOTA SEMARANG,WATES,TPS 015,265,226,43,131,52,0.1903,0.5796,0.2301,0.8528,0,226,True,https://pemilu2024.kpu.go.id/pilpres/hitung-suara/33/3374/337415/3374151010/3374151010015,2024-02-24 22:31:28,PASLON 02
JAWA TENGAH,KOTA SEMARANG,NGALIYAN,WATES,3374151010016,10,97,79,186,3374151010016,KOTA SEMARANG,WATES,TPS 016,210,186,10,97,79,0.0538,0.5215,0.4247,0.8857,5,191,False,https://pemilu2024.kpu.go.id/pilpres/hitung-suara/33/3374/337415/3374151010/3374151010016,2024-02-17 19:30:00,PASLON 02
JAWA TENGAH,KOTA SEMARANG,NGALIYAN,WATES,3374151010901,8,77,98,183,3374151010901,KOTA SEMARANG,WATES,TPS 901,211,183,8,77,98,0.0437,0.4208,0.5355,0.8673,2,185,False,https://pemilu2024.kpu.go.id/pilpres/hitung-suara/33/3374/337415/3374151010/3374151010901,2024-02-15 18:00:26,PASLON 03
JAWA TENGAH,KOTA SEMARANG,NGALIYAN,WATES,3374151010902,4,69,136,209,3374151010902,KOTA SEMARANG,WATES,TPS 902,248,209,4,69,136,0.0191,0.3301,0.6507,0.8427,6,215,False,https://pemilu2024.kpu.go.id/pilpres/hitung-suara/33/3374/337415/3374151010/3374151010902,2024-02-15 20:30:46,PASLON 03
JAWA TENGAH,KOTA SEMARANG,NGALIYAN,WATES,3374151010903,4,74,117,195,3374151010903,KOTA SEMARANG,WATES,TPS 903,243,195,4,74,117,0.0205,0.3795,0.6,0.8025,8,203,False,https://pemilu2024.kpu.go.id/pilpres/hitung-suara/33/3374/337415/3374151010/3374151010903,2024-02-16 13:30:32,PASLON 03
JAWA TENGAH,KOTA SEMARANG,NGALIYAN,WATES,3374151010904,14,116,99,229,3374151010904,KOTA SEMARANG,WATES,TPS 904,276,229,14,116,99,0.0611,0.5066,0.4323,0.8297,9,238,False,https://pemilu2024.kpu.go.id/pilpres/hitung-suara/33/3374/337415/3374151010/3374151010904,2024-02-15 09:00:24,PASLON 02
JAWA TENGAH,KOTA SEMARANG,NGALIYAN,WATES,3374151010905,15,136,73,224,3374151010905,KOTA SEMARANG,WATES,TPS 905,256,224,15,136,73,0.067,0.6071,0.3259,0.875,6,230,False,https://pemilu2024.kpu.go.id/pilpres/hitung-suara/33/3374/337415/3374151010/3374151010905,2024-02-16 10:00:28,PASLON 02
JAWA TENGAH,KOTA SEMARANG,NGALIYAN,WATES,3374151010906,27,156,57,240,3374151010906,KOTA SEMARANG,WATES,TPS 906,265,240,27,156,57,0.1125,0.65,0.2375,0.9057,0,240,True,https://pemilu2024.kpu.go.id/pilpres/hitung-suara/33/3374/337415/3374151010/3374151010906,2024-02-24 22:31:28,PASLON 02
JAWA TENGAH,KOTA SEMARANG,NGALIYAN,WONOSARI,3374151009001,13,118,123,254,3374151009001,KOTA SEMARANG,WONOSARI,TPS 001,254,254,13,118,123,0.0512,0.4646,0.4843,1.0,3,257,False,https://pemilu2024.kpu.go.id/pilpres/hitung-suara/33/3374/337415/3374151009/3374151009001,2024-02-17 19:30:00,PASLON 03
JAWA TENGAH,KOTA SEMARANG,NGALIYAN,WONOSARI,3374151009002,21,117,99,237,3374151009002,KOTA SEMARANG,WONOSARI,TPS 002,274,237,21,117,99,0.0886,0.4937,0.4177,0.865,0,237,True,https://pemilu2024.kpu.go.id/pilpres/hitung-suara/33/3374/337415/3374151009/3374151009002,2024-02-16 09:30:28,PASLON 02
JAWA TENGAH,KOTA SEMARANG,NGALIYAN,WONOSARI,3374151009003,19,150,89,258,3374151009003,KOTA SEMARANG,WONOSARI,TPS 003,296,258,19,150,89,0.0736,0.5814,0.345,0.8716,2,260,False,https://pemilu2024.kpu.go.id/pilpres/hitung-suara/33/3374/337415/3374151009/3374151009003,2024-02-16 09:30:28,PASLON 02
JAWA TENGAH,KOTA SEMARANG,NGALIYAN,WONOSARI,3374151009005,15,67,202,284,3374151009005,KOTA SEMARANG,WONOSARI,TPS 005,296,284,15,67,202,0.0528,0.2359,0.7113,0.9595,1,285,False,https://pemilu2024.kpu.go.id/pilpres/hitung-suara/33/3374/337415/3374151009/3374151009005,2024-02-21 16:00:00,PASLON 03
JAWA TENGAH,KOTA SEMARANG,NGALIYAN,WONOSARI,3374151009006,32,102,101,235,3374151009006,KOTA SEMARANG,WONOSARI,TPS 006,299,235,32,102,101,0.1362,0.434,0.4298,0.786,4,239,False,https://pemilu2024.kpu.go.id/pilpres/hitung-suara/33/3374/337415/3374151009/3374151009006,2024-02-17 19:30:00,PASLON 02
JAWA TENGAH,KOTA SEMARANG,NGALIYAN,WONOSARI,3374151009007,54,116,62,232,3374151009007,KOTA SEMARANG,WONOSARI,TPS 007,274,232,54,116,62,0.2328,0.5,0.2672,0.8467,0,232,True,https://pemilu2024.kpu.go.id/pilpres/hitung-suara/33/3374/337415/3374151009/3374151009007,2024-02-29 12:00:00,PASLON 02
JAWA TENGAH,KOTA SEMARANG,NGALIYAN,WONOSARI,3374151009008,50,106,84,240,3374151009008,KOTA SEMARANG,WONOSARI,TPS 008,297,240,50,106,84,0.2083,0.4417,0.35,0.8081,3,243,False,https://pemilu2024.kpu.go.id/pilpres/hitung-suara/33/3374/337415/3374151009/3374151009008,2024-02-14 21:46:01,PASLON 02
JAWA TENGAH,KOTA SEMARANG,NGALIYAN,WONOSARI,3374151009009,24,147,74,245,3374151009009,KOTA SEMARANG,WONOSARI,TPS 009,298,245,24,147,74,0.098,0.6,0.302,0.8221,4,249,False,https://pemilu2024.kpu.go.id/pilpres/hitung-suara/33/3374/337415/3374151009/3374151009009,2024-02-15 23:29:50,PASLON 02
JAWA TENGAH,KOTA SEMARANG,NGALIYAN,WONOSARI,3374151009010,33,137,72,242,3374151009010,KOTA SEMARANG,WONOSARI,TPS 010,298,242,33,137,72,0.1364,0.5661,0.2975,0.8121,4,246,False,https://pemilu2024.kpu.go.id/pilpres/hitung-suara/33/3374/337415/3374151009/3374151009010,2024-02-24 22:31:28,PASLON 02
JAWA TENGAH,KOTA SEMARANG,NGALIYAN,WONOSARI,3374151009011,11,90,148,249,3374151009011,KOTA SEMARANG,WONOSARI,TPS 011,293,249,11,90,148,0.0442,0.3614,0.5944,0.8498,9,258,False,https://pemilu2024.kpu.go.id/pilpres/hitung-suara/33/3374/337415/3374151009/3374151009011,2024-02-16 22:30:00,PASLON 03
JAWA TENGAH,KOTA SEMARANG,NGALIYAN,WONOSARI,3374151009012,30,136,90,256,3374151009012,KOTA SEMARANG,WONOSARI,TPS 012,298,256,30,136,90,0.1172,0.5312,0.3516,0.8591,6,262,False,https://pemilu2024.kpu.go.id/pilpres/hitung-suara/33/3374/337415/3374151009/3374151009012,2024-02-14 21:46:01,PASLON 02
JAWA TENGAH,KOTA SEMARANG,NGALIYAN,WONOSARI,3374151009013,34,137,78,249,3374151009013,KOTA SEMARANG,WONOSARI,TPS 013,274,249,34,137,78,0.1365,0.5502,0.3133,0.9088,0,249,True,https://pemilu2024.kpu.go.id/pilpres/hitung-suara/33/3374/337415/3374151009/3374151009013,2024-02-19 06:16:00,PASLON 02
JAWA TENGAH,KOTA SEMARANG,NGALIYAN,WONOSARI,3374151009014,21,123,95,239,3374151009014,KOTA SEMARANG,WONOSARI,TPS 014,298,239,21,123,95,0.0879,0.5146,0.3975,0.802,9,248,False,https://pemilu2024.kpu.go.id/pilpres/hitung-suara/33/3374/337415/3374151009/3374151009014,2024-02-15 00:41:44,PASLON 02
JAWA TENGAH,KOTA SEMARANG,NGALIYAN,WONOSARI,3374151009015,27,107,102,236,3374151009015,KOTA SEMARANG,WONOSARI,TPS 015,293,236,27,107,102,0.1144,0.4534,0.4322,0.8055,3,239,False,https://pemilu2024.kpu.go.id/pilpres/hitung-suara/33/3374/337415/3374151009/3374151009015,2024-02-16 00:30:27,PASLON 02
JAWA TENGAH,KOTA SEMARANG,NGALIYAN,WONOSARI,3374151009016,36,101,67,204,3374151009016,KOTA SEMARANG,WONOSARI,TPS 016,264,204,36,101,67,0.1765,0.4951,0.3284,0.7727,7,211,False,https://pemilu2024.kpu.go.id/pilpres/hitung-suara/33/3374/337415/3374151009/3374151009016,2024-02-20 14:00:00,PASLON 02
JAWA TENGAH,KOTA SEMARANG,NGALIYAN,WONOSARI,3374151009017,39,115,85,239,3374151009017,KOTA SEMARANG,WONOSARI,TPS 017,268,239,39,115,85,0.1632,0.4812,0.3556,0.8918,3,242,False,https://pemilu2024.kpu.go.id/pilpres/hitung-suara/33/3374/337415/3374151009/3374151009017,2024-02-17 19:30:00,PASLON 02
JAWA TENGAH,KOTA SEMARANG,NGALIYAN,WONOSARI,3374151009018,9,83,71,163,3374151009018,KOTA SEMARANG,WONOSARI,TPS 018,208,163,9,83,71,0.0552,0.5092,0.4356,0.7837,4,167,False,https://pemilu2024.kpu.go.id/pilpres/hitung-suara/33/3374/337415/3374151009/3374151009018,2024-02-17 19:30:00,PASLON 02
JAWA TENGAH,KOTA SEMARANG,NGALIYAN,WONOSARI,3374151009019,29,120,84,233,3374151009019,KOTA SEMARANG,WONOSARI,TPS 019,272,233,29,120,84,0.1245,0.515,0.3605,0.8566,1,234,False,https://pemilu2024.kpu.go.id/pilpres/hitung-suara/33/3374/337415/3374151009/3374151009019,2024-02-17 19:30:00,PASLON 02
JAWA TENGAH,KOTA SEMARANG,NGALIYAN,WONOSARI,3374151009020,28,85,87,200,3374151009020,KOTA SEMARANG,WONOSARI,TPS 020,274,200,28,85,87,0.14,0.425,0.435,0.7299,0,200,True,https://pemilu2024.kpu.go.id/pilpres/hitung-suara/33/3374/337415/3374151009/3374151009020,2024-02-17 19:30:00,PASLON 03
JAWA TENGAH,KOTA SEMARANG,NGALIYAN,WONOSARI,3374151009021,50,85,68,203,3374151009021,KOTA SEMARANG,WONOSARI,TPS 021,237,203,50,85,68,0.2463,0.4187,0.335,0.8565,6,209,False,https://pemilu2024.kpu.go.id/pilpres/hitung-suara/33/3374/337415/3374151009/3374151009021,2024-02-16 21:01:00,PASLON 02
JAWA TENGAH,KOTA SEMARANG,NGALIYAN,WONOSARI,3374151009022,23,92,97,212,3374151009022,KOTA SEMARANG,WONOSARI,TPS 022,256,212,23,92,97,0.1085,0.434,0.4575,0.8281,5,217,False,https://pemilu2024.kpu.go.id/pilpres/hitung-suara/33/3374/337415/3374151009/3374151009022,2024-02-17 19:30:00,PASLON 03
JAWA TENGAH,KOTA SEMARANG,NGALIYAN,WONOSARI,3374151009023,13,93,124,230,3374151009023,KOTA SEMARANG,WONOSARI,TPS 023,273,230,13,93,124,0.0565,0.4043,0.5391,0.8425,4,234,False,https://pemilu2024.kpu.go.id/pilpres/hitung-suara/33/3374/337415/3374151009/3374151009023,2024-02-17 19:30:00,PASLON 03
JAWA TENGAH,KOTA SEMARANG,NGALIYAN,WONOSARI,3374151009024,107,90,46,243,3374151009024,KOTA SEMARANG,WONOSARI,TPS 024,274,243,107,90,46,0.4403,0.3704,0.1893,0.8869,0,243,True,https://pemilu2024.kpu.go.id/pilpres/hitung-suara/33/3374/337415/3374151009/3374151009024,2024-02-16 12:51:22,PASLON 01
JAWA TENGAH,KOTA SEMARANG,NGALIYAN,WONOSARI,3374151009025,40,88,96,224,3374151009025,KOTA SEMARANG,WONOSARI,TPS 025,296,224,40,88,96,0.1786,0.3929,0.4286,0.7568,12,236,False,https://pemilu2024.kpu.go.id/pilpres/hitung-suara/33/3374/337415/3374151009/3374151009025,2024-02-17 10:30:03,PASLON 03
JAWA TENGAH,KOTA SEMARANG,NGALIYAN,WONOSARI,3374151009026,10,67,72,149,3374151009026,KOTA SEMARANG,WONOSARI,TPS 026,190,149,10,67,72,0.0671,0.4497,0.4832,0.7842,4,153,False,https://pemilu2024.kpu.go.id/pilpres/hitung-suara/33/3374/337415/3374151009/3374151009026,2024-02-17 19:30:00,PASLON 03
JAWA TENGAH,KOTA SEMARANG,NGALIYAN,WONOSARI,3374151009027,19,116,121,256,3374151009027,KOTA SEMARANG,WONOSARI,TPS 027,290,256,19,116,121,0.0742,0.4531,0.4727,0.8828,6,262,False,https://pemilu2024.kpu.go.id/pilpres/hitung-suara/33/3374/337415/3374151009/3374151009027,2024-02-17 19:30:00,PASLON 03
JAWA TENGAH,KOTA SEMARANG,NGALIYAN,WONOSARI,3374151009028,30,107,113,250,3374151009028,KOTA SEMARANG,WONOSARI,TPS 028,287,250,30,107,113,0.12,0.428,0.452,0.8711,5,255,False,https://pemilu2024.kpu.go.id/pilpres/hitung-suara/33/3374/337415/3374151009/3374151009028,2024-02-20 15:00:00,PASLON 03
JAWA TENGAH,KOTA SEMARANG,NGALIYAN,WONOSARI,3374151009029,40,86,124,250,3374151009029,KOTA SEMARANG,WONOSARI,TPS 029,274,250,40,86,124,0.16,0.344,0.496,0.9124,0,250,True,https://pemilu2024.kpu.go.id/pilpres/hitung-suara/33/3374/337415/3374151009/3374151009029,2024-02-15 07:00:44,PASLON 03
JAWA TENGAH,KOTA SEMARANG,NGALIYAN,WONOSARI,3374151009030,55,89,103,247,3374151009030,KOTA SEMARANG,WONOSARI,TPS 030,282,247,55,89,103,0.2227,0.3603,0.417,0.8759,8,255,False,https://pemilu2024.kpu.go.id/pilpres/hitung-suara/33/3374/337415/3374151009/3374151009030,2024-02-17 19:30:00,PASLON 03
JAWA TENGAH,KOTA SEMARANG,NGALIYAN,WONOSARI,3374151009031,16,122,71,209,3374151009031,KOTA SEMARANG,WONOSARI,TPS 031,274,209,16,122,71,0.0766,0.5837,0.3397,0.7628,0,209,True,https://pemilu2024.kpu.go.id/pilpres/hitung-suara/33/3374/337415/3374151009/3374151009031,2024-02-24 22:31:28,PASLON 02
JAWA TENGAH,KOTA SEMARANG,NGALIYAN,WONOSARI,3374151009032,47,109,25,181,3374151009032,KOTA SEMARANG,WONOSARI,TPS 032,225,181,47,109,25,0.2597,0.6022,0.1381,0.8044,3,184,False,https://pemilu2024.kpu.go.id/pilpres/hitung-suara/33/3374/337415/3374151009/3374151009032,2024-02-17 19:30:00,PASLON 02
JAWA TENGAH,KOTA SEMARANG,NGALIYAN,WONOSARI,3374151009033,14,137,85,236,3374151009033,KOTA SEMARANG,WONOSARI,TPS 033,297,236,14,137,85,0.0593,0.5805,0.3602,0.7946,6,242,False,https://pemilu2024.kpu.go.id/pilpres/hitung-suara/33/3374/337415/3374151009/3374151009033,2024-02-14 21:46:01,PASLON 02
JAWA TENGAH,KOTA SEMARANG,NGALIYAN,WONOSARI,3374151009034,25,106,91,222,3374151009034,KOTA SEMARANG,WONOSARI,TPS 034,274,222,25,106,91,0.1126,0.4775,0.4099,0.8102,0,222,True,https://pemilu2024.kpu.go.id/pilpres/hitung-suara/33/3374/337415/3374151009/3374151009034,2024-02-24 22:31:28,PASLON 02
JAWA TENGAH,KOTA SEMARANG,NGALIYAN,WONOSARI,3374151009035,19,114,89,222,3374151009035,KOTA SEMARANG,WONOSARI,TPS 035,270,222,19,114,89,0.0856,0.5135,0.4009,0.8222,7,229,False,https://pemilu2024.kpu.go.id/pilpres/hitung-suara/33/3374/337415/3374151009/3374151009035,2024-02-15 00:41:44,PASLON 02
JAWA TENGAH,KOTA SEMARANG,NGALIYAN,WONOSARI,3374151009036,23,112,113,248,3374151009036,KOTA SEMARANG,WONOSARI,TPS 036,282,248,23,112,113,0.0927,0.4516,0.4556,0.8794,8,256,False,https://pemilu2024.kpu.go.id/pilpres/hitung-suara/33/3374/337415/3374151009/3374151009036,2024-02-20 20:00:00,PASLON 03
JAWA TENGAH,KOTA SEMARANG,NGALIYAN,WONOSARI,3374151009037,19,115,109,243,3374151009037,KOTA SEMARANG,WONOSARI,TPS 037,274,243,19,115,109,0.0782,0.4733,0.4486,0.8869,0,243,True,https://pemilu2024.kpu.go.id/pilpres/hitung-suara/33/3374/337415/3374151009/3374151009037,2024-02-15 23:29:50,PASLON 02
JAWA TENGAH,KOTA SEMARANG,NGALIYAN,WONOSARI,3374151009038,25,148,87,260,3374151009038,KOTA SEMARANG,WONOSARI,TPS 038,276,260,25,148,87,0.0962,0.5692,0.3346,0.942,2,262,False,https://pemilu2024.kpu.go.id/pilpres/hitung-suara/33/3374/337415/3374151009/3374151009038,2024-02-15 15:00:29,PASLON 02
JAWA TENGAH,KOTA SEMARANG,NGALIYAN,WONOSARI,3374151009039,13,126,84,223,3374151009039,KOTA SEMARANG,WONOSARI,TPS 039,270,223,13,126,84,0.0583,0.565,0.3767,0.8259,2,225,False,https://pemilu2024.kpu.go.id/pilpres/hitung-suara/33/3374/337415/3374151009/3374151009039,2024-02-22 16:00:00,PASLON 02
JAWA TENGAH,KOTA SEMARANG,NGALIYAN,WONOSARI,3374151009040,22,132,89,243,3374151009040,KOTA SEMARANG,WONOSARI,TPS 040,283,243,22,132,89,0.0905,0.5432,0.3663,0.8587,2,245,False,https://pemilu2024.kpu.go.id/pilpres/hitung-suara/33/3374/337415/3374151009/3374151009040,2024-02-17 19:00:04,PASLON 02
JAWA TENGAH,KOTA SEMARANG,NGALIYAN,WONOSARI,3374151009041,25,121,92,238,3374151009041,KOTA SEMARANG,WONOSARI,TPS 041,271,238,25,121,92,0.105,0.5084,0.3866,0.8782,1,239,False,https://pemilu2024.kpu.go.id/pilpres/hitung-suara/33/3374/337415/3374151009/3374151009041,2024-02-15 18:30:25,PASLON 02
JAWA TENGAH,KOTA SEMARANG,NGALIYAN,WONOSARI,3374151009042,20,126,77,223,3374151009042,KOTA SEMARANG,WONOSARI,TPS 042,274,223,20,126,77,0.0897,0.565,0.3453,0.8139,0,223,True,https://pemilu2024.kpu.go.id/pilpres/hitung-suara/33/3374/337415/3374151009/3374151009042,2024-02-25 12:00:00,PASLON 02
JAWA TENGAH,KOTA SEMARANG,NGALIYAN,WONOSARI,3374151009043,18,103,137,258,3374151009043,KOTA SEMARANG,WONOSARI,TPS 043,295,258,18,103,137,0.0698,0.3992,0.531,0.8746,4,262,False,https://pemilu2024.kpu.go.id/pilpres/hitung-suara/33/3374/337415/3374151009/3374151009043,2024-02-17 19:30:00,PASLON 03
JAWA TENGAH,KOTA SEMARANG,NGALIYAN,WONOSARI,3374151009044,6,99,76,181,3374151009044,KOTA SEMARANG,WONOSARI,TPS 044,188,181,6,99,76,0.0331,0.547,0.4199,0.9628,5,186,False,https://pemilu2024.kpu.go.id/pilpres/hitung-suara/33/3374/337415/3374151009/3374151009044,2024-02-15 18:00:26,PASLON 02
JAWA TENGAH,KOTA SEMARANG,NGALIYAN,WONOSARI,3374151009045,21,118,60,199,3374151009045,KOTA SEMARANG,WONOSARI,TPS 045,216,199,21,118,60,0.1055,0.593,0.3015,0.9213,4,203,False,https://pemilu2024.kpu.go.id/pilpres/hitung-suara/33/3374/337415/3374151009/3374151009045,2024-02-14 21:46:01,PASLON 02
JAWA TENGAH,KOTA SEMARANG,NGALIYAN,WONOSARI,3374151009046,37,130,85,252,3374151009046,KOTA SEMARANG,WONOSARI,TPS 046,276,252,37,130,85,0.1468,0.5159,0.3373,0.913,10,262,False,https://pemilu2024.kpu.go.id/pilpres/hitung-suara/33/3374/337415/3374151009/3374151009046,2024-02-16 06:30:27,PASLON 02
JAWA TENGAH,KOTA SEMARANG,NGALIYAN,WONOSARI,3374151009047,21,102,74,197,3374151009047,KOTA SEMARANG,WONOSARI,TPS 047,231,197,21,102,74,0.1066,0.5178,0.3756,0.8528,5,202,False,https://pemilu2024.kpu.go.id/pilpres/hitung-suara/33/3374/337415/3374151009/3374151009047,2024-02-16 22:01:00,PASLON 02
JAWA TENGAH,KOTA SEMARANG,NGALIYAN,WONOSARI,3374151009048,30,114,48,192,3374151009048,KOTA SEMARANG,WONOSARI,TPS 048,240,192,30,114,48,0.1562,0.5938,0.25,0.8,2,194,False,https://pemilu2024.kpu.go.id/pilpres/hitung-suara/33/3374/337415/3374151009/3374151009048,2024-02-21 13:00:00,PASLON 02
JAWA TENGAH,KOTA SEMARANG,NGALIYAN,WONOSARI,3374151009049,19,98,71,188,3374151009049,KOTA SEMARANG,WONOSARI,TPS 049,227,188,19,98,71,0.1011,0.5213,0.3777,0.8282,1,189,False,https://pemilu2024.kpu.go.id/pilpres/hitung-suara/33/3374/337415/3374151009/3374151009049,2024-02-16 16:25:10,PASLON 02
JAWA TENGAH,KOTA SEMARANG,NGALIYAN,WONOSARI,3374151009050,19,147,77,243,3374151009050,KOTA SEMARANG,WONOSARI,TPS 050,282,243,19,147,77,0.0782,0.6049,0.3169,0.8617,4,247,False,https://pemilu2024.kpu.go.id/pilpres/hitung-suara/33/3374/337415/3374151009/3374151009050,2024-02-14 21:46:01,PASLON 02
JAWA TENGAH,KOTA SEMARANG,NGALIYAN,WONOSARI,3374151009051,31,119,85,235,3374151009051,KOTA SEMARANG,WONOSARI,TPS 051,265,235,31,119,85,0.1319,0.5064,0.3617,0.8868,6,241,False,https://pemilu2024.kpu.go.id/pilpres/hitung-suara/33/3374/337415/3374151009/3374151009051,2024-02-17 19:30:00,PASLON 02
JAWA TENGAH,KOTA SEMARANG,NGALIYAN,WONOSARI,3374151009052,42,133,66,241,3374151009052,KOTA SEMARANG,WONOSARI,TPS 052,269,241,42,133,66,0.1743,0.5519,0.2739,0.8959,3,244,False,https://pemilu2024.kpu.go.id/pilpres/hitung-suara/33/3374/337415/3374151009/3374151009052,2024-02-15 00:41:44,PASLON 02
JAWA TENGAH,KOTA SEMARANG,NGALIYAN,WONOSARI,3374151009053,36,126,81,243,3374151009053,KOTA SEMARANG,WONOSARI,TPS 053,275,243,36,126,81,0.1481,0.5185,0.3333,0.8836,4,247,False,https://pemilu2024.kpu.go.id/pilpres/hitung-suara/33/3374/337415/3374151009/3374151009053,2024-02-15 00:41:44,PASLON 02
JAWA TENGAH,KOTA SEMARANG,NGALIYAN,WONOSARI,3374151009054,18,141,87,246,3374151009054,KOTA SEMARANG,WONOSARI,TPS 054,293,246,18,141,87,0.0732,0.5732,0.3537,0.8396,1,247,False,https://pemilu2024.kpu.go.id/pilpres/hitung-suara/33/3374/337415/3374151009/3374151009054,2024-02-16 03:30:26,PASLON 02
JAWA TENGAH,KOTA SEMARANG,NGALIYAN,WONOSARI,3374151009055,21,112,62,195,3374151009055,KOTA SEMARANG,WONOSARI,TPS 055,229,195,21,112,62,0.1077,0.5744,0.3179,0.8515,2,197,False,https://pemilu2024.kpu.go.id/pilpres/hitung-suara/33/3374/337415/3374151009/3374151009055,2024-02-17 00:28:35,PASLON 02
JAWA TENGAH,KOTA SEMARANG,NGALIYAN,WONOSARI,3374151009056,25,94,83,202,3374151009056,KOTA SEMARANG,WONOSARI,TPS 056,230,202,25,94,83,0.1238,0.4653,0.4109,0.8783,1,203,False,https://pemilu2024.kpu.go.id/pilpres/hitung-suara/33/3374/337415/3374151009/3374151009056,2024-02-21 15:00:00,PASLON 02
JAWA TENGAH,KOTA SEMARANG,NGALIYAN,WONOSARI,3374151009057,48,104,69,221,3374151009057,KOTA SEMARANG,WONOSARI,TPS 057,237,221,48,104,69,0.2172,0.4706,0.3122,0.9325,6,227,False,https://pemilu2024.kpu.go.id/pilpres/hitung-suara/33/3374/337415/3374151009/3374151009057,2024-02-15 22:30:27,PASLON 02
JAWA TENGAH,KOTA SEMARANG,NGALIYAN,WONOSARI,3374151009058,41,136,89,266,3374151009058,KOTA SEMARANG,WONOSARI,TPS 058,274,266,41,136,89,0.1541,0.5113,0.3346,0.9708,0,266,True,https://pemilu2024.kpu.go.id/pilpres/hitung-suara/33/3374/337415/3374151009/3374151009058,2024-02-14 21:46:01,PASLON 02
JAWA TENGAH,KOTA SEMARANG,NGALIYAN,WONOSARI,3374151009059,55,130,56,241,3374151009059,KOTA SEMARANG,WONOSARI,TPS 059,274,241,55,130,56,0.2282,0.5394,0.2324,0.8796,8,249,False,https://pemilu2024.kpu.go.id/pilpres/hitung-suara/33/3374/337415/3374151009/3374151009059,2024-02-16 22:01:00,PASLON 02
JAWA TENGAH,KOTA SEMARANG,NGALIYAN,WONOSARI,3374151009060,56,109,51,216,3374151009060,KOTA SEMARANG,WONOSARI,TPS 060,256,216,56,109,51,0.2593,0.5046,0.2361,0.8438,3,219,False,https://pemilu2024.kpu.go.id/pilpres/hitung-suara/33/3374/337415/3374151009/3374151009060,2024-02-17 14:56:33,PASLON 02
JAWA TENGAH,KOTA SEMARANG,NGALIYAN,WONOSARI,3374151009061,25,87,58,170,3374151009061,KOTA SEMARANG,WONOSARI,TPS 061,226,170,25,87,58,0.1471,0.5118,0.3412,0.7522,4,174,False,https://pemilu2024.kpu.go.id/pilpres/hitung-suara/33/3374/337415/3374151009/3374151009061,2024-02-21 14:00:00,PASLON 02
JAWA TENGAH,KOTA SEMARANG,NGALIYAN,WONOSARI,3374151009062,37,119,53,209,3374151009062,KOTA SEMARANG,WONOSARI,TPS 062,255,209,37,119,53,0.177,0.5694,0.2536,0.8196,4,213,False,https://pemilu2024.kpu.go.id/pilpres/hitung-suara/33/3374/337415/3374151009/3374151009062,2024-02-17 19:30:00,PASLON 02
JAWA TENGAH,KOTA SEMARANG,NGALIYAN,WONOSARI,3374151009063,59,118,67,244,3374151009063,KOTA SEMARANG,WONOSARI,TPS 063,286,244,59,118,67,0.2418,0.4836,0.2746,0.8531,4,248,False,https://pemilu2024.kpu.go.id/pilpres/hitung-suara/33/3374/337415/3374151009/3374151009063,2024-02-15 00:41:44,PASLON 02
JAWA TENGAH,KOTA SEMARANG,NGALIYAN,WONOSARI,3374151009064,30,120,88,238,3374151009064,KOTA SEMARANG,WONOSARI,TPS 064,294,238,30,120,88,0.1261,0.5042,0.3697,0.8095,5,243,False,https://pemilu2024.kpu.go.id/pilpres/hitung-suara/33/3374/337415/3374151009/3374151009064,2024-02-16 09:30:28,PASLON 02
JAWA TENGAH,KOTA SEMARANG,NGALIYAN,WONOSARI,3374151009065,54,130,85,269,3374151009065,KOTA SEMARANG,WONOSARI,TPS 065,299,269,54,130,85,0.2007,0.4833,0.316,0.8997,3,272,False,https://pemilu2024.kpu.go.id/pilpres/hitung-suara/33/3374/337415/3374151009/3374151009065,2024-02-17 09:30:03,PASLON 02
JAWA TENGAH,KOTA SEMARANG,NGALIYAN,WONOSARI,3374151009066,44,141,57,242,3374151009066,KOTA SEMARANG,WONOSARI,TPS 066,274,242,44,141,57,0.1818,0.5826,0.2355,0.8832,0,242,True,https://pemilu2024.kpu.go.id/pilpres/hitung-suara/33/3374/337415/3374151009/3374151009066,2024-02-16 09:30:28,PASLON 02
JAWA TENGAH,KOTA SEMARANG,NGALIYAN,WONOSARI,3374151009067,67,112,72,251,3374151009067,KOTA SEMARANG,WONOSARI,TPS 067,283,251,67,112,72,0.2669,0.4462,0.2869,0.8869,0,251,False,https://pemilu2024.kpu.go.id/pilpres/hitung-suara/33/3374/337415/3374151009/3374151009067,2024-02-14 21:46:01,PASLON 02
JAWA TENGAH,KOTA SEMARANG,PEDURUNGAN,GEMAH,3374061007001,40,97,67,204,3374061007001,KOTA SEMARANG,GEMAH,TPS 001,261,204,40,97,67,0.1961,0.4755,0.3284,0.7816,4,208,False,https://pemilu2024.kpu.go.id/pilpres/hitung-suara/33/3374/337406/3374061007/3374061007001,2024-02-16 11:00:29,PASLON 02
JAWA TENGAH,KOTA SEMARANG,PEDURUNGAN,GEMAH,3374061007002,54,115,56,225,3374061007002,KOTA SEMARANG,GEMAH,TPS 002,278,225,54,115,56,0.24,0.5111,0.2489,0.8094,5,230,False,https://pemilu2024.kpu.go.id/pilpres/hitung-suara/33/3374/337406/3374061007/3374061007002,2024-02-16 11:00:29,PASLON 02
JAWA TENGAH,KOTA SEMARANG,PEDURUNGAN,GEMAH,3374061007003,47,96,42,185,3374061007003,KOTA SEMARANG,GEMAH,TPS 003,274,185,47,96,42,0.2541,0.5189,0.227,0.6752,0,185,True,https://pemilu2024.kpu.go.id/pilpres/hitung-suara/33/3374/337406/3374061007/3374061007003,2024-02-16 11:00:29,PASLON 02
JAWA TENGAH,KOTA SEMARANG,PEDURUNGAN,GEMAH,3374061007005,58,116,85,259,3374061007005,KOTA SEMARANG,GEMAH,TPS 005,288,259,58,116,85,0.2239,0.4479,0.3282,0.8993,3,262,False,https://pemilu2024.kpu.go.id/pilpres/hitung-suara/33/3374/337406/3374061007/3374061007005,2024-02-21 20:00:00,PASLON 02
JAWA TENGAH,KOTA SEMARANG,PEDURUNGAN,GEMAH,3374061007006,37,107,76,220,3374061007006,KOTA SEMARANG,GEMAH,TPS 006,225,220,37,107,76,0.1682,0.4864,0.3455,0.9778,5,225,False,https://pemilu2024.kpu.go.id/pilpres/hitung-suara/33/3374/337406/3374061007/3374061007006,2024-02-15 22:00:27,PASLON 02
JAWA TENGAH,KOTA SEMARANG,PEDURUNGAN,GEMAH,3374061007007,29,116,92,237,3374061007007,KOTA SEMARANG,GEMAH,TPS 007,261,237,29,116,92,0.1224,0.4895,0.3882,0.908,1,238,False,https://pemilu2024.kpu.go.id/pilpres/hitung-suara/33/3374/337406/3374061007/3374061007007,2024-02-15 15:00:29,PASLON 02
JAWA TENGAH,KOTA SEMARANG,PEDURUNGAN,GEMAH,3374061007008,39,97,82,218,3374061007008,KOTA SEMARANG,GEMAH,TPS 008,274,218,39,97,82,0.1789,0.445,0.3761,0.7956,0,218,True,https://pemilu2024.kpu.go.id/pilpres/hitung-suara/33/3374/337406/3374061007/3374061007008,2024-02-16 11:00:29,PASLON 02
JAWA TENGAH,KOTA SEMARANG,PEDURUNGAN,GEMAH,3374061007009,18,133,109,260,3374061007009,KOTA SEMARANG,GEMAH,TPS 009,299,260,18,133,109,0.0692,0.5115,0.4192,0.8696,5,265,False,https://pemilu2024.kpu.go.id/pilpres/hitung-suara/33/3374/337406/3374061007/3374061007009,2024-02-16 23:00:00,PASLON 02
JAWA TENGAH,KOTA SEMARANG,PEDURUNGAN,GEMAH,3374061007010,15,126,90,231,3374061007010,KOTA SEMARANG,GEMAH,TPS 010,266,231,15,126,90,0.0649,0.5455,0.3896,0.8684,7,238,False,https://pemilu2024.kpu.go.id/pilpres/hitung-suara/33/3374/337406/3374061007/3374061007010,2024-02-14 21:46:01,PASLON 02
JAWA TENGAH,KOTA SEMARANG,PEDURUNGAN,GEMAH,3374061007011,33,114,105,252,3374061007011,KOTA SEMARANG,GEMAH,TPS 011,252,252,33,114,105,0.131,0.4524,0.4167,1.0,7,259,False,https://pemilu2024.kpu.go.id/pilpres/hitung-suara/33/3374/337406/3374061007/3374061007011,2024-02-16 09:30:28,PASLON 02
JAWA TENGAH,KOTA SEMARANG,PEDURUNGAN,GEMAH,3374061007012,29,123,84,236,3374061007012,KOTA SEMARANG,GEMAH,TPS 012,281,236,29,123,84,0.1229,0.5212,0.3559,0.8399,0,236,False,https://pemilu2024.kpu.go.id/pilpres/hitung-suara/33/3374/337406/3374061007/3374061007012,2024-02-17 13:37:34,PASLON 02
JAWA TENGAH,KOTA SEMARANG,PEDURUNGAN,GEMAH,3374061007013,30,85,107,222,3374061007013,KOTA SEMARANG,GEMAH,TPS 013,270,222,30,85,107,0.1351,0.3829,0.482,0.8222,7,229,False,https://pemilu2024.kpu.go.id/pilpres/hitung-suara/33/3374/337406/3374061007/3374061007013,2024-02-14 21:46:01,PASLON 03
JAWA TENGAH,KOTA SEMARANG,PEDURUNGAN,GEMAH,3374061007014,43,102,82,227,3374061007014,KOTA SEMARANG,GEMAH,TPS 014,274,227,43,102,82,0.1894,0.4493,0.3612,0.8285,0,227,True,https://pemilu2024.kpu.go.id/pilpres/hitung-suara/33/3374/337406/3374061007/3374061007014,2024-02-16 11:00:29,PASLON 02
JAWA TENGAH,KOTA SEMARANG,PEDURUNGAN,GEMAH,3374061007016,26,93,78,197,3374061007016,KOTA SEMARANG,GEMAH,TPS 016,232,197,26,93,78,0.132,0.4721,0.3959,0.8491,3,200,False,https://pemilu2024.kpu.go.id/pilpres/hitung-suara/33/3374/337406/3374061007/3374061007016,2024-02-15 23:29:50,PASLON 02
JAWA TENGAH,KOTA SEMARANG,PEDURUNGAN,GEMAH,3374061007017,15,125,95,235,3374061007017,KOTA SEMARANG,GEMAH,TPS 017,274,235,15,125,95,0.0638,0.5319,0.4043,0.8577,0,235,True,https://pemilu2024.kpu.go.id/pilpres/hitung-suara/33/3374/337406/3374061007/3374061007017,2024-02-16 11:00:29,PASLON 02
JAWA TENGAH,KOTA SEMARANG,PEDURUNGAN,GEMAH,3374061007018,14,128,84,226,3374061007018,KOTA SEMARANG,GEMAH,TPS 018,274,226,14,128,84,0.0619,0.5664,0.3717,0.8248,0,226,True,https://pemilu2024.kpu.go.id/pilpres/hitung-suara/33/3374/337406/3374061007/3374061007018,2024-02-16 11:00:29,PASLON 02
JAWA TENGAH,KOTA SEMARANG,PEDURUNGAN,GEMAH,3374061007019,26,103,80,209,3374061007019,KOTA SEMARANG,GEMAH,TPS 019,249,209,26,103,80,0.1244,0.4928,0.3828,0.8394,5,214,False,https://pemilu2024.kpu.go.id/pilpres/hitung-suara/33/3374/337406/3374061007/3374061007019,2024-02-15 22:00:27,PASLON 02
JAWA TENGAH,KOTA SEMARANG,PEDURUNGAN,GEMAH,3374061007020,47,125,72,244,3374061007020,KOTA SEMARANG,GEMAH,TPS 020,274,244,47,125,72,0.1926,0.5123,0.2951,0.8905,0,244,True,https://pemilu2024.kpu.go.id/pilpres/hitung-suara/33/3374/337406/3374061007/3374061007020,2024-02-16 16:25:10,PASLON 02
JAWA TENGAH,KOTA SEMARANG,PEDURUNGAN,GEMAH,3374061007022,56,105,78,239,3374061007022,KOTA SEMARANG,GEMAH,TPS 022,291,239,56,105,78,0.2343,0.4393,0.3264,0.8213,9,248,False,https://pemilu2024.kpu.go.id/pilpres/hitung-suara/33/3374/337406/3374061007/3374061007022,2024-02-14 21:46:01,PASLON 02
JAWA TENGAH,KOTA SEMARANG,PEDURUNGAN,GEMAH,3374061007023,50,107,82,239,3374061007023,KOTA SEMARANG,GEMAH,TPS 023,288,239,50,107,82,0.2092,0.4477,0.3431,0.8299,2,241,False,https://pemilu2024.kpu.go.id/pilpres/hitung-suara/33/3374/337406/3374061007/3374061007023,2024-02-16 16:25:10,PASLON 02
JAWA TENGAH,KOTA SEMARANG,PEDURUNGAN,GEMAH,3374061007024,19,120,62,201,3374061007024,KOTA SEMARANG,GEMAH,TPS 024,249,201,19,120,62,0.0945,0.597,0.3085,0.8072,12,213,False,https://pemilu2024.kpu.go.id/pilpres/hitung-suara/33/3374/337406/3374061007/3374061007024,2024-02-16 11:00:29,PASLON 02
JAWA TENGAH,KOTA SEMARANG,PEDURUNGAN,GEMAH,3374061007025,26,101,115,242,3374061007025,KOTA SEMARANG,GEMAH,TPS 025,292,242,26,101,115,0.1074,0.4174,0.4752,0.8288,4,246,False,https://pemilu2024.kpu.go.id/pilpres/hitung-suara/33/3374/337406/3374061007/3374061007025,2024-02-14 21:46:01,PASLON 03
JAWA TENGAH,KOTA SEMARANG,PEDURUNGAN,GEMAH,3374061007026,33,159,59,251,3374061007026,KOTA SEMARANG,GEMAH,TPS 026,288,251,33,159,59,0.1315,0.6335,0.2351,0.8715,6,257,False,https://pemilu2024.kpu.go.id/pilpres/hitung-suara/33/3374/337406/3374061007/3374061007026,2024-02-15 22:00:27,PASLON 02
JAWA TENGAH,KOTA SEMARANG,PEDURUNGAN,GEMAH,3374061007027,21,90,91,202,3374061007027,KOTA SEMARANG,GEMAH,TPS 027,241,202,21,90,91,0.104,0.4455,0.4505,0.8382,4,206,False,https://pemilu2024.kpu.go.id/pilpres/hitung-suara/33/3374/337406/3374061007/3374061007027,2024-02-15 22:00:27,PASLON 03
JAWA TENGAH,KOTA SEMARANG,PEDURUNGAN,GEMAH,3374061007028,25,95,132,252,3374061007028,KOTA SEMARANG,GEMAH,TPS 028,274,252,25,95,132,0.0992,0.377,0.5238,0.9197,0,252,True,https://pemilu2024.kpu.go.id/pilpres/hitung-suara/33/3374/337406/3374061007/3374061007028,2024-02-16 11:00:29,PASLON 03
JAWA TENGAH,KOTA SEMARANG,PEDURUNGAN,GEMAH,3374061007029,22,114,118,254,3374061007029,KOTA SEMARANG,GEMAH,TPS 029,285,254,22,114,118,0.0866,0.4488,0.4646,0.8912,5,259,False,https://pemilu2024.kpu.go.id/pilpres/hitung-suara/33/3374/337406/3374061007/3374061007029,2024-02-14 21:46:01,PASLON 03
JAWA TENGAH,KOTA SEMARANG,PEDURUNGAN,GEMAH,3374061007030,14,136,130,280,3374061007030,KOTA SEMARANG,GEMAH,TPS 030,280,280,14,136,130,0.05,0.4857,0.4643,1.0,0,280,True,https://pemilu2024.kpu.go.id/pilpres/hitung-suara/33/3374/337406/3374061007/3374061007030,2024-02-16 16:25:10,PASLON 02
JAWA TENGAH,KOTA SEMARANG,PEDURUNGAN,GEMAH,3374061007032,17,89,98,204,3374061007032,KOTA SEMARANG,GEMAH,TPS 032,239,204,17,89,98,0.0833,0.4363,0.4804,0.8536,4,208,False,https://pemilu2024.kpu.go.id/pilpres/hitung-suara/33/3374/337406/3374061007/3374061007032,2024-02-15 22:00:27,PASLON 03
JAWA TENGAH,KOTA SEMARANG,PEDURUNGAN,GEMAH,3374061007035,23,85,101,209,3374061007035,KOTA SEMARANG,GEMAH,TPS 035,274,209,23,85,101,0.11,0.4067,0.4833,0.7628,0,209,True,https://pemilu2024.kpu.go.id/pilpres/hitung-suara/33/3374/337406/3374061007/3374061007035,2024-02-19 06:16:00,PASLON 03
JAWA TENGAH,KOTA SEMARANG,PEDURUNGAN,GEMAH,3374061007036,32,90,94,216,3374061007036,KOTA SEMARANG,GEMAH,TPS 036,274,216,32,90,94,0.1481,0.4167,0.4352,0.7883,0,216,True,https://pemilu2024.kpu.go.id/pilpres/hitung-suara/33/3374/337406/3374061007/3374061007036,2024-02-15 23:29:50,PASLON 03
JAWA TENGAH,KOTA SEMARANG,PEDURUNGAN,GEMAH,3374061007038,12,93,118,223,3374061007038,KOTA SEMARANG,GEMAH,TPS 038,298,223,12,93,118,0.0538,0.417,0.5291,0.7483,16,239,False,https://pemilu2024.kpu.go.id/pilpres/hitung-suara/33/3374/337406/3374061007/3374061007038,2024-02-15 22:00:27,PASLON 03
JAWA TENGAH,KOTA SEMARANG,PEDURUNGAN,GEMAH,3374061007040,51,110,79,240,3374061007040,KOTA SEMARANG,GEMAH,TPS 040,274,240,51,110,79,0.2125,0.4583,0.3292,0.8759,0,240,True,https://pemilu2024.kpu.go.id/pilpres/hitung-suara/33/3374/337406/3374061007/3374061007040,2024-02-15 00:41:44,PASLON 02
JAWA TENGAH,KOTA SEMARANG,PEDURUNGAN,GEMAH,3374061007041,9,99,111,219,3374061007041,KOTA SEMARANG,GEMAH,TPS 041,274,219,9,99,111,0.0411,0.4521,0.5068,0.7993,0,219,True,https://pemilu2024.kpu.go.id/pilpres/hitung-suara/33/3374/337406/3374061007/3374061007041,2024-02-16 12:51:22,PASLON 03
JAWA TENGAH,KOTA SEMARANG,PEDURUNGAN,GEMAH,3374061007042,7,107,109,223,3374061007042,KOTA SEMARANG,GEMAH,TPS 042,278,223,7,107,109,0.0314,0.4798,0.4888,0.8022,5,228,False,https://pemilu2024.kpu.go.id/pilpres/hitung-suara/33/3374/337406/3374061007/3374061007042,2024-02-16 14:30:33,PASLON 03
JAWA TENGAH,KOTA SEMARANG,PEDURUNGAN,KALICARI,3374061012001,44,67,73,184,3374061012001,KOTA SEMARANG,KALICARI,TPS 001,213,184,44,67,73,0.2391,0.3641,0.3967,0.8638,5,189,False,https://pemilu2024.kpu.go.id/pilpres/hitung-suara/33/3374/337406/3374061012/3374061012001,2024-02-17 13:37:34,PASLON 03
JAWA TENGAH,KOTA SEMARANG,PEDURUNGAN,KALICARI,3374061012002,47,89,107,243,3374061012002,KOTA SEMARANG,KALICARI,TPS 002,300,243,47,89,107,0.1934,0.3663,0.4403,0.81,4,247,False,https://pemilu2024.kpu.go.id/pilpres/hitung-suara/33/3374/337406/3374061012/3374061012002,2024-02-16 12:51:22,PASLON 03
JAWA TENGAH,KOTA SEMARANG,PEDURUNGAN,KALICARI,3374061012003,16,91,123,230,3374061012003,KOTA SEMARANG,KALICARI,TPS 003,292,230,16,91,123,0.0696,0.3957,0.5348,0.7877,4,234,False,https://pemilu2024.kpu.go.id/pilpres/hitung-suara/33/3374/337406/3374061012/3374061012003,2024-02-15 00:41:44,PASLON 03
JAWA TENGAH,KOTA SEMARANG,PEDURUNGAN,KALICARI,3374061012004,34,82,75,191,3374061012004,KOTA SEMARANG,KALICARI,TPS 004,263,191,34,82,75,0.178,0.4293,0.3927,0.7262,0,191,True,https://pemilu2024.kpu.go.id/pilpres/hitung-suara/33/3374/337406/3374061012/3374061012004,2024-02-16 12:51:22,PASLON 02
JAWA TENGAH,KOTA SEMARANG,PEDURUNGAN,KALICARI,3374061012005,53,91,49,193,3374061012005,KOTA SEMARANG,KALICARI,TPS 005,239,193,53,91,49,0.2746,0.4715,0.2539,0.8075,3,196,False,https://pemilu2024.kpu.go.id/pilpres/hitung-suara/33/3374/337406/3374061012/3374061012005,2024-02-17 14:45:18,PASLON 02
JAWA TENGAH,KOTA SEMARANG,PEDURUNGAN,KALICARI,3374061012006,23,89,98,210,3374061012006,KOTA SEMARANG,KALICARI,TPS 006,263,210,23,89,98,0.1095,0.4238,0.4667,0.7985,0,210,True,https://pemilu2024.kpu.go.id/pilpres/hitung-suara/33/3374/337406/3374061012/3374061012006,2024-02-16 12:51:22,PASLON 03
JAWA TENGAH,KOTA SEMARANG,PEDURUNGAN,KALICARI,3374061012007,30,103,86,219,3374061012007,KOTA SEMARANG,KALICARI,TPS 007,263,219,30,103,86,0.137,0.4703,0.3927,0.8327,0,219,True,https://pemilu2024.kpu.go.id/pilpres/hitung-suara/33/3374/337406/3374061012/3374061012007,2024-02-15 23:29:50,PASLON 02
JAWA TENGAH,KOTA SEMARANG,PEDURUNGAN,KALICARI,3374061012008,17,73,101,191,3374061012008,KOTA SEMARANG,KALICARI,TPS 008,224,191,17,73,101,0.089,0.3822,0.5288,0.8527,1,192,False,https://pemilu2024.kpu.go.id/pilpres/hitung-suara/33/3374/337406/3374061012/3374061012008,2024-02-17 10:00:02,PASLON 03
JAWA TENGAH,KOTA SEMARANG,PEDURUNGAN,KALICARI,3374061012009,36,82,102,220,3374061012009,KOTA SEMARANG,KALICARI,TPS 009,263,220,36,82,102,0.1636,0.3727,0.4636,0.8365,0,220,True,https://pemilu2024.kpu.go.id/pilpres/hitung-suara/33/3374/337406/3374061012/3374061012009,2024-02-16 12:51:22,PASLON 03
JAWA TENGAH,KOTA SEMARANG,PEDURUNGAN,KALICARI,3374061012010,22,76,72,170,3374061012010,KOTA SEMARANG,KALICARI,TPS 010,176,170,22,76,72,0.1294,0.4471,0.4235,0.9659,7,177,False,https://pemilu2024.kpu.go.id/pilpres/hitung-suara/33/3374/337406/3374061012/3374061012010,2024-02-14 21:46:01,PASLON 02
JAWA TENGAH,KOTA SEMARANG,PEDURUNGAN,KALICARI,3374061012011,50,112,62,224,3374061012011,KOTA SEMARANG,KALICARI,TPS 011,263,224,50,112,62,0.2232,0.5,0.2768,0.8517,0,224,True,https://pemilu2024.kpu.go.id/pilpres/hitung-suara/33/3374/337406/3374061012/3374061012011,2024-02-16 12:51:22,PASLON 02
JAWA TENGAH,KOTA SEMARANG,PEDURUNGAN,KALICARI,3374061012012,31,95,94,220,3374061012012,KOTA SEMARANG,KALICARI,TPS 012,248,220,31,95,94,0.1409,0.4318,0.4273,0.8871,3,223,False,https://pemilu2024.kpu.go.id/pilpres/hitung-suara/33/3374/337406/3374061012/3374061012012,2024-02-14 21:46:01,PASLON 02
JAWA TENGAH,KOTA SEMARANG,PEDURUNGAN,KALICARI,3374061012013,49,98,79,226,3374061012013,KOTA SEMARANG,KALICARI,TPS 013,289,226,49,98,79,0.2168,0.4336,0.3496,0.782,2,228,False,https://pemilu2024.kpu.go.id/pilpres/hitung-suara/33/3374/337406/3374061012/3374061012013,2024-02-17 13:37:34,PASLON 02
JAWA TENGAH,KOTA SEMARANG,PEDURUNGAN,KALICARI,3374061012014,39,105,101,245,3374061012014,KOTA SEMARANG,KALICARI,TPS 014,263,245,39,105,101,0.1592,0.4286,0.4122,0.9316,0,245,True,https://pemilu2024.kpu.go.id/pilpres/hitung-suara/33/3374/337406/3374061012/3374061012014,2024-02-16 12:51:22,PASLON 02
JAWA TENGAH,KOTA SEMARANG,PEDURUNGAN,KALICARI,3374061012015,67,117,84,268,3374061012015,KOTA SEMARANG,KALICARI,TPS 015,297,268,67,117,84,0.25,0.4366,0.3134,0.9024,3,271,False,https://pemilu2024.kpu.go.id/pilpres/hitung-suara/33/3374/337406/3374061012/3374061012015,2024-02-17 07:30:03,PASLON 02
JAWA TENGAH,KOTA SEMARANG,PEDURUNGAN,KALICARI,3374061012016,22,78,99,199,3374061012016,KOTA SEMARANG,KALICARI,TPS 016,254,199,22,78,99,0.1106,0.392,0.4975,0.7835,7,206,False,https://pemilu2024.kpu.go.id/pilpres/hitung-suara/33/3374/337406/3374061012/3374061012016,2024-02-14 21:46:01,PASLON 03
JAWA TENGAH,KOTA SEMARANG,PEDURUNGAN,KALICARI,3374061012017,31,88,84,203,3374061012017,KOTA SEMARANG,KALICARI,TPS 017,263,203,31,88,84,0.1527,0.4335,0.4138,0.7719,0,203,True,https://pemilu2024.kpu.go.id/pilpres/hitung-suara/33/3374/337406/3374061012/3374061012017,2024-02-15 07:00:44,PASLON 02
JAWA TENGAH,KOTA SEMARANG,PEDURUNGAN,KALICARI,3374061012018,32,87,79,198,3374061012018,KOTA SEMARANG,KALICARI,TPS 018,263,198,32,87,79,0.1616,0.4394,0.399,0.7529,0,198,True,https://pemilu2024.kpu.go.id/pilpres/hitung-suara/33/3374/337406/3374061012/3374061012018,2024-02-15 23:29:50,PASLON 02
JAWA TENGAH,KOTA SEMARANG,PEDURUNGAN,KALICARI,3374061012019,31,89,87,207,3374061012019,KOTA SEMARANG,KALICARI,TPS 019,263,207,31,89,87,0.1498,0.43,0.4203,0.7871,4,211,False,https://pemilu2024.kpu.go.id/pilpres/hitung-suara/33/3374/337406/3374061012/3374061012019,2024-02-15 21:01:18,PASLON 02
JAWA TENGAH,KOTA SEMARANG,PEDURUNGAN,KALICARI,3374061012020,40,98,78,216,3374061012020,KOTA SEMARANG,KALICARI,TPS 020,273,216,40,98,78,0.1852,0.4537,0.3611,0.7912,3,219,False,https://pemilu2024.kpu.go.id/pilpres/hitung-suara/33/3374/337406/3374061012/3374061012020,2024-02-17 13:37:34,PASLON 02
JAWA TENGAH,KOTA SEMARANG,PEDURUNGAN,KALICARI,3374061012021,39,90,84,213,3374061012021,KOTA SEMARANG,KALICARI,TPS 021,263,213,39,90,84,0.1831,0.4225,0.3944,0.8099,0,213,True,https://pemilu2024.kpu.go.id/pilpres/hitung-suara/33/3374/337406/3374061012/3374061012021,2024-02-16 22:01:00,PASLON 02
JAWA TENGAH,KOTA SEMARANG,PEDURUNGAN,KALICARI,3374061012022,27,84,112,223,3374061012022,KOTA SEMARANG,KALICARI,TPS 022,290,223,27,84,112,0.1211,0.3767,0.5022,0.769,5,228,False,https://pemilu2024.kpu.go.id/pilpres/hitung-suara/33/3374/337406/3374061012/3374061012022,2024-02-17 13:37:34,PASLON 03
JAWA TENGAH,KOTA SEMARANG,PEDURUNGAN,KALICARI,3374061012023,19,97,111,227,3374061012023,KOTA SEMARANG,KALICARI,TPS 023,263,227,19,97,111,0.0837,0.4273,0.489,0.8631,0,227,True,https://pemilu2024.kpu.go.id/pilpres/hitung-suara/33/3374/337406/3374061012/3374061012023,2024-02-16 12:51:22,PASLON 03
JAWA TENGAH,KOTA SEMARANG,PEDURUNGAN,KALICARI,3374061012025,36,94,85,215,3374061012025,KOTA SEMARANG,KALICARI,TPS 025,276,215,36,94,85,0.1674,0.4372,0.3953,0.779,3,218,False,https://pemilu2024.kpu.go.id/pilpres/hitung-suara/33/3374/337406/3374061012/3374061012025,2024-02-17 13:37:34,PASLON 02
JAWA TENGAH,KOTA SEMARANG,PEDURUNGAN,KALICARI,3374061012026,31,83,72,186,3374061012026,KOTA SEMARANG,KALICARI,TPS 026,245,186,31,83,72,0.1667,0.4462,0.3871,0.7592,3,189,False,https://pemilu2024.kpu.go.id/pilpres/hitung-suara/33/3374/337406/3374061012/3374061012026,2024-02-14 21:46:01,PASLON 02
JAWA TENGAH,KOTA SEMARANG,PEDURUNGAN,KALICARI,3374061012027,12,97,97,206,3374061012027,KOTA SEMARANG,KALICARI,TPS 027,263,206,12,97,97,0.0583,0.4709,0.4709,0.7833,0,206,True,https://pemilu2024.kpu.go.id/pilpres/hitung-suara/33/3374/337406/3374061012/3374061012027,2024-02-15 23:29:50,PASLON 02
JAWA TENGAH,KOTA SEMARANG,PEDURUNGAN,MUKTIHARJO KIDUL,3374061005001,41,105,75,221,3374061005001,KOTA SEMARANG,MUKTIHARJO KIDUL,TPS 001,265,221,41,105,75,0.1855,0.4751,0.3394,0.834,6,227,False,https://pemilu2024.kpu.go.id/pilpres/hitung-suara/33/3374/337406/3374061005/3374061005001,2024-02-16 09:00:28,PASLON 02
JAWA TENGAH,KOTA SEMARANG,PEDURUNGAN,MUKTIHARJO KIDUL,3374061005003,15,116,83,214,3374061005003,KOTA SEMARANG,MUKTIHARJO KIDUL,TPS 003,271,214,15,116,83,0.0701,0.5421,0.3879,0.7897,0,214,True,https://pemilu2024.kpu.go.id/pilpres/hitung-suara/33/3374/337406/3374061005/3374061005003,2024-02-17 14:45:18,PASLON 02
JAWA TENGAH,KOTA SEMARANG,PEDURUNGAN,MUKTIHARJO KIDUL,3374061005004,24,104,110,238,3374061005004,KOTA SEMARANG,MUKTIHARJO KIDUL,TPS 004,289,238,24,104,110,0.1008,0.437,0.4622,0.8235,3,241,False,https://pemilu2024.kpu.go.id/pilpres/hitung-suara/33/3374/337406/3374061005/3374061005004,2024-02-14 21:46:01,PASLON 03
JAWA TENGAH,KOTA SEMARANG,PEDURUNGAN,MUKTIHARJO KIDUL,3374061005005,11,86,70,167,3374061005005,KOTA SEMARANG,MUKTIHARJO KIDUL,TPS 005,271,167,11,86,70,0.0659,0.515,0.4192,0.6162,0,167,True,https://pemilu2024.kpu.go.id/pilpres/hitung-suara/33/3374/337406/3374061005/3374061005005,2024-02-16 14:30:33,PASLON 02
JAWA TENGAH,KOTA SEMARANG,PEDURUNGAN,MUKTIHARJO KIDUL,3374061005006,32,124,67,223,3374061005006,KOTA SEMARANG,MUKTIHARJO KIDUL,TPS 006,271,223,32,124,67,0.1435,0.5561,0.3004,0.8229,0,223,True,https://pemilu2024.kpu.go.id/pilpres/hitung-suara/33/3374/337406/3374061005/3374061005006,2024-02-16 10:30:29,PASLON 02
JAWA TENGAH,KOTA SEMARANG,PEDURUNGAN,MUKTIHARJO KIDUL,3374061005007,13,116,81,210,3374061005007,KOTA SEMARANG,MUKTIHARJO KIDUL,TPS 007,251,210,13,116,81,0.0619,0.5524,0.3857,0.8367,3,213,False,https://pemilu2024.kpu.go.id/pilpres/hitung-suara/33/3374/337406/3374061005/3374061005007,2024-02-16 10:30:29,PASLON 02
JAWA TENGAH,KOTA SEMARANG,PEDURUNGAN,MUKTIHARJO KIDUL,3374061005008,25,96,98,219,3374061005008,KOTA SEMARANG,MUKTIHARJO KIDUL,TPS 008,294,219,25,96,98,0.1142,0.4384,0.4475,0.7449,1,220,False,https://pemilu2024.kpu.go.id/pilpres/hitung-suara/33/3374/337406/3374061005/3374061005008,2024-02-16 10:30:29,PASLON 03
JAWA TENGAH,KOTA SEMARANG,PEDURUNGAN,MUKTIHARJO KIDUL,3374061005009,28,102,107,237,3374061005009,KOTA SEMARANG,MUKTIHARJO KIDUL,TPS 009,280,237,28,102,107,0.1181,0.4304,0.4515,0.8464,4,241,False,https://pemilu2024.kpu.go.id/pilpres/hitung-suara/33/3374/337406/3374061005/3374061005009,2024-02-17 13:37:34,PASLON 03
JAWA TENGAH,KOTA SEMARANG,PEDURUNGAN,MUKTIHARJO KIDUL,3374061005010,22,106,94,222,3374061005010,KOTA SEMARANG,MUKTIHARJO KIDUL,TPS 010,271,222,22,106,94,0.0991,0.4775,0.4234,0.8192,3,225,False,https://pemilu2024.kpu.go.id/pilpres/hitung-suara/33/3374/337406/3374061005/3374061005010,2024-02-15 09:00:24,PASLON 02
JAWA TENGAH,KOTA SEMARANG,PEDURUNGAN,MUKTIHARJO KIDUL,3374061005011,37,116,69,222,3374061005011,KOTA SEMARANG,MUKTIHARJO KIDUL,TPS 011,222,222,37,116,69,0.1667,0.5225,0.3108,1.0,3,225,False,https://pemilu2024.kpu.go.id/pilpres/hitung-suara/33/3374/337406/3374061005/3374061005011,2024-02-17 13:37:34,PASLON 02
JAWA TENGAH,KOTA SEMARANG,PEDURUNGAN,MUKTIHARJO KIDUL,3374061005012,38,105,58,201,3374061005012,KOTA SEMARANG,MUKTIHARJO KIDUL,TPS 012,265,201,38,105,58,0.1891,0.5224,0.2886,0.7585,12,213,False,https://pemilu2024.kpu.go.id/pilpres/hitung-suara/33/3374/337406/3374061005/3374061005012,2024-02-15 02:10:27,PASLON 02
JAWA TENGAH,KOTA SEMARANG,PEDURUNGAN,MUKTIHARJO KIDUL,3374061005013,9,70,74,153,3374061005013,KOTA SEMARANG,MUKTIHARJO KIDUL,TPS 013,208,153,9,70,74,0.0588,0.4575,0.4837,0.7356,7,160,False,https://pemilu2024.kpu.go.id/pilpres/hitung-suara/33/3374/337406/3374061005/3374061005013,2024-02-16 16:25:10,PASLON 03
JAWA TENGAH,KOTA SEMARANG,PEDURUNGAN,MUKTIHARJO KIDUL,3374061005015,37,104,75,216,3374061005015,KOTA SEMARANG,MUKTIHARJO KIDUL,TPS 015,271,216,37,104,75,0.1713,0.4815,0.3472,0.797,0,216,True,https://pemilu2024.kpu.go.id/pilpres/hitung-suara/33/3374/337406/3374061005/3374061005015,2024-02-15 22:30:27,PASLON 02
JAWA TENGAH,KOTA SEMARANG,PEDURUNGAN,MUKTIHARJO KIDUL,3374061005017,53,75,72,200,3374061005017,KOTA SEMARANG,MUKTIHARJO KIDUL,TPS 017,271,200,53,75,72,0.265,0.375,0.36,0.738,0,200,True,https://pemilu2024.kpu.go.id/pilpres/hitung-suara/33/3374/337406/3374061005/3374061005017,2024-02-16 12:51:22,PASLON 02
JAWA TENGAH,KOTA SEMARANG,PEDURUNGAN,MUKTIHARJO KIDUL,3374061005018,34,94,97,225,3374061005018,KOTA SEMARANG,MUKTIHARJO KIDUL,TPS 018,272,225,34,94,97,0.1511,0.4178,0.4311,0.8272,3,228,False,https://pemilu2024.kpu.go.id/pilpres/hitung-suara/33/3374/337406/3374061005/3374061005018,2024-02-15 22:30:27,PASLON 03
JAWA TENGAH,KOTA SEMARANG,PEDURUNGAN,MUKTIHARJO KIDUL,3374061005019,57,95,75,227,3374061005019,KOTA SEMARANG,MUKTIHARJO KIDUL,TPS 019,286,227,57,95,75,0.2511,0.4185,0.3304,0.7937,0,227,False,https://pemilu2024.kpu.go.id/pilpres/hitung-suara/33/3374/337406/3374061005/3374061005019,2024-02-16 21:01:00,PASLON 02
JAWA TENGAH,KOTA SEMARANG,PEDURUNGAN,MUKTIHARJO KIDUL,3374061005022,44,96,73,213,3374061005022,KOTA SEMARANG,MUKTIHARJO KIDUL,TPS 022,273,213,44,96,73,0.2066,0.4507,0.3427,0.7802,5,218,False,https://pemilu2024.kpu.go.id/pilpres/hitung-suara/33/3374/337406/3374061005/3374061005022,2024-02-16 16:25:10,PASLON 02
JAWA TENGAH,KOTA SEMARANG,PEDURUNGAN,MUKTIHARJO KIDUL,3374061005023,25,93,97,215,3374061005023,KOTA SEMARANG,MUKTIHARJO KIDUL,TPS 023,288,215,25,93,97,0.1163,0.4326,0.4512,0.7465,2,217,False,https://pemilu2024.kpu.go.id/pilpres/hitung-suara/33/3374/337406/3374061005/3374061005023,2024-02-17 13:37:34,PASLON 03
JAWA TENGAH,KOTA SEMARANG,PEDURUNGAN,MUKTIHARJO KIDUL,3374061005024,31,98,82,211,3374061005024,KOTA SEMARANG,MUKTIHARJO KIDUL,TPS 024,265,211,31,98,82,0.1469,0.4645,0.3886,0.7962,7,218,False,https://pemilu2024.kpu.go.id/pilpres/hitung-suara/33/3374/337406/3374061005/3374061005024,2024-02-16 16:25:10,PASLON 02
JAWA TENGAH,KOTA SEMARANG,PEDURUNGAN,MUKTIHARJO KIDUL,3374061005025,29,109,84,222,3374061005025,KOTA SEMARANG,MUKTIHARJO KIDUL,TPS 025,272,222,29,109,84,0.1306,0.491,0.3784,0.8162,5,227,False,https://pemilu2024.kpu.go.id/pilpres/hitung-suara/33/3374/337406/3374061005/3374061005025,2024-02-16 16:25:10,PASLON 02
JAWA TENGAH,KOTA SEMARANG,PEDURUNGAN,MUKTIHARJO KIDUL,3374061005026,11,91,76,178,3374061005026,KOTA SEMARANG,MUKTIHARJO KIDUL,TPS 026,190,178,11,91,76,0.0618,0.5112,0.427,0.9368,12,190,False,https://pemilu2024.kpu.go.id/pilpres/hitung-suara/33/3374/337406/3374061005/3374061005026,2024-02-15 21:30:27,PASLON 02
JAWA TENGAH,KOTA SEMARANG,PEDURUNGAN,MUKTIHARJO KIDUL,3374061005027,9,155,80,244,3374061005027,KOTA SEMARANG,MUKTIHARJO KIDUL,TPS 027,275,244,9,155,80,0.0369,0.6352,0.3279,0.8873,4,248,False,https://pemilu2024.kpu.go.id/pilpres/hitung-suara/33/3374/337406/3374061005/3374061005027,2024-02-19 06:16:00,PASLON 02
JAWA TENGAH,KOTA SEMARANG,PEDURUNGAN,MUKTIHARJO KIDUL,3374061005028,10,115,87,212,3374061005028,KOTA SEMARANG,MUKTIHARJO KIDUL,TPS 028,262,212,10,115,87,0.0472,0.5425,0.4104,0.8092,3,215,False,https://pemilu2024.kpu.go.id/pilpres/hitung-suara/33/3374/337406/3374061005/3374061005028,2024-02-15 19:00:26,PASLON 02
JAWA TENGAH,KOTA SEMARANG,PEDURUNGAN,MUKTIHARJO KIDUL,3374061005029,29,109,79,217,3374061005029,KOTA SEMARANG,MUKTIHARJO KIDUL,TPS 029,271,217,29,109,79,0.1336,0.5023,0.3641,0.8007,0,217,True,https://pemilu2024.kpu.go.id/pilpres/hitung-suara/33/3374/337406/3374061005/3374061005029,2024-02-15 22:40:13,PASLON 02
JAWA TENGAH,KOTA SEMARANG,PEDURUNGAN,MUKTIHARJO KIDUL,3374061005030,18,117,107,242,3374061005030,KOTA SEMARANG,MUKTIHARJO KIDUL,TPS 030,282,242,18,117,107,0.0744,0.4835,0.4421,0.8582,6,248,False,https://pemilu2024.kpu.go.id/pilpres/hitung-suara/33/3374/337406/3374061005/3374061005030,2024-02-19 06:16:00,PASLON 02
JAWA TENGAH,KOTA SEMARANG,PEDURUNGAN,MUKTIHARJO KIDUL,3374061005031,15,121,68,204,3374061005031,KOTA SEMARANG,MUKTIHARJO KIDUL,TPS 031,254,204,15,121,68,0.0735,0.5931,0.3333,0.8031,5,209,False,https://pemilu2024.kpu.go.id/pilpres/hitung-suara/33/3374/337406/3374061005/3374061005031,2024-02-14 21:46:01,PASLON 02
JAWA TENGAH,KOTA SEMARANG,PEDURUNGAN,MUKTIHARJO KIDUL,3374061005032,18,124,89,231,3374061005032,KOTA SEMARANG,MUKTIHARJO KIDUL,TPS 032,287,231,18,124,89,0.0779,0.5368,0.3853,0.8049,5,236,False,https://pemilu2024.kpu.go.id/pilpres/hitung-suara/33/3374/337406/3374061005/3374061005032,2024-02-19 06:16:00,PASLON 02
JAWA TENGAH,KOTA SEMARANG,PEDURUNGAN,MUKTIHARJO KIDUL,3374061005033,6,128,88,222,3374061005033,KOTA SEMARANG,MUKTIHARJO KIDUL,TPS 033,282,222,6,128,88,0.027,0.5766,0.3964,0.7872,2,224,False,https://pemilu2024.kpu.go.id/pilpres/hitung-suara/33/3374/337406/3374061005/3374061005033,2024-02-17 13:37:34,PASLON 02
JAWA TENGAH,KOTA SEMARANG,PEDURUNGAN,MUKTIHARJO KIDUL,3374061005034,12,96,131,239,3374061005034,KOTA SEMARANG,MUKTIHARJO KIDUL,TPS 034,296,239,12,96,131,0.0502,0.4017,0.5481,0.8074,8,247,False,https://pemilu2024.kpu.go.id/pilpres/hitung-suara/33/3374/337406/3374061005/3374061005034,2024-02-14 21:46:01,PASLON 03
JAWA TENGAH,KOTA SEMARANG,PEDURUNGAN,MUKTIHARJO KIDUL,3374061005035,14,109,114,237,3374061005035,KOTA SEMARANG,MUKTIHARJO KIDUL,TPS 035,300,237,14,109,114,0.0591,0.4599,0.481,0.79,11,248,False,https://pemilu2024.kpu.go.id/pilpres/hitung-suara/33/3374/337406/3374061005/3374061005035,2024-02-17 13:37:34,PASLON 03
JAWA TENGAH,KOTA SEMARANG,PEDURUNGAN,MUKTIHARJO KIDUL,3374061005036,14,68,102,184,3374061005036,KOTA SEMARANG,MUKTIHARJO KIDUL,TPS 036,259,184,14,68,102,0.0761,0.3696,0.5543,0.7104,6,190,False,https://pemilu2024.kpu.go.id/pilpres/hitung-suara/33/3374/337406/3374061005/3374061005036,2024-02-17 13:37:34,PASLON 03
JAWA TENGAH,KOTA SEMARANG,PEDURUNGAN,MUKTIHARJO KIDUL,3374061005037,3,85,109,197,3374061005037,KOTA SEMARANG,MUKTIHARJO KIDUL,TPS 037,255,197,3,85,109,0.0152,0.4315,0.5533,0.7725,6,203,False,https://pemilu2024.kpu.go.id/pilpres/hitung-suara/33/3374/337406/3374061005/3374061005037,2024-02-16 16:25:10,PASLON 03
JAWA TENGAH,KOTA SEMARANG,PEDURUNGAN,MUKTIHARJO KIDUL,3374061005038,8,115,92,215,3374061005038,KOTA SEMARANG,MUKTIHARJO KIDUL,TPS 038,221,215,8,115,92,0.0372,0.5349,0.4279,0.9729,6,221,False,https://pemilu2024.kpu.go.id/pilpres/hitung-suara/33/3374/337406/3374061005/3374061005038,2024-02-15 00:41:44,PASLON 02
JAWA TENGAH,KOTA SEMARANG,PEDURUNGAN,MUKTIHARJO KIDUL,3374061005040,16,109,97,222,3374061005040,KOTA SEMARANG,MUKTIHARJO KIDUL,TPS 040,275,222,16,109,97,0.0721,0.491,0.4369,0.8073,5,227,False,https://pemilu2024.kpu.go.id/pilpres/hitung-suara/33/3374/337406/3374061005/3374061005040,2024-02-14 21:46:01,PASLON 02
JAWA TENGAH,KOTA SEMARANG,PEDURUNGAN,MUKTIHARJO KIDUL,3374061005041,22,117,78,217,3374061005041,KOTA SEMARANG,MUKTIHARJO KIDUL,TPS 041,280,217,22,117,78,0.1014,0.5392,0.3594,0.775,11,228,False,https://pemilu2024.kpu.go.id/pilpres/hitung-suara/33/3374/337406/3374061005/3374061005041,2024-02-22 10:00:00,PASLON 02
JAWA TENGAH,KOTA SEMARANG,PEDURUNGAN,MUKTIHARJO KIDUL,3374061005042,13,121,86,220,3374061005042,KOTA SEMARANG,MUKTIHARJO KIDUL,TPS 042,220,220,13,121,86,0.0591,0.55,0.3909,1.0,3,222,False,https://pemilu2024.kpu.go.id/pilpres/hitung-suara/33/3374/337406/3374061005/3374061005042,2024-02-15 21:30:27,PASLON 02
JAWA TENGAH,KOTA SEMARANG,PEDURUNGAN,MUKTIHARJO KIDUL,3374061005044,7,134,102,243,3374061005044,KOTA SEMARANG,MUKTIHARJO KIDUL,TPS 044,285,243,7,134,102,0.0288,0.5514,0.4198,0.8526,9,252,False,https://pemilu2024.kpu.go.id/pilpres/hitung-suara/33/3374/337406/3374061005/3374061005044,2024-02-16 16:25:10,PASLON 02
JAWA TENGAH,KOTA SEMARANG,PEDURUNGAN,MUKTIHARJO KIDUL,3374061005045,13,125,87,225,3374061005045,KOTA SEMARANG,MUKTIHARJO KIDUL,TPS 045,284,225,13,125,87,0.0578,0.5556,0.3867,0.7923,5,230,False,https://pemilu2024.kpu.go.id/pilpres/hitung-suara/33/3374/337406/3374061005/3374061005045,2024-02-16 16:25:10,PASLON 02
JAWA TENGAH,KOTA SEMARANG,PEDURUNGAN,MUKTIHARJO KIDUL,3374061005046,16,123,109,248,3374061005046,KOTA SEMARANG,MUKTIHARJO KIDUL,TPS 046,271,248,16,123,109,0.0645,0.496,0.4395,0.9151,0,248,True,https://pemilu2024.kpu.go.id/pilpres/hitung-suara/33/3374/337406/3374061005/3374061005046,2024-02-16 10:30:29,PASLON 02
JAWA TENGAH,KOTA SEMARANG,PEDURUNGAN,MUKTIHARJO KIDUL,3374061005047,18,126,109,253,3374061005047,KOTA SEMARANG,MUKTIHARJO KIDUL,TPS 047,293,253,18,126,109,0.0711,0.498,0.4308,0.8635,3,256,False,https://pemilu2024.kpu.go.id/pilpres/hitung-suara/33/3374/337406/3374061005/3374061005047,2024-02-15 21:30:27,PASLON 02
JAWA TENGAH,KOTA SEMARANG,PEDURUNGAN,MUKTIHARJO KIDUL,3374061005048,11,101,119,231,3374061005048,KOTA SEMARANG,MUKTIHARJO KIDUL,TPS 048,269,231,11,101,119,0.0476,0.4372,0.5152,0.8587,4,235,False,https://pemilu2024.kpu.go.id/pilpres/hitung-suara/33/3374/337406/3374061005/3374061005048,2024-02-16 17:00:00,PASLON 03
JAWA TENGAH,KOTA SEMARANG,PEDURUNGAN,MUKTIHARJO KIDUL,3374061005050,14,140,97,251,3374061005050,KOTA SEMARANG,MUKTIHARJO KIDUL,TPS 050,271,251,14,140,97,0.0558,0.5578,0.3865,0.9262,0,251,True,https://pemilu2024.kpu.go.id/pilpres/hitung-suara/33/3374/337406/3374061005/3374061005050,2024-02-15 21:30:27,PASLON 02
JAWA TENGAH,KOTA SEMARANG,PEDURUNGAN,MUKTIHARJO KIDUL,3374061005051,4,126,78,208,3374061005051,KOTA SEMARANG,MUKTIHARJO KIDUL,TPS 051,260,208,4,126,78,0.0192,0.6058,0.375,0.8,7,215,False,https://pemilu2024.kpu.go.id/pilpres/hitung-suara/33/3374/337406/3374061005/3374061005051,2024-02-16 16:25:10,PASLON 02
JAWA TENGAH,KOTA SEMARANG,PEDURUNGAN,MUKTIHARJO KIDUL,3374061005052,7,106,51,164,3374061005052,KOTA SEMARANG,MUKTIHARJO KIDUL,TPS 052,203,164,7,106,51,0.0427,0.6463,0.311,0.8079,3,167,False,https://pemilu2024.kpu.go.id/pilpres/hitung-suara/33/3374/337406/3374061005/3374061005052,2024-02-16 16:25:10,PASLON 02
JAWA TENGAH,KOTA SEMARANG,PEDURUNGAN,MUKTIHARJO KIDUL,3374061005053,18,110,87,215,3374061005053,KOTA SEMARANG,MUKTIHARJO KIDUL,TPS 053,273,215,18,110,87,0.0837,0.5116,0.4047,0.7875,14,229,False,https://pemilu2024.kpu.go.id/pilpres/hitung-suara/33/3374/337406/3374061005/3374061005053,2024-02-15 15:00:29,PASLON 02
JAWA TENGAH,KOTA SEMARANG,PEDURUNGAN,MUKTIHARJO KIDUL,3374061005054,20,92,99,211,3374061005054,KOTA SEMARANG,MUKTIHARJO KIDUL,TPS 054,258,211,20,92,99,0.0948,0.436,0.4692,0.8178,3,214,False,https://pemilu2024.kpu.go.id/pilpres/hitung-suara/33/3374/337406/3374061005/3374061005054,2024-02-14 21:46:01,PASLON 03
JAWA TENGAH,KOTA SEMARANG,PEDURUNGAN,MUKTIHARJO KIDUL,3374061005055,12,114,89,215,3374061005055,KOTA SEMARANG,MUKTIHARJO KIDUL,TPS 055,257,215,12,114,89,0.0558,0.5302,0.414,0.8366,7,222,False,https://pemilu2024.kpu.go.id/pilpres/hitung-suara/33/3374/337406/3374061005/3374061005055,2024-02-14 21:46:01,PASLON 02
JAWA TENGAH,KOTA SEMARANG,PEDURUNGAN,MUKTIHARJO KIDUL,3374061005056,31,101,97,229,3374061005056,KOTA SEMARANG,MUKTIHARJO KIDUL,TPS 056,290,229,31,101,97,0.1354,0.441,0.4236,0.7897,1,230,False,https://pemilu2024.kpu.go.id/pilpres/hitung-suara/33/3374/337406/3374061005/3374061005056,2024-02-16 16:25:10,PASLON 02
JAWA TENGAH,KOTA SEMARANG,PEDURUNGAN,MUKTIHARJO KIDUL,3374061005057,25,84,97,206,3374061005057,KOTA SEMARANG,MUKTIHARJO KIDUL,TPS 057,283,206,25,84,97,0.1214,0.4078,0.4709,0.7279,4,210,False,https://pemilu2024.kpu.go.id/pilpres/hitung-suara/33/3374/337406/3374061005/3374061005057,2024-02-21 13:00:00,PASLON 03
JAWA TENGAH,KOTA SEMARANG,PEDURUNGAN,MUKTIHARJO KIDUL,3374061005058,27,118,89,234,3374061005058,KOTA SEMARANG,MUKTIHARJO KIDUL,TPS 058,294,234,27,118,89,0.1154,0.5043,0.3803,0.7959,4,238,False,https://pemilu2024.kpu.go.id/pilpres/hitung-suara/33/3374/337406/3374061005/3374061005058,2024-02-15 21:30:27,PASLON 02
JAWA TENGAH,KOTA SEMARANG,PEDURUNGAN,MUKTIHARJO KIDUL,3374061005059,20,83,94,197,3374061005059,KOTA SEMARANG,MUKTIHARJO KIDUL,TPS 059,277,197,20,83,94,0.1015,0.4213,0.4772,0.7112,7,204,False,https://pemilu2024.kpu.go.id/pilpres/hitung-suara/33/3374/337406/3374061005/3374061005059,2024-02-16 08:30:27,PASLON 03
JAWA TENGAH,KOTA SEMARANG,PEDURUNGAN,MUKTIHARJO KIDUL,3374061005060,21,104,90,215,3374061005060,KOTA SEMARANG,MUKTIHARJO KIDUL,TPS 060,264,215,21,104,90,0.0977,0.4837,0.4186,0.8144,1,216,False,https://pemilu2024.kpu.go.id/pilpres/hitung-suara/33/3374/337406/3374061005/3374061005060,2024-02-16 09:00:28,PASLON 02
JAWA TENGAH,KOTA SEMARANG,PEDURUNGAN,MUKTIHARJO KIDUL,3374061005061,27,115,90,232,3374061005061,KOTA SEMARANG,MUKTIHARJO KIDUL,TPS 061,277,232,27,115,90,0.1164,0.4957,0.3879,0.8375,1,233,False,https://pemilu2024.kpu.go.id/pilpres/hitung-suara/33/3374/337406/3374061005/3374061005061,2024-02-14 21:46:01,PASLON 02
JAWA TENGAH,KOTA SEMARANG,PEDURUNGAN,MUKTIHARJO KIDUL,3374061005062,25,117,90,232,3374061005062,KOTA SEMARANG,MUKTIHARJO KIDUL,TPS 062,271,232,25,117,90,0.1078,0.5043,0.3879,0.8561,0,232,True,https://pemilu2024.kpu.go.id/pilpres/hitung-suara/33/3374/337406/3374061005/3374061005062,2024-02-17 14:56:33,PASLON 02
JAWA TENGAH,KOTA SEMARANG,PEDURUNGAN,MUKTIHARJO KIDUL,3374061005063,18,145,58,221,3374061005063,KOTA SEMARANG,MUKTIHARJO KIDUL,TPS 063,277,221,18,145,58,0.0814,0.6561,0.2624,0.7978,4,225,False,https://pemilu2024.kpu.go.id/pilpres/hitung-suara/33/3374/337406/3374061005/3374061005063,2024-02-16 16:25:10,PASLON 02
JAWA TENGAH,KOTA SEMARANG,PEDURUNGAN,MUKTIHARJO KIDUL,3374061005064,22,93,107,222,3374061005064,KOTA SEMARANG,MUKTIHARJO KIDUL,TPS 064,271,222,22,93,107,0.0991,0.4189,0.482,0.8192,0,222,True,https://pemilu2024.kpu.go.id/pilpres/hitung-suara/33/3374/337406/3374061005/3374061005064,2024-02-17 18:30:00,PASLON 03
JAWA TENGAH,KOTA SEMARANG,PEDURUNGAN,MUKTIHARJO KIDUL,3374061005066,9,104,113,226,3374061005066,KOTA SEMARANG,MUKTIHARJO KIDUL,TPS 066,271,226,9,104,113,0.0398,0.4602,0.5,0.8339,0,226,True,https://pemilu2024.kpu.go.id/pilpres/hitung-suara/33/3374/337406/3374061005/3374061005066,2024-02-16 10:30:29,PASLON 03
JAWA TENGAH,KOTA SEMARANG,PEDURUNGAN,MUKTIHARJO KIDUL,3374061005067,49,87,89,225,3374061005067,KOTA SEMARANG,MUKTIHARJO KIDUL,TPS 067,278,225,49,87,89,0.2178,0.3867,0.3956,0.8094,3,228,False,https://pemilu2024.kpu.go.id/pilpres/hitung-suara/33/3374/337406/3374061005/3374061005067,2024-02-14 21:46:01,PASLON 03
JAWA TENGAH,KOTA SEMARANG,PEDURUNGAN,MUKTIHARJO KIDUL,3374061005068,51,90,91,232,3374061005068,KOTA SEMARANG,MUKTIHARJO KIDUL,TPS 068,288,232,51,90,91,0.2198,0.3879,0.3922,0.8056,6,238,False,https://pemilu2024.kpu.go.id/pilpres/hitung-suara/33/3374/337406/3374061005/3374061005068,2024-02-16 16:25:10,PASLON 03
JAWA TENGAH,KOTA SEMARANG,PEDURUNGAN,MUKTIHARJO KIDUL,3374061005069,48,66,69,183,3374061005069,KOTA SEMARANG,MUKTIHARJO KIDUL,TPS 069,217,183,48,66,69,0.2623,0.3607,0.377,0.8433,2,185,False,https://pemilu2024.kpu.go.id/pilpres/hitung-suara/33/3374/337406/3374061005/3374061005069,2024-02-16 16:25:10,PASLON 03
JAWA TENGAH,KOTA SEMARANG,PEDURUNGAN,MUKTIHARJO KIDUL,3374061005070,36,77,62,175,3374061005070,KOTA SEMARANG,MUKTIHARJO KIDUL,TPS 070,222,175,36,77,62,0.2057,0.44,0.3543,0.7883,10,185,False,https://pemilu2024.kpu.go.id/pilpres/hitung-suara/33/3374/337406/3374061005/3374061005070,2024-02-19 06:16:00,PASLON 02
JAWA TENGAH,KOTA SEMARANG,PEDURUNGAN,MUKTIHARJO KIDUL,3374061005071,26,95,83,204,3374061005071,KOTA SEMARANG,MUKTIHARJO KIDUL,TPS 071,258,204,26,95,83,0.1275,0.4657,0.4069,0.7907,5,209,False,https://pemilu2024.kpu.go.id/pilpres/hitung-suara/33/3374/337406/3374061005/3374061005071,2024-02-16 09:00:28,PASLON 02
JAWA TENGAH,KOTA SEMARANG,PEDURUNGAN,MUKTIHARJO KIDUL,3374061005072,53,91,79,223,3374061005072,KOTA SEMARANG,MUKTIHARJO KIDUL,TPS 072,278,223,53,91,79,0.2377,0.4081,0.3543,0.8022,8,231,False,https://pemilu2024.kpu.go.id/pilpres/hitung-suara/33/3374/337406/3374061005/3374061005072,2024-02-15 00:41:44,PASLON 02
JAWA TENGAH,KOTA SEMARANG,PEDURUNGAN,MUKTIHARJO KIDUL,3374061005073,33,104,84,221,3374061005073,KOTA SEMARANG,MUKTIHARJO KIDUL,TPS 073,284,221,33,104,84,0.1493,0.4706,0.3801,0.7782,1,222,False,https://pemilu2024.kpu.go.id/pilpres/hitung-suara/33/3374/337406/3374061005/3374061005073,2024-02-14 21:46:01,PASLON 02
JAWA TENGAH,KOTA SEMARANG,PEDURUNGAN,MUKTIHARJO KIDUL,3374061005074,52,116,68,236,3374061005074,KOTA SEMARANG,MUKTIHARJO KIDUL,TPS 074,286,236,52,116,68,0.2203,0.4915,0.2881,0.8252,3,239,False,https://pemilu2024.kpu.go.id/pilpres/hitung-suara/33/3374/337406/3374061005/3374061005074,2024-02-16 12:51:22,PASLON 02
JAWA TENGAH,KOTA SEMARANG,PEDURUNGAN,MUKTIHARJO KIDUL,3374061005075,39,102,91,232,3374061005075,KOTA SEMARANG,MUKTIHARJO KIDUL,TPS 075,284,232,39,102,91,0.1681,0.4397,0.3922,0.8169,1,233,False,https://pemilu2024.kpu.go.id/pilpres/hitung-suara/33/3374/337406/3374061005/3374061005075,2024-02-16 06:30:27,PASLON 02
JAWA TENGAH,KOTA SEMARANG,PEDURUNGAN,MUKTIHARJO KIDUL,3374061005076,34,95,48,177,3374061005076,KOTA SEMARANG,MUKTIHARJO KIDUL,TPS 076,219,177,34,95,48,0.1921,0.5367,0.2712,0.8082,1,178,False,https://pemilu2024.kpu.go.id/pilpres/hitung-suara/33/3374/337406/3374061005/3374061005076,2024-02-16 16:25:10,PASLON 02
JAWA TENGAH,KOTA SEMARANG,PEDURUNGAN,MUKTIHARJO KIDUL,3374061005077,38,90,47,175,3374061005077,KOTA SEMARANG,MUKTIHARJO KIDUL,TPS 077,225,175,38,90,47,0.2171,0.5143,0.2686,0.7778,5,180,False,https://pemilu2024.kpu.go.id/pilpres/hitung-suara/33/3374/337406/3374061005/3374061005077,2024-02-16 10:30:29,PASLON 02
JAWA TENGAH,KOTA SEMARANG,PEDURUNGAN,MUKTIHARJO KIDUL,3374061005078,25,64,64,153,3374061005078,KOTA SEMARANG,MUKTIHARJO KIDUL,TPS 078,196,153,25,64,64,0.1634,0.4183,0.4183,0.7806,2,155,False,https://pemilu2024.kpu.go.id/pilpres/hitung-suara/33/3374/337406/3374061005/3374061005078,2024-02-16 16:25:10,PASLON 02
JAWA TENGAH,KOTA SEMARANG,PEDURUNGAN,MUKTIHARJO KIDUL,3374061005079,38,98,70,206,3374061005079,KOTA SEMARANG,MUKTIHARJO KIDUL,TPS 079,249,206,38,98,70,0.1845,0.4757,0.3398,0.8273,4,210,False,https://pemilu2024.kpu.go.id/pilpres/hitung-suara/33/3374/337406/3374061005/3374061005079,2024-02-14 21:46:01,PASLON 02
JAWA TENGAH,KOTA SEMARANG,PEDURUNGAN,MUKTIHARJO KIDUL,3374061005080,39,120,68,227,3374061005080,KOTA SEMARANG,MUKTIHARJO KIDUL,TPS 080,262,227,39,120,68,0.1718,0.5286,0.2996,0.8664,6,233,False,https://pemilu2024.kpu.go.id/pilpres/hitung-suara/33/3374/337406/3374061005/3374061005080,2024-02-15 12:00:28,PASLON 02
JAWA TENGAH,KOTA SEMARANG,PEDURUNGAN,MUKTIHARJO KIDUL,3374061005082,23,110,77,210,3374061005082,KOTA SEMARANG,MUKTIHARJO KIDUL,TPS 082,236,210,23,110,77,0.1095,0.5238,0.3667,0.8898,6,216,False,https://pemilu2024.kpu.go.id/pilpres/hitung-suara/33/3374/337406/3374061005/3374061005082,2024-02-16 21:01:00,PASLON 02
JAWA TENGAH,KOTA SEMARANG,PEDURUNGAN,MUKTIHARJO KIDUL,3374061005083,9,97,96,202,3374061005083,KOTA SEMARANG,MUKTIHARJO KIDUL,TPS 083,256,202,9,97,96,0.0446,0.4802,0.4752,0.7891,7,209,False,https://pemilu2024.kpu.go.id/pilpres/hitung-suara/33/3374/337406/3374061005/3374061005083,2024-02-15 22:00:27,PASLON 02
JAWA TENGAH,KOTA SEMARANG,PEDURUNGAN,MUKTIHARJO KIDUL,3374061005084,10,136,98,244,3374061005084,KOTA SEMARANG,MUKTIHARJO KIDUL,TPS 084,276,244,10,136,98,0.041,0.5574,0.4016,0.8841,6,250,False,https://pemilu2024.kpu.go.id/pilpres/hitung-suara/33/3374/337406/3374061005/3374061005084,2024-02-16 16:25:10,PASLON 02
JAWA TENGAH,KOTA SEMARANG,PEDURUNGAN,MUKTIHARJO KIDUL,3374061005085,12,165,78,255,3374061005085,KOTA SEMARANG,MUKTIHARJO KIDUL,TPS 085,295,255,12,165,78,0.0471,0.6471,0.3059,0.8644,1,256,False,https://pemilu2024.kpu.go.id/pilpres/hitung-suara/33/3374/337406/3374061005/3374061005085,2024-02-15 22:00:27,PASLON 02
JAWA TENGAH,KOTA SEMARANG,PEDURUNGAN,MUKTIHARJO KIDUL,3374061005086,28,95,107,230,3374061005086,KOTA SEMARANG,MUKTIHARJO KIDUL,TPS 086,271,230,28,95,107,0.1217,0.413,0.4652,0.8487,1,231,False,https://pemilu2024.kpu.go.id/pilpres/hitung-suara/33/3374/337406/3374061005/3374061005086,2024-02-15 23:29:50,PASLON 03
JAWA TENGAH,KOTA SEMARANG,PEDURUNGAN,MUKTIHARJO KIDUL,3374061005087,13,107,115,235,3374061005087,KOTA SEMARANG,MUKTIHARJO KIDUL,TPS 087,275,235,13,107,115,0.0553,0.4553,0.4894,0.8545,5,240,False,https://pemilu2024.kpu.go.id/pilpres/hitung-suara/33/3374/337406/3374061005/3374061005087,2024-02-14 21:46:01,PASLON 03
JAWA TENGAH,KOTA SEMARANG,PEDURUNGAN,MUKTIHARJO KIDUL,3374061005088,28,100,100,228,3374061005088,KOTA SEMARANG,MUKTIHARJO KIDUL,TPS 088,268,228,28,100,100,0.1228,0.4386,0.4386,0.8507,3,231,False,https://pemilu2024.kpu.go.id/pilpres/hitung-suara/33/3374/337406/3374061005/3374061005088,2024-02-14 21:46:01,PASLON 02
JAWA TENGAH,KOTA SEMARANG,PEDURUNGAN,MUKTIHARJO KIDUL,3374061005089,11,94,105,210,3374061005089,KOTA SEMARANG,MUKTIHARJO KIDUL,TPS 089,240,210,11,94,105,0.0524,0.4476,0.5,0.875,4,214,False,https://pemilu2024.kpu.go.id/pilpres/hitung-suara/33/3374/337406/3374061005/3374061005089,2024-02-16 09:30:28,PASLON 03
JAWA TENGAH,KOTA SEMARANG,PEDURUNGAN,MUKTIHARJO KIDUL,3374061005090,25,123,101,249,3374061005090,KOTA SEMARANG,MUKTIHARJO KIDUL,TPS 090,293,249,25,123,101,0.1004,0.494,0.4056,0.8498,4,253,False,https://pemilu2024.kpu.go.id/pilpres/hitung-suara/33/3374/337406/3374061005/3374061005090,2024-02-17 13:37:34,PASLON 02
JAWA TENGAH,KOTA SEMARANG,PEDURUNGAN,MUKTIHARJO KIDUL,3374061005091,24,74,63,161,3374061005091,KOTA SEMARANG,MUKTIHARJO KIDUL,TPS 091,241,161,24,74,63,0.1491,0.4596,0.3913,0.668,2,163,False,https://pemilu2024.kpu.go.id/pilpres/hitung-suara/33/3374/337406/3374061005/3374061005091,2024-02-16 06:00:27,PASLON 02
JAWA TENGAH,KOTA SEMARANG,PEDURUNGAN,MUKTIHARJO KIDUL,3374061005092,37,70,71,178,3374061005092,KOTA SEMARANG,MUKTIHARJO KIDUL,TPS 092,213,178,37,70,71,0.2079,0.3933,0.3989,0.8357,2,180,False,https://pemilu2024.kpu.go.id/pilpres/hitung-suara/33/3374/337406/3374061005/3374061005092,2024-02-15 00:41:44,PASLON 03
JAWA TENGAH,KOTA SEMARANG,PEDURUNGAN,MUKTIHARJO KIDUL,3374061005093,19,114,89,222,3374061005093,KOTA SEMARANG,MUKTIHARJO KIDUL,TPS 093,257,222,19,114,89,0.0856,0.5135,0.4009,0.8638,3,225,False,https://pemilu2024.kpu.go.id/pilpres/hitung-suara/33/3374/337406/3374061005/3374061005093,2024-02-15 22:00:27,PASLON 02
JAWA TENGAH,KOTA SEMARANG,PEDURUNGAN,MUKTIHARJO KIDUL,3374061005094,24,100,98,222,3374061005094,KOTA SEMARANG,MUKTIHARJO KIDUL,TPS 094,266,222,24,100,98,0.1081,0.4505,0.4414,0.8346,5,227,False,https://pemilu2024.kpu.go.id/pilpres/hitung-suara/33/3374/337406/3374061005/3374061005094,2024-02-16 16:25:10,PASLON 02
JAWA TENGAH,KOTA SEMARANG,PEDURUNGAN,MUKTIHARJO KIDUL,3374061005095,31,101,84,216,3374061005095,KOTA SEMARANG,MUKTIHARJO KIDUL,TPS 095,263,216,31,101,84,0.1435,0.4676,0.3889,0.8213,3,219,False,https://pemilu2024.kpu.go.id/pilpres/hitung-suara/33/3374/337406/3374061005/3374061005095,2024-02-16 21:01:00,PASLON 02
JAWA TENGAH,KOTA SEMARANG,PEDURUNGAN,PALEBON,3374061011001,18,68,87,173,3374061011001,KOTA SEMARANG,PALEBON,TPS 001,278,173,18,68,87,0.104,0.3931,0.5029,0.6223,0,173,True,https://pemilu2024.kpu.go.id/pilpres/hitung-suara/33/3374/337406/3374061011/3374061011001,2024-02-24 22:31:28,PASLON 03
JAWA TENGAH,KOTA SEMARANG,PEDURUNGAN,PALEBON,3374061011002,29,92,104,225,3374061011002,KOTA SEMARANG,PALEBON,TPS 002,278,225,29,92,104,0.1289,0.4089,0.4622,0.8094,0,225,True,https://pemilu2024.kpu.go.id/pilpres/hitung-suara/33/3374/337406/3374061011/3374061011002,2024-02-15 23:29:50,PASLON 03
JAWA TENGAH,KOTA SEMARANG,PEDURUNGAN,PALEBON,3374061011003,38,111,83,232,3374061011003,KOTA SEMARANG,PALEBON,TPS 003,278,232,38,111,83,0.1638,0.4784,0.3578,0.8345,0,232,True,https://pemilu2024.kpu.go.id/pilpres/hitung-suara/33/3374/337406/3374061011/3374061011003,2024-02-19 06:16:00,PASLON 02
JAWA TENGAH,KOTA SEMARANG,PEDURUNGAN,PALEBON,3374061011004,37,90,70,197,3374061011004,KOTA SEMARANG,PALEBON,TPS 004,223,197,37,90,70,0.1878,0.4569,0.3553,0.8834,6,203,False,https://pemilu2024.kpu.go.id/pilpres/hitung-suara/33/3374/337406/3374061011/3374061011004,2024-02-16 16:25:10,PASLON 02
JAWA TENGAH,KOTA SEMARANG,PEDURUNGAN,PALEBON,3374061011005,31,111,91,233,3374061011005,KOTA SEMARANG,PALEBON,TPS 005,284,233,31,111,91,0.133,0.4764,0.3906,0.8204,7,240,False,https://pemilu2024.kpu.go.id/pilpres/hitung-suara/33/3374/337406/3374061011/3374061011005,2024-02-17 13:37:34,PASLON 02
JAWA TENGAH,KOTA SEMARANG,PEDURUNGAN,PALEBON,3374061011006,20,86,91,197,3374061011006,KOTA SEMARANG,PALEBON,TPS 006,231,197,20,86,91,0.1015,0.4365,0.4619,0.8528,5,202,False,https://pemilu2024.kpu.go.id/pilpres/hitung-suara/33/3374/337406/3374061011/3374061011006,2024-02-16 16:25:10,PASLON 03
JAWA TENGAH,KOTA SEMARANG,PEDURUNGAN,PALEBON,3374061011008,34,110,90,234,3374061011008,KOTA SEMARANG,PALEBON,TPS 008,278,234,34,110,90,0.1453,0.4701,0.3846,0.8417,0,234,True,https://pemilu2024.kpu.go.id/pilpres/hitung-suara/33/3374/337406/3374061011/3374061011008,2024-02-24 22:31:28,PASLON 02
JAWA TENGAH,KOTA SEMARANG,PEDURUNGAN,PALEBON,3374061011009,24,124,99,247,3374061011009,KOTA SEMARANG,PALEBON,TPS 009,291,247,24,124,99,0.0972,0.502,0.4008,0.8488,7,254,False,https://pemilu2024.kpu.go.id/pilpres/hitung-suara/33/3374/337406/3374061011/3374061011009,2024-02-17 14:45:18,PASLON 02
JAWA TENGAH,KOTA SEMARANG,PEDURUNGAN,PALEBON,3374061011010,49,110,75,234,3374061011010,KOTA SEMARANG,PALEBON,TPS 010,290,234,49,110,75,0.2094,0.4701,0.3205,0.8069,5,239,False,https://pemilu2024.kpu.go.id/pilpres/hitung-suara/33/3374/337406/3374061011/3374061011010,2024-02-14 21:46:01,PASLON 02
JAWA TENGAH,KOTA SEMARANG,PEDURUNGAN,PALEBON,3374061011011,43,121,76,240,3374061011011,KOTA SEMARANG,PALEBON,TPS 011,300,240,43,121,76,0.1792,0.5042,0.3167,0.8,7,247,False,https://pemilu2024.kpu.go.id/pilpres/hitung-suara/33/3374/337406/3374061011/3374061011011,2024-02-22 10:00:00,PASLON 02
JAWA TENGAH,KOTA SEMARANG,PEDURUNGAN,PALEBON,3374061011012,36,104,86,226,3374061011012,KOTA SEMARANG,PALEBON,TPS 012,279,226,36,104,86,0.1593,0.4602,0.3805,0.81,4,230,False,https://pemilu2024.kpu.go.id/pilpres/hitung-suara/33/3374/337406/3374061011/3374061011012,2024-02-14 21:46:01,PASLON 02
JAWA TENGAH,KOTA SEMARANG,PEDURUNGAN,PALEBON,3374061011013,30,116,89,235,3374061011013,KOTA SEMARANG,PALEBON,TPS 013,278,235,30,116,89,0.1277,0.4936,0.3787,0.8453,0,235,True,https://pemilu2024.kpu.go.id/pilpres/hitung-suara/33/3374/337406/3374061011/3374061011013,2024-02-22 15:00:00,PASLON 02
JAWA TENGAH,KOTA SEMARANG,PEDURUNGAN,PALEBON,3374061011014,39,104,79,222,3374061011014,KOTA SEMARANG,PALEBON,TPS 014,277,222,39,104,79,0.1757,0.4685,0.3559,0.8014,2,224,False,https://pemilu2024.kpu.go.id/pilpres/hitung-suara/33/3374/337406/3374061011/3374061011014,2024-02-15 15:00:29,PASLON 02
JAWA TENGAH,KOTA SEMARANG,PEDURUNGAN,PALEBON,3374061011015,46,85,79,210,3374061011015,KOTA SEMARANG,PALEBON,TPS 015,268,210,46,85,79,0.219,0.4048,0.3762,0.7836,4,214,False,https://pemilu2024.kpu.go.id/pilpres/hitung-suara/33/3374/337406/3374061011/3374061011015,2024-02-15 04:00:24,PASLON 02
JAWA TENGAH,KOTA SEMARANG,PEDURUNGAN,PALEBON,3374061011016,44,90,75,209,3374061011016,KOTA SEMARANG,PALEBON,TPS 016,278,209,44,90,75,0.2105,0.4306,0.3589,0.7518,0,209,True,https://pemilu2024.kpu.go.id/pilpres/hitung-suara/33/3374/337406/3374061011/3374061011016,2024-02-24 22:31:28,PASLON 02
JAWA TENGAH,KOTA SEMARANG,PEDURUNGAN,PALEBON,3374061011017,35,105,81,221,3374061011017,KOTA SEMARANG,PALEBON,TPS 017,283,221,35,105,81,0.1584,0.4751,0.3665,0.7809,5,226,False,https://pemilu2024.kpu.go.id/pilpres/hitung-suara/33/3374/337406/3374061011/3374061011017,2024-02-19 06:16:00,PASLON 02
JAWA TENGAH,KOTA SEMARANG,PEDURUNGAN,PALEBON,3374061011018,49,79,79,207,3374061011018,KOTA SEMARANG,PALEBON,TPS 018,278,207,49,79,79,0.2367,0.3816,0.3816,0.7446,0,207,True,https://pemilu2024.kpu.go.id/pilpres/hitung-suara/33/3374/337406/3374061011/3374061011018,2024-02-19 06:16:00,PASLON 02
JAWA TENGAH,KOTA SEMARANG,PEDURUNGAN,PALEBON,3374061011019,69,80,72,221,3374061011019,KOTA SEMARANG,PALEBON,TPS 019,271,221,69,80,72,0.3122,0.362,0.3258,0.8155,5,226,False,https://pemilu2024.kpu.go.id/pilpres/hitung-suara/33/3374/337406/3374061011/3374061011019,2024-02-16 08:30:27,PASLON 02
JAWA TENGAH,KOTA SEMARANG,PEDURUNGAN,PALEBON,3374061011020,50,96,71,217,3374061011020,KOTA SEMARANG,PALEBON,TPS 020,279,217,50,96,71,0.2304,0.4424,0.3272,0.7778,4,221,False,https://pemilu2024.kpu.go.id/pilpres/hitung-suara/33/3374/337406/3374061011/3374061011020,2024-02-19 06:16:00,PASLON 02
JAWA TENGAH,KOTA SEMARANG,PEDURUNGAN,PALEBON,3374061011021,32,83,71,186,3374061011021,KOTA SEMARANG,PALEBON,TPS 021,227,186,32,83,71,0.172,0.4462,0.3817,0.8194,1,187,False,https://pemilu2024.kpu.go.id/pilpres/hitung-suara/33/3374/337406/3374061011/3374061011021,2024-02-15 00:41:44,PASLON 02
JAWA TENGAH,KOTA SEMARANG,PEDURUNGAN,PALEBON,3374061011022,43,100,88,231,3374061011022,KOTA SEMARANG,PALEBON,TPS 022,266,231,43,100,88,0.1861,0.4329,0.381,0.8684,5,236,False,https://pemilu2024.kpu.go.id/pilpres/hitung-suara/33/3374/337406/3374061011/3374061011022,2024-02-19 06:16:00,PASLON 02
JAWA TENGAH,KOTA SEMARANG,PEDURUNGAN,PALEBON,3374061011023,49,90,24,163,3374061011023,KOTA SEMARANG,PALEBON,TPS 023,277,163,49,90,24,0.3006,0.5521,0.1472,0.5884,5,225,False,https://pemilu2024.kpu.go.id/pilpres/hitung-suara/33/3374/337406/3374061011/3374061011023,2024-02-16 16:25:10,PASLON 02
JAWA TENGAH,KOTA SEMARANG,PEDURUNGAN,PALEBON,3374061011024,44,75,105,224,3374061011024,KOTA SEMARANG,PALEBON,TPS 024,287,224,44,75,105,0.1964,0.3348,0.4688,0.7805,9,233,False,https://pemilu2024.kpu.go.id/pilpres/hitung-suara/33/3374/337406/3374061011/3374061011024,2024-02-21 14:00:00,PASLON 03
JAWA TENGAH,KOTA SEMARANG,PEDURUNGAN,PALEBON,3374061011025,62,97,61,220,3374061011025,KOTA SEMARANG,PALEBON,TPS 025,261,220,62,97,61,0.2818,0.4409,0.2773,0.8429,4,224,False,https://pemilu2024.kpu.go.id/pilpres/hitung-suara/33/3374/337406/3374061011/3374061011025,2024-02-15 16:00:26,PASLON 02
JAWA TENGAH,KOTA SEMARANG,PEDURUNGAN,PALEBON,3374061011026,56,135,90,281,3374061011026,KOTA SEMARANG,PALEBON,TPS 026,286,281,56,135,90,0.1993,0.4804,0.3203,0.9825,2,283,False,https://pemilu2024.kpu.go.id/pilpres/hitung-suara/33/3374/337406/3374061011/3374061011026,2024-02-19 06:16:00,PASLON 02
JAWA TENGAH,KOTA SEMARANG,PEDURUNGAN,PALEBON,3374061011027,63,76,79,218,3374061011027,KOTA SEMARANG,PALEBON,TPS 027,277,218,63,76,79,0.289,0.3486,0.3624,0.787,5,223,False,https://pemilu2024.kpu.go.id/pilpres/hitung-suara/33/3374/337406/3374061011/3374061011027,2024-02-16 12:51:22,PASLON 03
JAWA TENGAH,KOTA SEMARANG,PEDURUNGAN,PALEBON,3374061011028,44,85,72,201,3374061011028,KOTA SEMARANG,PALEBON,TPS 028,241,201,44,85,72,0.2189,0.4229,0.3582,0.834,5,206,False,https://pemilu2024.kpu.go.id/pilpres/hitung-suara/33/3374/337406/3374061011/3374061011028,2024-02-16 12:51:22,PASLON 02
JAWA TENGAH,KOTA SEMARANG,PEDURUNGAN,PALEBON,3374061011029,21,136,91,248,3374061011029,KOTA SEMARANG,PALEBON,TPS 029,284,248,21,136,91,0.0847,0.5484,0.3669,0.8732,6,254,False,https://pemilu2024.kpu.go.id/pilpres/hitung-suara/33/3374/337406/3374061011/3374061011029,2024-02-22 16:00:00,PASLON 02
JAWA TENGAH,KOTA SEMARANG,PEDURUNGAN,PALEBON,3374061011030,17,113,82,212,3374061011030,KOTA SEMARANG,PALEBON,TPS 030,254,212,17,113,82,0.0802,0.533,0.3868,0.8346,10,222,False,https://pemilu2024.kpu.go.id/pilpres/hitung-suara/33/3374/337406/3374061011/3374061011030,2024-02-16 16:25:10,PASLON 02
JAWA TENGAH,KOTA SEMARANG,PEDURUNGAN,PALEBON,3374061011031,16,90,52,158,3374061011031,KOTA SEMARANG,PALEBON,TPS 031,216,158,16,90,52,0.1013,0.5696,0.3291,0.7315,7,172,False,https://pemilu2024.kpu.go.id/pilpres/hitung-suara/33/3374/337406/3374061011/3374061011031,2024-02-19 06:16:00,PASLON 02
JAWA TENGAH,KOTA SEMARANG,PEDURUNGAN,PALEBON,3374061011032,46,95,83,224,3374061011032,KOTA SEMARANG,PALEBON,TPS 032,278,224,46,95,83,0.2054,0.4241,0.3705,0.8058,3,227,False,https://pemilu2024.kpu.go.id/pilpres/hitung-suara/33/3374/337406/3374061011/3374061011032,2024-02-16 16:25:10,PASLON 02
JAWA TENGAH,KOTA SEMARANG,PEDURUNGAN,PALEBON,3374061011033,28,120,102,250,3374061011033,KOTA SEMARANG,PALEBON,TPS 033,296,250,28,120,102,0.112,0.48,0.408,0.8446,6,256,False,https://pemilu2024.kpu.go.id/pilpres/hitung-suara/33/3374/337406/3374061011/3374061011033,2024-02-16 12:51:22,PASLON 02
JAWA TENGAH,KOTA SEMARANG,PEDURUNGAN,PALEBON,3374061011034,49,102,62,213,3374061011034,KOTA SEMARANG,PALEBON,TPS 034,278,213,49,102,62,0.23,0.4789,0.2911,0.7662,0,213,True,https://pemilu2024.kpu.go.id/pilpres/hitung-suara/33/3374/337406/3374061011/3374061011034,2024-02-15 23:29:50,PASLON 02
JAWA TENGAH,KOTA SEMARANG,PEDURUNGAN,PALEBON,3374061011035,57,102,70,229,3374061011035,KOTA SEMARANG,PALEBON,TPS 035,275,229,57,102,70,0.2489,0.4454,0.3057,0.8327,0,229,False,https://pemilu2024.kpu.go.id/pilpres/hitung-suara/33/3374/337406/3374061011/3374061011035,2024-02-14 21:46:01,PASLON 02
JAWA TENGAH,KOTA SEMARANG,PEDURUNGAN,PALEBON,3374061011036,71,83,60,214,3374061011036,KOTA SEMARANG,PALEBON,TPS 036,269,214,71,83,60,0.3318,0.3879,0.2804,0.7955,4,218,False,https://pemilu2024.kpu.go.id/pilpres/hitung-suara/33/3374/337406/3374061011/3374061011036,2024-02-16 17:00:00,PASLON 02
JAWA TENGAH,KOTA SEMARANG,PEDURUNGAN,PALEBON,3374061011037,49,84,103,236,3374061011037,KOTA SEMARANG,PALEBON,TPS 037,295,236,49,84,103,0.2076,0.3559,0.4364,0.8,4,240,False,https://pemilu2024.kpu.go.id/pilpres/hitung-suara/33/3374/337406/3374061011/3374061011037,2024-02-14 21:46:01,PASLON 03
JAWA TENGAH,KOTA SEMARANG,PEDURUNGAN,PALEBON,3374061011038,46,106,79,231,3374061011038,KOTA SEMARANG,PALEBON,TPS 038,292,231,46,106,79,0.1991,0.4589,0.342,0.7911,11,242,False,https://pemilu2024.kpu.go.id/pilpres/hitung-suara/33/3374/337406/3374061011/3374061011038,2024-02-19 06:16:00,PASLON 02
JAWA TENGAH,KOTA SEMARANG,PEDURUNGAN,PALEBON,3374061011039,32,126,78,236,3374061011039,KOTA SEMARANG,PALEBON,TPS 039,278,236,32,126,78,0.1356,0.5339,0.3305,0.8489,0,236,True,https://pemilu2024.kpu.go.id/pilpres/hitung-suara/33/3374/337406/3374061011/3374061011039,2024-02-22 15:00:00,PASLON 02
JAWA TENGAH,KOTA SEMARANG,PEDURUNGAN,PALEBON,3374061011040,28,127,91,246,3374061011040,KOTA SEMARANG,PALEBON,TPS 040,278,246,28,127,91,0.1138,0.5163,0.3699,0.8849,3,249,True,https://pemilu2024.kpu.go.id/pilpres/hitung-suara/33/3374/337406/3374061011/3374061011040,2024-02-16 16:25:10,PASLON 02
JAWA TENGAH,KOTA SEMARANG,PEDURUNGAN,PALEBON,3374061011041,28,103,88,219,3374061011041,KOTA SEMARANG,PALEBON,TPS 041,281,219,28,103,88,0.1279,0.4703,0.4018,0.7794,3,222,False,https://pemilu2024.kpu.go.id/pilpres/hitung-suara/33/3374/337406/3374061011/3374061011041,2024-02-17 13:37:34,PASLON 02
JAWA TENGAH,KOTA SEMARANG,PEDURUNGAN,PEDURUNGAN KIDUL,3374061008001,45,70,50,165,3374061008001,KOTA SEMARANG,PEDURUNGAN KIDUL,TPS 001,246,165,45,70,50,0.2727,0.4242,0.303,0.6707,4,169,False,https://pemilu2024.kpu.go.id/pilpres/hitung-suara/33/3374/337406/3374061008/3374061008001,2024-02-14 21:46:01,PASLON 02
JAWA TENGAH,KOTA SEMARANG,PEDURUNGAN,PEDURUNGAN KIDUL,3374061008003,37,105,69,211,3374061008003,KOTA SEMARANG,PEDURUNGAN KIDUL,TPS 003,276,211,37,105,69,0.1754,0.4976,0.327,0.7645,7,218,False,https://pemilu2024.kpu.go.id/pilpres/hitung-suara/33/3374/337406/3374061008/3374061008003,2024-02-15 23:29:50,PASLON 02
JAWA TENGAH,KOTA SEMARANG,PEDURUNGAN,PEDURUNGAN KIDUL,3374061008004,37,138,39,214,3374061008004,KOTA SEMARANG,PEDURUNGAN KIDUL,TPS 004,272,214,37,138,39,0.1729,0.6449,0.1822,0.7868,0,214,True,https://pemilu2024.kpu.go.id/pilpres/hitung-suara/33/3374/337406/3374061008/3374061008004,2024-02-15 23:29:50,PASLON 02
JAWA TENGAH,KOTA SEMARANG,PEDURUNGAN,PEDURUNGAN KIDUL,3374061008005,46,89,47,182,3374061008005,KOTA SEMARANG,PEDURUNGAN KIDUL,TPS 005,220,182,46,89,47,0.2527,0.489,0.2582,0.8273,5,187,False,https://pemilu2024.kpu.go.id/pilpres/hitung-suara/33/3374/337406/3374061008/3374061008005,2024-02-16 16:25:10,PASLON 02
JAWA TENGAH,KOTA SEMARANG,PEDURUNGAN,PEDURUNGAN KIDUL,3374061008007,25,114,80,219,3374061008007,KOTA SEMARANG,PEDURUNGAN KIDUL,TPS 007,272,219,25,114,80,0.1142,0.5205,0.3653,0.8051,0,219,True,https://pemilu2024.kpu.go.id/pilpres/hitung-suara/33/3374/337406/3374061008/3374061008007,2024-02-16 01:30:27,PASLON 02
JAWA TENGAH,KOTA SEMARANG,PEDURUNGAN,PEDURUNGAN KIDUL,3374061008008,50,61,82,193,3374061008008,KOTA SEMARANG,PEDURUNGAN KIDUL,TPS 008,272,193,50,61,82,0.2591,0.3161,0.4249,0.7096,0,193,True,https://pemilu2024.kpu.go.id/pilpres/hitung-suara/33/3374/337406/3374061008/3374061008008,2024-02-16 08:00:28,PASLON 03
JAWA TENGAH,KOTA SEMARANG,PEDURUNGAN,PEDURUNGAN KIDUL,3374061008009,58,97,56,211,3374061008009,KOTA SEMARANG,PEDURUNGAN KIDUL,TPS 009,226,211,58,97,56,0.2749,0.4597,0.2654,0.9336,7,228,False,https://pemilu2024.kpu.go.id/pilpres/hitung-suara/33/3374/337406/3374061008/3374061008009,2024-02-15 23:29:50,PASLON 02
JAWA TENGAH,KOTA SEMARANG,PEDURUNGAN,PEDURUNGAN KIDUL,3374061008010,80,84,63,227,3374061008010,KOTA SEMARANG,PEDURUNGAN KIDUL,TPS 010,272,227,80,84,63,0.3524,0.37,0.2775,0.8346,0,227,True,https://pemilu2024.kpu.go.id/pilpres/hitung-suara/33/3374/337406/3374061008/3374061008010,2024-02-24 22:31:28,PASLON 02
JAWA TENGAH,KOTA SEMARANG,PEDURUNGAN,PEDURUNGAN KIDUL,3374061008011,44,104,73,221,3374061008011,KOTA SEMARANG,PEDURUNGAN KIDUL,TPS 011,272,221,44,104,73,0.1991,0.4706,0.3303,0.8125,0,221,True,https://pemilu2024.kpu.go.id/pilpres/hitung-suara/33/3374/337406/3374061008/3374061008011,2024-02-16 11:00:29,PASLON 02
JAWA TENGAH,KOTA SEMARANG,PEDURUNGAN,PEDURUNGAN KIDUL,3374061008012,32,129,89,250,3374061008012,KOTA SEMARANG,PEDURUNGAN KIDUL,TPS 012,272,250,32,129,89,0.128,0.516,0.356,0.9191,0,250,True,https://pemilu2024.kpu.go.id/pilpres/hitung-suara/33/3374/337406/3374061008/3374061008012,2024-02-15 23:29:50,PASLON 02
JAWA TENGAH,KOTA SEMARANG,PEDURUNGAN,PEDURUNGAN KIDUL,3374061008013,65,100,68,233,3374061008013,KOTA SEMARANG,PEDURUNGAN KIDUL,TPS 013,274,233,65,100,68,0.279,0.4292,0.2918,0.8504,1,234,False,https://pemilu2024.kpu.go.id/pilpres/hitung-suara/33/3374/337406/3374061008/3374061008013,2024-02-15 23:29:50,PASLON 02
JAWA TENGAH,KOTA SEMARANG,PEDURUNGAN,PEDURUNGAN KIDUL,3374061008015,62,93,63,218,3374061008015,KOTA SEMARANG,PEDURUNGAN KIDUL,TPS 015,281,218,62,93,63,0.2844,0.4266,0.289,0.7758,6,224,False,https://pemilu2024.kpu.go.id/pilpres/hitung-suara/33/3374/337406/3374061008/3374061008015,2024-02-14 21:46:01,PASLON 02
JAWA TENGAH,KOTA SEMARANG,PEDURUNGAN,PEDURUNGAN KIDUL,3374061008016,49,98,60,207,3374061008016,KOTA SEMARANG,PEDURUNGAN KIDUL,TPS 016,249,207,49,98,60,0.2367,0.4734,0.2899,0.8313,4,211,False,https://pemilu2024.kpu.go.id/pilpres/hitung-suara/33/3374/337406/3374061008/3374061008016,2024-02-16 01:00:27,PASLON 02
JAWA TENGAH,KOTA SEMARANG,PEDURUNGAN,PEDURUNGAN KIDUL,3374061008017,25,120,91,236,3374061008017,KOTA SEMARANG,PEDURUNGAN KIDUL,TPS 017,272,236,25,120,91,0.1059,0.5085,0.3856,0.8676,5,241,False,https://pemilu2024.kpu.go.id/pilpres/hitung-suara/33/3374/337406/3374061008/3374061008017,2024-02-14 21:46:01,PASLON 02
JAWA TENGAH,KOTA SEMARANG,PEDURUNGAN,PEDURUNGAN KIDUL,3374061008018,38,118,82,238,3374061008018,KOTA SEMARANG,PEDURUNGAN KIDUL,TPS 018,264,238,38,118,82,0.1597,0.4958,0.3445,0.9015,5,243,False,https://pemilu2024.kpu.go.id/pilpres/hitung-suara/33/3374/337406/3374061008/3374061008018,2024-02-15 23:29:50,PASLON 02
JAWA TENGAH,KOTA SEMARANG,PEDURUNGAN,PEDURUNGAN KIDUL,3374061008019,34,113,68,215,3374061008019,KOTA SEMARANG,PEDURUNGAN KIDUL,TPS 019,278,215,34,113,68,0.1581,0.5256,0.3163,0.7734,10,225,False,https://pemilu2024.kpu.go.id/pilpres/hitung-suara/33/3374/337406/3374061008/3374061008019,2024-02-17 13:37:34,PASLON 02
JAWA TENGAH,KOTA SEMARANG,PEDURUNGAN,PEDURUNGAN KIDUL,3374061008021,38,104,67,209,3374061008021,KOTA SEMARANG,PEDURUNGAN KIDUL,TPS 021,272,209,38,104,67,0.1818,0.4976,0.3206,0.7684,0,209,True,https://pemilu2024.kpu.go.id/pilpres/hitung-suara/33/3374/337406/3374061008/3374061008021,2024-02-15 23:29:50,PASLON 02
JAWA TENGAH,KOTA SEMARANG,PEDURUNGAN,PEDURUNGAN KIDUL,3374061008022,58,94,68,220,3374061008022,KOTA SEMARANG,PEDURUNGAN KIDUL,TPS 022,272,220,58,94,68,0.2636,0.4273,0.3091,0.8088,0,220,True,https://pemilu2024.kpu.go.id/pilpres/hitung-suara/33/3374/337406/3374061008/3374061008022,2024-02-16 11:00:29,PASLON 02
JAWA TENGAH,KOTA SEMARANG,PEDURUNGAN,PEDURUNGAN KIDUL,3374061008023,39,57,82,178,3374061008023,KOTA SEMARANG,PEDURUNGAN KIDUL,TPS 023,216,178,39,57,82,0.2191,0.3202,0.4607,0.8241,5,183,False,https://pemilu2024.kpu.go.id/pilpres/hitung-suara/33/3374/337406/3374061008/3374061008023,2024-02-15 23:29:50,PASLON 03
JAWA TENGAH,KOTA SEMARANG,PEDURUNGAN,PEDURUNGAN KIDUL,3374061008024,18,69,93,180,3374061008024,KOTA SEMARANG,PEDURUNGAN KIDUL,TPS 024,212,180,18,69,93,0.1,0.3833,0.5167,0.8491,0,180,False,https://pemilu2024.kpu.go.id/pilpres/hitung-suara/33/3374/337406/3374061008/3374061008024,2024-02-16 16:30:00,PASLON 03
JAWA TENGAH,KOTA SEMARANG,PEDURUNGAN,PEDURUNGAN KIDUL,3374061008025,27,90,73,190,3374061008025,KOTA SEMARANG,PEDURUNGAN KIDUL,TPS 025,272,190,27,90,73,0.1421,0.4737,0.3842,0.6985,0,190,True,https://pemilu2024.kpu.go.id/pilpres/hitung-suara/33/3374/337406/3374061008/3374061008025,2024-02-16 11:00:29,PASLON 02
JAWA TENGAH,KOTA SEMARANG,PEDURUNGAN,PEDURUNGAN KIDUL,3374061008026,42,92,72,206,3374061008026,KOTA SEMARANG,PEDURUNGAN KIDUL,TPS 026,272,206,42,92,72,0.2039,0.4466,0.3495,0.7574,0,206,True,https://pemilu2024.kpu.go.id/pilpres/hitung-suara/33/3374/337406/3374061008/3374061008026,2024-02-15 23:29:50,PASLON 02
JAWA TENGAH,KOTA SEMARANG,PEDURUNGAN,PEDURUNGAN KIDUL,3374061008027,34,114,85,233,3374061008027,KOTA SEMARANG,PEDURUNGAN KIDUL,TPS 027,272,233,34,114,85,0.1459,0.4893,0.3648,0.8566,0,233,True,https://pemilu2024.kpu.go.id/pilpres/hitung-suara/33/3374/337406/3374061008/3374061008027,2024-02-16 23:00:00,PASLON 02
JAWA TENGAH,KOTA SEMARANG,PEDURUNGAN,PEDURUNGAN KIDUL,3374061008028,34,132,82,248,3374061008028,KOTA SEMARANG,PEDURUNGAN KIDUL,TPS 028,294,248,34,132,82,0.1371,0.5323,0.3306,0.8435,4,252,False,https://pemilu2024.kpu.go.id/pilpres/hitung-suara/33/3374/337406/3374061008/3374061008028,2024-02-14 21:46:01,PASLON 02
JAWA TENGAH,KOTA SEMARANG,PEDURUNGAN,PEDURUNGAN KIDUL,3374061008029,51,81,104,236,3374061008029,KOTA SEMARANG,PEDURUNGAN KIDUL,TPS 029,288,236,51,81,104,0.2161,0.3432,0.4407,0.8194,3,239,False,https://pemilu2024.kpu.go.id/pilpres/hitung-suara/33/3374/337406/3374061008/3374061008029,2024-02-15 23:29:50,PASLON 03
JAWA TENGAH,KOTA SEMARANG,PEDURUNGAN,PEDURUNGAN KIDUL,3374061008032,74,96,68,238,3374061008032,KOTA SEMARANG,PEDURUNGAN KIDUL,TPS 032,296,238,74,96,68,0.3109,0.4034,0.2857,0.8041,2,240,False,https://pemilu2024.kpu.go.id/pilpres/hitung-suara/33/3374/337406/3374061008/3374061008032,2024-02-15 23:29:50,PASLON 02
JAWA TENGAH,KOTA SEMARANG,PEDURUNGAN,PEDURUNGAN KIDUL,3374061008033,64,87,61,212,3374061008033,KOTA SEMARANG,PEDURUNGAN KIDUL,TPS 033,272,212,64,87,61,0.3019,0.4104,0.2877,0.7794,0,212,True,https://pemilu2024.kpu.go.id/pilpres/hitung-suara/33/3374/337406/3374061008/3374061008033,2024-02-16 11:00:29,PASLON 02
JAWA TENGAH,KOTA SEMARANG,PEDURUNGAN,PEDURUNGAN KIDUL,3374061008034,61,98,87,246,3374061008034,KOTA SEMARANG,PEDURUNGAN KIDUL,TPS 034,297,246,61,98,87,0.248,0.3984,0.3537,0.8283,4,250,False,https://pemilu2024.kpu.go.id/pilpres/hitung-suara/33/3374/337406/3374061008/3374061008034,2024-02-14 21:46:01,PASLON 02
JAWA TENGAH,KOTA SEMARANG,PEDURUNGAN,PEDURUNGAN KIDUL,3374061008035,31,104,97,232,3374061008035,KOTA SEMARANG,PEDURUNGAN KIDUL,TPS 035,299,232,31,104,97,0.1336,0.4483,0.4181,0.7759,6,238,False,https://pemilu2024.kpu.go.id/pilpres/hitung-suara/33/3374/337406/3374061008/3374061008035,2024-02-14 21:46:01,PASLON 02
JAWA TENGAH,KOTA SEMARANG,PEDURUNGAN,PEDURUNGAN KIDUL,3374061008036,37,137,72,246,3374061008036,KOTA SEMARANG,PEDURUNGAN KIDUL,TPS 036,272,246,37,137,72,0.1504,0.5569,0.2927,0.9044,0,246,True,https://pemilu2024.kpu.go.id/pilpres/hitung-suara/33/3374/337406/3374061008/3374061008036,2024-02-15 23:29:50,PASLON 02
JAWA TENGAH,KOTA SEMARANG,PEDURUNGAN,PEDURUNGAN KIDUL,3374061008037,41,127,97,265,3374061008037,KOTA SEMARANG,PEDURUNGAN KIDUL,TPS 037,288,265,41,127,97,0.1547,0.4792,0.366,0.9201,7,272,False,https://pemilu2024.kpu.go.id/pilpres/hitung-suara/33/3374/337406/3374061008/3374061008037,2024-02-14 21:46:01,PASLON 02
JAWA TENGAH,KOTA SEMARANG,PEDURUNGAN,PEDURUNGAN KIDUL,3374061008038,22,103,82,207,3374061008038,KOTA SEMARANG,PEDURUNGAN KIDUL,TPS 038,210,207,22,103,82,0.1063,0.4976,0.3961,0.9857,6,213,False,https://pemilu2024.kpu.go.id/pilpres/hitung-suara/33/3374/337406/3374061008/3374061008038,2024-02-15 23:29:50,PASLON 02
JAWA TENGAH,KOTA SEMARANG,PEDURUNGAN,PEDURUNGAN KIDUL,3374061008039,11,108,67,186,3374061008039,KOTA SEMARANG,PEDURUNGAN KIDUL,TPS 039,212,186,11,108,67,0.0591,0.5806,0.3602,0.8774,6,192,False,https://pemilu2024.kpu.go.id/pilpres/hitung-suara/33/3374/337406/3374061008/3374061008039,2024-02-15 23:29:50,PASLON 02
JAWA TENGAH,KOTA SEMARANG,PEDURUNGAN,PEDURUNGAN KIDUL,3374061008040,16,137,71,224,3374061008040,KOTA SEMARANG,PEDURUNGAN KIDUL,TPS 040,234,224,16,137,71,0.0714,0.6116,0.317,0.9573,4,228,False,https://pemilu2024.kpu.go.id/pilpres/hitung-suara/33/3374/337406/3374061008/3374061008040,2024-02-15 23:29:50,PASLON 02
JAWA TENGAH,KOTA SEMARANG,PEDURUNGAN,PEDURUNGAN LOR,3374061009001,35,94,69,198,3374061009001,KOTA SEMARANG,PEDURUNGAN LOR,TPS 001,235,198,35,94,69,0.1768,0.4747,0.3485,0.8426,6,204,False,https://pemilu2024.kpu.go.id/pilpres/hitung-suara/33/3374/337406/3374061009/3374061009001,2024-02-14 21:46:01,PASLON 02
JAWA TENGAH,KOTA SEMARANG,PEDURUNGAN,PEDURUNGAN LOR,3374061009002,35,99,66,200,3374061009002,KOTA SEMARANG,PEDURUNGAN LOR,TPS 002,244,200,35,99,66,0.175,0.495,0.33,0.8197,5,205,False,https://pemilu2024.kpu.go.id/pilpres/hitung-suara/33/3374/337406/3374061009/3374061009002,2024-02-17 13:37:34,PASLON 02
JAWA TENGAH,KOTA SEMARANG,PEDURUNGAN,PEDURUNGAN LOR,3374061009003,55,99,84,238,3374061009003,KOTA SEMARANG,PEDURUNGAN LOR,TPS 003,281,238,55,99,84,0.2311,0.416,0.3529,0.847,1,239,False,https://pemilu2024.kpu.go.id/pilpres/hitung-suara/33/3374/337406/3374061009/3374061009003,2024-02-16 16:25:10,PASLON 02
JAWA TENGAH,KOTA SEMARANG,PEDURUNGAN,PEDURUNGAN LOR,3374061009004,53,112,73,238,3374061009004,KOTA SEMARANG,PEDURUNGAN LOR,TPS 004,274,238,53,112,73,0.2227,0.4706,0.3067,0.8686,1,239,False,https://pemilu2024.kpu.go.id/pilpres/hitung-suara/33/3374/337406/3374061009/3374061009004,2024-02-16 23:00:00,PASLON 02
JAWA TENGAH,KOTA SEMARANG,PEDURUNGAN,PEDURUNGAN LOR,3374061009005,34,67,68,169,3374061009005,KOTA SEMARANG,PEDURUNGAN LOR,TPS 005,234,169,34,67,68,0.2012,0.3964,0.4024,0.7222,9,178,False,https://pemilu2024.kpu.go.id/pilpres/hitung-suara/33/3374/337406/3374061009/3374061009005,2024-02-17 13:37:34,PASLON 03
JAWA TENGAH,KOTA SEMARANG,PEDURUNGAN,PEDURUNGAN LOR,3374061009007,34,100,70,204,3374061009007,KOTA SEMARANG,PEDURUNGAN LOR,TPS 007,259,204,34,100,70,0.1667,0.4902,0.3431,0.7876,7,211,False,https://pemilu2024.kpu.go.id/pilpres/hitung-suara/33/3374/337406/3374061009/3374061009007,2024-02-15 21:30:27,PASLON 02
JAWA TENGAH,KOTA SEMARANG,PEDURUNGAN,PEDURUNGAN LOR,3374061009008,33,69,104,206,3374061009008,KOTA SEMARANG,PEDURUNGAN LOR,TPS 008,254,206,33,69,104,0.1602,0.335,0.5049,0.811,0,206,False,https://pemilu2024.kpu.go.id/pilpres/hitung-suara/33/3374/337406/3374061009/3374061009008,2024-02-16 16:25:10,PASLON 03
JAWA TENGAH,KOTA SEMARANG,PEDURUNGAN,PEDURUNGAN LOR,3374061009009,13,68,96,177,3374061009009,KOTA SEMARANG,PEDURUNGAN LOR,TPS 009,247,177,13,68,96,0.0734,0.3842,0.5424,0.7166,1,178,False,https://pemilu2024.kpu.go.id/pilpres/hitung-suara/33/3374/337406/3374061009/3374061009009,2024-02-15 23:29:50,PASLON 03
JAWA TENGAH,KOTA SEMARANG,PEDURUNGAN,PEDURUNGAN LOR,3374061009010,32,78,92,202,3374061009010,KOTA SEMARANG,PEDURUNGAN LOR,TPS 010,254,202,32,78,92,0.1584,0.3861,0.4554,0.7953,0,202,True,https://pemilu2024.kpu.go.id/pilpres/hitung-suara/33/3374/337406/3374061009/3374061009010,2024-02-16 11:00:29,PASLON 03
JAWA TENGAH,KOTA SEMARANG,PEDURUNGAN,PEDURUNGAN LOR,3374061009011,33,84,113,230,3374061009011,KOTA SEMARANG,PEDURUNGAN LOR,TPS 011,271,230,33,84,113,0.1435,0.3652,0.4913,0.8487,4,234,False,https://pemilu2024.kpu.go.id/pilpres/hitung-suara/33/3374/337406/3374061009/3374061009011,2024-02-15 23:29:50,PASLON 03
JAWA TENGAH,KOTA SEMARANG,PEDURUNGAN,PEDURUNGAN LOR,3374061009012,35,105,84,224,3374061009012,KOTA SEMARANG,PEDURUNGAN LOR,TPS 012,267,224,35,105,84,0.1562,0.4688,0.375,0.839,2,226,False,https://pemilu2024.kpu.go.id/pilpres/hitung-suara/33/3374/337406/3374061009/3374061009012,2024-02-17 13:37:34,PASLON 02
JAWA TENGAH,KOTA SEMARANG,PEDURUNGAN,PEDURUNGAN LOR,3374061009013,31,117,92,240,3374061009013,KOTA SEMARANG,PEDURUNGAN LOR,TPS 013,294,240,31,117,92,0.1292,0.4875,0.3833,0.8163,1,241,False,https://pemilu2024.kpu.go.id/pilpres/hitung-suara/33/3374/337406/3374061009/3374061009013,2024-02-15 23:29:50,PASLON 02
JAWA TENGAH,KOTA SEMARANG,PEDURUNGAN,PEDURUNGAN LOR,3374061009014,26,72,59,157,3374061009014,KOTA SEMARANG,PEDURUNGAN LOR,TPS 014,215,157,26,72,59,0.1656,0.4586,0.3758,0.7302,4,161,False,https://pemilu2024.kpu.go.id/pilpres/hitung-suara/33/3374/337406/3374061009/3374061009014,2024-02-16 16:25:10,PASLON 02
JAWA TENGAH,KOTA SEMARANG,PEDURUNGAN,PEDURUNGAN LOR,3374061009015,21,77,65,163,3374061009015,KOTA SEMARANG,PEDURUNGAN LOR,TPS 015,213,163,21,77,65,0.1288,0.4724,0.3988,0.7653,3,166,False,https://pemilu2024.kpu.go.id/pilpres/hitung-suara/33/3374/337406/3374061009/3374061009015,2024-02-15 23:29:50,PASLON 02
JAWA TENGAH,KOTA SEMARANG,PEDURUNGAN,PEDURUNGAN LOR,3374061009016,37,80,83,200,3374061009016,KOTA SEMARANG,PEDURUNGAN LOR,TPS 016,258,200,37,80,83,0.185,0.4,0.415,0.7752,2,202,False,https://pemilu2024.kpu.go.id/pilpres/hitung-suara/33/3374/337406/3374061009/3374061009016,2024-02-19 06:16:00,PASLON 03
JAWA TENGAH,KOTA SEMARANG,PEDURUNGAN,PEDURUNGAN LOR,3374061009017,32,127,60,219,3374061009017,KOTA SEMARANG,PEDURUNGAN LOR,TPS 017,266,219,32,127,60,0.1461,0.5799,0.274,0.8233,5,224,False,https://pemilu2024.kpu.go.id/pilpres/hitung-suara/33/3374/337406/3374061009/3374061009017,2024-02-14 21:46:01,PASLON 02
JAWA TENGAH,KOTA SEMARANG,PEDURUNGAN,PEDURUNGAN LOR,3374061009019,20,125,76,221,3374061009019,KOTA SEMARANG,PEDURUNGAN LOR,TPS 019,254,221,20,125,76,0.0905,0.5656,0.3439,0.8701,0,221,True,https://pemilu2024.kpu.go.id/pilpres/hitung-suara/33/3374/337406/3374061009/3374061009019,2024-02-16 16:25:10,PASLON 02
JAWA TENGAH,KOTA SEMARANG,PEDURUNGAN,PEDURUNGAN LOR,3374061009020,12,60,106,178,3374061009020,KOTA SEMARANG,PEDURUNGAN LOR,TPS 020,254,178,12,60,106,0.0674,0.3371,0.5955,0.7008,0,178,True,https://pemilu2024.kpu.go.id/pilpres/hitung-suara/33/3374/337406/3374061009/3374061009020,2024-02-15 23:29:50,PASLON 03
JAWA TENGAH,KOTA SEMARANG,PEDURUNGAN,PEDURUNGAN LOR,3374061009021,9,72,127,208,3374061009021,KOTA SEMARANG,PEDURUNGAN LOR,TPS 021,209,208,9,72,127,0.0433,0.3462,0.6106,0.9952,1,209,False,https://pemilu2024.kpu.go.id/pilpres/hitung-suara/33/3374/337406/3374061009/3374061009021,2024-02-14 21:46:01,PASLON 03
JAWA TENGAH,KOTA SEMARANG,PEDURUNGAN,PEDURUNGAN LOR,3374061009022,14,47,55,116,3374061009022,KOTA SEMARANG,PEDURUNGAN LOR,TPS 022,254,116,14,47,55,0.1207,0.4052,0.4741,0.4567,0,116,True,https://pemilu2024.kpu.go.id/pilpres/hitung-suara/33/3374/337406/3374061009/3374061009022,2024-02-24 22:31:28,PASLON 03
JAWA TENGAH,KOTA SEMARANG,PEDURUNGAN,PEDURUNGAN LOR,3374061009023,44,129,82,255,3374061009023,KOTA SEMARANG,PEDURUNGAN LOR,TPS 023,298,255,44,129,82,0.1725,0.5059,0.3216,0.8557,7,262,False,https://pemilu2024.kpu.go.id/pilpres/hitung-suara/33/3374/337406/3374061009/3374061009023,2024-02-14 21:46:01,PASLON 02
JAWA TENGAH,KOTA SEMARANG,PEDURUNGAN,PEDURUNGAN LOR,3374061009024,22,106,97,225,3374061009024,KOTA SEMARANG,PEDURUNGAN LOR,TPS 024,284,225,22,106,97,0.0978,0.4711,0.4311,0.7923,4,229,False,https://pemilu2024.kpu.go.id/pilpres/hitung-suara/33/3374/337406/3374061009/3374061009024,2024-02-15 00:41:44,PASLON 02
JAWA TENGAH,KOTA SEMARANG,PEDURUNGAN,PEDURUNGAN LOR,3374061009025,36,111,70,217,3374061009025,KOTA SEMARANG,PEDURUNGAN LOR,TPS 025,254,217,36,111,70,0.1659,0.5115,0.3226,0.8543,0,217,True,https://pemilu2024.kpu.go.id/pilpres/hitung-suara/33/3374/337406/3374061009/3374061009025,2024-02-16 12:51:22,PASLON 02
JAWA TENGAH,KOTA SEMARANG,PEDURUNGAN,PEDURUNGAN LOR,3374061009026,25,86,72,183,3374061009026,KOTA SEMARANG,PEDURUNGAN LOR,TPS 026,254,183,25,86,72,0.1366,0.4699,0.3934,0.7205,0,183,True,https://pemilu2024.kpu.go.id/pilpres/hitung-suara/33/3374/337406/3374061009/3374061009026,2024-02-16 14:30:33,PASLON 02
JAWA TENGAH,KOTA SEMARANG,PEDURUNGAN,PEDURUNGAN LOR,3374061009027,44,97,72,213,3374061009027,KOTA SEMARANG,PEDURUNGAN LOR,TPS 027,241,213,44,97,72,0.2066,0.4554,0.338,0.8838,4,217,False,https://pemilu2024.kpu.go.id/pilpres/hitung-suara/33/3374/337406/3374061009/3374061009027,2024-02-16 16:25:10,PASLON 02
JAWA TENGAH,KOTA SEMARANG,PEDURUNGAN,PEDURUNGAN LOR,3374061009028,19,104,57,180,3374061009028,KOTA SEMARANG,PEDURUNGAN LOR,TPS 028,215,180,19,104,57,0.1056,0.5778,0.3167,0.8372,3,183,False,https://pemilu2024.kpu.go.id/pilpres/hitung-suara/33/3374/337406/3374061009/3374061009028,2024-02-15 23:29:50,PASLON 02
JAWA TENGAH,KOTA SEMARANG,PEDURUNGAN,PEDURUNGAN LOR,3374061009030,42,77,90,209,3374061009030,KOTA SEMARANG,PEDURUNGAN LOR,TPS 030,246,209,42,77,90,0.201,0.3684,0.4306,0.8496,2,211,False,https://pemilu2024.kpu.go.id/pilpres/hitung-suara/33/3374/337406/3374061009/3374061009030,2024-02-17 13:37:34,PASLON 03
JAWA TENGAH,KOTA SEMARANG,PEDURUNGAN,PEDURUNGAN TENGAH,3374061010001,23,108,75,206,3374061010001,KOTA SEMARANG,PEDURUNGAN TENGAH,TPS 001,222,206,23,108,75,0.1117,0.5243,0.3641,0.9279,5,211,False,https://pemilu2024.kpu.go.id/pilpres/hitung-suara/33/3374/337406/3374061010/3374061010001,2024-02-15 23:29:50,PASLON 02
JAWA TENGAH,KOTA SEMARANG,PEDURUNGAN,PEDURUNGAN TENGAH,3374061010002,41,108,63,212,3374061010002,KOTA SEMARANG,PEDURUNGAN TENGAH,TPS 002,275,212,41,108,63,0.1934,0.5094,0.2972,0.7709,5,217,False,https://pemilu2024.kpu.go.id/pilpres/hitung-suara/33/3374/337406/3374061010/3374061010002,2024-02-16 16:25:10,PASLON 02
JAWA TENGAH,KOTA SEMARANG,PEDURUNGAN,PEDURUNGAN TENGAH,3374061010003,36,101,67,204,3374061010003,KOTA SEMARANG,PEDURUNGAN TENGAH,TPS 003,245,204,36,101,67,0.1765,0.4951,0.3284,0.8327,2,206,False,https://pemilu2024.kpu.go.id/pilpres/hitung-suara/33/3374/337406/3374061010/3374061010003,2024-02-16 06:30:27,PASLON 02
JAWA TENGAH,KOTA SEMARANG,PEDURUNGAN,PEDURUNGAN TENGAH,3374061010004,53,129,72,254,3374061010004,KOTA SEMARANG,PEDURUNGAN TENGAH,TPS 004,265,254,53,129,72,0.2087,0.5079,0.2835,0.9585,3,257,False,https://pemilu2024.kpu.go.id/pilpres/hitung-suara/33/3374/337406/3374061010/3374061010004,2024-02-16 12:51:22,PASLON 02
JAWA TENGAH,KOTA SEMARANG,PEDURUNGAN,PEDURUNGAN TENGAH,3374061010005,21,109,85,215,3374061010005,KOTA SEMARANG,PEDURUNGAN TENGAH,TPS 005,259,215,21,109,85,0.0977,0.507,0.3953,0.8301,4,219,False,https://pemilu2024.kpu.go.id/pilpres/hitung-suara/33/3374/337406/3374061010/3374061010005,2024-02-16 17:30:00,PASLON 02
JAWA TENGAH,KOTA SEMARANG,PEDURUNGAN,PEDURUNGAN TENGAH,3374061010006,37,137,64,238,3374061010006,KOTA SEMARANG,PEDURUNGAN TENGAH,TPS 006,275,238,37,137,64,0.1555,0.5756,0.2689,0.8655,4,242,False,https://pemilu2024.kpu.go.id/pilpres/hitung-suara/33/3374/337406/3374061010/3374061010006,2024-02-15 00:41:44,PASLON 02
JAWA TENGAH,KOTA SEMARANG,PEDURUNGAN,PEDURUNGAN TENGAH,3374061010007,33,128,84,245,3374061010007,KOTA SEMARANG,PEDURUNGAN TENGAH,TPS 007,269,245,33,128,84,0.1347,0.5224,0.3429,0.9108,4,249,False,https://pemilu2024.kpu.go.id/pilpres/hitung-suara/33/3374/337406/3374061010/3374061010007,2024-02-17 13:37:34,PASLON 02
JAWA TENGAH,KOTA SEMARANG,PEDURUNGAN,PEDURUNGAN TENGAH,3374061010008,26,75,74,175,3374061010008,KOTA SEMARANG,PEDURUNGAN TENGAH,TPS 008,206,175,26,75,74,0.1486,0.4286,0.4229,0.8495,1,176,False,https://pemilu2024.kpu.go.id/pilpres/hitung-suara/33/3374/337406/3374061010/3374061010008,2024-02-15 17:00:25,PASLON 02
JAWA TENGAH,KOTA SEMARANG,PEDURUNGAN,PEDURUNGAN TENGAH,3374061010010,64,78,75,217,3374061010010,KOTA SEMARANG,PEDURUNGAN TENGAH,TPS 010,253,217,64,78,75,0.2949,0.3594,0.3456,0.8577,3,225,False,https://pemilu2024.kpu.go.id/pilpres/hitung-suara/33/3374/337406/3374061010/3374061010010,2024-02-21 14:00:00,PASLON 02
JAWA TENGAH,KOTA SEMARANG,PEDURUNGAN,PEDURUNGAN TENGAH,3374061010011,38,88,98,224,3374061010011,KOTA SEMARANG,PEDURUNGAN TENGAH,TPS 011,275,224,38,88,98,0.1696,0.3929,0.4375,0.8145,3,227,False,https://pemilu2024.kpu.go.id/pilpres/hitung-suara/33/3374/337406/3374061010/3374061010011,2024-02-22 16:00:00,PASLON 03
JAWA TENGAH,KOTA SEMARANG,PEDURUNGAN,PEDURUNGAN TENGAH,3374061010012,46,94,91,231,3374061010012,KOTA SEMARANG,PEDURUNGAN TENGAH,TPS 012,259,231,46,94,91,0.1991,0.4069,0.3939,0.8919,0,231,False,https://pemilu2024.kpu.go.id/pilpres/hitung-suara/33/3374/337406/3374061010/3374061010012,2024-02-17 13:37:34,PASLON 02
JAWA TENGAH,KOTA SEMARANG,PEDURUNGAN,PEDURUNGAN TENGAH,3374061010013,34,109,90,233,3374061010013,KOTA SEMARANG,PEDURUNGAN TENGAH,TPS 013,267,233,34,109,90,0.1459,0.4678,0.3863,0.8727,4,237,False,https://pemilu2024.kpu.go.id/pilpres/hitung-suara/33/3374/337406/3374061010/3374061010013,2024-02-16 16:25:10,PASLON 02
JAWA TENGAH,KOTA SEMARANG,PEDURUNGAN,PEDURUNGAN TENGAH,3374061010014,36,81,76,193,3374061010014,KOTA SEMARANG,PEDURUNGAN TENGAH,TPS 014,193,193,36,81,76,0.1865,0.4197,0.3938,1.0,2,195,False,https://pemilu2024.kpu.go.id/pilpres/hitung-suara/33/3374/337406/3374061010/3374061010014,2024-02-17 13:37:34,PASLON 02
JAWA TENGAH,KOTA SEMARANG,PEDURUNGAN,PEDURUNGAN TENGAH,3374061010015,61,77,94,232,3374061010015,KOTA SEMARANG,PEDURUNGAN TENGAH,TPS 015,262,232,61,77,94,0.2629,0.3319,0.4052,0.8855,7,239,False,https://pemilu2024.kpu.go.id/pilpres/hitung-suara/33/3374/337406/3374061010/3374061010015,2024-02-15 12:00:28,PASLON 03
JAWA TENGAH,KOTA SEMARANG,PEDURUNGAN,PEDURUNGAN TENGAH,3374061010016,36,59,105,200,3374061010016,KOTA SEMARANG,PEDURUNGAN TENGAH,TPS 016,226,200,36,59,105,0.18,0.295,0.525,0.885,3,203,False,https://pemilu2024.kpu.go.id/pilpres/hitung-suara/33/3374/337406/3374061010/3374061010016,2024-02-17 13:37:34,PASLON 03
JAWA TENGAH,KOTA SEMARANG,PEDURUNGAN,PEDURUNGAN TENGAH,3374061010017,36,70,86,192,3374061010017,KOTA SEMARANG,PEDURUNGAN TENGAH,TPS 017,232,192,36,70,86,0.1875,0.3646,0.4479,0.8276,0,192,False,https://pemilu2024.kpu.go.id/pilpres/hitung-suara/33/3374/337406/3374061010/3374061010017,2024-02-16 16:25:10,PASLON 03
JAWA TENGAH,KOTA SEMARANG,PEDURUNGAN,PEDURUNGAN TENGAH,3374061010018,62,89,94,245,3374061010018,KOTA SEMARANG,PEDURUNGAN TENGAH,TPS 018,286,245,62,89,94,0.2531,0.3633,0.3837,0.8566,7,252,False,https://pemilu2024.kpu.go.id/pilpres/hitung-suara/33/3374/337406/3374061010/3374061010018,2024-02-17 13:37:34,PASLON 03
JAWA TENGAH,KOTA SEMARANG,PEDURUNGAN,PEDURUNGAN TENGAH,3374061010019,37,91,85,213,3374061010019,KOTA SEMARANG,PEDURUNGAN TENGAH,TPS 019,247,213,37,91,85,0.1737,0.4272,0.3991,0.8623,4,217,False,https://pemilu2024.kpu.go.id/pilpres/hitung-suara/33/3374/337406/3374061010/3374061010019,2024-02-14 21:46:01,PASLON 02
JAWA TENGAH,KOTA SEMARANG,PEDURUNGAN,PEDURUNGAN TENGAH,3374061010020,58,94,75,227,3374061010020,KOTA SEMARANG,PEDURUNGAN TENGAH,TPS 020,261,227,58,94,75,0.2555,0.4141,0.3304,0.8697,0,227,False,https://pemilu2024.kpu.go.id/pilpres/hitung-suara/33/3374/337406/3374061010/3374061010020,2024-02-24 22:31:28,PASLON 02
JAWA TENGAH,KOTA SEMARANG,PEDURUNGAN,PEDURUNGAN TENGAH,3374061010021,29,113,90,232,3374061010021,KOTA SEMARANG,PEDURUNGAN TENGAH,TPS 021,259,232,29,113,90,0.125,0.4871,0.3879,0.8958,8,240,False,https://pemilu2024.kpu.go.id/pilpres/hitung-suara/33/3374/337406/3374061010/3374061010021,2024-02-16 16:25:10,PASLON 02
JAWA TENGAH,KOTA SEMARANG,PEDURUNGAN,PEDURUNGAN TENGAH,3374061010022,24,92,90,206,3374061010022,KOTA SEMARANG,PEDURUNGAN TENGAH,TPS 022,227,206,24,92,90,0.1165,0.4466,0.4369,0.9075,5,211,False,https://pemilu2024.kpu.go.id/pilpres/hitung-suara/33/3374/337406/3374061010/3374061010022,2024-02-14 21:46:01,PASLON 02
JAWA TENGAH,KOTA SEMARANG,PEDURUNGAN,PEDURUNGAN TENGAH,3374061010023,23,112,52,187,3374061010023,KOTA SEMARANG,PEDURUNGAN TENGAH,TPS 023,215,187,23,112,52,0.123,0.5989,0.2781,0.8698,2,189,False,https://pemilu2024.kpu.go.id/pilpres/hitung-suara/33/3374/337406/3374061010/3374061010023,2024-02-17 13:37:34,PASLON 02
JAWA TENGAH,KOTA SEMARANG,PEDURUNGAN,PEDURUNGAN TENGAH,3374061010024,19,124,82,225,3374061010024,KOTA SEMARANG,PEDURUNGAN TENGAH,TPS 024,278,225,19,124,82,0.0844,0.5511,0.3644,0.8094,5,230,False,https://pemilu2024.kpu.go.id/pilpres/hitung-suara/33/3374/337406/3374061010/3374061010024,2024-02-17 13:37:34,PASLON 02
JAWA TENGAH,KOTA SEMARANG,PEDURUNGAN,PEDURUNGAN TENGAH,3374061010025,20,99,74,193,3374061010025,KOTA SEMARANG,PEDURUNGAN TENGAH,TPS 025,233,193,20,99,74,0.1036,0.513,0.3834,0.8283,6,199,False,https://pemilu2024.kpu.go.id/pilpres/hitung-suara/33/3374/337406/3374061010/3374061010025,2024-02-22 16:00:00,PASLON 02
JAWA TENGAH,KOTA SEMARANG,PEDURUNGAN,PEDURUNGAN TENGAH,3374061010026,27,82,87,196,3374061010026,KOTA SEMARANG,PEDURUNGAN TENGAH,TPS 026,221,196,27,82,87,0.1378,0.4184,0.4439,0.8869,2,198,False,https://pemilu2024.kpu.go.id/pilpres/hitung-suara/33/3374/337406/3374061010/3374061010026,2024-02-16 16:25:10,PASLON 03
JAWA TENGAH,KOTA SEMARANG,PEDURUNGAN,PEDURUNGAN TENGAH,3374061010027,32,95,73,200,3374061010027,KOTA SEMARANG,PEDURUNGAN TENGAH,TPS 027,244,200,32,95,73,0.16,0.475,0.365,0.8197,6,206,False,https://pemilu2024.kpu.go.id/pilpres/hitung-suara/33/3374/337406/3374061010/3374061010027,2024-02-16 16:25:10,PASLON 02
JAWA TENGAH,KOTA SEMARANG,PEDURUNGAN,PEDURUNGAN TENGAH,3374061010028,47,111,72,230,3374061010028,KOTA SEMARANG,PEDURUNGAN TENGAH,TPS 028,252,230,47,111,72,0.2043,0.4826,0.313,0.9127,5,235,False,https://pemilu2024.kpu.go.id/pilpres/hitung-suara/33/3374/337406/3374061010/3374061010028,2024-02-16 16:25:10,PASLON 02
JAWA TENGAH,KOTA SEMARANG,PEDURUNGAN,PEDURUNGAN TENGAH,3374061010029,28,83,90,201,3374061010029,KOTA SEMARANG,PEDURUNGAN TENGAH,TPS 029,259,201,28,83,90,0.1393,0.4129,0.4478,0.7761,0,201,True,https://pemilu2024.kpu.go.id/pilpres/hitung-suara/33/3374/337406/3374061010/3374061010029,2024-02-16 12:51:22,PASLON 03
JAWA TENGAH,KOTA SEMARANG,PEDURUNGAN,PEDURUNGAN TENGAH,3374061010030,24,93,85,202,3374061010030,KOTA SEMARANG,PEDURUNGAN TENGAH,TPS 030,229,202,24,93,85,0.1188,0.4604,0.4208,0.8821,7,209,False,https://pemilu2024.kpu.go.id/pilpres/hitung-suara/33/3374/337406/3374061010/3374061010030,2024-02-16 12:51:22,PASLON 02
JAWA TENGAH,KOTA SEMARANG,PEDURUNGAN,PEDURUNGAN TENGAH,3374061010031,37,83,68,188,3374061010031,KOTA SEMARANG,PEDURUNGAN TENGAH,TPS 031,227,188,37,83,68,0.1968,0.4415,0.3617,0.8282,13,201,False,https://pemilu2024.kpu.go.id/pilpres/hitung-suara/33/3374/337406/3374061010/3374061010031,2024-02-16 21:01:00,PASLON 02
JAWA TENGAH,KOTA SEMARANG,PEDURUNGAN,PEDURUNGAN TENGAH,3374061010032,31,91,69,191,3374061010032,KOTA SEMARANG,PEDURUNGAN TENGAH,TPS 032,209,191,31,91,69,0.1623,0.4764,0.3613,0.9139,5,196,False,https://pemilu2024.kpu.go.id/pilpres/hitung-suara/33/3374/337406/3374061010/3374061010032,2024-02-16 16:25:10,PASLON 02
JAWA TENGAH,KOTA SEMARANG,PEDURUNGAN,PEDURUNGAN TENGAH,3374061010033,28,123,88,239,3374061010033,KOTA SEMARANG,PEDURUNGAN TENGAH,TPS 033,299,239,28,123,88,0.1172,0.5146,0.3682,0.7993,6,245,False,https://pemilu2024.kpu.go.id/pilpres/hitung-suara/33/3374/337406/3374061010/3374061010033,2024-02-17 13:37:34,PASLON 02
JAWA TENGAH,KOTA SEMARANG,PEDURUNGAN,PEDURUNGAN TENGAH,3374061010034,18,117,96,231,3374061010034,KOTA SEMARANG,PEDURUNGAN TENGAH,TPS 034,285,231,18,117,96,0.0779,0.5065,0.4156,0.8105,8,239,False,https://pemilu2024.kpu.go.id/pilpres/hitung-suara/33/3374/337406/3374061010/3374061010034,2024-02-14 21:46:01,PASLON 02
JAWA TENGAH,KOTA SEMARANG,PEDURUNGAN,PEDURUNGAN TENGAH,3374061010035,34,162,68,264,3374061010035,KOTA SEMARANG,PEDURUNGAN TENGAH,TPS 035,297,264,34,162,68,0.1288,0.6136,0.2576,0.8889,3,267,False,https://pemilu2024.kpu.go.id/pilpres/hitung-suara/33/3374/337406/3374061010/3374061010035,2024-02-15 15:00:29,PASLON 02
JAWA TENGAH,KOTA SEMARANG,PEDURUNGAN,PEDURUNGAN TENGAH,3374061010036,52,110,78,240,3374061010036,KOTA SEMARANG,PEDURUNGAN TENGAH,TPS 036,250,240,52,110,78,0.2167,0.4583,0.325,0.96,1,241,False,https://pemilu2024.kpu.go.id/pilpres/hitung-suara/33/3374/337406/3374061010/3374061010036,2024-02-15 15:00:29,PASLON 02
JAWA TENGAH,KOTA SEMARANG,PEDURUNGAN,PEDURUNGAN TENGAH,3374061010037,42,127,102,271,3374061010037,KOTA SEMARANG,PEDURUNGAN TENGAH,TPS 037,298,271,42,127,102,0.155,0.4686,0.3764,0.9094,2,273,False,https://pemilu2024.kpu.go.id/pilpres/hitung-suara/33/3374/337406/3374061010/3374061010037,2024-02-17 13:37:34,PASLON 02
JAWA TENGAH,KOTA SEMARANG,PEDURUNGAN,PEDURUNGAN TENGAH,3374061010038,30,131,90,251,3374061010038,KOTA SEMARANG,PEDURUNGAN TENGAH,TPS 038,287,251,30,131,90,0.1195,0.5219,0.3586,0.8746,5,256,False,https://pemilu2024.kpu.go.id/pilpres/hitung-suara/33/3374/337406/3374061010/3374061010038,2024-02-17 13:37:34,PASLON 02
JAWA TENGAH,KOTA SEMARANG,PEDURUNGAN,PEDURUNGAN TENGAH,3374061010039,59,128,77,264,3374061010039,KOTA SEMARANG,PEDURUNGAN TENGAH,TPS 039,287,264,59,128,77,0.2235,0.4848,0.2917,0.9199,5,269,False,https://pemilu2024.kpu.go.id/pilpres/hitung-suara/33/3374/337406/3374061010/3374061010039,2024-02-16 16:25:10,PASLON 02
JAWA TENGAH,KOTA SEMARANG,PEDURUNGAN,PEDURUNGAN TENGAH,3374061010040,47,131,89,267,3374061010040,KOTA SEMARANG,PEDURUNGAN TENGAH,TPS 040,290,267,47,131,89,0.176,0.4906,0.3333,0.9207,0,267,False,https://pemilu2024.kpu.go.id/pilpres/hitung-suara/33/3374/337406/3374061010/3374061010040,2024-02-19 06:16:00,PASLON 02
JAWA TENGAH,KOTA SEMARANG,PEDURUNGAN,PEDURUNGAN TENGAH,3374061010041,34,86,78,198,3374061010041,KOTA SEMARANG,PEDURUNGAN TENGAH,TPS 041,224,198,34,86,78,0.1717,0.4343,0.3939,0.8839,3,201,False,https://pemilu2024.kpu.go.id/pilpres/hitung-suara/33/3374/337406/3374061010/3374061010041,2024-02-16 16:25:10,PASLON 02
JAWA TENGAH,KOTA SEMARANG,PEDURUNGAN,PEDURUNGAN TENGAH,3374061010042,22,105,102,229,3374061010042,KOTA SEMARANG,PEDURUNGAN TENGAH,TPS 042,280,229,22,105,102,0.0961,0.4585,0.4454,0.8179,5,234,False,https://pemilu2024.kpu.go.id/pilpres/hitung-suara/33/3374/337406/3374061010/3374061010042,2024-02-16 16:25:10,PASLON 02
JAWA TENGAH,KOTA SEMARANG,PEDURUNGAN,PEDURUNGAN TENGAH,3374061010043,49,130,72,251,3374061010043,KOTA SEMARANG,PEDURUNGAN TENGAH,TPS 043,276,251,49,130,72,0.1952,0.5179,0.2869,0.9094,3,254,False,https://pemilu2024.kpu.go.id/pilpres/hitung-suara/33/3374/337406/3374061010/3374061010043,2024-02-21 18:00:00,PASLON 02
JAWA TENGAH,KOTA SEMARANG,PEDURUNGAN,PEDURUNGAN TENGAH,3374061010044,32,92,85,209,3374061010044,KOTA SEMARANG,PEDURUNGAN TENGAH,TPS 044,226,209,32,92,85,0.1531,0.4402,0.4067,0.9248,2,211,False,https://pemilu2024.kpu.go.id/pilpres/hitung-suara/33/3374/337406/3374061010/3374061010044,2024-02-17 09:00:02,PASLON 02
JAWA TENGAH,KOTA SEMARANG,PEDURUNGAN,PENGGARON KIDUL,3374061001002,22,118,85,225,3374061001002,KOTA SEMARANG,PENGGARON KIDUL,TPS 002,269,225,22,118,85,0.0978,0.5244,0.3778,0.8364,0,225,True,https://pemilu2024.kpu.go.id/pilpres/hitung-suara/33/3374/337406/3374061001/3374061001002,2024-02-15 23:29:50,PASLON 02
JAWA TENGAH,KOTA SEMARANG,PEDURUNGAN,PENGGARON KIDUL,3374061001003,22,129,75,226,3374061001003,KOTA SEMARANG,PENGGARON KIDUL,TPS 003,269,226,22,129,75,0.0973,0.5708,0.3319,0.8401,9,235,False,https://pemilu2024.kpu.go.id/pilpres/hitung-suara/33/3374/337406/3374061001/3374061001003,2024-02-15 05:00:24,PASLON 02
JAWA TENGAH,KOTA SEMARANG,PEDURUNGAN,PENGGARON KIDUL,3374061001004,35,115,66,216,3374061001004,KOTA SEMARANG,PENGGARON KIDUL,TPS 004,269,216,35,115,66,0.162,0.5324,0.3056,0.803,0,216,True,https://pemilu2024.kpu.go.id/pilpres/hitung-suara/33/3374/337406/3374061001/3374061001004,2024-02-16 10:00:28,PASLON 02
JAWA TENGAH,KOTA SEMARANG,PEDURUNGAN,PENGGARON KIDUL,3374061001005,43,118,73,234,3374061001005,KOTA SEMARANG,PENGGARON KIDUL,TPS 005,269,234,43,118,73,0.1838,0.5043,0.312,0.8699,0,234,True,https://pemilu2024.kpu.go.id/pilpres/hitung-suara/33/3374/337406/3374061001/3374061001005,2024-02-16 10:00:28,PASLON 02
JAWA TENGAH,KOTA SEMARANG,PEDURUNGAN,PENGGARON KIDUL,3374061001006,47,126,78,251,3374061001006,KOTA SEMARANG,PENGGARON KIDUL,TPS 006,294,251,47,126,78,0.1873,0.502,0.3108,0.8537,5,256,False,https://pemilu2024.kpu.go.id/pilpres/hitung-suara/33/3374/337406/3374061001/3374061001006,2024-02-14 21:46:01,PASLON 02
JAWA TENGAH,KOTA SEMARANG,PEDURUNGAN,PENGGARON KIDUL,3374061001007,21,154,70,245,3374061001007,KOTA SEMARANG,PENGGARON KIDUL,TPS 007,269,245,21,154,70,0.0857,0.6286,0.2857,0.9108,0,245,True,https://pemilu2024.kpu.go.id/pilpres/hitung-suara/33/3374/337406/3374061001/3374061001007,2024-02-16 10:00:28,PASLON 02
JAWA TENGAH,KOTA SEMARANG,PEDURUNGAN,PENGGARON KIDUL,3374061001008,32,121,65,218,3374061001008,KOTA SEMARANG,PENGGARON KIDUL,TPS 008,265,218,32,121,65,0.1468,0.555,0.2982,0.8226,11,229,False,https://pemilu2024.kpu.go.id/pilpres/hitung-suara/33/3374/337406/3374061001/3374061001008,2024-02-15 17:30:25,PASLON 02
JAWA TENGAH,KOTA SEMARANG,PEDURUNGAN,PENGGARON KIDUL,3374061001010,20,106,48,174,3374061001010,KOTA SEMARANG,PENGGARON KIDUL,TPS 010,203,174,20,106,48,0.1149,0.6092,0.2759,0.8571,7,181,False,https://pemilu2024.kpu.go.id/pilpres/hitung-suara/33/3374/337406/3374061001/3374061001010,2024-02-17 12:00:00,PASLON 02
JAWA TENGAH,KOTA SEMARANG,PEDURUNGAN,PENGGARON KIDUL,3374061001011,20,106,51,177,3374061001011,KOTA SEMARANG,PENGGARON KIDUL,TPS 011,212,177,20,106,51,0.113,0.5989,0.2881,0.8349,13,190,False,https://pemilu2024.kpu.go.id/pilpres/hitung-suara/33/3374/337406/3374061001/3374061001011,2024-02-16 14:00:34,PASLON 02
JAWA TENGAH,KOTA SEMARANG,PEDURUNGAN,PENGGARON KIDUL,3374061001012,21,81,69,171,3374061001012,KOTA SEMARANG,PENGGARON KIDUL,TPS 012,226,171,21,81,69,0.1228,0.4737,0.4035,0.7566,12,183,False,https://pemilu2024.kpu.go.id/pilpres/hitung-suara/33/3374/337406/3374061001/3374061001012,2024-02-16 17:00:00,PASLON 02
JAWA TENGAH,KOTA SEMARANG,PEDURUNGAN,PENGGARON KIDUL,3374061001013,25,147,47,219,3374061001013,KOTA SEMARANG,PENGGARON KIDUL,TPS 013,269,219,25,147,47,0.1142,0.6712,0.2146,0.8141,0,219,True,https://pemilu2024.kpu.go.id/pilpres/hitung-suara/33/3374/337406/3374061001/3374061001013,2024-02-21 16:00:00,PASLON 02
JAWA TENGAH,KOTA SEMARANG,PEDURUNGAN,PENGGARON KIDUL,3374061001014,37,107,63,207,3374061001014,KOTA SEMARANG,PENGGARON KIDUL,TPS 014,281,207,37,107,63,0.1787,0.5169,0.3043,0.7367,11,218,False,https://pemilu2024.kpu.go.id/pilpres/hitung-suara/33/3374/337406/3374061001/3374061001014,2024-02-17 14:45:18,PASLON 02
JAWA TENGAH,KOTA SEMARANG,PEDURUNGAN,PENGGARON KIDUL,3374061001015,30,97,65,192,3374061001015,KOTA SEMARANG,PENGGARON KIDUL,TPS 015,269,192,30,97,65,0.1562,0.5052,0.3385,0.7138,0,192,True,https://pemilu2024.kpu.go.id/pilpres/hitung-suara/33/3374/337406/3374061001/3374061001015,2024-02-15 00:41:44,PASLON 02
JAWA TENGAH,KOTA SEMARANG,PEDURUNGAN,PENGGARON KIDUL,3374061001016,41,122,69,232,3374061001016,KOTA SEMARANG,PENGGARON KIDUL,TPS 016,269,232,41,122,69,0.1767,0.5259,0.2974,0.8625,6,238,False,https://pemilu2024.kpu.go.id/pilpres/hitung-suara/33/3374/337406/3374061001/3374061001016,2024-02-14 21:46:01,PASLON 02
JAWA TENGAH,KOTA SEMARANG,PEDURUNGAN,PENGGARON KIDUL,3374061001017,41,115,74,230,3374061001017,KOTA SEMARANG,PENGGARON KIDUL,TPS 017,269,230,41,115,74,0.1783,0.5,0.3217,0.855,0,230,True,https://pemilu2024.kpu.go.id/pilpres/hitung-suara/33/3374/337406/3374061001/3374061001017,2024-02-15 22:30:27,PASLON 02
JAWA TENGAH,KOTA SEMARANG,PEDURUNGAN,PENGGARON KIDUL,3374061001018,55,129,63,247,3374061001018,KOTA SEMARANG,PENGGARON KIDUL,TPS 018,269,247,55,129,63,0.2227,0.5223,0.2551,0.9182,0,247,True,https://pemilu2024.kpu.go.id/pilpres/hitung-suara/33/3374/337406/3374061001/3374061001018,2024-02-15 22:30:27,PASLON 02
JAWA TENGAH,KOTA SEMARANG,PEDURUNGAN,PENGGARON KIDUL,3374061001019,40,131,73,244,3374061001019,KOTA SEMARANG,PENGGARON KIDUL,TPS 019,297,244,40,131,73,0.1639,0.5369,0.2992,0.8215,6,250,False,https://pemilu2024.kpu.go.id/pilpres/hitung-suara/33/3374/337406/3374061001/3374061001019,2024-02-14 21:46:01,PASLON 02
JAWA TENGAH,KOTA SEMARANG,PEDURUNGAN,PENGGARON KIDUL,3374061001020,36,130,61,227,3374061001020,KOTA SEMARANG,PENGGARON KIDUL,TPS 020,269,227,36,130,61,0.1586,0.5727,0.2687,0.8439,0,227,True,https://pemilu2024.kpu.go.id/pilpres/hitung-suara/33/3374/337406/3374061001/3374061001020,2024-02-15 22:30:27,PASLON 02
JAWA TENGAH,KOTA SEMARANG,PEDURUNGAN,PENGGARON KIDUL,3374061001021,44,131,84,259,3374061001021,KOTA SEMARANG,PENGGARON KIDUL,TPS 021,269,259,44,131,84,0.1699,0.5058,0.3243,0.9628,0,259,True,https://pemilu2024.kpu.go.id/pilpres/hitung-suara/33/3374/337406/3374061001/3374061001021,2024-02-15 12:00:28,PASLON 02
JAWA TENGAH,KOTA SEMARANG,PEDURUNGAN,PLAMONGANSARI,3374061006001,20,192,50,262,3374061006001,KOTA SEMARANG,PLAMONGANSARI,TPS 001,269,262,20,192,50,0.0763,0.7328,0.1908,0.974,0,262,True,https://pemilu2024.kpu.go.id/pilpres/hitung-suara/33/3374/337406/3374061006/3374061006001,2024-02-15 18:00:26,PASLON 02
JAWA TENGAH,KOTA SEMARANG,PEDURUNGAN,PLAMONGANSARI,3374061006002,40,119,85,244,3374061006002,KOTA SEMARANG,PLAMONGANSARI,TPS 002,281,244,40,119,85,0.1639,0.4877,0.3484,0.8683,6,250,False,https://pemilu2024.kpu.go.id/pilpres/hitung-suara/33/3374/337406/3374061006/3374061006002,2024-02-14 21:46:01,PASLON 02
JAWA TENGAH,KOTA SEMARANG,PEDURUNGAN,PLAMONGANSARI,3374061006003,28,141,89,258,3374061006003,KOTA SEMARANG,PLAMONGANSARI,TPS 003,269,258,28,141,89,0.1085,0.5465,0.345,0.9591,0,258,True,https://pemilu2024.kpu.go.id/pilpres/hitung-suara/33/3374/337406/3374061006/3374061006003,2024-02-24 22:31:28,PASLON 02
JAWA TENGAH,KOTA SEMARANG,PEDURUNGAN,PLAMONGANSARI,3374061006004,19,139,86,244,3374061006004,KOTA SEMARANG,PLAMONGANSARI,TPS 004,269,244,19,139,86,0.0779,0.5697,0.3525,0.9071,0,244,True,https://pemilu2024.kpu.go.id/pilpres/hitung-suara/33/3374/337406/3374061006/3374061006004,2024-02-15 22:40:13,PASLON 02
JAWA TENGAH,KOTA SEMARANG,PEDURUNGAN,PLAMONGANSARI,3374061006006,26,120,78,224,3374061006006,KOTA SEMARANG,PLAMONGANSARI,TPS 006,269,224,26,120,78,0.1161,0.5357,0.3482,0.8327,0,224,True,https://pemilu2024.kpu.go.id/pilpres/hitung-suara/33/3374/337406/3374061006/3374061006006,2024-02-15 23:29:50,PASLON 02
JAWA TENGAH,KOTA SEMARANG,PEDURUNGAN,PLAMONGANSARI,3374061006007,72,114,66,252,3374061006007,KOTA SEMARANG,PLAMONGANSARI,TPS 007,285,252,72,114,66,0.2857,0.4524,0.2619,0.8842,3,255,False,https://pemilu2024.kpu.go.id/pilpres/hitung-suara/33/3374/337406/3374061006/3374061006007,2024-02-16 21:01:00,PASLON 02
JAWA TENGAH,KOTA SEMARANG,PEDURUNGAN,PLAMONGANSARI,3374061006008,68,136,38,242,3374061006008,KOTA SEMARANG,PLAMONGANSARI,TPS 008,294,242,68,136,38,0.281,0.562,0.157,0.8231,9,251,False,https://pemilu2024.kpu.go.id/pilpres/hitung-suara/33/3374/337406/3374061006/3374061006008,2024-02-17 13:37:34,PASLON 02
JAWA TENGAH,KOTA SEMARANG,PEDURUNGAN,PLAMONGANSARI,3374061006009,40,124,88,252,3374061006009,KOTA SEMARANG,PLAMONGANSARI,TPS 009,295,252,40,124,88,0.1587,0.4921,0.3492,0.8542,6,258,False,https://pemilu2024.kpu.go.id/pilpres/hitung-suara/33/3374/337406/3374061006/3374061006009,2024-02-16 14:30:33,PASLON 02
JAWA TENGAH,KOTA SEMARANG,PEDURUNGAN,PLAMONGANSARI,3374061006010,30,126,75,231,3374061006010,KOTA SEMARANG,PLAMONGANSARI,TPS 010,271,231,30,126,75,0.1299,0.5455,0.3247,0.8524,5,236,False,https://pemilu2024.kpu.go.id/pilpres/hitung-suara/33/3374/337406/3374061006/3374061006010,2024-02-16 10:30:29,PASLON 02
JAWA TENGAH,KOTA SEMARANG,PEDURUNGAN,PLAMONGANSARI,3374061006011,36,148,73,257,3374061006011,KOTA SEMARANG,PLAMONGANSARI,TPS 011,278,257,36,148,73,0.1401,0.5759,0.284,0.9245,4,261,False,https://pemilu2024.kpu.go.id/pilpres/hitung-suara/33/3374/337406/3374061006/3374061006011,2024-02-14 21:46:01,PASLON 02
JAWA TENGAH,KOTA SEMARANG,PEDURUNGAN,PLAMONGANSARI,3374061006012,44,116,59,219,3374061006012,KOTA SEMARANG,PLAMONGANSARI,TPS 012,267,219,44,116,59,0.2009,0.5297,0.2694,0.8202,8,227,False,https://pemilu2024.kpu.go.id/pilpres/hitung-suara/33/3374/337406/3374061006/3374061006012,2024-02-16 22:30:00,PASLON 02
JAWA TENGAH,KOTA SEMARANG,PEDURUNGAN,PLAMONGANSARI,3374061006013,18,115,80,213,3374061006013,KOTA SEMARANG,PLAMONGANSARI,TPS 013,262,213,18,115,80,0.0845,0.5399,0.3756,0.813,4,217,False,https://pemilu2024.kpu.go.id/pilpres/hitung-suara/33/3374/337406/3374061006/3374061006013,2024-02-16 16:25:10,PASLON 02
JAWA TENGAH,KOTA SEMARANG,PEDURUNGAN,PLAMONGANSARI,3374061006014,22,128,63,213,3374061006014,KOTA SEMARANG,PLAMONGANSARI,TPS 014,253,213,22,128,63,0.1033,0.6009,0.2958,0.8419,6,219,False,https://pemilu2024.kpu.go.id/pilpres/hitung-suara/33/3374/337406/3374061006/3374061006014,2024-02-16 14:30:33,PASLON 02
JAWA TENGAH,KOTA SEMARANG,PEDURUNGAN,PLAMONGANSARI,3374061006015,21,160,61,242,3374061006015,KOTA SEMARANG,PLAMONGANSARI,TPS 015,273,242,21,160,61,0.0868,0.6612,0.2521,0.8864,6,248,False,https://pemilu2024.kpu.go.id/pilpres/hitung-suara/33/3374/337406/3374061006/3374061006015,2024-02-16 17:00:00,PASLON 02
JAWA TENGAH,KOTA SEMARANG,PEDURUNGAN,PLAMONGANSARI,3374061006016,25,136,57,218,3374061006016,KOTA SEMARANG,PLAMONGANSARI,TPS 016,218,218,25,136,57,0.1147,0.6239,0.2615,1.0,4,222,False,https://pemilu2024.kpu.go.id/pilpres/hitung-suara/33/3374/337406/3374061006/3374061006016,2024-02-14 21:46:01,PASLON 02
JAWA TENGAH,KOTA SEMARANG,PEDURUNGAN,PLAMONGANSARI,3374061006017,24,85,58,167,3374061006017,KOTA SEMARANG,PLAMONGANSARI,TPS 017,200,167,24,85,58,0.1437,0.509,0.3473,0.835,1,168,False,https://pemilu2024.kpu.go.id/pilpres/hitung-suara/33/3374/337406/3374061006/3374061006017,2024-02-15 03:06:03,PASLON 02
JAWA TENGAH,KOTA SEMARANG,PEDURUNGAN,PLAMONGANSARI,3374061006018,37,111,47,195,3374061006018,KOTA SEMARANG,PLAMONGANSARI,TPS 018,269,195,37,111,47,0.1897,0.5692,0.241,0.7249,0,195,True,https://pemilu2024.kpu.go.id/pilpres/hitung-suara/33/3374/337406/3374061006/3374061006018,2024-02-15 22:40:13,PASLON 02
JAWA TENGAH,KOTA SEMARANG,PEDURUNGAN,PLAMONGANSARI,3374061006019,33,84,84,201,3374061006019,KOTA SEMARANG,PLAMONGANSARI,TPS 019,251,201,33,84,84,0.1642,0.4179,0.4179,0.8008,2,203,False,https://pemilu2024.kpu.go.id/pilpres/hitung-suara/33/3374/337406/3374061006/3374061006019,2024-02-16 16:25:10,PASLON 02
JAWA TENGAH,KOTA SEMARANG,PEDURUNGAN,PLAMONGANSARI,3374061006020,33,69,74,176,3374061006020,KOTA SEMARANG,PLAMONGANSARI,TPS 020,221,176,33,69,74,0.1875,0.392,0.4205,0.7964,0,176,False,https://pemilu2024.kpu.go.id/pilpres/hitung-suara/33/3374/337406/3374061006/3374061006020,2024-02-17 13:37:34,PASLON 03
JAWA TENGAH,KOTA SEMARANG,PEDURUNGAN,PLAMONGANSARI,3374061006021,35,108,74,217,3374061006021,KOTA SEMARANG,PLAMONGANSARI,TPS 021,250,217,35,108,74,0.1613,0.4977,0.341,0.868,0,217,False,https://pemilu2024.kpu.go.id/pilpres/hitung-suara/33/3374/337406/3374061006/3374061006021,2024-02-15 15:00:29,PASLON 02
JAWA TENGAH,KOTA SEMARANG,PEDURUNGAN,PLAMONGANSARI,3374061006022,42,60,70,172,3374061006022,KOTA SEMARANG,PLAMONGANSARI,TPS 022,215,172,42,60,70,0.2442,0.3488,0.407,0.8,2,174,False,https://pemilu2024.kpu.go.id/pilpres/hitung-suara/33/3374/337406/3374061006/3374061006022,2024-02-15 22:00:27,PASLON 03
JAWA TENGAH,KOTA SEMARANG,PEDURUNGAN,PLAMONGANSARI,3374061006024,34,87,73,194,3374061006024,KOTA SEMARANG,PLAMONGANSARI,TPS 024,269,194,34,87,73,0.1753,0.4485,0.3763,0.7212,0,194,True,https://pemilu2024.kpu.go.id/pilpres/hitung-suara/33/3374/337406/3374061006/3374061006024,2024-02-17 13:37:34,PASLON 02
JAWA TENGAH,KOTA SEMARANG,PEDURUNGAN,PLAMONGANSARI,3374061006025,51,91,77,219,3374061006025,KOTA SEMARANG,PLAMONGANSARI,TPS 025,283,219,51,91,77,0.2329,0.4155,0.3516,0.7739,3,222,False,https://pemilu2024.kpu.go.id/pilpres/hitung-suara/33/3374/337406/3374061006/3374061006025,2024-02-16 11:00:29,PASLON 02
JAWA TENGAH,KOTA SEMARANG,PEDURUNGAN,PLAMONGANSARI,3374061006026,48,91,76,215,3374061006026,KOTA SEMARANG,PLAMONGANSARI,TPS 026,279,215,48,91,76,0.2233,0.4233,0.3535,0.7706,2,217,False,https://pemilu2024.kpu.go.id/pilpres/hitung-suara/33/3374/337406/3374061006/3374061006026,2024-02-16 16:25:10,PASLON 02
JAWA TENGAH,KOTA SEMARANG,PEDURUNGAN,PLAMONGANSARI,3374061006027,33,96,100,229,3374061006027,KOTA SEMARANG,PLAMONGANSARI,TPS 027,285,229,33,96,100,0.1441,0.4192,0.4367,0.8035,1,230,False,https://pemilu2024.kpu.go.id/pilpres/hitung-suara/33/3374/337406/3374061006/3374061006027,2024-02-16 11:00:29,PASLON 03
JAWA TENGAH,KOTA SEMARANG,PEDURUNGAN,PLAMONGANSARI,3374061006028,44,115,59,218,3374061006028,KOTA SEMARANG,PLAMONGANSARI,TPS 028,272,218,44,115,59,0.2018,0.5275,0.2706,0.8015,5,223,False,https://pemilu2024.kpu.go.id/pilpres/hitung-suara/33/3374/337406/3374061006/3374061006028,2024-02-15 22:00:27,PASLON 02
JAWA TENGAH,KOTA SEMARANG,PEDURUNGAN,PLAMONGANSARI,3374061006029,41,111,98,250,3374061006029,KOTA SEMARANG,PLAMONGANSARI,TPS 029,297,250,41,111,98,0.164,0.444,0.392,0.8418,2,252,False,https://pemilu2024.kpu.go.id/pilpres/hitung-suara/33/3374/337406/3374061006/3374061006029,2024-02-15 12:00:28,PASLON 02
JAWA TENGAH,KOTA SEMARANG,PEDURUNGAN,PLAMONGANSARI,3374061006030,40,99,96,235,3374061006030,KOTA SEMARANG,PLAMONGANSARI,TPS 030,286,235,40,99,96,0.1702,0.4213,0.4085,0.8217,1,236,False,https://pemilu2024.kpu.go.id/pilpres/hitung-suara/33/3374/337406/3374061006/3374061006030,2024-02-16 16:25:10,PASLON 02
JAWA TENGAH,KOTA SEMARANG,PEDURUNGAN,PLAMONGANSARI,3374061006031,55,114,76,245,3374061006031,KOTA SEMARANG,PLAMONGANSARI,TPS 031,300,245,55,114,76,0.2245,0.4653,0.3102,0.8167,4,249,False,https://pemilu2024.kpu.go.id/pilpres/hitung-suara/33/3374/337406/3374061006/3374061006031,2024-02-16 16:25:10,PASLON 02
JAWA TENGAH,KOTA SEMARANG,PEDURUNGAN,PLAMONGANSARI,3374061006032,33,107,72,212,3374061006032,KOTA SEMARANG,PLAMONGANSARI,TPS 032,298,212,33,107,72,0.1557,0.5047,0.3396,0.7114,3,215,False,https://pemilu2024.kpu.go.id/pilpres/hitung-suara/33/3374/337406/3374061006/3374061006032,2024-02-15 22:00:27,PASLON 02
JAWA TENGAH,KOTA SEMARANG,PEDURUNGAN,PLAMONGANSARI,3374061006033,43,102,89,234,3374061006033,KOTA SEMARANG,PLAMONGANSARI,TPS 033,282,234,43,102,89,0.1838,0.4359,0.3803,0.8298,3,237,False,https://pemilu2024.kpu.go.id/pilpres/hitung-suara/33/3374/337406/3374061006/3374061006033,2024-02-16 16:25:10,PASLON 02
JAWA TENGAH,KOTA SEMARANG,PEDURUNGAN,PLAMONGANSARI,3374061006034,13,67,98,178,3374061006034,KOTA SEMARANG,PLAMONGANSARI,TPS 034,218,178,13,67,98,0.073,0.3764,0.5506,0.8165,1,179,False,https://pemilu2024.kpu.go.id/pilpres/hitung-suara/33/3374/337406/3374061006/3374061006034,2024-02-17 13:37:34,PASLON 03
JAWA TENGAH,KOTA SEMARANG,PEDURUNGAN,PLAMONGANSARI,3374061006035,24,70,106,200,3374061006035,KOTA SEMARANG,PLAMONGANSARI,TPS 035,246,200,24,70,106,0.12,0.35,0.53,0.813,2,202,False,https://pemilu2024.kpu.go.id/pilpres/hitung-suara/33/3374/337406/3374061006/3374061006035,2024-02-16 17:00:00,PASLON 03
JAWA TENGAH,KOTA SEMARANG,PEDURUNGAN,PLAMONGANSARI,3374061006036,24,77,68,169,3374061006036,KOTA SEMARANG,PLAMONGANSARI,TPS 036,245,169,24,77,68,0.142,0.4556,0.4024,0.6898,10,179,False,https://pemilu2024.kpu.go.id/pilpres/hitung-suara/33/3374/337406/3374061006/3374061006036,2024-02-15 22:00:27,PASLON 02
JAWA TENGAH,KOTA SEMARANG,PEDURUNGAN,PLAMONGANSARI,3374061006037,16,91,91,198,3374061006037,KOTA SEMARANG,PLAMONGANSARI,TPS 037,267,198,16,91,91,0.0808,0.4596,0.4596,0.7416,5,203,False,https://pemilu2024.kpu.go.id/pilpres/hitung-suara/33/3374/337406/3374061006/3374061006037,2024-02-17 13:37:34,PASLON 02
JAWA TENGAH,KOTA SEMARANG,PEDURUNGAN,PLAMONGANSARI,3374061006038,20,66,75,161,3374061006038,KOTA SEMARANG,PLAMONGANSARI,TPS 038,237,161,20,66,75,0.1242,0.4099,0.4658,0.6793,4,165,False,https://pemilu2024.kpu.go.id/pilpres/hitung-suara/33/3374/337406/3374061006/3374061006038,2024-02-14 21:46:01,PASLON 03
JAWA TENGAH,KOTA SEMARANG,PEDURUNGAN,PLAMONGANSARI,3374061006039,15,105,88,208,3374061006039,KOTA SEMARANG,PLAMONGANSARI,TPS 039,244,208,15,105,88,0.0721,0.5048,0.4231,0.8525,7,215,False,https://pemilu2024.kpu.go.id/pilpres/hitung-suara/33/3374/337406/3374061006/3374061006039,2024-02-16 22:30:00,PASLON 02
JAWA TENGAH,KOTA SEMARANG,PEDURUNGAN,PLAMONGANSARI,3374061006040,9,90,42,141,3374061006040,KOTA SEMARANG,PLAMONGANSARI,TPS 040,172,141,9,90,42,0.0638,0.6383,0.2979,0.8198,4,145,False,https://pemilu2024.kpu.go.id/pilpres/hitung-suara/33/3374/337406/3374061006/3374061006040,2024-02-16 22:30:00,PASLON 02
JAWA TENGAH,KOTA SEMARANG,PEDURUNGAN,PLAMONGANSARI,3374061006041,24,134,53,211,3374061006041,KOTA SEMARANG,PLAMONGANSARI,TPS 041,269,211,24,134,53,0.1137,0.6351,0.2512,0.7844,0,211,True,https://pemilu2024.kpu.go.id/pilpres/hitung-suara/33/3374/337406/3374061006/3374061006041,2024-02-15 22:00:27,PASLON 02
JAWA TENGAH,KOTA SEMARANG,PEDURUNGAN,PLAMONGANSARI,3374061006042,37,103,89,229,3374061006042,KOTA SEMARANG,PLAMONGANSARI,TPS 042,292,229,37,103,89,0.1616,0.4498,0.3886,0.7842,3,232,False,https://pemilu2024.kpu.go.id/pilpres/hitung-suara/33/3374/337406/3374061006/3374061006042,2024-02-15 22:00:27,PASLON 02
JAWA TENGAH,KOTA SEMARANG,PEDURUNGAN,PLAMONGANSARI,3374061006901,10,37,51,98,3374061006901,KOTA SEMARANG,PLAMONGANSARI,TPS 901,104,98,10,37,51,0.102,0.3776,0.5204,0.9423,4,102,False,https://pemilu2024.kpu.go.id/pilpres/hitung-suara/33/3374/337406/3374061006/3374061006901,2024-02-14 21:46:01,PASLON 03
JAWA TENGAH,KOTA SEMARANG,PEDURUNGAN,TLOGOMULYO,3374061002001,17,129,94,240,3374061002001,KOTA SEMARANG,TLOGOMULYO,TPS 001,284,240,17,129,94,0.0708,0.5375,0.3917,0.8451,5,245,False,https://pemilu2024.kpu.go.id/pilpres/hitung-suara/33/3374/337406/3374061002/3374061002001,2024-02-15 00:41:44,PASLON 02
JAWA TENGAH,KOTA SEMARANG,PEDURUNGAN,TLOGOMULYO,3374061002002,26,135,84,245,3374061002002,KOTA SEMARANG,TLOGOMULYO,TPS 002,282,245,26,135,84,0.1061,0.551,0.3429,0.8688,0,245,True,https://pemilu2024.kpu.go.id/pilpres/hitung-suara/33/3374/337406/3374061002/3374061002002,2024-02-16 10:00:28,PASLON 02
JAWA TENGAH,KOTA SEMARANG,PEDURUNGAN,TLOGOMULYO,3374061002003,22,115,90,227,3374061002003,KOTA SEMARANG,TLOGOMULYO,TPS 003,292,227,22,115,90,0.0969,0.5066,0.3965,0.7774,5,232,False,https://pemilu2024.kpu.go.id/pilpres/hitung-suara/33/3374/337406/3374061002/3374061002003,2024-02-14 21:46:01,PASLON 02
JAWA TENGAH,KOTA SEMARANG,PEDURUNGAN,TLOGOMULYO,3374061002004,26,115,91,232,3374061002004,KOTA SEMARANG,TLOGOMULYO,TPS 004,287,232,26,115,91,0.1121,0.4957,0.3922,0.8084,7,239,False,https://pemilu2024.kpu.go.id/pilpres/hitung-suara/33/3374/337406/3374061002/3374061002004,2024-02-16 16:25:10,PASLON 02
JAWA TENGAH,KOTA SEMARANG,PEDURUNGAN,TLOGOMULYO,3374061002005,13,109,106,228,3374061002005,KOTA SEMARANG,TLOGOMULYO,TPS 005,282,228,13,109,106,0.057,0.4781,0.4649,0.8085,0,228,True,https://pemilu2024.kpu.go.id/pilpres/hitung-suara/33/3374/337406/3374061002/3374061002005,2024-02-16 10:00:28,PASLON 02
JAWA TENGAH,KOTA SEMARANG,PEDURUNGAN,TLOGOMULYO,3374061002006,29,85,125,239,3374061002006,KOTA SEMARANG,TLOGOMULYO,TPS 006,282,239,29,85,125,0.1213,0.3556,0.523,0.8475,0,239,True,https://pemilu2024.kpu.go.id/pilpres/hitung-suara/33/3374/337406/3374061002/3374061002006,2024-02-16 10:00:28,PASLON 03
JAWA TENGAH,KOTA SEMARANG,PEDURUNGAN,TLOGOMULYO,3374061002007,20,101,89,210,3374061002007,KOTA SEMARANG,TLOGOMULYO,TPS 007,282,210,20,101,89,0.0952,0.481,0.4238,0.7447,0,210,True,https://pemilu2024.kpu.go.id/pilpres/hitung-suara/33/3374/337406/3374061002/3374061002007,2024-02-15 22:30:27,PASLON 02
JAWA TENGAH,KOTA SEMARANG,PEDURUNGAN,TLOGOMULYO,3374061002009,15,107,69,191,3374061002009,KOTA SEMARANG,TLOGOMULYO,TPS 009,244,191,15,107,69,0.0785,0.5602,0.3613,0.7828,6,197,False,https://pemilu2024.kpu.go.id/pilpres/hitung-suara/33/3374/337406/3374061002/3374061002009,2024-02-15 05:00:24,PASLON 02
JAWA TENGAH,KOTA SEMARANG,PEDURUNGAN,TLOGOMULYO,3374061002010,12,112,68,192,3374061002010,KOTA SEMARANG,TLOGOMULYO,TPS 010,238,192,12,112,68,0.0625,0.5833,0.3542,0.8067,8,200,False,https://pemilu2024.kpu.go.id/pilpres/hitung-suara/33/3374/337406/3374061002/3374061002010,2024-02-15 05:00:24,PASLON 02
JAWA TENGAH,KOTA SEMARANG,PEDURUNGAN,TLOGOMULYO,3374061002011,25,128,85,238,3374061002011,KOTA SEMARANG,TLOGOMULYO,TPS 011,282,238,25,128,85,0.105,0.5378,0.3571,0.844,0,238,True,https://pemilu2024.kpu.go.id/pilpres/hitung-suara/33/3374/337406/3374061002/3374061002011,2024-02-16 10:00:28,PASLON 02
JAWA TENGAH,KOTA SEMARANG,PEDURUNGAN,TLOGOMULYO,3374061002012,23,98,101,222,3374061002012,KOTA SEMARANG,TLOGOMULYO,TPS 012,282,222,23,98,101,0.1036,0.4414,0.455,0.7872,0,222,True,https://pemilu2024.kpu.go.id/pilpres/hitung-suara/33/3374/337406/3374061002/3374061002012,2024-02-15 22:30:27,PASLON 03
JAWA TENGAH,KOTA SEMARANG,PEDURUNGAN,TLOGOMULYO,3374061002015,23,84,140,247,3374061002015,KOTA SEMARANG,TLOGOMULYO,TPS 015,297,247,23,84,140,0.0931,0.3401,0.5668,0.8316,5,252,False,https://pemilu2024.kpu.go.id/pilpres/hitung-suara/33/3374/337406/3374061002/3374061002015,2024-02-16 12:51:22,PASLON 03
JAWA TENGAH,KOTA SEMARANG,PEDURUNGAN,TLOGOMULYO,3374061002016,22,126,104,252,3374061002016,KOTA SEMARANG,TLOGOMULYO,TPS 016,282,252,22,126,104,0.0873,0.5,0.4127,0.8936,0,252,True,https://pemilu2024.kpu.go.id/pilpres/hitung-suara/33/3374/337406/3374061002/3374061002016,2024-02-16 12:51:22,PASLON 02
JAWA TENGAH,KOTA SEMARANG,PEDURUNGAN,TLOGOMULYO,3374061002017,30,105,118,253,3374061002017,KOTA SEMARANG,TLOGOMULYO,TPS 017,296,253,30,105,118,0.1186,0.415,0.4664,0.8547,4,257,False,https://pemilu2024.kpu.go.id/pilpres/hitung-suara/33/3374/337406/3374061002/3374061002017,2024-02-17 14:45:18,PASLON 03
JAWA TENGAH,KOTA SEMARANG,PEDURUNGAN,TLOGOMULYO,3374061002020,52,103,52,207,3374061002020,KOTA SEMARANG,TLOGOMULYO,TPS 020,283,207,52,103,52,0.2512,0.4976,0.2512,0.7314,8,215,False,https://pemilu2024.kpu.go.id/pilpres/hitung-suara/33/3374/337406/3374061002/3374061002020,2024-02-15 20:30:46,PASLON 02
JAWA TENGAH,KOTA SEMARANG,PEDURUNGAN,TLOGOMULYO,3374061002021,62,98,60,220,3374061002021,KOTA SEMARANG,TLOGOMULYO,TPS 021,282,220,62,98,60,0.2818,0.4455,0.2727,0.7801,0,220,True,https://pemilu2024.kpu.go.id/pilpres/hitung-suara/33/3374/337406/3374061002/3374061002021,2024-02-15 22:30:27,PASLON 02
JAWA TENGAH,KOTA SEMARANG,PEDURUNGAN,TLOGOMULYO,3374061002023,38,108,75,221,3374061002023,KOTA SEMARANG,TLOGOMULYO,TPS 023,283,221,38,108,75,0.1719,0.4887,0.3394,0.7809,4,225,False,https://pemilu2024.kpu.go.id/pilpres/hitung-suara/33/3374/337406/3374061002/3374061002023,2024-02-16 04:00:27,PASLON 02
JAWA TENGAH,KOTA SEMARANG,PEDURUNGAN,TLOGOMULYO,3374061002026,49,85,91,225,3374061002026,KOTA SEMARANG,TLOGOMULYO,TPS 026,270,225,49,85,91,0.2178,0.3778,0.4044,0.8333,0,225,False,https://pemilu2024.kpu.go.id/pilpres/hitung-suara/33/3374/337406/3374061002/3374061002026,2024-02-15 19:00:26,PASLON 03
JAWA TENGAH,KOTA SEMARANG,PEDURUNGAN,TLOGOMULYO,3374061002027,60,86,88,234,3374061002027,KOTA SEMARANG,TLOGOMULYO,TPS 027,296,234,60,86,88,0.2564,0.3675,0.3761,0.7905,3,237,False,https://pemilu2024.kpu.go.id/pilpres/hitung-suara/33/3374/337406/3374061002/3374061002027,2024-02-15 00:41:44,PASLON 03
JAWA TENGAH,KOTA SEMARANG,PEDURUNGAN,TLOGOMULYO,3374061002028,35,113,96,244,3374061002028,KOTA SEMARANG,TLOGOMULYO,TPS 028,282,244,35,113,96,0.1434,0.4631,0.3934,0.8652,0,244,True,https://pemilu2024.kpu.go.id/pilpres/hitung-suara/33/3374/337406/3374061002/3374061002028,2024-02-16 10:00:28,PASLON 02
JAWA TENGAH,KOTA SEMARANG,PEDURUNGAN,TLOGOMULYO,3374061002029,29,104,84,217,3374061002029,KOTA SEMARANG,TLOGOMULYO,TPS 029,269,217,29,104,84,0.1336,0.4793,0.3871,0.8067,3,220,False,https://pemilu2024.kpu.go.id/pilpres/hitung-suara/33/3374/337406/3374061002/3374061002029,2024-02-14 21:46:01,PASLON 02
JAWA TENGAH,KOTA SEMARANG,PEDURUNGAN,TLOGOMULYO,3374061002031,56,110,66,232,3374061002031,KOTA SEMARANG,TLOGOMULYO,TPS 031,296,232,56,110,66,0.2414,0.4741,0.2845,0.7838,4,236,False,https://pemilu2024.kpu.go.id/pilpres/hitung-suara/33/3374/337406/3374061002/3374061002031,2024-02-21 16:00:00,PASLON 02
JAWA TENGAH,KOTA SEMARANG,PEDURUNGAN,TLOGOMULYO,3374061002032,60,100,71,231,3374061002032,KOTA SEMARANG,TLOGOMULYO,TPS 032,272,231,60,100,71,0.2597,0.4329,0.3074,0.8493,4,235,False,https://pemilu2024.kpu.go.id/pilpres/hitung-suara/33/3374/337406/3374061002/3374061002032,2024-02-17 12:00:00,PASLON 02
JAWA TENGAH,KOTA SEMARANG,PEDURUNGAN,TLOGOMULYO,3374061002033,56,90,97,243,3374061002033,KOTA SEMARANG,TLOGOMULYO,TPS 033,296,243,56,90,97,0.2305,0.3704,0.3992,0.8209,4,247,False,https://pemilu2024.kpu.go.id/pilpres/hitung-suara/33/3374/337406/3374061002/3374061002033,2024-02-15 19:00:26,PASLON 03
JAWA TENGAH,KOTA SEMARANG,PEDURUNGAN,TLOGOMULYO,3374061002034,53,121,79,253,3374061002034,KOTA SEMARANG,TLOGOMULYO,TPS 034,290,253,53,121,79,0.2095,0.4783,0.3123,0.8724,3,256,False,https://pemilu2024.kpu.go.id/pilpres/hitung-suara/33/3374/337406/3374061002/3374061002034,2024-02-15 05:00:24,PASLON 02
JAWA TENGAH,KOTA SEMARANG,PEDURUNGAN,TLOGOMULYO,3374061002035,39,96,77,212,3374061002035,KOTA SEMARANG,TLOGOMULYO,TPS 035,282,212,39,96,77,0.184,0.4528,0.3632,0.7518,0,212,True,https://pemilu2024.kpu.go.id/pilpres/hitung-suara/33/3374/337406/3374061002/3374061002035,2024-02-16 10:00:28,PASLON 02
JAWA TENGAH,KOTA SEMARANG,PEDURUNGAN,TLOGOMULYO,3374061002038,38,122,68,228,3374061002038,KOTA SEMARANG,TLOGOMULYO,TPS 038,282,228,38,122,68,0.1667,0.5351,0.2982,0.8085,7,235,False,https://pemilu2024.kpu.go.id/pilpres/hitung-suara/33/3374/337406/3374061002/3374061002038,2024-02-15 19:00:26,PASLON 02
JAWA TENGAH,KOTA SEMARANG,PEDURUNGAN,TLOGOMULYO,3374061002040,26,106,77,209,3374061002040,KOTA SEMARANG,TLOGOMULYO,TPS 040,279,209,26,106,77,0.1244,0.5072,0.3684,0.7491,4,213,False,https://pemilu2024.kpu.go.id/pilpres/hitung-suara/33/3374/337406/3374061002/3374061002040,2024-02-16 10:00:28,PASLON 02
JAWA TENGAH,KOTA SEMARANG,PEDURUNGAN,TLOGOMULYO,3374061002041,33,117,46,196,3374061002041,KOTA SEMARANG,TLOGOMULYO,TPS 041,251,196,33,117,46,0.1684,0.5969,0.2347,0.7809,2,198,False,https://pemilu2024.kpu.go.id/pilpres/hitung-suara/33/3374/337406/3374061002/3374061002041,2024-02-15 23:29:50,PASLON 02
JAWA TENGAH,KOTA SEMARANG,PEDURUNGAN,TLOGOMULYO,3374061002042,36,120,87,243,3374061002042,KOTA SEMARANG,TLOGOMULYO,TPS 042,271,243,36,120,87,0.1481,0.4938,0.358,0.8967,4,247,False,https://pemilu2024.kpu.go.id/pilpres/hitung-suara/33/3374/337406/3374061002/3374061002042,2024-02-15 19:00:26,PASLON 02
JAWA TENGAH,KOTA SEMARANG,PEDURUNGAN,TLOGOMULYO,3374061002043,21,106,44,171,3374061002043,KOTA SEMARANG,TLOGOMULYO,TPS 043,240,171,21,106,44,0.1228,0.6199,0.2573,0.7125,3,174,False,https://pemilu2024.kpu.go.id/pilpres/hitung-suara/33/3374/337406/3374061002/3374061002043,2024-02-17 12:00:00,PASLON 02
JAWA TENGAH,KOTA SEMARANG,PEDURUNGAN,TLOGOMULYO,3374061002044,51,124,69,244,3374061002044,KOTA SEMARANG,TLOGOMULYO,TPS 044,276,244,51,124,69,0.209,0.5082,0.2828,0.8841,1,245,False,https://pemilu2024.kpu.go.id/pilpres/hitung-suara/33/3374/337406/3374061002/3374061002044,2024-02-16 23:00:00,PASLON 02
JAWA TENGAH,KOTA SEMARANG,PEDURUNGAN,TLOGOSARI KULON,3374061004001,31,114,78,223,3374061004001,KOTA SEMARANG,TLOGOSARI KULON,TPS 001,264,223,31,114,78,0.139,0.5112,0.3498,0.8447,3,226,False,https://pemilu2024.kpu.go.id/pilpres/hitung-suara/33/3374/337406/3374061004/3374061004001,2024-02-21 23:00:00,PASLON 02
JAWA TENGAH,KOTA SEMARANG,PEDURUNGAN,TLOGOSARI KULON,3374061004002,40,104,58,202,3374061004002,KOTA SEMARANG,TLOGOSARI KULON,TPS 002,275,202,40,104,58,0.198,0.5149,0.2871,0.7345,9,211,False,https://pemilu2024.kpu.go.id/pilpres/hitung-suara/33/3374/337406/3374061004/3374061004002,2024-02-14 21:46:01,PASLON 02
JAWA TENGAH,KOTA SEMARANG,PEDURUNGAN,TLOGOSARI KULON,3374061004003,10,111,98,219,3374061004003,KOTA SEMARANG,TLOGOSARI KULON,TPS 003,248,219,10,111,98,0.0457,0.5068,0.4475,0.8831,1,220,False,https://pemilu2024.kpu.go.id/pilpres/hitung-suara/33/3374/337406/3374061004/3374061004003,2024-02-16 10:30:29,PASLON 02
JAWA TENGAH,KOTA SEMARANG,PEDURUNGAN,TLOGOSARI KULON,3374061004004,13,37,107,157,3374061004004,KOTA SEMARANG,TLOGOSARI KULON,TPS 004,274,157,13,37,107,0.0828,0.2357,0.6815,0.573,0,157,True,https://pemilu2024.kpu.go.id/pilpres/hitung-suara/33/3374/337406/3374061004/3374061004004,2024-02-16 10:30:29,PASLON 03
JAWA TENGAH,KOTA SEMARANG,PEDURUNGAN,TLOGOSARI KULON,3374061004005,32,89,94,215,3374061004005,KOTA SEMARANG,TLOGOSARI KULON,TPS 005,274,215,32,89,94,0.1488,0.414,0.4372,0.7847,0,215,True,https://pemilu2024.kpu.go.id/pilpres/hitung-suara/33/3374/337406/3374061004/3374061004005,2024-02-24 22:31:28,PASLON 03
JAWA TENGAH,KOTA SEMARANG,PEDURUNGAN,TLOGOSARI KULON,3374061004006,26,104,100,230,3374061004006,KOTA SEMARANG,TLOGOSARI KULON,TPS 006,274,230,26,104,100,0.113,0.4522,0.4348,0.8394,0,230,True,https://pemilu2024.kpu.go.id/pilpres/hitung-suara/33/3374/337406/3374061004/3374061004006,2024-02-16 10:30:29,PASLON 02
JAWA TENGAH,KOTA SEMARANG,PEDURUNGAN,TLOGOSARI KULON,3374061004007,41,98,72,211,3374061004007,KOTA SEMARANG,TLOGOSARI KULON,TPS 007,268,211,41,98,72,0.1943,0.4645,0.3412,0.7873,10,221,False,https://pemilu2024.kpu.go.id/pilpres/hitung-suara/33/3374/337406/3374061004/3374061004007,2024-02-15 20:00:44,PASLON 02
JAWA TENGAH,KOTA SEMARANG,PEDURUNGAN,TLOGOSARI KULON,3374061004009,39,95,64,198,3374061004009,KOTA SEMARANG,TLOGOSARI KULON,TPS 009,274,198,39,95,64,0.197,0.4798,0.3232,0.7226,0,198,True,https://pemilu2024.kpu.go.id/pilpres/hitung-suara/33/3374/337406/3374061004/3374061004009,2024-02-15 20:00:44,PASLON 02
JAWA TENGAH,KOTA SEMARANG,PEDURUNGAN,TLOGOSARI KULON,3374061004010,40,85,66,191,3374061004010,KOTA SEMARANG,TLOGOSARI KULON,TPS 010,274,191,40,85,66,0.2094,0.445,0.3455,0.6971,0,191,True,https://pemilu2024.kpu.go.id/pilpres/hitung-suara/33/3374/337406/3374061004/3374061004010,2024-02-17 14:45:18,PASLON 02
JAWA TENGAH,KOTA SEMARANG,PEDURUNGAN,TLOGOSARI KULON,3374061004011,67,71,82,220,3374061004011,KOTA SEMARANG,TLOGOSARI KULON,TPS 011,274,220,67,71,82,0.3045,0.3227,0.3727,0.8029,0,220,True,https://pemilu2024.kpu.go.id/pilpres/hitung-suara/33/3374/337406/3374061004/3374061004011,2024-02-17 13:37:34,PASLON 03
JAWA TENGAH,KOTA SEMARANG,PEDURUNGAN,TLOGOSARI KULON,3374061004012,33,103,82,218,3374061004012,KOTA SEMARANG,TLOGOSARI KULON,TPS 012,255,218,33,103,82,0.1514,0.4725,0.3761,0.8549,0,218,False,https://pemilu2024.kpu.go.id/pilpres/hitung-suara/33/3374/337406/3374061004/3374061004012,2024-02-17 14:45:18,PASLON 02
JAWA TENGAH,KOTA SEMARANG,PEDURUNGAN,TLOGOSARI KULON,3374061004013,37,106,84,227,3374061004013,KOTA SEMARANG,TLOGOSARI KULON,TPS 013,281,227,37,106,84,0.163,0.467,0.37,0.8078,6,233,False,https://pemilu2024.kpu.go.id/pilpres/hitung-suara/33/3374/337406/3374061004/3374061004013,2024-02-15 20:00:44,PASLON 02
JAWA TENGAH,KOTA SEMARANG,PEDURUNGAN,TLOGOSARI KULON,3374061004014,52,90,104,246,3374061004014,KOTA SEMARANG,TLOGOSARI KULON,TPS 014,297,246,52,90,104,0.2114,0.3659,0.4228,0.8283,4,250,False,https://pemilu2024.kpu.go.id/pilpres/hitung-suara/33/3374/337406/3374061004/3374061004014,2024-02-22 16:00:00,PASLON 03
JAWA TENGAH,KOTA SEMARANG,PEDURUNGAN,TLOGOSARI KULON,3374061004016,62,71,81,214,3374061004016,KOTA SEMARANG,TLOGOSARI KULON,TPS 016,259,214,62,71,81,0.2897,0.3318,0.3785,0.8263,2,216,False,https://pemilu2024.kpu.go.id/pilpres/hitung-suara/33/3374/337406/3374061004/3374061004016,2024-02-16 16:25:10,PASLON 03
JAWA TENGAH,KOTA SEMARANG,PEDURUNGAN,TLOGOSARI KULON,3374061004017,51,79,66,196,3374061004017,KOTA SEMARANG,TLOGOSARI KULON,TPS 017,274,196,51,79,66,0.2602,0.4031,0.3367,0.7153,0,196,True,https://pemilu2024.kpu.go.id/pilpres/hitung-suara/33/3374/337406/3374061004/3374061004017,2024-02-24 22:31:28,PASLON 02
JAWA TENGAH,KOTA SEMARANG,PEDURUNGAN,TLOGOSARI KULON,3374061004019,42,73,82,197,3374061004019,KOTA SEMARANG,TLOGOSARI KULON,TPS 019,239,197,42,73,82,0.2132,0.3706,0.4162,0.8243,3,200,False,https://pemilu2024.kpu.go.id/pilpres/hitung-suara/33/3374/337406/3374061004/3374061004019,2024-02-15 22:30:27,PASLON 03
JAWA TENGAH,KOTA SEMARANG,PEDURUNGAN,TLOGOSARI KULON,3374061004021,14,90,119,223,3374061004021,KOTA SEMARANG,TLOGOSARI KULON,TPS 021,279,223,14,90,119,0.0628,0.4036,0.5336,0.7993,3,226,False,https://pemilu2024.kpu.go.id/pilpres/hitung-suara/33/3374/337406/3374061004/3374061004021,2024-02-21 17:00:00,PASLON 03
JAWA TENGAH,KOTA SEMARANG,PEDURUNGAN,TLOGOSARI KULON,3374061004022,28,109,105,242,3374061004022,KOTA SEMARANG,TLOGOSARI KULON,TPS 022,297,242,28,109,105,0.1157,0.4504,0.4339,0.8148,3,245,False,https://pemilu2024.kpu.go.id/pilpres/hitung-suara/33/3374/337406/3374061004/3374061004022,2024-02-17 13:37:34,PASLON 02
JAWA TENGAH,KOTA SEMARANG,PEDURUNGAN,TLOGOSARI KULON,3374061004023,32,130,76,238,3374061004023,KOTA SEMARANG,TLOGOSARI KULON,TPS 023,274,238,32,130,76,0.1345,0.5462,0.3193,0.8686,0,238,True,https://pemilu2024.kpu.go.id/pilpres/hitung-suara/33/3374/337406/3374061004/3374061004023,2024-02-16 10:30:29,PASLON 02
JAWA TENGAH,KOTA SEMARANG,PEDURUNGAN,TLOGOSARI KULON,3374061004027,28,136,55,219,3374061004027,KOTA SEMARANG,TLOGOSARI KULON,TPS 027,263,219,28,136,55,0.1279,0.621,0.2511,0.8327,4,223,False,https://pemilu2024.kpu.go.id/pilpres/hitung-suara/33/3374/337406/3374061004/3374061004027,2024-02-21 11:00:00,PASLON 02
JAWA TENGAH,KOTA SEMARANG,PEDURUNGAN,TLOGOSARI KULON,3374061004028,60,73,71,204,3374061004028,KOTA SEMARANG,TLOGOSARI KULON,TPS 028,266,204,60,73,71,0.2941,0.3578,0.348,0.7669,3,207,False,https://pemilu2024.kpu.go.id/pilpres/hitung-suara/33/3374/337406/3374061004/3374061004028,2024-02-15 20:00:44,PASLON 02
JAWA TENGAH,KOTA SEMARANG,PEDURUNGAN,TLOGOSARI KULON,3374061004031,48,86,54,188,3374061004031,KOTA SEMARANG,TLOGOSARI KULON,TPS 031,221,188,48,86,54,0.2553,0.4574,0.2872,0.8507,1,189,False,https://pemilu2024.kpu.go.id/pilpres/hitung-suara/33/3374/337406/3374061004/3374061004031,2024-02-15 00:41:44,PASLON 02
JAWA TENGAH,KOTA SEMARANG,PEDURUNGAN,TLOGOSARI KULON,3374061004032,49,93,65,207,3374061004032,KOTA SEMARANG,TLOGOSARI KULON,TPS 032,274,207,49,93,65,0.2367,0.4493,0.314,0.7555,0,207,True,https://pemilu2024.kpu.go.id/pilpres/hitung-suara/33/3374/337406/3374061004/3374061004032,2024-02-15 22:30:27,PASLON 02
JAWA TENGAH,KOTA SEMARANG,PEDURUNGAN,TLOGOSARI KULON,3374061004033,36,71,64,171,3374061004033,KOTA SEMARANG,TLOGOSARI KULON,TPS 033,274,171,36,71,64,0.2105,0.4152,0.3743,0.6241,0,171,True,https://pemilu2024.kpu.go.id/pilpres/hitung-suara/33/3374/337406/3374061004/3374061004033,2024-02-15 22:30:27,PASLON 02
JAWA TENGAH,KOTA SEMARANG,PEDURUNGAN,TLOGOSARI KULON,3374061004034,46,90,93,229,3374061004034,KOTA SEMARANG,TLOGOSARI KULON,TPS 034,286,229,46,90,93,0.2009,0.393,0.4061,0.8007,11,240,False,https://pemilu2024.kpu.go.id/pilpres/hitung-suara/33/3374/337406/3374061004/3374061004034,2024-02-15 20:30:46,PASLON 03
JAWA TENGAH,KOTA SEMARANG,PEDURUNGAN,TLOGOSARI KULON,3374061004036,72,89,79,240,3374061004036,KOTA SEMARANG,TLOGOSARI KULON,TPS 036,274,240,72,89,79,0.3,0.3708,0.3292,0.8759,0,240,True,https://pemilu2024.kpu.go.id/pilpres/hitung-suara/33/3374/337406/3374061004/3374061004036,2024-02-16 10:30:29,PASLON 02
JAWA TENGAH,KOTA SEMARANG,PEDURUNGAN,TLOGOSARI KULON,3374061004038,45,100,79,224,3374061004038,KOTA SEMARANG,TLOGOSARI KULON,TPS 038,272,224,45,100,79,0.2009,0.4464,0.3527,0.8235,6,230,False,https://pemilu2024.kpu.go.id/pilpres/hitung-suara/33/3374/337406/3374061004/3374061004038,2024-02-15 20:30:46,PASLON 02
JAWA TENGAH,KOTA SEMARANG,PEDURUNGAN,TLOGOSARI KULON,3374061004039,41,99,81,221,3374061004039,KOTA SEMARANG,TLOGOSARI KULON,TPS 039,257,221,41,99,81,0.1855,0.448,0.3665,0.8599,3,224,False,https://pemilu2024.kpu.go.id/pilpres/hitung-suara/33/3374/337406/3374061004/3374061004039,2024-02-17 12:00:00,PASLON 02
JAWA TENGAH,KOTA SEMARANG,PEDURUNGAN,TLOGOSARI KULON,3374061004043,69,97,88,254,3374061004043,KOTA SEMARANG,TLOGOSARI KULON,TPS 043,274,254,69,97,88,0.2717,0.3819,0.3465,0.927,0,254,True,https://pemilu2024.kpu.go.id/pilpres/hitung-suara/33/3374/337406/3374061004/3374061004043,2024-02-16 10:30:29,PASLON 02
JAWA TENGAH,KOTA SEMARANG,PEDURUNGAN,TLOGOSARI KULON,3374061004044,59,96,87,242,3374061004044,KOTA SEMARANG,TLOGOSARI KULON,TPS 044,296,242,59,96,87,0.2438,0.3967,0.3595,0.8176,1,243,False,https://pemilu2024.kpu.go.id/pilpres/hitung-suara/33/3374/337406/3374061004/3374061004044,2024-02-15 03:06:03,PASLON 02
JAWA TENGAH,KOTA SEMARANG,PEDURUNGAN,TLOGOSARI KULON,3374061004046,39,117,92,248,3374061004046,KOTA SEMARANG,TLOGOSARI KULON,TPS 046,286,248,39,117,92,0.1573,0.4718,0.371,0.8671,10,258,False,https://pemilu2024.kpu.go.id/pilpres/hitung-suara/33/3374/337406/3374061004/3374061004046,2024-02-15 20:30:46,PASLON 02
JAWA TENGAH,KOTA SEMARANG,PEDURUNGAN,TLOGOSARI KULON,3374061004047,50,100,77,227,3374061004047,KOTA SEMARANG,TLOGOSARI KULON,TPS 047,274,227,50,100,77,0.2203,0.4405,0.3392,0.8285,0,227,True,https://pemilu2024.kpu.go.id/pilpres/hitung-suara/33/3374/337406/3374061004/3374061004047,2024-02-15 22:30:27,PASLON 02
JAWA TENGAH,KOTA SEMARANG,PEDURUNGAN,TLOGOSARI KULON,3374061004048,77,95,58,230,3374061004048,KOTA SEMARANG,TLOGOSARI KULON,TPS 048,288,230,77,95,58,0.3348,0.413,0.2522,0.7986,3,233,False,https://pemilu2024.kpu.go.id/pilpres/hitung-suara/33/3374/337406/3374061004/3374061004048,2024-02-15 20:30:46,PASLON 02
JAWA TENGAH,KOTA SEMARANG,PEDURUNGAN,TLOGOSARI KULON,3374061004049,49,101,95,245,3374061004049,KOTA SEMARANG,TLOGOSARI KULON,TPS 049,288,245,49,101,95,0.2,0.4122,0.3878,0.8507,2,247,False,https://pemilu2024.kpu.go.id/pilpres/hitung-suara/33/3374/337406/3374061004/3374061004049,2024-02-14 21:46:01,PASLON 02
JAWA TENGAH,KOTA SEMARANG,PEDURUNGAN,TLOGOSARI KULON,3374061004050,27,110,90,227,3374061004050,KOTA SEMARANG,TLOGOSARI KULON,TPS 050,274,227,27,110,90,0.1189,0.4846,0.3965,0.8285,0,227,True,https://pemilu2024.kpu.go.id/pilpres/hitung-suara/33/3374/337406/3374061004/3374061004050,2024-02-16 10:30:29,PASLON 02
JAWA TENGAH,KOTA SEMARANG,PEDURUNGAN,TLOGOSARI KULON,3374061004051,67,84,67,218,3374061004051,KOTA SEMARANG,TLOGOSARI KULON,TPS 051,263,218,67,84,67,0.3073,0.3853,0.3073,0.8289,6,224,False,https://pemilu2024.kpu.go.id/pilpres/hitung-suara/33/3374/337406/3374061004/3374061004051,2024-02-15 20:30:46,PASLON 02
JAWA TENGAH,KOTA SEMARANG,PEDURUNGAN,TLOGOSARI KULON,3374061004052,50,98,68,216,3374061004052,KOTA SEMARANG,TLOGOSARI KULON,TPS 052,277,216,50,98,68,0.2315,0.4537,0.3148,0.7798,3,219,False,https://pemilu2024.kpu.go.id/pilpres/hitung-suara/33/3374/337406/3374061004/3374061004052,2024-02-22 14:00:00,PASLON 02
JAWA TENGAH,KOTA SEMARANG,PEDURUNGAN,TLOGOSARI KULON,3374061004055,41,100,80,221,3374061004055,KOTA SEMARANG,TLOGOSARI KULON,TPS 055,267,221,41,100,80,0.1855,0.4525,0.362,0.8277,4,225,False,https://pemilu2024.kpu.go.id/pilpres/hitung-suara/33/3374/337406/3374061004/3374061004055,2024-02-19 06:16:00,PASLON 02
JAWA TENGAH,KOTA SEMARANG,PEDURUNGAN,TLOGOSARI KULON,3374061004056,43,77,70,190,3374061004056,KOTA SEMARANG,TLOGOSARI KULON,TPS 056,229,190,43,77,70,0.2263,0.4053,0.3684,0.8297,2,192,False,https://pemilu2024.kpu.go.id/pilpres/hitung-suara/33/3374/337406/3374061004/3374061004056,2024-02-15 19:00:26,PASLON 02
JAWA TENGAH,KOTA SEMARANG,PEDURUNGAN,TLOGOSARI KULON,3374061004057,40,91,97,228,3374061004057,KOTA SEMARANG,TLOGOSARI KULON,TPS 057,277,228,40,91,97,0.1754,0.3991,0.4254,0.8231,2,230,False,https://pemilu2024.kpu.go.id/pilpres/hitung-suara/33/3374/337406/3374061004/3374061004057,2024-02-15 21:30:27,PASLON 03
JAWA TENGAH,KOTA SEMARANG,PEDURUNGAN,TLOGOSARI KULON,3374061004061,72,71,67,210,3374061004061,KOTA SEMARANG,TLOGOSARI KULON,TPS 061,274,210,72,71,67,0.3429,0.3381,0.319,0.7664,0,210,True,https://pemilu2024.kpu.go.id/pilpres/hitung-suara/33/3374/337406/3374061004/3374061004061,2024-02-24 22:31:28,PASLON 01
JAWA TENGAH,KOTA SEMARANG,PEDURUNGAN,TLOGOSARI KULON,3374061004063,51,80,59,190,3374061004063,KOTA SEMARANG,TLOGOSARI KULON,TPS 063,257,190,51,80,59,0.2684,0.4211,0.3105,0.7393,1,213,False,https://pemilu2024.kpu.go.id/pilpres/hitung-suara/33/3374/337406/3374061004/3374061004063,2024-02-16 21:01:00,PASLON 02
JAWA TENGAH,KOTA SEMARANG,PEDURUNGAN,TLOGOSARI KULON,3374061004065,41,27,69,137,3374061004065,KOTA SEMARANG,TLOGOSARI KULON,TPS 065,276,137,41,27,69,0.2993,0.1971,0.5036,0.4964,5,242,False,https://pemilu2024.kpu.go.id/pilpres/hitung-suara/33/3374/337406/3374061004/3374061004065,2024-02-15 21:30:27,PASLON 03
JAWA TENGAH,KOTA SEMARANG,PEDURUNGAN,TLOGOSARI KULON,3374061004066,30,119,94,243,3374061004066,KOTA SEMARANG,TLOGOSARI KULON,TPS 066,290,243,30,119,94,0.1235,0.4897,0.3868,0.8379,3,246,False,https://pemilu2024.kpu.go.id/pilpres/hitung-suara/33/3374/337406/3374061004/3374061004066,2024-02-15 21:30:27,PASLON 02
JAWA TENGAH,KOTA SEMARANG,PEDURUNGAN,TLOGOSARI KULON,3374061004067,22,104,111,237,3374061004067,KOTA SEMARANG,TLOGOSARI KULON,TPS 067,295,237,22,104,111,0.0928,0.4388,0.4684,0.8034,9,246,False,https://pemilu2024.kpu.go.id/pilpres/hitung-suara/33/3374/337406/3374061004/3374061004067,2024-02-24 22:31:28,PASLON 03
JAWA TENGAH,KOTA SEMARANG,PEDURUNGAN,TLOGOSARI KULON,3374061004068,42,91,94,227,3374061004068,KOTA SEMARANG,TLOGOSARI KULON,TPS 068,277,227,42,91,94,0.185,0.4009,0.4141,0.8195,9,236,False,https://pemilu2024.kpu.go.id/pilpres/hitung-suara/33/3374/337406/3374061004/3374061004068,2024-02-22 15:00:00,PASLON 03
JAWA TENGAH,KOTA SEMARANG,PEDURUNGAN,TLOGOSARI KULON,3374061004071,43,93,84,220,3374061004071,KOTA SEMARANG,TLOGOSARI KULON,TPS 071,253,220,43,93,84,0.1955,0.4227,0.3818,0.8696,3,223,False,https://pemilu2024.kpu.go.id/pilpres/hitung-suara/33/3374/337406/3374061004/3374061004071,2024-02-16 10:30:29,PASLON 02
JAWA TENGAH,KOTA SEMARANG,PEDURUNGAN,TLOGOSARI KULON,3374061004072,38,97,99,234,3374061004072,KOTA SEMARANG,TLOGOSARI KULON,TPS 072,274,234,38,97,99,0.1624,0.4145,0.4231,0.854,1,235,False,https://pemilu2024.kpu.go.id/pilpres/hitung-suara/33/3374/337406/3374061004/3374061004072,2024-02-15 21:30:27,PASLON 03
JAWA TENGAH,KOTA SEMARANG,PEDURUNGAN,TLOGOSARI KULON,3374061004073,46,98,86,230,3374061004073,KOTA SEMARANG,TLOGOSARI KULON,TPS 073,286,230,46,98,86,0.2,0.4261,0.3739,0.8042,7,237,False,https://pemilu2024.kpu.go.id/pilpres/hitung-suara/33/3374/337406/3374061004/3374061004073,2024-02-21 19:00:00,PASLON 02
JAWA TENGAH,KOTA SEMARANG,PEDURUNGAN,TLOGOSARI KULON,3374061004074,45,85,89,219,3374061004074,KOTA SEMARANG,TLOGOSARI KULON,TPS 074,290,219,45,85,89,0.2055,0.3881,0.4064,0.7552,7,226,False,https://pemilu2024.kpu.go.id/pilpres/hitung-suara/33/3374/337406/3374061004/3374061004074,2024-02-14 21:46:01,PASLON 03
JAWA TENGAH,KOTA SEMARANG,PEDURUNGAN,TLOGOSARI KULON,3374061004075,37,84,108,229,3374061004075,KOTA SEMARANG,TLOGOSARI KULON,TPS 075,267,229,37,84,108,0.1616,0.3668,0.4716,0.8577,8,237,False,https://pemilu2024.kpu.go.id/pilpres/hitung-suara/33/3374/337406/3374061004/3374061004075,2024-02-16 16:25:10,PASLON 03
JAWA TENGAH,KOTA SEMARANG,PEDURUNGAN,TLOGOSARI KULON,3374061004076,37,80,100,217,3374061004076,KOTA SEMARANG,TLOGOSARI KULON,TPS 076,267,217,37,80,100,0.1705,0.3687,0.4608,0.8127,4,221,False,https://pemilu2024.kpu.go.id/pilpres/hitung-suara/33/3374/337406/3374061004/3374061004076,2024-02-17 13:37:34,PASLON 03
JAWA TENGAH,KOTA SEMARANG,PEDURUNGAN,TLOGOSARI KULON,3374061004077,23,97,80,200,3374061004077,KOTA SEMARANG,TLOGOSARI KULON,TPS 077,235,200,23,97,80,0.115,0.485,0.4,0.8511,2,202,False,https://pemilu2024.kpu.go.id/pilpres/hitung-suara/33/3374/337406/3374061004/3374061004077,2024-02-15 02:10:27,PASLON 02
JAWA TENGAH,KOTA SEMARANG,PEDURUNGAN,TLOGOSARI KULON,3374061004078,22,92,58,172,3374061004078,KOTA SEMARANG,TLOGOSARI KULON,TPS 078,274,172,22,92,58,0.1279,0.5349,0.3372,0.6277,0,172,True,https://pemilu2024.kpu.go.id/pilpres/hitung-suara/33/3374/337406/3374061004/3374061004078,2024-02-24 22:31:28,PASLON 02
JAWA TENGAH,KOTA SEMARANG,PEDURUNGAN,TLOGOSARI KULON,3374061004079,34,91,104,229,3374061004079,KOTA SEMARANG,TLOGOSARI KULON,TPS 079,274,229,34,91,104,0.1485,0.3974,0.4541,0.8358,0,229,True,https://pemilu2024.kpu.go.id/pilpres/hitung-suara/33/3374/337406/3374061004/3374061004079,2024-02-15 22:30:27,PASLON 03
JAWA TENGAH,KOTA SEMARANG,PEDURUNGAN,TLOGOSARI KULON,3374061004081,43,86,96,225,3374061004081,KOTA SEMARANG,TLOGOSARI KULON,TPS 081,274,225,43,86,96,0.1911,0.3822,0.4267,0.8212,0,225,True,https://pemilu2024.kpu.go.id/pilpres/hitung-suara/33/3374/337406/3374061004/3374061004081,2024-02-16 10:30:29,PASLON 03
JAWA TENGAH,KOTA SEMARANG,PEDURUNGAN,TLOGOSARI KULON,3374061004083,22,106,101,229,3374061004083,KOTA SEMARANG,TLOGOSARI KULON,TPS 083,274,229,22,106,101,0.0961,0.4629,0.441,0.8358,0,229,True,https://pemilu2024.kpu.go.id/pilpres/hitung-suara/33/3374/337406/3374061004/3374061004083,2024-02-17 14:45:18,PASLON 02
JAWA TENGAH,KOTA SEMARANG,PEDURUNGAN,TLOGOSARI KULON,3374061004084,41,104,81,226,3374061004084,KOTA SEMARANG,TLOGOSARI KULON,TPS 084,274,226,41,104,81,0.1814,0.4602,0.3584,0.8248,0,226,True,https://pemilu2024.kpu.go.id/pilpres/hitung-suara/33/3374/337406/3374061004/3374061004084,2024-02-16 10:30:29,PASLON 02
JAWA TENGAH,KOTA SEMARANG,PEDURUNGAN,TLOGOSARI KULON,3374061004086,22,133,77,232,3374061004086,KOTA SEMARANG,TLOGOSARI KULON,TPS 086,278,232,22,133,77,0.0948,0.5733,0.3319,0.8345,5,237,False,https://pemilu2024.kpu.go.id/pilpres/hitung-suara/33/3374/337406/3374061004/3374061004086,2024-02-19 06:16:00,PASLON 02
JAWA TENGAH,KOTA SEMARANG,PEDURUNGAN,TLOGOSARI WETAN,3374061003001,42,80,92,214,3374061003001,KOTA SEMARANG,TLOGOSARI WETAN,TPS 001,250,214,42,80,92,0.1963,0.3738,0.4299,0.856,0,214,False,https://pemilu2024.kpu.go.id/pilpres/hitung-suara/33/3374/337406/3374061003/3374061003001,2024-02-16 08:00:28,PASLON 03
JAWA TENGAH,KOTA SEMARANG,PEDURUNGAN,TLOGOSARI WETAN,3374061003002,63,68,75,206,3374061003002,KOTA SEMARANG,TLOGOSARI WETAN,TPS 002,257,206,63,68,75,0.3058,0.3301,0.3641,0.8016,4,210,False,https://pemilu2024.kpu.go.id/pilpres/hitung-suara/33/3374/337406/3374061003/3374061003002,2024-02-15 19:00:26,PASLON 03
JAWA TENGAH,KOTA SEMARANG,PEDURUNGAN,TLOGOSARI WETAN,3374061003003,50,125,54,229,3374061003003,KOTA SEMARANG,TLOGOSARI WETAN,TPS 003,259,229,50,125,54,0.2183,0.5459,0.2358,0.8842,2,231,False,https://pemilu2024.kpu.go.id/pilpres/hitung-suara/33/3374/337406/3374061003/3374061003003,2024-02-16 09:00:28,PASLON 02
JAWA TENGAH,KOTA SEMARANG,PEDURUNGAN,TLOGOSARI WETAN,3374061003005,30,112,79,221,3374061003005,KOTA SEMARANG,TLOGOSARI WETAN,TPS 005,264,221,30,112,79,0.1357,0.5068,0.3575,0.8371,0,221,True,https://pemilu2024.kpu.go.id/pilpres/hitung-suara/33/3374/337406/3374061003/3374061003005,2024-02-17 14:45:18,PASLON 02
JAWA TENGAH,KOTA SEMARANG,PEDURUNGAN,TLOGOSARI WETAN,3374061003006,41,98,78,217,3374061003006,KOTA SEMARANG,TLOGOSARI WETAN,TPS 006,265,217,41,98,78,0.1889,0.4516,0.3594,0.8189,5,222,False,https://pemilu2024.kpu.go.id/pilpres/hitung-suara/33/3374/337406/3374061003/3374061003006,2024-02-16 16:25:10,PASLON 02
JAWA TENGAH,KOTA SEMARANG,PEDURUNGAN,TLOGOSARI WETAN,3374061003007,25,136,78,239,3374061003007,KOTA SEMARANG,TLOGOSARI WETAN,TPS 007,264,239,25,136,78,0.1046,0.569,0.3264,0.9053,0,239,True,https://pemilu2024.kpu.go.id/pilpres/hitung-suara/33/3374/337406/3374061003/3374061003007,2024-02-16 10:00:28,PASLON 02
JAWA TENGAH,KOTA SEMARANG,PEDURUNGAN,TLOGOSARI WETAN,3374061003011,25,117,103,245,3374061003011,KOTA SEMARANG,TLOGOSARI WETAN,TPS 011,290,245,25,117,103,0.102,0.4776,0.4204,0.8448,7,252,False,https://pemilu2024.kpu.go.id/pilpres/hitung-suara/33/3374/337406/3374061003/3374061003011,2024-02-17 12:00:00,PASLON 02
JAWA TENGAH,KOTA SEMARANG,PEDURUNGAN,TLOGOSARI WETAN,3374061003013,29,98,76,203,3374061003013,KOTA SEMARANG,TLOGOSARI WETAN,TPS 013,257,203,29,98,76,0.1429,0.4828,0.3744,0.7899,7,210,False,https://pemilu2024.kpu.go.id/pilpres/hitung-suara/33/3374/337406/3374061003/3374061003013,2024-02-14 21:46:01,PASLON 02
JAWA TENGAH,KOTA SEMARANG,PEDURUNGAN,TLOGOSARI WETAN,3374061003014,22,111,100,233,3374061003014,KOTA SEMARANG,TLOGOSARI WETAN,TPS 014,262,233,22,111,100,0.0944,0.4764,0.4292,0.8893,2,235,False,https://pemilu2024.kpu.go.id/pilpres/hitung-suara/33/3374/337406/3374061003/3374061003014,2024-02-15 21:30:27,PASLON 02
JAWA TENGAH,KOTA SEMARANG,PEDURUNGAN,TLOGOSARI WETAN,3374061003015,43,92,102,237,3374061003015,KOTA SEMARANG,TLOGOSARI WETAN,TPS 015,281,237,43,92,102,0.1814,0.3882,0.4304,0.8434,2,239,False,https://pemilu2024.kpu.go.id/pilpres/hitung-suara/33/3374/337406/3374061003/3374061003015,2024-02-16 16:25:10,PASLON 03
JAWA TENGAH,KOTA SEMARANG,PEDURUNGAN,TLOGOSARI WETAN,3374061003016,31,120,92,243,3374061003016,KOTA SEMARANG,TLOGOSARI WETAN,TPS 016,273,243,31,120,92,0.1276,0.4938,0.3786,0.8901,5,248,False,https://pemilu2024.kpu.go.id/pilpres/hitung-suara/33/3374/337406/3374061003/3374061003016,2024-02-16 09:00:28,PASLON 02
JAWA TENGAH,KOTA SEMARANG,PEDURUNGAN,TLOGOSARI WETAN,3374061003017,38,102,101,241,3374061003017,KOTA SEMARANG,TLOGOSARI WETAN,TPS 017,264,241,38,102,101,0.1577,0.4232,0.4191,0.9129,0,241,True,https://pemilu2024.kpu.go.id/pilpres/hitung-suara/33/3374/337406/3374061003/3374061003017,2024-02-24 22:31:28,PASLON 02
JAWA TENGAH,KOTA SEMARANG,PEDURUNGAN,TLOGOSARI WETAN,3374061003018,32,97,100,229,3374061003018,KOTA SEMARANG,TLOGOSARI WETAN,TPS 018,253,229,32,97,100,0.1397,0.4236,0.4367,0.9051,2,231,False,https://pemilu2024.kpu.go.id/pilpres/hitung-suara/33/3374/337406/3374061003/3374061003018,2024-02-17 12:00:00,PASLON 03
JAWA TENGAH,KOTA SEMARANG,PEDURUNGAN,TLOGOSARI WETAN,3374061003019,34,102,85,221,3374061003019,KOTA SEMARANG,TLOGOSARI WETAN,TPS 019,264,221,34,102,85,0.1538,0.4615,0.3846,0.8371,0,221,True,https://pemilu2024.kpu.go.id/pilpres/hitung-suara/33/3374/337406/3374061003/3374061003019,2024-02-16 10:00:28,PASLON 02
JAWA TENGAH,KOTA SEMARANG,PEDURUNGAN,TLOGOSARI WETAN,3374061003020,22,104,106,232,3374061003020,KOTA SEMARANG,TLOGOSARI WETAN,TPS 020,277,232,22,104,106,0.0948,0.4483,0.4569,0.8375,5,247,False,https://pemilu2024.kpu.go.id/pilpres/hitung-suara/33/3374/337406/3374061003/3374061003020,2024-02-16 09:00:28,PASLON 03
JAWA TENGAH,KOTA SEMARANG,PEDURUNGAN,TLOGOSARI WETAN,3374061003021,24,108,95,227,3374061003021,KOTA SEMARANG,TLOGOSARI WETAN,TPS 021,264,227,24,108,95,0.1057,0.4758,0.4185,0.8598,0,227,True,https://pemilu2024.kpu.go.id/pilpres/hitung-suara/33/3374/337406/3374061003/3374061003021,2024-02-16 10:00:28,PASLON 02
JAWA TENGAH,KOTA SEMARANG,PEDURUNGAN,TLOGOSARI WETAN,3374061003022,38,104,94,236,3374061003022,KOTA SEMARANG,TLOGOSARI WETAN,TPS 022,264,236,38,104,94,0.161,0.4407,0.3983,0.8939,0,236,True,https://pemilu2024.kpu.go.id/pilpres/hitung-suara/33/3374/337406/3374061003/3374061003022,2024-02-15 22:30:27,PASLON 02
JAWA TENGAH,KOTA SEMARANG,PEDURUNGAN,TLOGOSARI WETAN,3374061003023,44,108,76,228,3374061003023,KOTA SEMARANG,TLOGOSARI WETAN,TPS 023,269,228,44,108,76,0.193,0.4737,0.3333,0.8476,4,232,False,https://pemilu2024.kpu.go.id/pilpres/hitung-suara/33/3374/337406/3374061003/3374061003023,2024-02-15 22:30:27,PASLON 02
JAWA TENGAH,KOTA SEMARANG,PEDURUNGAN,TLOGOSARI WETAN,3374061003024,47,118,80,245,3374061003024,KOTA SEMARANG,TLOGOSARI WETAN,TPS 024,271,245,47,118,80,0.1918,0.4816,0.3265,0.9041,1,246,False,https://pemilu2024.kpu.go.id/pilpres/hitung-suara/33/3374/337406/3374061003/3374061003024,2024-02-16 11:00:29,PASLON 02
JAWA TENGAH,KOTA SEMARANG,PEDURUNGAN,TLOGOSARI WETAN,3374061003025,26,92,92,210,3374061003025,KOTA SEMARANG,TLOGOSARI WETAN,TPS 025,244,210,26,92,92,0.1238,0.4381,0.4381,0.8607,2,212,False,https://pemilu2024.kpu.go.id/pilpres/hitung-suara/33/3374/337406/3374061003/3374061003025,2024-02-19 15:00:00,PASLON 02
JAWA TENGAH,KOTA SEMARANG,SEMARANG BARAT,BOJONGSALAMAN,3374131009001,41,98,77,216,3374131009001,KOTA SEMARANG,BOJONGSALAMAN,TPS 001,266,216,41,98,77,0.1898,0.4537,0.3565,0.812,0,216,True,https://pemilu2024.kpu.go.id/pilpres/hitung-suara/33/3374/337413/3374131009/3374131009001,2024-02-24 22:31:28,PASLON 02
JAWA TENGAH,KOTA SEMARANG,SEMARANG BARAT,BOJONGSALAMAN,3374131009006,26,97,94,217,3374131009006,KOTA SEMARANG,BOJONGSALAMAN,TPS 006,266,217,26,97,94,0.1198,0.447,0.4332,0.8158,0,217,True,https://pemilu2024.kpu.go.id/pilpres/hitung-suara/33/3374/337413/3374131009/3374131009006,2024-02-19 06:16:00,PASLON 02
JAWA TENGAH,KOTA SEMARANG,SEMARANG BARAT,BOJONGSALAMAN,3374131009009,31,97,87,215,3374131009009,KOTA SEMARANG,BOJONGSALAMAN,TPS 009,266,215,31,97,87,0.1442,0.4512,0.4047,0.8083,0,215,True,https://pemilu2024.kpu.go.id/pilpres/hitung-suara/33/3374/337413/3374131009/3374131009009,2024-02-16 10:30:29,PASLON 02
JAWA TENGAH,KOTA SEMARANG,SEMARANG BARAT,BOJONGSALAMAN,3374131009010,26,96,80,202,3374131009010,KOTA SEMARANG,BOJONGSALAMAN,TPS 010,277,202,26,96,80,0.1287,0.4752,0.396,0.7292,4,206,False,https://pemilu2024.kpu.go.id/pilpres/hitung-suara/33/3374/337413/3374131009/3374131009010,2024-02-22 15:00:00,PASLON 02
JAWA TENGAH,KOTA SEMARANG,SEMARANG BARAT,BOJONGSALAMAN,3374131009013,20,93,80,193,3374131009013,KOTA SEMARANG,BOJONGSALAMAN,TPS 013,266,193,20,93,80,0.1036,0.4819,0.4145,0.7256,1,194,False,https://pemilu2024.kpu.go.id/pilpres/hitung-suara/33/3374/337413/3374131009/3374131009013,2024-02-21 22:00:00,PASLON 02
JAWA TENGAH,KOTA SEMARANG,SEMARANG BARAT,BOJONGSALAMAN,3374131009014,35,94,104,233,3374131009014,KOTA SEMARANG,BOJONGSALAMAN,TPS 014,266,233,35,94,104,0.1502,0.4034,0.4464,0.8759,0,233,True,https://pemilu2024.kpu.go.id/pilpres/hitung-suara/33/3374/337413/3374131009/3374131009014,2024-02-16 10:30:29,PASLON 03
JAWA TENGAH,KOTA SEMARANG,SEMARANG BARAT,BOJONGSALAMAN,3374131009017,20,116,94,230,3374131009017,KOTA SEMARANG,BOJONGSALAMAN,TPS 017,266,230,20,116,94,0.087,0.5043,0.4087,0.8647,0,230,True,https://pemilu2024.kpu.go.id/pilpres/hitung-suara/33/3374/337413/3374131009/3374131009017,2024-02-16 11:00:29,PASLON 02
JAWA TENGAH,KOTA SEMARANG,SEMARANG BARAT,BOJONGSALAMAN,3374131009018,17,129,78,224,3374131009018,KOTA SEMARANG,BOJONGSALAMAN,TPS 018,266,224,17,129,78,0.0759,0.5759,0.3482,0.8421,0,224,True,https://pemilu2024.kpu.go.id/pilpres/hitung-suara/33/3374/337413/3374131009/3374131009018,2024-02-24 22:31:28,PASLON 02
JAWA TENGAH,KOTA SEMARANG,SEMARANG BARAT,BOJONGSALAMAN,3374131009022,27,108,99,234,3374131009022,KOTA SEMARANG,BOJONGSALAMAN,TPS 022,249,234,27,108,99,0.1154,0.4615,0.4231,0.9398,5,239,False,https://pemilu2024.kpu.go.id/pilpres/hitung-suara/33/3374/337413/3374131009/3374131009022,2024-02-24 22:31:28,PASLON 02
JAWA TENGAH,KOTA SEMARANG,SEMARANG BARAT,BONGSARI,3374131008001,26,105,89,220,3374131008001,KOTA SEMARANG,BONGSARI,TPS 001,264,220,26,105,89,0.1182,0.4773,0.4045,0.8333,4,224,False,https://pemilu2024.kpu.go.id/pilpres/hitung-suara/33/3374/337413/3374131008/3374131008001,2024-02-16 14:00:34,PASLON 02
JAWA TENGAH,KOTA SEMARANG,SEMARANG BARAT,BONGSARI,3374131008002,16,83,127,226,3374131008002,KOTA SEMARANG,BONGSARI,TPS 002,264,226,16,83,127,0.0708,0.3673,0.5619,0.8561,0,226,True,https://pemilu2024.kpu.go.id/pilpres/hitung-suara/33/3374/337413/3374131008/3374131008002,2024-02-24 22:31:28,PASLON 03
JAWA TENGAH,KOTA SEMARANG,SEMARANG BARAT,BONGSARI,3374131008005,15,103,110,228,3374131008005,KOTA SEMARANG,BONGSARI,TPS 005,260,228,15,103,110,0.0658,0.4518,0.4825,0.8769,5,233,False,https://pemilu2024.kpu.go.id/pilpres/hitung-suara/33/3374/337413/3374131008/3374131008005,2024-02-21 18:00:00,PASLON 03
JAWA TENGAH,KOTA SEMARANG,SEMARANG BARAT,BONGSARI,3374131008006,26,115,75,216,3374131008006,KOTA SEMARANG,BONGSARI,TPS 006,225,216,26,115,75,0.1204,0.5324,0.3472,0.96,9,225,False,https://pemilu2024.kpu.go.id/pilpres/hitung-suara/33/3374/337413/3374131008/3374131008006,2024-02-21 17:00:00,PASLON 02
JAWA TENGAH,KOTA SEMARANG,SEMARANG BARAT,BONGSARI,3374131008007,40,95,78,213,3374131008007,KOTA SEMARANG,BONGSARI,TPS 007,253,213,40,95,78,0.1878,0.446,0.3662,0.8419,3,216,False,https://pemilu2024.kpu.go.id/pilpres/hitung-suara/33/3374/337413/3374131008/3374131008007,2024-02-15 15:00:29,PASLON 02
JAWA TENGAH,KOTA SEMARANG,SEMARANG BARAT,BONGSARI,3374131008010,28,109,95,232,3374131008010,KOTA SEMARANG,BONGSARI,TPS 010,253,232,28,109,95,0.1207,0.4698,0.4095,0.917,3,235,False,https://pemilu2024.kpu.go.id/pilpres/hitung-suara/33/3374/337413/3374131008/3374131008010,2024-02-22 03:00:00,PASLON 02
JAWA TENGAH,KOTA SEMARANG,SEMARANG BARAT,BONGSARI,3374131008011,9,118,105,232,3374131008011,KOTA SEMARANG,BONGSARI,TPS 011,270,232,9,118,105,0.0388,0.5086,0.4526,0.8593,6,238,False,https://pemilu2024.kpu.go.id/pilpres/hitung-suara/33/3374/337413/3374131008/3374131008011,2024-02-22 17:00:00,PASLON 02
JAWA TENGAH,KOTA SEMARANG,SEMARANG BARAT,BONGSARI,3374131008015,28,116,85,229,3374131008015,KOTA SEMARANG,BONGSARI,TPS 015,264,229,28,116,85,0.1223,0.5066,0.3712,0.8674,0,229,True,https://pemilu2024.kpu.go.id/pilpres/hitung-suara/33/3374/337413/3374131008/3374131008015,2024-02-24 22:31:28,PASLON 02
JAWA TENGAH,KOTA SEMARANG,SEMARANG BARAT,BONGSARI,3374131008016,17,102,115,234,3374131008016,KOTA SEMARANG,BONGSARI,TPS 016,272,234,17,102,115,0.0726,0.4359,0.4915,0.8603,9,243,False,https://pemilu2024.kpu.go.id/pilpres/hitung-suara/33/3374/337413/3374131008/3374131008016,2024-02-21 20:00:00,PASLON 03
JAWA TENGAH,KOTA SEMARANG,SEMARANG BARAT,BONGSARI,3374131008018,16,115,105,236,3374131008018,KOTA SEMARANG,BONGSARI,TPS 018,264,236,16,115,105,0.0678,0.4873,0.4449,0.8939,0,236,True,https://pemilu2024.kpu.go.id/pilpres/hitung-suara/33/3374/337413/3374131008/3374131008018,2024-02-16 10:30:29,PASLON 02
JAWA TENGAH,KOTA SEMARANG,SEMARANG BARAT,BONGSARI,3374131008019,17,121,87,225,3374131008019,KOTA SEMARANG,BONGSARI,TPS 019,270,225,17,121,87,0.0756,0.5378,0.3867,0.8333,7,232,False,https://pemilu2024.kpu.go.id/pilpres/hitung-suara/33/3374/337413/3374131008/3374131008019,2024-02-22 10:00:00,PASLON 02
JAWA TENGAH,KOTA SEMARANG,SEMARANG BARAT,BONGSARI,3374131008020,23,133,79,235,3374131008020,KOTA SEMARANG,BONGSARI,TPS 020,264,235,23,133,79,0.0979,0.566,0.3362,0.8902,0,235,True,https://pemilu2024.kpu.go.id/pilpres/hitung-suara/33/3374/337413/3374131008/3374131008020,2024-02-24 22:31:28,PASLON 02
JAWA TENGAH,KOTA SEMARANG,SEMARANG BARAT,BONGSARI,3374131008021,29,110,92,231,3374131008021,KOTA SEMARANG,BONGSARI,TPS 021,264,231,29,110,92,0.1255,0.4762,0.3983,0.875,4,235,False,https://pemilu2024.kpu.go.id/pilpres/hitung-suara/33/3374/337413/3374131008/3374131008021,2024-02-21 15:00:00,PASLON 02
JAWA TENGAH,KOTA SEMARANG,SEMARANG BARAT,BONGSARI,3374131008022,9,126,101,236,3374131008022,KOTA SEMARANG,BONGSARI,TPS 022,287,236,9,126,101,0.0381,0.5339,0.428,0.8223,8,244,False,https://pemilu2024.kpu.go.id/pilpres/hitung-suara/33/3374/337413/3374131008/3374131008022,2024-02-21 19:00:00,PASLON 02
JAWA TENGAH,KOTA SEMARANG,SEMARANG BARAT,BONGSARI,3374131008023,18,121,92,231,3374131008023,KOTA SEMARANG,BONGSARI,TPS 023,264,231,18,121,92,0.0779,0.5238,0.3983,0.875,0,231,True,https://pemilu2024.kpu.go.id/pilpres/hitung-suara/33/3374/337413/3374131008/3374131008023,2024-02-21 17:00:00,PASLON 02
JAWA TENGAH,KOTA SEMARANG,SEMARANG BARAT,BONGSARI,3374131008024,28,82,88,198,3374131008024,KOTA SEMARANG,BONGSARI,TPS 024,264,198,28,82,88,0.1414,0.4141,0.4444,0.75,0,198,True,https://pemilu2024.kpu.go.id/pilpres/hitung-suara/33/3374/337413/3374131008/3374131008024,2024-02-16 10:30:29,PASLON 03
JAWA TENGAH,KOTA SEMARANG,SEMARANG BARAT,BONGSARI,3374131008026,26,112,95,233,3374131008026,KOTA SEMARANG,BONGSARI,TPS 026,264,233,26,112,95,0.1116,0.4807,0.4077,0.8826,0,233,True,https://pemilu2024.kpu.go.id/pilpres/hitung-suara/33/3374/337413/3374131008/3374131008026,2024-02-24 22:31:28,PASLON 02
JAWA TENGAH,KOTA SEMARANG,SEMARANG BARAT,BONGSARI,3374131008029,8,100,110,218,3374131008029,KOTA SEMARANG,BONGSARI,TPS 029,220,218,8,100,110,0.0367,0.4587,0.5046,0.9909,3,221,False,https://pemilu2024.kpu.go.id/pilpres/hitung-suara/33/3374/337413/3374131008/3374131008029,2024-02-21 17:00:00,PASLON 03
JAWA TENGAH,KOTA SEMARANG,SEMARANG BARAT,BONGSARI,3374131008030,10,87,106,203,3374131008030,KOTA SEMARANG,BONGSARI,TPS 030,263,203,10,87,106,0.0493,0.4286,0.5222,0.7719,4,207,False,https://pemilu2024.kpu.go.id/pilpres/hitung-suara/33/3374/337413/3374131008/3374131008030,2024-02-21 17:00:00,PASLON 03
JAWA TENGAH,KOTA SEMARANG,SEMARANG BARAT,BONGSARI,3374131008032,11,94,112,217,3374131008032,KOTA SEMARANG,BONGSARI,TPS 032,267,217,11,94,112,0.0507,0.4332,0.5161,0.8127,10,227,False,https://pemilu2024.kpu.go.id/pilpres/hitung-suara/33/3374/337413/3374131008/3374131008032,2024-02-15 19:30:26,PASLON 03
JAWA TENGAH,KOTA SEMARANG,SEMARANG BARAT,BONGSARI,3374131008033,22,96,90,208,3374131008033,KOTA SEMARANG,BONGSARI,TPS 033,264,208,22,96,90,0.1058,0.4615,0.4327,0.7879,0,208,True,https://pemilu2024.kpu.go.id/pilpres/hitung-suara/33/3374/337413/3374131008/3374131008033,2024-02-24 22:31:28,PASLON 02
JAWA TENGAH,KOTA SEMARANG,SEMARANG BARAT,BONGSARI,3374131008034,35,69,80,184,3374131008034,KOTA SEMARANG,BONGSARI,TPS 034,264,184,35,69,80,0.1902,0.375,0.4348,0.697,0,184,True,https://pemilu2024.kpu.go.id/pilpres/hitung-suara/33/3374/337413/3374131008/3374131008034,2024-02-24 22:31:28,PASLON 03
JAWA TENGAH,KOTA SEMARANG,SEMARANG BARAT,BONGSARI,3374131008035,27,95,76,198,3374131008035,KOTA SEMARANG,BONGSARI,TPS 035,238,198,27,95,76,0.1364,0.4798,0.3838,0.8319,3,201,False,https://pemilu2024.kpu.go.id/pilpres/hitung-suara/33/3374/337413/3374131008/3374131008035,2024-02-21 16:00:00,PASLON 02
JAWA TENGAH,KOTA SEMARANG,SEMARANG BARAT,CABEAN,3374131011001,37,84,102,223,3374131011001,KOTA SEMARANG,CABEAN,TPS 001,224,223,37,84,102,0.1659,0.3767,0.4574,0.9955,0,223,True,https://pemilu2024.kpu.go.id/pilpres/hitung-suara/33/3374/337413/3374131011/3374131011001,2024-02-16 11:00:29,PASLON 03
JAWA TENGAH,KOTA SEMARANG,SEMARANG BARAT,CABEAN,3374131011002,31,106,86,223,3374131011002,KOTA SEMARANG,CABEAN,TPS 002,224,223,31,106,86,0.139,0.4753,0.3857,0.9955,0,223,True,https://pemilu2024.kpu.go.id/pilpres/hitung-suara/33/3374/337413/3374131011/3374131011002,2024-02-16 11:00:29,PASLON 02
JAWA TENGAH,KOTA SEMARANG,SEMARANG BARAT,CABEAN,3374131011003,45,100,97,242,3374131011003,KOTA SEMARANG,CABEAN,TPS 003,242,242,45,100,97,0.186,0.4132,0.4008,1.0,0,242,True,https://pemilu2024.kpu.go.id/pilpres/hitung-suara/33/3374/337413/3374131011/3374131011003,2024-02-24 22:31:28,PASLON 02
JAWA TENGAH,KOTA SEMARANG,SEMARANG BARAT,CABEAN,3374131011004,41,91,77,209,3374131011004,KOTA SEMARANG,CABEAN,TPS 004,224,209,41,91,77,0.1962,0.4354,0.3684,0.933,0,209,True,https://pemilu2024.kpu.go.id/pilpres/hitung-suara/33/3374/337413/3374131011/3374131011004,2024-02-16 11:00:29,PASLON 02
JAWA TENGAH,KOTA SEMARANG,SEMARANG BARAT,CABEAN,3374131011005,32,86,98,216,3374131011005,KOTA SEMARANG,CABEAN,TPS 005,269,216,32,86,98,0.1481,0.3981,0.4537,0.803,5,221,False,https://pemilu2024.kpu.go.id/pilpres/hitung-suara/33/3374/337413/3374131011/3374131011005,2024-02-21 17:00:00,PASLON 03
JAWA TENGAH,KOTA SEMARANG,SEMARANG BARAT,CABEAN,3374131011006,30,68,104,202,3374131011006,KOTA SEMARANG,CABEAN,TPS 006,224,202,30,68,104,0.1485,0.3366,0.5149,0.9018,0,202,True,https://pemilu2024.kpu.go.id/pilpres/hitung-suara/33/3374/337413/3374131011/3374131011006,2024-02-16 11:00:29,PASLON 03
JAWA TENGAH,KOTA SEMARANG,SEMARANG BARAT,CABEAN,3374131011007,20,57,74,151,3374131011007,KOTA SEMARANG,CABEAN,TPS 007,180,151,20,57,74,0.1325,0.3775,0.4901,0.8389,5,156,False,https://pemilu2024.kpu.go.id/pilpres/hitung-suara/33/3374/337413/3374131011/3374131011007,2024-02-24 22:31:28,PASLON 03
JAWA TENGAH,KOTA SEMARANG,SEMARANG BARAT,CABEAN,3374131011008,47,83,82,212,3374131011008,KOTA SEMARANG,CABEAN,TPS 008,224,212,47,83,82,0.2217,0.3915,0.3868,0.9464,0,212,True,https://pemilu2024.kpu.go.id/pilpres/hitung-suara/33/3374/337413/3374131011/3374131011008,2024-02-16 11:00:29,PASLON 02
JAWA TENGAH,KOTA SEMARANG,SEMARANG BARAT,GISIKDRONO,3374131007001,20,130,99,249,3374131007001,KOTA SEMARANG,GISIKDRONO,TPS 001,292,249,20,130,99,0.0803,0.5221,0.3976,0.8527,3,252,False,https://pemilu2024.kpu.go.id/pilpres/hitung-suara/33/3374/337413/3374131007/3374131007001,2024-02-19 06:16:00,PASLON 02
JAWA TENGAH,KOTA SEMARANG,SEMARANG BARAT,GISIKDRONO,3374131007002,21,100,114,235,3374131007002,KOTA SEMARANG,GISIKDRONO,TPS 002,277,235,21,100,114,0.0894,0.4255,0.4851,0.8484,3,238,False,https://pemilu2024.kpu.go.id/pilpres/hitung-suara/33/3374/337413/3374131007/3374131007002,2024-02-14 21:46:01,PASLON 03
JAWA TENGAH,KOTA SEMARANG,SEMARANG BARAT,GISIKDRONO,3374131007003,41,88,95,224,3374131007003,KOTA SEMARANG,GISIKDRONO,TPS 003,274,224,41,88,95,0.183,0.3929,0.4241,0.8175,0,224,True,https://pemilu2024.kpu.go.id/pilpres/hitung-suara/33/3374/337413/3374131007/3374131007003,2024-02-21 18:00:00,PASLON 03
JAWA TENGAH,KOTA SEMARANG,SEMARANG BARAT,GISIKDRONO,3374131007004,37,111,81,229,3374131007004,KOTA SEMARANG,GISIKDRONO,TPS 004,288,229,37,111,81,0.1616,0.4847,0.3537,0.7951,9,238,False,https://pemilu2024.kpu.go.id/pilpres/hitung-suara/33/3374/337413/3374131007/3374131007004,2024-02-22 16:00:00,PASLON 02
JAWA TENGAH,KOTA SEMARANG,SEMARANG BARAT,GISIKDRONO,3374131007005,34,101,103,238,3374131007005,KOTA SEMARANG,GISIKDRONO,TPS 005,274,238,34,101,103,0.1429,0.4244,0.4328,0.8686,0,238,True,https://pemilu2024.kpu.go.id/pilpres/hitung-suara/33/3374/337413/3374131007/3374131007005,2024-02-22 15:00:00,PASLON 03
JAWA TENGAH,KOTA SEMARANG,SEMARANG BARAT,GISIKDRONO,3374131007006,40,102,87,229,3374131007006,KOTA SEMARANG,GISIKDRONO,TPS 006,274,229,40,102,87,0.1747,0.4454,0.3799,0.8358,0,229,True,https://pemilu2024.kpu.go.id/pilpres/hitung-suara/33/3374/337413/3374131007/3374131007006,2024-02-15 19:30:26,PASLON 02
JAWA TENGAH,KOTA SEMARANG,SEMARANG BARAT,GISIKDRONO,3374131007007,32,95,122,249,3374131007007,KOTA SEMARANG,GISIKDRONO,TPS 007,285,249,32,95,122,0.1285,0.3815,0.49,0.8737,4,253,False,https://pemilu2024.kpu.go.id/pilpres/hitung-suara/33/3374/337413/3374131007/3374131007007,2024-02-14 21:46:01,PASLON 03
JAWA TENGAH,KOTA SEMARANG,SEMARANG BARAT,GISIKDRONO,3374131007008,26,60,118,204,3374131007008,KOTA SEMARANG,GISIKDRONO,TPS 008,228,204,26,60,118,0.1275,0.2941,0.5784,0.8947,2,206,False,https://pemilu2024.kpu.go.id/pilpres/hitung-suara/33/3374/337413/3374131007/3374131007008,2024-02-14 21:46:01,PASLON 03
JAWA TENGAH,KOTA SEMARANG,SEMARANG BARAT,GISIKDRONO,3374131007009,43,96,83,222,3374131007009,KOTA SEMARANG,GISIKDRONO,TPS 009,274,222,43,96,83,0.1937,0.4324,0.3739,0.8102,0,222,True,https://pemilu2024.kpu.go.id/pilpres/hitung-suara/33/3374/337413/3374131007/3374131007009,2024-02-24 22:31:28,PASLON 02
JAWA TENGAH,KOTA SEMARANG,SEMARANG BARAT,GISIKDRONO,3374131007010,28,97,80,205,3374131007010,KOTA SEMARANG,GISIKDRONO,TPS 010,274,205,28,97,80,0.1366,0.4732,0.3902,0.7482,0,205,True,https://pemilu2024.kpu.go.id/pilpres/hitung-suara/33/3374/337413/3374131007/3374131007010,2024-02-22 15:00:00,PASLON 02
JAWA TENGAH,KOTA SEMARANG,SEMARANG BARAT,GISIKDRONO,3374131007012,18,105,82,205,3374131007012,KOTA SEMARANG,GISIKDRONO,TPS 012,274,205,18,105,82,0.0878,0.5122,0.4,0.7482,0,205,True,https://pemilu2024.kpu.go.id/pilpres/hitung-suara/33/3374/337413/3374131007/3374131007012,2024-02-19 06:16:00,PASLON 02
JAWA TENGAH,KOTA SEMARANG,SEMARANG BARAT,GISIKDRONO,3374131007013,49,93,88,230,3374131007013,KOTA SEMARANG,GISIKDRONO,TPS 013,290,230,49,93,88,0.213,0.4043,0.3826,0.7931,8,238,False,https://pemilu2024.kpu.go.id/pilpres/hitung-suara/33/3374/337413/3374131007/3374131007013,2024-02-21 16:00:00,PASLON 02
JAWA TENGAH,KOTA SEMARANG,SEMARANG BARAT,GISIKDRONO,3374131007014,32,94,106,232,3374131007014,KOTA SEMARANG,GISIKDRONO,TPS 014,283,232,32,94,106,0.1379,0.4052,0.4569,0.8198,1,233,False,https://pemilu2024.kpu.go.id/pilpres/hitung-suara/33/3374/337413/3374131007/3374131007014,2024-02-19 06:16:00,PASLON 03
JAWA TENGAH,KOTA SEMARANG,SEMARANG BARAT,GISIKDRONO,3374131007016,26,125,75,226,3374131007016,KOTA SEMARANG,GISIKDRONO,TPS 016,274,226,26,125,75,0.115,0.5531,0.3319,0.8248,0,226,True,https://pemilu2024.kpu.go.id/pilpres/hitung-suara/33/3374/337413/3374131007/3374131007016,2024-02-24 22:31:28,PASLON 02
JAWA TENGAH,KOTA SEMARANG,SEMARANG BARAT,GISIKDRONO,3374131007017,23,89,90,202,3374131007017,KOTA SEMARANG,GISIKDRONO,TPS 017,243,202,23,89,90,0.1139,0.4406,0.4455,0.8313,1,203,False,https://pemilu2024.kpu.go.id/pilpres/hitung-suara/33/3374/337413/3374131007/3374131007017,2024-02-15 09:00:24,PASLON 03
JAWA TENGAH,KOTA SEMARANG,SEMARANG BARAT,GISIKDRONO,3374131007018,42,117,94,253,3374131007018,KOTA SEMARANG,GISIKDRONO,TPS 018,287,253,42,117,94,0.166,0.4625,0.3715,0.8815,3,258,False,https://pemilu2024.kpu.go.id/pilpres/hitung-suara/33/3374/337413/3374131007/3374131007018,2024-02-19 06:16:00,PASLON 02
JAWA TENGAH,KOTA SEMARANG,SEMARANG BARAT,GISIKDRONO,3374131007019,14,111,87,212,3374131007019,KOTA SEMARANG,GISIKDRONO,TPS 019,274,212,14,111,87,0.066,0.5236,0.4104,0.7737,0,212,True,https://pemilu2024.kpu.go.id/pilpres/hitung-suara/33/3374/337413/3374131007/3374131007019,2024-02-24 22:31:28,PASLON 02
JAWA TENGAH,KOTA SEMARANG,SEMARANG BARAT,GISIKDRONO,3374131007020,24,113,72,209,3374131007020,KOTA SEMARANG,GISIKDRONO,TPS 020,273,209,24,113,72,0.1148,0.5407,0.3445,0.7656,5,214,False,https://pemilu2024.kpu.go.id/pilpres/hitung-suara/33/3374/337413/3374131007/3374131007020,2024-02-16 22:01:00,PASLON 02
JAWA TENGAH,KOTA SEMARANG,SEMARANG BARAT,GISIKDRONO,3374131007021,26,120,104,250,3374131007021,KOTA SEMARANG,GISIKDRONO,TPS 021,274,250,26,120,104,0.104,0.48,0.416,0.9124,0,250,True,https://pemilu2024.kpu.go.id/pilpres/hitung-suara/33/3374/337413/3374131007/3374131007021,2024-02-24 22:31:28,PASLON 02
JAWA TENGAH,KOTA SEMARANG,SEMARANG BARAT,GISIKDRONO,3374131007022,18,117,75,210,3374131007022,KOTA SEMARANG,GISIKDRONO,TPS 022,274,210,18,117,75,0.0857,0.5571,0.3571,0.7664,0,210,True,https://pemilu2024.kpu.go.id/pilpres/hitung-suara/33/3374/337413/3374131007/3374131007022,2024-02-16 10:30:29,PASLON 02
JAWA TENGAH,KOTA SEMARANG,SEMARANG BARAT,GISIKDRONO,3374131007025,10,92,84,186,3374131007025,KOTA SEMARANG,GISIKDRONO,TPS 025,274,186,10,92,84,0.0538,0.4946,0.4516,0.6788,0,186,True,https://pemilu2024.kpu.go.id/pilpres/hitung-suara/33/3374/337413/3374131007/3374131007025,2024-02-24 22:31:28,PASLON 02
JAWA TENGAH,KOTA SEMARANG,SEMARANG BARAT,GISIKDRONO,3374131007027,31,95,116,242,3374131007027,KOTA SEMARANG,GISIKDRONO,TPS 027,295,242,31,95,116,0.1281,0.3926,0.4793,0.8203,6,248,False,https://pemilu2024.kpu.go.id/pilpres/hitung-suara/33/3374/337413/3374131007/3374131007027,2024-02-22 16:00:00,PASLON 03
JAWA TENGAH,KOTA SEMARANG,SEMARANG BARAT,GISIKDRONO,3374131007028,25,86,112,223,3374131007028,KOTA SEMARANG,GISIKDRONO,TPS 028,279,223,25,86,112,0.1121,0.3857,0.5022,0.7993,3,226,False,https://pemilu2024.kpu.go.id/pilpres/hitung-suara/33/3374/337413/3374131007/3374131007028,2024-02-22 15:00:00,PASLON 03
JAWA TENGAH,KOTA SEMARANG,SEMARANG BARAT,GISIKDRONO,3374131007030,14,89,87,190,3374131007030,KOTA SEMARANG,GISIKDRONO,TPS 030,238,190,14,89,87,0.0737,0.4684,0.4579,0.7983,5,195,False,https://pemilu2024.kpu.go.id/pilpres/hitung-suara/33/3374/337413/3374131007/3374131007030,2024-02-14 21:46:01,PASLON 02
JAWA TENGAH,KOTA SEMARANG,SEMARANG BARAT,GISIKDRONO,3374131007032,17,111,74,202,3374131007032,KOTA SEMARANG,GISIKDRONO,TPS 032,274,202,17,111,74,0.0842,0.5495,0.3663,0.7372,0,202,True,https://pemilu2024.kpu.go.id/pilpres/hitung-suara/33/3374/337413/3374131007/3374131007032,2024-02-24 22:31:28,PASLON 02
JAWA TENGAH,KOTA SEMARANG,SEMARANG BARAT,GISIKDRONO,3374131007033,18,72,40,130,3374131007033,KOTA SEMARANG,GISIKDRONO,TPS 033,207,130,18,72,40,0.1385,0.5538,0.3077,0.628,6,178,False,https://pemilu2024.kpu.go.id/pilpres/hitung-suara/33/3374/337413/3374131007/3374131007033,2024-02-19 06:16:00,PASLON 02
JAWA TENGAH,KOTA SEMARANG,SEMARANG BARAT,GISIKDRONO,3374131007034,19,124,102,245,3374131007034,KOTA SEMARANG,GISIKDRONO,TPS 034,288,245,19,124,102,0.0776,0.5061,0.4163,0.8507,7,252,False,https://pemilu2024.kpu.go.id/pilpres/hitung-suara/33/3374/337413/3374131007/3374131007034,2024-02-19 06:16:00,PASLON 02
JAWA TENGAH,KOTA SEMARANG,SEMARANG BARAT,GISIKDRONO,3374131007035,18,91,90,199,3374131007035,KOTA SEMARANG,GISIKDRONO,TPS 035,237,199,18,91,90,0.0905,0.4573,0.4523,0.8397,5,204,False,https://pemilu2024.kpu.go.id/pilpres/hitung-suara/33/3374/337413/3374131007/3374131007035,2024-02-15 12:00:28,PASLON 02
JAWA TENGAH,KOTA SEMARANG,SEMARANG BARAT,GISIKDRONO,3374131007036,16,111,76,203,3374131007036,KOTA SEMARANG,GISIKDRONO,TPS 036,274,203,16,111,76,0.0788,0.5468,0.3744,0.7409,0,203,True,https://pemilu2024.kpu.go.id/pilpres/hitung-suara/33/3374/337413/3374131007/3374131007036,2024-02-16 10:30:29,PASLON 02
JAWA TENGAH,KOTA SEMARANG,SEMARANG BARAT,GISIKDRONO,3374131007037,12,91,116,219,3374131007037,KOTA SEMARANG,GISIKDRONO,TPS 037,262,219,12,91,116,0.0548,0.4155,0.5297,0.8359,8,227,False,https://pemilu2024.kpu.go.id/pilpres/hitung-suara/33/3374/337413/3374131007/3374131007037,2024-02-16 10:30:29,PASLON 03
JAWA TENGAH,KOTA SEMARANG,SEMARANG BARAT,GISIKDRONO,3374131007038,16,106,111,233,3374131007038,KOTA SEMARANG,GISIKDRONO,TPS 038,263,233,16,106,111,0.0687,0.4549,0.4764,0.8859,11,244,False,https://pemilu2024.kpu.go.id/pilpres/hitung-suara/33/3374/337413/3374131007/3374131007038,2024-02-19 06:16:00,PASLON 03
JAWA TENGAH,KOTA SEMARANG,SEMARANG BARAT,GISIKDRONO,3374131007039,23,115,99,237,3374131007039,KOTA SEMARANG,GISIKDRONO,TPS 039,274,237,23,115,99,0.097,0.4852,0.4177,0.865,0,237,True,https://pemilu2024.kpu.go.id/pilpres/hitung-suara/33/3374/337413/3374131007/3374131007039,2024-02-16 12:51:22,PASLON 02
JAWA TENGAH,KOTA SEMARANG,SEMARANG BARAT,GISIKDRONO,3374131007041,10,123,99,232,3374131007041,KOTA SEMARANG,GISIKDRONO,TPS 041,274,232,10,123,99,0.0431,0.5302,0.4267,0.8467,0,232,True,https://pemilu2024.kpu.go.id/pilpres/hitung-suara/33/3374/337413/3374131007/3374131007041,2024-02-16 10:30:29,PASLON 02
JAWA TENGAH,KOTA SEMARANG,SEMARANG BARAT,GISIKDRONO,3374131007042,31,105,98,234,3374131007042,KOTA SEMARANG,GISIKDRONO,TPS 042,274,234,31,105,98,0.1325,0.4487,0.4188,0.854,0,234,True,https://pemilu2024.kpu.go.id/pilpres/hitung-suara/33/3374/337413/3374131007/3374131007042,2024-02-17 12:00:00,PASLON 02
JAWA TENGAH,KOTA SEMARANG,SEMARANG BARAT,GISIKDRONO,3374131007044,24,137,80,241,3374131007044,KOTA SEMARANG,GISIKDRONO,TPS 044,274,241,24,137,80,0.0996,0.5685,0.332,0.8796,0,241,True,https://pemilu2024.kpu.go.id/pilpres/hitung-suara/33/3374/337413/3374131007/3374131007044,2024-02-16 12:51:22,PASLON 02
JAWA TENGAH,KOTA SEMARANG,SEMARANG BARAT,GISIKDRONO,3374131007045,21,119,82,222,3374131007045,KOTA SEMARANG,GISIKDRONO,TPS 045,275,222,21,119,82,0.0946,0.536,0.3694,0.8073,2,224,False,https://pemilu2024.kpu.go.id/pilpres/hitung-suara/33/3374/337413/3374131007/3374131007045,2024-02-16 12:51:22,PASLON 02
JAWA TENGAH,KOTA SEMARANG,SEMARANG BARAT,GISIKDRONO,3374131007047,42,106,86,234,3374131007047,KOTA SEMARANG,GISIKDRONO,TPS 047,265,234,42,106,86,0.1795,0.453,0.3675,0.883,6,240,False,https://pemilu2024.kpu.go.id/pilpres/hitung-suara/33/3374/337413/3374131007/3374131007047,2024-02-14 21:46:01,PASLON 02
JAWA TENGAH,KOTA SEMARANG,SEMARANG BARAT,GISIKDRONO,3374131007048,29,111,88,228,3374131007048,KOTA SEMARANG,GISIKDRONO,TPS 048,274,228,29,111,88,0.1272,0.4868,0.386,0.8321,0,228,True,https://pemilu2024.kpu.go.id/pilpres/hitung-suara/33/3374/337413/3374131007/3374131007048,2024-02-24 22:31:28,PASLON 02
JAWA TENGAH,KOTA SEMARANG,SEMARANG BARAT,GISIKDRONO,3374131007051,10,76,72,158,3374131007051,KOTA SEMARANG,GISIKDRONO,TPS 051,206,158,10,76,72,0.0633,0.481,0.4557,0.767,1,159,False,https://pemilu2024.kpu.go.id/pilpres/hitung-suara/33/3374/337413/3374131007/3374131007051,2024-02-16 10:30:29,PASLON 02
JAWA TENGAH,KOTA SEMARANG,SEMARANG BARAT,GISIKDRONO,3374131007052,21,72,73,166,3374131007052,KOTA SEMARANG,GISIKDRONO,TPS 052,217,166,21,72,73,0.1265,0.4337,0.4398,0.765,6,172,False,https://pemilu2024.kpu.go.id/pilpres/hitung-suara/33/3374/337413/3374131007/3374131007052,2024-02-19 06:16:00,PASLON 03
JAWA TENGAH,KOTA SEMARANG,SEMARANG BARAT,KALIBANTENG KIDUL,3374131006001,44,91,26,161,3374131006001,KOTA SEMARANG,KALIBANTENG KIDUL,TPS 001,220,161,44,91,26,0.2733,0.5652,0.1615,0.7318,6,167,False,https://pemilu2024.kpu.go.id/pilpres/hitung-suara/33/3374/337413/3374131006/3374131006001,2024-02-19 06:16:00,PASLON 02
JAWA TENGAH,KOTA SEMARANG,SEMARANG BARAT,KALIBANTENG KIDUL,3374131006003,18,79,73,170,3374131006003,KOTA SEMARANG,KALIBANTENG KIDUL,TPS 003,190,170,18,79,73,0.1059,0.4647,0.4294,0.8947,3,173,False,https://pemilu2024.kpu.go.id/pilpres/hitung-suara/33/3374/337413/3374131006/3374131006003,2024-02-19 06:16:00,PASLON 02
JAWA TENGAH,KOTA SEMARANG,SEMARANG BARAT,KALIBANTENG KIDUL,3374131006005,55,104,88,247,3374131006005,KOTA SEMARANG,KALIBANTENG KIDUL,TPS 005,247,247,55,104,88,0.2227,0.4211,0.3563,1.0,0,247,True,https://pemilu2024.kpu.go.id/pilpres/hitung-suara/33/3374/337413/3374131006/3374131006005,2024-02-19 06:16:00,PASLON 02
JAWA TENGAH,KOTA SEMARANG,SEMARANG BARAT,KALIBANTENG KIDUL,3374131006007,28,90,87,205,3374131006007,KOTA SEMARANG,KALIBANTENG KIDUL,TPS 007,262,205,28,90,87,0.1366,0.439,0.4244,0.7824,2,207,False,https://pemilu2024.kpu.go.id/pilpres/hitung-suara/33/3374/337413/3374131006/3374131006007,2024-02-14 21:46:01,PASLON 02
JAWA TENGAH,KOTA SEMARANG,SEMARANG BARAT,KALIBANTENG KIDUL,3374131006008,22,103,86,211,3374131006008,KOTA SEMARANG,KALIBANTENG KIDUL,TPS 008,212,211,22,103,86,0.1043,0.4882,0.4076,0.9953,2,213,False,https://pemilu2024.kpu.go.id/pilpres/hitung-suara/33/3374/337413/3374131006/3374131006008,2024-02-24 22:31:28,PASLON 02
JAWA TENGAH,KOTA SEMARANG,SEMARANG BARAT,KALIBANTENG KIDUL,3374131006009,11,110,77,198,3374131006009,KOTA SEMARANG,KALIBANTENG KIDUL,TPS 009,216,198,11,110,77,0.0556,0.5556,0.3889,0.9167,0,198,True,https://pemilu2024.kpu.go.id/pilpres/hitung-suara/33/3374/337413/3374131006/3374131006009,2024-02-16 10:30:29,PASLON 02
JAWA TENGAH,KOTA SEMARANG,SEMARANG BARAT,KALIBANTENG KIDUL,3374131006015,29,87,54,170,3374131006015,KOTA SEMARANG,KALIBANTENG KIDUL,TPS 015,216,170,29,87,54,0.1706,0.5118,0.3176,0.787,0,170,True,https://pemilu2024.kpu.go.id/pilpres/hitung-suara/33/3374/337413/3374131006/3374131006015,2024-02-24 22:31:28,PASLON 02
JAWA TENGAH,KOTA SEMARANG,SEMARANG BARAT,KALIBANTENG KULON,3374131005001,42,69,29,140,3374131005001,KOTA SEMARANG,KALIBANTENG KULON,TPS 001,206,140,42,69,29,0.3,0.4929,0.2071,0.6796,1,141,False,https://pemilu2024.kpu.go.id/pilpres/hitung-suara/33/3374/337413/3374131005/3374131005001,2024-02-15 09:00:24,PASLON 02
JAWA TENGAH,KOTA SEMARANG,SEMARANG BARAT,KALIBANTENG KULON,3374131005002,19,59,77,155,3374131005002,KOTA SEMARANG,KALIBANTENG KULON,TPS 002,203,155,19,59,77,0.1226,0.3806,0.4968,0.7635,4,159,False,https://pemilu2024.kpu.go.id/pilpres/hitung-suara/33/3374/337413/3374131005/3374131005002,2024-02-16 10:30:29,PASLON 03
JAWA TENGAH,KOTA SEMARANG,SEMARANG BARAT,KALIBANTENG KULON,3374131005003,17,83,74,174,3374131005003,KOTA SEMARANG,KALIBANTENG KULON,TPS 003,286,174,17,83,74,0.0977,0.477,0.4253,0.6084,0,174,True,https://pemilu2024.kpu.go.id/pilpres/hitung-suara/33/3374/337413/3374131005/3374131005003,2024-02-19 06:16:00,PASLON 02
JAWA TENGAH,KOTA SEMARANG,SEMARANG BARAT,KALIBANTENG KULON,3374131005004,16,123,94,233,3374131005004,KOTA SEMARANG,KALIBANTENG KULON,TPS 004,286,233,16,123,94,0.0687,0.5279,0.4034,0.8147,0,233,True,https://pemilu2024.kpu.go.id/pilpres/hitung-suara/33/3374/337413/3374131005/3374131005004,2024-02-19 06:16:00,PASLON 02
JAWA TENGAH,KOTA SEMARANG,SEMARANG BARAT,KALIBANTENG KULON,3374131005005,27,110,90,227,3374131005005,KOTA SEMARANG,KALIBANTENG KULON,TPS 005,286,227,27,110,90,0.1189,0.4846,0.3965,0.7937,0,227,True,https://pemilu2024.kpu.go.id/pilpres/hitung-suara/33/3374/337413/3374131005/3374131005005,2024-02-19 06:16:00,PASLON 02
JAWA TENGAH,KOTA SEMARANG,SEMARANG BARAT,KALIBANTENG KULON,3374131005006,15,93,121,229,3374131005006,KOTA SEMARANG,KALIBANTENG KULON,TPS 006,296,229,15,93,121,0.0655,0.4061,0.5284,0.7736,9,238,False,https://pemilu2024.kpu.go.id/pilpres/hitung-suara/33/3374/337413/3374131005/3374131005006,2024-02-16 21:01:00,PASLON 03
JAWA TENGAH,KOTA SEMARANG,SEMARANG BARAT,KALIBANTENG KULON,3374131005007,9,107,114,230,3374131005007,KOTA SEMARANG,KALIBANTENG KULON,TPS 007,287,230,9,107,114,0.0391,0.4652,0.4957,0.8014,2,232,False,https://pemilu2024.kpu.go.id/pilpres/hitung-suara/33/3374/337413/3374131005/3374131005007,2024-02-19 06:16:00,PASLON 03
JAWA TENGAH,KOTA SEMARANG,SEMARANG BARAT,KALIBANTENG KULON,3374131005008,26,107,74,207,3374131005008,KOTA SEMARANG,KALIBANTENG KULON,TPS 008,272,207,26,107,74,0.1256,0.5169,0.3575,0.761,2,209,False,https://pemilu2024.kpu.go.id/pilpres/hitung-suara/33/3374/337413/3374131005/3374131005008,2024-02-15 12:00:28,PASLON 02
JAWA TENGAH,KOTA SEMARANG,SEMARANG BARAT,KALIBANTENG KULON,3374131005009,19,103,107,229,3374131005009,KOTA SEMARANG,KALIBANTENG KULON,TPS 009,286,229,19,103,107,0.083,0.4498,0.4672,0.8007,4,233,False,https://pemilu2024.kpu.go.id/pilpres/hitung-suara/33/3374/337413/3374131005/3374131005009,2024-02-19 06:16:00,PASLON 03
JAWA TENGAH,KOTA SEMARANG,SEMARANG BARAT,KALIBANTENG KULON,3374131005010,24,108,85,217,3374131005010,KOTA SEMARANG,KALIBANTENG KULON,TPS 010,287,217,24,108,85,0.1106,0.4977,0.3917,0.7561,4,221,False,https://pemilu2024.kpu.go.id/pilpres/hitung-suara/33/3374/337413/3374131005/3374131005010,2024-02-19 06:16:00,PASLON 02
JAWA TENGAH,KOTA SEMARANG,SEMARANG BARAT,KALIBANTENG KULON,3374131005011,13,95,77,185,3374131005011,KOTA SEMARANG,KALIBANTENG KULON,TPS 011,286,185,13,95,77,0.0703,0.5135,0.4162,0.6469,0,185,True,https://pemilu2024.kpu.go.id/pilpres/hitung-suara/33/3374/337413/3374131005/3374131005011,2024-02-19 06:16:00,PASLON 02
JAWA TENGAH,KOTA SEMARANG,SEMARANG BARAT,KALIBANTENG KULON,3374131005012,5,69,72,146,3374131005012,KOTA SEMARANG,KALIBANTENG KULON,TPS 012,286,146,5,69,72,0.0342,0.4726,0.4932,0.5105,0,146,True,https://pemilu2024.kpu.go.id/pilpres/hitung-suara/33/3374/337413/3374131005/3374131005012,2024-02-15 02:10:27,PASLON 03
JAWA TENGAH,KOTA SEMARANG,SEMARANG BARAT,KALIBANTENG KULON,3374131005014,42,108,83,233,3374131005014,KOTA SEMARANG,KALIBANTENG KULON,TPS 014,286,233,42,108,83,0.1803,0.4635,0.3562,0.8147,0,233,True,https://pemilu2024.kpu.go.id/pilpres/hitung-suara/33/3374/337413/3374131005/3374131005014,2024-02-16 10:30:29,PASLON 02
JAWA TENGAH,KOTA SEMARANG,SEMARANG BARAT,KALIBANTENG KULON,3374131005015,68,97,60,225,3374131005015,KOTA SEMARANG,KALIBANTENG KULON,TPS 015,297,225,68,97,60,0.3022,0.4311,0.2667,0.7576,4,229,False,https://pemilu2024.kpu.go.id/pilpres/hitung-suara/33/3374/337413/3374131005/3374131005015,2024-02-19 06:16:00,PASLON 02
JAWA TENGAH,KOTA SEMARANG,SEMARANG BARAT,KALIBANTENG KULON,3374131005016,49,124,67,240,3374131005016,KOTA SEMARANG,KALIBANTENG KULON,TPS 016,286,240,49,124,67,0.2042,0.5167,0.2792,0.8392,0,240,True,https://pemilu2024.kpu.go.id/pilpres/hitung-suara/33/3374/337413/3374131005/3374131005016,2024-02-16 10:30:29,PASLON 02
JAWA TENGAH,KOTA SEMARANG,SEMARANG BARAT,KALIBANTENG KULON,3374131005017,38,100,74,212,3374131005017,KOTA SEMARANG,KALIBANTENG KULON,TPS 017,286,212,38,100,74,0.1792,0.4717,0.3491,0.7413,0,212,True,https://pemilu2024.kpu.go.id/pilpres/hitung-suara/33/3374/337413/3374131005/3374131005017,2024-02-16 10:30:29,PASLON 02
JAWA TENGAH,KOTA SEMARANG,SEMARANG BARAT,KALIBANTENG KULON,3374131005018,58,83,84,225,3374131005018,KOTA SEMARANG,KALIBANTENG KULON,TPS 018,286,225,58,83,84,0.2578,0.3689,0.3733,0.7867,0,225,True,https://pemilu2024.kpu.go.id/pilpres/hitung-suara/33/3374/337413/3374131005/3374131005018,2024-02-24 22:31:28,PASLON 03
JAWA TENGAH,KOTA SEMARANG,SEMARANG BARAT,KALIBANTENG KULON,3374131005019,28,87,120,235,3374131005019,KOTA SEMARANG,KALIBANTENG KULON,TPS 019,282,235,28,87,120,0.1191,0.3702,0.5106,0.8333,3,238,False,https://pemilu2024.kpu.go.id/pilpres/hitung-suara/33/3374/337413/3374131005/3374131005019,2024-02-19 06:16:00,PASLON 03
JAWA TENGAH,KOTA SEMARANG,SEMARANG BARAT,KARANGAYU,3374131012001,44,99,75,218,3374131012001,KOTA SEMARANG,KARANGAYU,TPS 001,265,218,44,99,75,0.2018,0.4541,0.344,0.8226,3,221,False,https://pemilu2024.kpu.go.id/pilpres/hitung-suara/33/3374/337413/3374131012/3374131012001,2024-02-15 00:41:44,PASLON 02
JAWA TENGAH,KOTA SEMARANG,SEMARANG BARAT,KARANGAYU,3374131012002,23,98,105,226,3374131012002,KOTA SEMARANG,KARANGAYU,TPS 002,278,226,23,98,105,0.1018,0.4336,0.4646,0.8129,0,226,False,https://pemilu2024.kpu.go.id/pilpres/hitung-suara/33/3374/337413/3374131012/3374131012002,2024-02-22 17:00:00,PASLON 03
JAWA TENGAH,KOTA SEMARANG,SEMARANG BARAT,KARANGAYU,3374131012003,31,106,85,222,3374131012003,KOTA SEMARANG,KARANGAYU,TPS 003,263,222,31,106,85,0.1396,0.4775,0.3829,0.8441,0,222,True,https://pemilu2024.kpu.go.id/pilpres/hitung-suara/33/3374/337413/3374131012/3374131012003,2024-02-16 11:00:29,PASLON 02
JAWA TENGAH,KOTA SEMARANG,SEMARANG BARAT,KARANGAYU,3374131012004,28,118,88,234,3374131012004,KOTA SEMARANG,KARANGAYU,TPS 004,273,234,28,118,88,0.1197,0.5043,0.3761,0.8571,4,238,False,https://pemilu2024.kpu.go.id/pilpres/hitung-suara/33/3374/337413/3374131012/3374131012004,2024-02-19 06:16:00,PASLON 02
JAWA TENGAH,KOTA SEMARANG,SEMARANG BARAT,KARANGAYU,3374131012005,20,102,70,192,3374131012005,KOTA SEMARANG,KARANGAYU,TPS 005,228,192,20,102,70,0.1042,0.5312,0.3646,0.8421,4,196,False,https://pemilu2024.kpu.go.id/pilpres/hitung-suara/33/3374/337413/3374131012/3374131012005,2024-02-15 18:00:26,PASLON 02
JAWA TENGAH,KOTA SEMARANG,SEMARANG BARAT,KARANGAYU,3374131012006,32,103,75,210,3374131012006,KOTA SEMARANG,KARANGAYU,TPS 006,217,210,32,103,75,0.1524,0.4905,0.3571,0.9677,3,213,False,https://pemilu2024.kpu.go.id/pilpres/hitung-suara/33/3374/337413/3374131012/3374131012006,2024-02-14 21:46:01,PASLON 02
JAWA TENGAH,KOTA SEMARANG,SEMARANG BARAT,KARANGAYU,3374131012007,19,79,62,160,3374131012007,KOTA SEMARANG,KARANGAYU,TPS 007,193,160,19,79,62,0.1188,0.4938,0.3875,0.829,2,162,False,https://pemilu2024.kpu.go.id/pilpres/hitung-suara/33/3374/337413/3374131012/3374131012007,2024-02-21 17:00:00,PASLON 02
JAWA TENGAH,KOTA SEMARANG,SEMARANG BARAT,KARANGAYU,3374131012008,12,76,112,200,3374131012008,KOTA SEMARANG,KARANGAYU,TPS 008,263,200,12,76,112,0.06,0.38,0.56,0.7605,0,200,True,https://pemilu2024.kpu.go.id/pilpres/hitung-suara/33/3374/337413/3374131012/3374131012008,2024-02-21 12:00:00,PASLON 03
JAWA TENGAH,KOTA SEMARANG,SEMARANG BARAT,KARANGAYU,3374131012009,23,108,93,224,3374131012009,KOTA SEMARANG,KARANGAYU,TPS 009,263,224,23,108,93,0.1027,0.4821,0.4152,0.8517,4,228,False,https://pemilu2024.kpu.go.id/pilpres/hitung-suara/33/3374/337413/3374131012/3374131012009,2024-02-21 18:00:00,PASLON 02
JAWA TENGAH,KOTA SEMARANG,SEMARANG BARAT,KARANGAYU,3374131012010,22,75,82,179,3374131012010,KOTA SEMARANG,KARANGAYU,TPS 010,263,179,22,75,82,0.1229,0.419,0.4581,0.6806,0,179,True,https://pemilu2024.kpu.go.id/pilpres/hitung-suara/33/3374/337413/3374131012/3374131012010,2024-02-24 22:31:28,PASLON 03
JAWA TENGAH,KOTA SEMARANG,SEMARANG BARAT,KARANGAYU,3374131012011,35,78,80,193,3374131012011,KOTA SEMARANG,KARANGAYU,TPS 011,243,193,35,78,80,0.1813,0.4041,0.4145,0.7942,7,200,False,https://pemilu2024.kpu.go.id/pilpres/hitung-suara/33/3374/337413/3374131012/3374131012011,2024-02-21 16:00:00,PASLON 03
JAWA TENGAH,KOTA SEMARANG,SEMARANG BARAT,KARANGAYU,3374131012013,11,110,88,209,3374131012013,KOTA SEMARANG,KARANGAYU,TPS 013,263,209,11,110,88,0.0526,0.5263,0.4211,0.7947,0,209,True,https://pemilu2024.kpu.go.id/pilpres/hitung-suara/33/3374/337413/3374131012/3374131012013,2024-02-16 11:00:29,PASLON 02
JAWA TENGAH,KOTA SEMARANG,SEMARANG BARAT,KARANGAYU,3374131012014,17,118,92,227,3374131012014,KOTA SEMARANG,KARANGAYU,TPS 014,267,227,17,118,92,0.0749,0.5198,0.4053,0.8502,3,230,False,https://pemilu2024.kpu.go.id/pilpres/hitung-suara/33/3374/337413/3374131012/3374131012014,2024-02-16 21:01:00,PASLON 02
JAWA TENGAH,KOTA SEMARANG,SEMARANG BARAT,KARANGAYU,3374131012015,37,94,76,207,3374131012015,KOTA SEMARANG,KARANGAYU,TPS 015,263,207,37,94,76,0.1787,0.4541,0.3671,0.7871,0,207,True,https://pemilu2024.kpu.go.id/pilpres/hitung-suara/33/3374/337413/3374131012/3374131012015,2024-02-19 06:16:00,PASLON 02
JAWA TENGAH,KOTA SEMARANG,SEMARANG BARAT,KARANGAYU,3374131012017,33,93,85,211,3374131012017,KOTA SEMARANG,KARANGAYU,TPS 017,232,211,33,93,85,0.1564,0.4408,0.4028,0.9095,4,215,False,https://pemilu2024.kpu.go.id/pilpres/hitung-suara/33/3374/337413/3374131012/3374131012017,2024-02-21 18:00:00,PASLON 02
JAWA TENGAH,KOTA SEMARANG,SEMARANG BARAT,KARANGAYU,3374131012018,23,127,76,226,3374131012018,KOTA SEMARANG,KARANGAYU,TPS 018,263,226,23,127,76,0.1018,0.5619,0.3363,0.8593,0,226,True,https://pemilu2024.kpu.go.id/pilpres/hitung-suara/33/3374/337413/3374131012/3374131012018,2024-02-16 11:00:29,PASLON 02
JAWA TENGAH,KOTA SEMARANG,SEMARANG BARAT,KARANGAYU,3374131012019,26,110,87,223,3374131012019,KOTA SEMARANG,KARANGAYU,TPS 019,276,223,26,110,87,0.1166,0.4933,0.3901,0.808,9,232,False,https://pemilu2024.kpu.go.id/pilpres/hitung-suara/33/3374/337413/3374131012/3374131012019,2024-02-22 17:00:00,PASLON 02
JAWA TENGAH,KOTA SEMARANG,SEMARANG BARAT,KARANGAYU,3374131012021,16,142,76,234,3374131012021,KOTA SEMARANG,KARANGAYU,TPS 021,263,234,16,142,76,0.0684,0.6068,0.3248,0.8897,0,234,True,https://pemilu2024.kpu.go.id/pilpres/hitung-suara/33/3374/337413/3374131012/3374131012021,2024-02-24 22:31:28,PASLON 02
JAWA TENGAH,KOTA SEMARANG,SEMARANG BARAT,KEMBANGARUM,3374131016002,17,132,73,222,3374131016002,KOTA SEMARANG,KEMBANGARUM,TPS 002,272,222,17,132,73,0.0766,0.5946,0.3288,0.8162,0,222,True,https://pemilu2024.kpu.go.id/pilpres/hitung-suara/33/3374/337413/3374131016/3374131016002,2024-02-22 15:00:00,PASLON 02
JAWA TENGAH,KOTA SEMARANG,SEMARANG BARAT,KEMBANGARUM,3374131016003,51,89,87,227,3374131016003,KOTA SEMARANG,KEMBANGARUM,TPS 003,272,227,51,89,87,0.2247,0.3921,0.3833,0.8346,0,227,True,https://pemilu2024.kpu.go.id/pilpres/hitung-suara/33/3374/337413/3374131016/3374131016003,2024-02-16 11:00:29,PASLON 02
JAWA TENGAH,KOTA SEMARANG,SEMARANG BARAT,KEMBANGARUM,3374131016004,16,99,99,214,3374131016004,KOTA SEMARANG,KEMBANGARUM,TPS 004,272,214,16,99,99,0.0748,0.4626,0.4626,0.7868,0,214,True,https://pemilu2024.kpu.go.id/pilpres/hitung-suara/33/3374/337413/3374131016/3374131016004,2024-02-16 12:51:22,PASLON 02
JAWA TENGAH,KOTA SEMARANG,SEMARANG BARAT,KEMBANGARUM,3374131016005,23,174,10,207,3374131016005,KOTA SEMARANG,KEMBANGARUM,TPS 005,272,207,23,174,10,0.1111,0.8406,0.0483,0.761,0,207,True,https://pemilu2024.kpu.go.id/pilpres/hitung-suara/33/3374/337413/3374131016/3374131016005,2024-02-16 11:00:29,PASLON 02
JAWA TENGAH,KOTA SEMARANG,SEMARANG BARAT,KEMBANGARUM,3374131016007,38,119,69,226,3374131016007,KOTA SEMARANG,KEMBANGARUM,TPS 007,275,226,38,119,69,0.1681,0.5265,0.3053,0.8218,1,227,False,https://pemilu2024.kpu.go.id/pilpres/hitung-suara/33/3374/337413/3374131016/3374131016007,2024-02-14 21:46:01,PASLON 02
JAWA TENGAH,KOTA SEMARANG,SEMARANG BARAT,KEMBANGARUM,3374131016008,33,155,66,254,3374131016008,KOTA SEMARANG,KEMBANGARUM,TPS 008,272,254,33,155,66,0.1299,0.6102,0.2598,0.9338,0,254,True,https://pemilu2024.kpu.go.id/pilpres/hitung-suara/33/3374/337413/3374131016/3374131016008,2024-02-24 22:31:28,PASLON 02
JAWA TENGAH,KOTA SEMARANG,SEMARANG BARAT,KEMBANGARUM,3374131016009,43,105,68,216,3374131016009,KOTA SEMARANG,KEMBANGARUM,TPS 009,217,216,43,105,68,0.1991,0.4861,0.3148,0.9954,6,223,False,https://pemilu2024.kpu.go.id/pilpres/hitung-suara/33/3374/337413/3374131016/3374131016009,2024-02-22 17:00:00,PASLON 02
JAWA TENGAH,KOTA SEMARANG,SEMARANG BARAT,KEMBANGARUM,3374131016010,38,135,59,232,3374131016010,KOTA SEMARANG,KEMBANGARUM,TPS 010,272,232,38,135,59,0.1638,0.5819,0.2543,0.8529,0,232,True,https://pemilu2024.kpu.go.id/pilpres/hitung-suara/33/3374/337413/3374131016/3374131016010,2024-02-24 22:31:28,PASLON 02
JAWA TENGAH,KOTA SEMARANG,SEMARANG BARAT,KEMBANGARUM,3374131016012,29,101,67,197,3374131016012,KOTA SEMARANG,KEMBANGARUM,TPS 012,272,197,29,101,67,0.1472,0.5127,0.3401,0.7243,0,197,True,https://pemilu2024.kpu.go.id/pilpres/hitung-suara/33/3374/337413/3374131016/3374131016012,2024-02-22 15:00:00,PASLON 02
JAWA TENGAH,KOTA SEMARANG,SEMARANG BARAT,KEMBANGARUM,3374131016015,18,102,105,225,3374131016015,KOTA SEMARANG,KEMBANGARUM,TPS 015,289,225,18,102,105,0.08,0.4533,0.4667,0.7785,2,227,False,https://pemilu2024.kpu.go.id/pilpres/hitung-suara/33/3374/337413/3374131016/3374131016015,2024-02-21 22:00:00,PASLON 03
JAWA TENGAH,KOTA SEMARANG,SEMARANG BARAT,KEMBANGARUM,3374131016016,61,93,88,242,3374131016016,KOTA SEMARANG,KEMBANGARUM,TPS 016,272,242,61,93,88,0.2521,0.3843,0.3636,0.8897,0,242,True,https://pemilu2024.kpu.go.id/pilpres/hitung-suara/33/3374/337413/3374131016/3374131016016,2024-02-15 07:00:44,PASLON 02
JAWA TENGAH,KOTA SEMARANG,SEMARANG BARAT,KEMBANGARUM,3374131016017,27,92,90,209,3374131016017,KOTA SEMARANG,KEMBANGARUM,TPS 017,251,209,27,92,90,0.1292,0.4402,0.4306,0.8327,4,213,False,https://pemilu2024.kpu.go.id/pilpres/hitung-suara/33/3374/337413/3374131016/3374131016017,2024-02-21 17:00:00,PASLON 02
JAWA TENGAH,KOTA SEMARANG,SEMARANG BARAT,KEMBANGARUM,3374131016019,27,123,77,227,3374131016019,KOTA SEMARANG,KEMBANGARUM,TPS 019,276,227,27,123,77,0.1189,0.5419,0.3392,0.8225,3,230,False,https://pemilu2024.kpu.go.id/pilpres/hitung-suara/33/3374/337413/3374131016/3374131016019,2024-02-15 23:29:50,PASLON 02
JAWA TENGAH,KOTA SEMARANG,SEMARANG BARAT,KEMBANGARUM,3374131016020,25,70,55,150,3374131016020,KOTA SEMARANG,KEMBANGARUM,TPS 020,174,150,25,70,55,0.1667,0.4667,0.3667,0.8621,2,152,False,https://pemilu2024.kpu.go.id/pilpres/hitung-suara/33/3374/337413/3374131016/3374131016020,2024-02-15 17:30:25,PASLON 02
JAWA TENGAH,KOTA SEMARANG,SEMARANG BARAT,KEMBANGARUM,3374131016022,29,72,68,169,3374131016022,KOTA SEMARANG,KEMBANGARUM,TPS 022,221,169,29,72,68,0.1716,0.426,0.4024,0.7647,4,173,False,https://pemilu2024.kpu.go.id/pilpres/hitung-suara/33/3374/337413/3374131016/3374131016022,2024-02-24 22:31:28,PASLON 02
JAWA TENGAH,KOTA SEMARANG,SEMARANG BARAT,KEMBANGARUM,3374131016023,37,115,81,233,3374131016023,KOTA SEMARANG,KEMBANGARUM,TPS 023,286,233,37,115,81,0.1588,0.4936,0.3476,0.8147,3,236,False,https://pemilu2024.kpu.go.id/pilpres/hitung-suara/33/3374/337413/3374131016/3374131016023,2024-02-15 09:00:24,PASLON 02
JAWA TENGAH,KOTA SEMARANG,SEMARANG BARAT,KEMBANGARUM,3374131016024,29,110,66,205,3374131016024,KOTA SEMARANG,KEMBANGARUM,TPS 024,272,205,29,110,66,0.1415,0.5366,0.322,0.7537,0,205,True,https://pemilu2024.kpu.go.id/pilpres/hitung-suara/33/3374/337413/3374131016/3374131016024,2024-02-16 11:00:29,PASLON 02
JAWA TENGAH,KOTA SEMARANG,SEMARANG BARAT,KEMBANGARUM,3374131016027,24,130,84,238,3374131016027,KOTA SEMARANG,KEMBANGARUM,TPS 027,272,238,24,130,84,0.1008,0.5462,0.3529,0.875,0,238,True,https://pemilu2024.kpu.go.id/pilpres/hitung-suara/33/3374/337413/3374131016/3374131016027,2024-02-24 22:31:28,PASLON 02
JAWA TENGAH,KOTA SEMARANG,SEMARANG BARAT,KEMBANGARUM,3374131016030,19,95,74,188,3374131016030,KOTA SEMARANG,KEMBANGARUM,TPS 030,272,188,19,95,74,0.1011,0.5053,0.3936,0.6912,0,188,True,https://pemilu2024.kpu.go.id/pilpres/hitung-suara/33/3374/337413/3374131016/3374131016030,2024-02-21 16:00:00,PASLON 02
JAWA TENGAH,KOTA SEMARANG,SEMARANG BARAT,KEMBANGARUM,3374131016032,25,113,72,210,3374131016032,KOTA SEMARANG,KEMBANGARUM,TPS 032,243,210,25,113,72,0.119,0.5381,0.3429,0.8642,3,213,False,https://pemilu2024.kpu.go.id/pilpres/hitung-suara/33/3374/337413/3374131016/3374131016032,2024-02-16 22:01:00,PASLON 02
JAWA TENGAH,KOTA SEMARANG,SEMARANG BARAT,KEMBANGARUM,3374131016033,26,118,71,215,3374131016033,KOTA SEMARANG,KEMBANGARUM,TPS 033,272,215,26,118,71,0.1209,0.5488,0.3302,0.7904,0,215,True,https://pemilu2024.kpu.go.id/pilpres/hitung-suara/33/3374/337413/3374131016/3374131016033,2024-02-24 22:31:28,PASLON 02
JAWA TENGAH,KOTA SEMARANG,SEMARANG BARAT,KEMBANGARUM,3374131016036,23,130,85,238,3374131016036,KOTA SEMARANG,KEMBANGARUM,TPS 036,271,238,23,130,85,0.0966,0.5462,0.3571,0.8782,7,245,False,https://pemilu2024.kpu.go.id/pilpres/hitung-suara/33/3374/337413/3374131016/3374131016036,2024-02-21 18:00:00,PASLON 02
JAWA TENGAH,KOTA SEMARANG,SEMARANG BARAT,KEMBANGARUM,3374131016038,21,106,98,225,3374131016038,KOTA SEMARANG,KEMBANGARUM,TPS 038,280,225,21,106,98,0.0933,0.4711,0.4356,0.8036,3,228,False,https://pemilu2024.kpu.go.id/pilpres/hitung-suara/33/3374/337413/3374131016/3374131016038,2024-02-21 18:00:00,PASLON 02
JAWA TENGAH,KOTA SEMARANG,SEMARANG BARAT,KEMBANGARUM,3374131016039,22,125,97,244,3374131016039,KOTA SEMARANG,KEMBANGARUM,TPS 039,272,244,22,125,97,0.0902,0.5123,0.3975,0.8971,0,244,True,https://pemilu2024.kpu.go.id/pilpres/hitung-suara/33/3374/337413/3374131016/3374131016039,2024-02-24 22:31:28,PASLON 02
JAWA TENGAH,KOTA SEMARANG,SEMARANG BARAT,KEMBANGARUM,3374131016041,31,104,78,213,3374131016041,KOTA SEMARANG,KEMBANGARUM,TPS 041,272,213,31,104,78,0.1455,0.4883,0.3662,0.7831,0,213,True,https://pemilu2024.kpu.go.id/pilpres/hitung-suara/33/3374/337413/3374131016/3374131016041,2024-02-16 11:00:29,PASLON 02
JAWA TENGAH,KOTA SEMARANG,SEMARANG BARAT,KEMBANGARUM,3374131016044,23,121,103,247,3374131016044,KOTA SEMARANG,KEMBANGARUM,TPS 044,278,247,23,121,103,0.0931,0.4899,0.417,0.8885,5,252,False,https://pemilu2024.kpu.go.id/pilpres/hitung-suara/33/3374/337413/3374131016/3374131016044,2024-02-16 14:30:33,PASLON 02
JAWA TENGAH,KOTA SEMARANG,SEMARANG BARAT,KEMBANGARUM,3374131016047,26,118,79,223,3374131016047,KOTA SEMARANG,KEMBANGARUM,TPS 047,272,223,26,118,79,0.1166,0.5291,0.3543,0.8199,6,229,False,https://pemilu2024.kpu.go.id/pilpres/hitung-suara/33/3374/337413/3374131016/3374131016047,2024-02-24 22:31:28,PASLON 02
JAWA TENGAH,KOTA SEMARANG,SEMARANG BARAT,KEMBANGARUM,3374131016048,30,125,89,244,3374131016048,KOTA SEMARANG,KEMBANGARUM,TPS 048,284,244,30,125,89,0.123,0.5123,0.3648,0.8592,5,249,False,https://pemilu2024.kpu.go.id/pilpres/hitung-suara/33/3374/337413/3374131016/3374131016048,2024-02-19 06:16:00,PASLON 02
JAWA TENGAH,KOTA SEMARANG,SEMARANG BARAT,KEMBANGARUM,3374131016050,24,93,79,196,3374131016050,KOTA SEMARANG,KEMBANGARUM,TPS 050,221,196,24,93,79,0.1224,0.4745,0.4031,0.8869,3,199,False,https://pemilu2024.kpu.go.id/pilpres/hitung-suara/33/3374/337413/3374131016/3374131016050,2024-02-21 21:00:04,PASLON 02
JAWA TENGAH,KOTA SEMARANG,SEMARANG BARAT,KEMBANGARUM,3374131016053,43,81,76,200,3374131016053,KOTA SEMARANG,KEMBANGARUM,TPS 053,272,200,43,81,76,0.215,0.405,0.38,0.7353,0,200,True,https://pemilu2024.kpu.go.id/pilpres/hitung-suara/33/3374/337413/3374131016/3374131016053,2024-02-22 15:00:00,PASLON 02
JAWA TENGAH,KOTA SEMARANG,SEMARANG BARAT,KRAPYAK,3374131003004,20,123,91,234,3374131003004,KOTA SEMARANG,KRAPYAK,TPS 004,268,234,20,123,91,0.0855,0.5256,0.3889,0.8731,0,234,True,https://pemilu2024.kpu.go.id/pilpres/hitung-suara/33/3374/337413/3374131003/3374131003004,2024-02-16 10:30:29,PASLON 02
JAWA TENGAH,KOTA SEMARANG,SEMARANG BARAT,KRAPYAK,3374131003005,19,142,91,252,3374131003005,KOTA SEMARANG,KRAPYAK,TPS 005,269,252,19,142,91,0.0754,0.5635,0.3611,0.9368,1,253,False,https://pemilu2024.kpu.go.id/pilpres/hitung-suara/33/3374/337413/3374131003/3374131003005,2024-02-16 10:30:29,PASLON 02
JAWA TENGAH,KOTA SEMARANG,SEMARANG BARAT,KRAPYAK,3374131003006,17,126,91,234,3374131003006,KOTA SEMARANG,KRAPYAK,TPS 006,273,234,17,126,91,0.0726,0.5385,0.3889,0.8571,7,241,False,https://pemilu2024.kpu.go.id/pilpres/hitung-suara/33/3374/337413/3374131003/3374131003006,2024-02-19 06:16:00,PASLON 02
JAWA TENGAH,KOTA SEMARANG,SEMARANG BARAT,KRAPYAK,3374131003010,35,100,80,215,3374131003010,KOTA SEMARANG,KRAPYAK,TPS 010,268,215,35,100,80,0.1628,0.4651,0.3721,0.8022,0,215,True,https://pemilu2024.kpu.go.id/pilpres/hitung-suara/33/3374/337413/3374131003/3374131003010,2024-02-16 10:30:29,PASLON 02
JAWA TENGAH,KOTA SEMARANG,SEMARANG BARAT,KRAPYAK,3374131003011,51,79,99,229,3374131003011,KOTA SEMARANG,KRAPYAK,TPS 011,262,229,51,79,99,0.2227,0.345,0.4323,0.874,5,234,False,https://pemilu2024.kpu.go.id/pilpres/hitung-suara/33/3374/337413/3374131003/3374131003011,2024-02-14 21:46:01,PASLON 03
JAWA TENGAH,KOTA SEMARANG,SEMARANG BARAT,KRAPYAK,3374131003013,53,97,84,234,3374131003013,KOTA SEMARANG,KRAPYAK,TPS 013,268,234,53,97,84,0.2265,0.4145,0.359,0.8731,4,238,False,https://pemilu2024.kpu.go.id/pilpres/hitung-suara/33/3374/337413/3374131003/3374131003013,2024-02-19 06:16:00,PASLON 02
JAWA TENGAH,KOTA SEMARANG,SEMARANG BARAT,KROBOKAN,3374131013001,23,77,134,234,3374131013001,KOTA SEMARANG,KROBOKAN,TPS 001,272,234,23,77,134,0.0983,0.3291,0.5726,0.8603,8,242,False,https://pemilu2024.kpu.go.id/pilpres/hitung-suara/33/3374/337413/3374131013/3374131013001,2024-02-21 19:00:00,PASLON 03
JAWA TENGAH,KOTA SEMARANG,SEMARANG BARAT,KROBOKAN,3374131013002,33,102,82,217,3374131013002,KOTA SEMARANG,KROBOKAN,TPS 002,249,217,33,102,82,0.1521,0.47,0.3779,0.8715,5,222,False,https://pemilu2024.kpu.go.id/pilpres/hitung-suara/33/3374/337413/3374131013/3374131013002,2024-02-21 18:00:00,PASLON 02
JAWA TENGAH,KOTA SEMARANG,SEMARANG BARAT,KROBOKAN,3374131013005,44,74,88,206,3374131013005,KOTA SEMARANG,KROBOKAN,TPS 005,226,206,44,74,88,0.2136,0.3592,0.4272,0.9115,8,214,False,https://pemilu2024.kpu.go.id/pilpres/hitung-suara/33/3374/337413/3374131013/3374131013005,2024-02-24 22:31:28,PASLON 03
JAWA TENGAH,KOTA SEMARANG,SEMARANG BARAT,KROBOKAN,3374131013006,37,94,70,201,3374131013006,KOTA SEMARANG,KROBOKAN,TPS 006,245,201,37,94,70,0.1841,0.4677,0.3483,0.8204,3,204,False,https://pemilu2024.kpu.go.id/pilpres/hitung-suara/33/3374/337413/3374131013/3374131013006,2024-02-14 21:46:01,PASLON 02
JAWA TENGAH,KOTA SEMARANG,SEMARANG BARAT,KROBOKAN,3374131013007,29,91,77,197,3374131013007,KOTA SEMARANG,KROBOKAN,TPS 007,231,197,29,91,77,0.1472,0.4619,0.3909,0.8528,2,199,False,https://pemilu2024.kpu.go.id/pilpres/hitung-suara/33/3374/337413/3374131013/3374131013007,2024-02-16 11:00:29,PASLON 02
JAWA TENGAH,KOTA SEMARANG,SEMARANG BARAT,KROBOKAN,3374131013008,61,77,82,220,3374131013008,KOTA SEMARANG,KROBOKAN,TPS 008,270,220,61,77,82,0.2773,0.35,0.3727,0.8148,8,228,False,https://pemilu2024.kpu.go.id/pilpres/hitung-suara/33/3374/337413/3374131013/3374131013008,2024-02-16 11:00:29,PASLON 03
JAWA TENGAH,KOTA SEMARANG,SEMARANG BARAT,KROBOKAN,3374131013010,11,108,76,195,3374131013010,KOTA SEMARANG,KROBOKAN,TPS 010,247,195,11,108,76,0.0564,0.5538,0.3897,0.7895,0,195,True,https://pemilu2024.kpu.go.id/pilpres/hitung-suara/33/3374/337413/3374131013/3374131013010,2024-02-24 22:31:28,PASLON 02
JAWA TENGAH,KOTA SEMARANG,SEMARANG BARAT,KROBOKAN,3374131013011,32,88,101,221,3374131013011,KOTA SEMARANG,KROBOKAN,TPS 011,247,221,32,88,101,0.1448,0.3982,0.457,0.8947,0,221,True,https://pemilu2024.kpu.go.id/pilpres/hitung-suara/33/3374/337413/3374131013/3374131013011,2024-02-24 22:31:28,PASLON 03
JAWA TENGAH,KOTA SEMARANG,SEMARANG BARAT,KROBOKAN,3374131013012,21,98,73,192,3374131013012,KOTA SEMARANG,KROBOKAN,TPS 012,247,192,21,98,73,0.1094,0.5104,0.3802,0.7773,0,192,True,https://pemilu2024.kpu.go.id/pilpres/hitung-suara/33/3374/337413/3374131013/3374131013012,2024-02-24 22:31:28,PASLON 02
JAWA TENGAH,KOTA SEMARANG,SEMARANG BARAT,KROBOKAN,3374131013014,22,90,99,211,3374131013014,KOTA SEMARANG,KROBOKAN,TPS 014,247,211,22,90,99,0.1043,0.4265,0.4692,0.8543,0,211,True,https://pemilu2024.kpu.go.id/pilpres/hitung-suara/33/3374/337413/3374131013/3374131013014,2024-02-24 22:31:28,PASLON 03
JAWA TENGAH,KOTA SEMARANG,SEMARANG BARAT,KROBOKAN,3374131013015,21,131,95,247,3374131013015,KOTA SEMARANG,KROBOKAN,TPS 015,288,247,21,131,95,0.085,0.5304,0.3846,0.8576,2,249,False,https://pemilu2024.kpu.go.id/pilpres/hitung-suara/33/3374/337413/3374131013/3374131013015,2024-02-22 17:00:00,PASLON 02
JAWA TENGAH,KOTA SEMARANG,SEMARANG BARAT,KROBOKAN,3374131013017,43,94,102,239,3374131013017,KOTA SEMARANG,KROBOKAN,TPS 017,291,239,43,94,102,0.1799,0.3933,0.4268,0.8213,9,248,False,https://pemilu2024.kpu.go.id/pilpres/hitung-suara/33/3374/337413/3374131013/3374131013017,2024-02-22 15:00:00,PASLON 03
JAWA TENGAH,KOTA SEMARANG,SEMARANG BARAT,KROBOKAN,3374131013019,9,80,110,199,3374131013019,KOTA SEMARANG,KROBOKAN,TPS 019,208,199,9,80,110,0.0452,0.402,0.5528,0.9567,8,207,False,https://pemilu2024.kpu.go.id/pilpres/hitung-suara/33/3374/337413/3374131013/3374131013019,2024-02-24 22:31:28,PASLON 03
JAWA TENGAH,KOTA SEMARANG,SEMARANG BARAT,KROBOKAN,3374131013020,10,92,75,177,3374131013020,KOTA SEMARANG,KROBOKAN,TPS 020,232,177,10,92,75,0.0565,0.5198,0.4237,0.7629,2,179,False,https://pemilu2024.kpu.go.id/pilpres/hitung-suara/33/3374/337413/3374131013/3374131013020,2024-02-16 23:00:00,PASLON 02
JAWA TENGAH,KOTA SEMARANG,SEMARANG BARAT,KROBOKAN,3374131013025,39,92,94,225,3374131013025,KOTA SEMARANG,KROBOKAN,TPS 025,260,225,39,92,94,0.1733,0.4089,0.4178,0.8654,4,229,False,https://pemilu2024.kpu.go.id/pilpres/hitung-suara/33/3374/337413/3374131013/3374131013025,2024-02-15 18:00:26,PASLON 03
JAWA TENGAH,KOTA SEMARANG,SEMARANG BARAT,KROBOKAN,3374131013026,15,105,110,230,3374131013026,KOTA SEMARANG,KROBOKAN,TPS 026,247,230,15,105,110,0.0652,0.4565,0.4783,0.9312,0,230,True,https://pemilu2024.kpu.go.id/pilpres/hitung-suara/33/3374/337413/3374131013/3374131013026,2024-02-24 22:31:28,PASLON 03
JAWA TENGAH,KOTA SEMARANG,SEMARANG BARAT,KROBOKAN,3374131013027,25,104,83,212,3374131013027,KOTA SEMARANG,KROBOKAN,TPS 027,254,212,25,104,83,0.1179,0.4906,0.3915,0.8346,7,219,False,https://pemilu2024.kpu.go.id/pilpres/hitung-suara/33/3374/337413/3374131013/3374131013027,2024-02-22 11:00:00,PASLON 02
JAWA TENGAH,KOTA SEMARANG,SEMARANG BARAT,KROBOKAN,3374131013029,14,73,112,199,3374131013029,KOTA SEMARANG,KROBOKAN,TPS 029,219,199,14,73,112,0.0704,0.3668,0.5628,0.9087,3,202,False,https://pemilu2024.kpu.go.id/pilpres/hitung-suara/33/3374/337413/3374131013/3374131013029,2024-02-21 21:00:04,PASLON 03
JAWA TENGAH,KOTA SEMARANG,SEMARANG BARAT,KROBOKAN,3374131013031,18,115,90,223,3374131013031,KOTA SEMARANG,KROBOKAN,TPS 031,247,223,18,115,90,0.0807,0.5157,0.4036,0.9028,0,223,True,https://pemilu2024.kpu.go.id/pilpres/hitung-suara/33/3374/337413/3374131013/3374131013031,2024-02-16 11:00:29,PASLON 02
JAWA TENGAH,KOTA SEMARANG,SEMARANG BARAT,KROBOKAN,3374131013034,16,118,68,202,3374131013034,KOTA SEMARANG,KROBOKAN,TPS 034,230,202,16,118,68,0.0792,0.5842,0.3366,0.8783,3,205,False,https://pemilu2024.kpu.go.id/pilpres/hitung-suara/33/3374/337413/3374131013/3374131013034,2024-02-24 22:31:28,PASLON 02
JAWA TENGAH,KOTA SEMARANG,SEMARANG BARAT,KROBOKAN,3374131013035,11,131,87,229,3374131013035,KOTA SEMARANG,KROBOKAN,TPS 035,247,229,11,131,87,0.048,0.5721,0.3799,0.9271,0,229,True,https://pemilu2024.kpu.go.id/pilpres/hitung-suara/33/3374/337413/3374131013/3374131013035,2024-02-24 22:31:28,PASLON 02
JAWA TENGAH,KOTA SEMARANG,SEMARANG BARAT,KROBOKAN,3374131013036,18,153,70,241,3374131013036,KOTA SEMARANG,KROBOKAN,TPS 036,247,241,18,153,70,0.0747,0.6349,0.2905,0.9757,0,241,True,https://pemilu2024.kpu.go.id/pilpres/hitung-suara/33/3374/337413/3374131013/3374131013036,2024-02-24 22:31:28,PASLON 02
JAWA TENGAH,KOTA SEMARANG,SEMARANG BARAT,MANYARAN,3374131002002,22,126,102,250,3374131002002,KOTA SEMARANG,MANYARAN,TPS 002,284,250,22,126,102,0.088,0.504,0.408,0.8803,9,259,False,https://pemilu2024.kpu.go.id/pilpres/hitung-suara/33/3374/337413/3374131002/3374131002002,2024-02-16 06:30:27,PASLON 02
JAWA TENGAH,KOTA SEMARANG,SEMARANG BARAT,MANYARAN,3374131002015,22,98,73,193,3374131002015,KOTA SEMARANG,MANYARAN,TPS 015,262,193,22,98,73,0.114,0.5078,0.3782,0.7366,2,195,False,https://pemilu2024.kpu.go.id/pilpres/hitung-suara/33/3374/337413/3374131002/3374131002015,2024-02-14 21:46:01,PASLON 02
JAWA TENGAH,KOTA SEMARANG,SEMARANG BARAT,MANYARAN,3374131002020,31,109,91,231,3374131002020,KOTA SEMARANG,MANYARAN,TPS 020,236,231,31,109,91,0.1342,0.4719,0.3939,0.9788,1,232,False,https://pemilu2024.kpu.go.id/pilpres/hitung-suara/33/3374/337413/3374131002/3374131002020,2024-02-19 06:16:00,PASLON 02
JAWA TENGAH,KOTA SEMARANG,SEMARANG BARAT,MANYARAN,3374131002024,27,106,88,221,3374131002024,KOTA SEMARANG,MANYARAN,TPS 024,262,221,27,106,88,0.1222,0.4796,0.3982,0.8435,0,221,True,https://pemilu2024.kpu.go.id/pilpres/hitung-suara/33/3374/337413/3374131002/3374131002024,2024-02-24 22:31:28,PASLON 02
JAWA TENGAH,KOTA SEMARANG,SEMARANG BARAT,MANYARAN,3374131002027,43,106,78,227,3374131002027,KOTA SEMARANG,MANYARAN,TPS 027,263,227,43,106,78,0.1894,0.467,0.3436,0.8631,4,231,False,https://pemilu2024.kpu.go.id/pilpres/hitung-suara/33/3374/337413/3374131002/3374131002027,2024-02-19 06:16:00,PASLON 02
JAWA TENGAH,KOTA SEMARANG,SEMARANG BARAT,MANYARAN,3374131002028,26,111,92,229,3374131002028,KOTA SEMARANG,MANYARAN,TPS 028,262,229,26,111,92,0.1135,0.4847,0.4017,0.874,0,229,True,https://pemilu2024.kpu.go.id/pilpres/hitung-suara/33/3374/337413/3374131002/3374131002028,2024-02-16 10:30:29,PASLON 02
JAWA TENGAH,KOTA SEMARANG,SEMARANG BARAT,NGEMPLAK SIMONGAN,3374131001003,24,130,96,250,3374131001003,KOTA SEMARANG,NGEMPLAK SIMONGAN,TPS 003,264,250,24,130,96,0.096,0.52,0.384,0.947,0,250,True,https://pemilu2024.kpu.go.id/pilpres/hitung-suara/33/3374/337413/3374131001/3374131001003,2024-02-16 10:00:28,PASLON 02
JAWA TENGAH,KOTA SEMARANG,SEMARANG BARAT,NGEMPLAK SIMONGAN,3374131001004,33,109,81,223,3374131001004,KOTA SEMARANG,NGEMPLAK SIMONGAN,TPS 004,264,223,33,109,81,0.148,0.4888,0.3632,0.8447,0,223,True,https://pemilu2024.kpu.go.id/pilpres/hitung-suara/33/3374/337413/3374131001/3374131001004,2024-02-16 10:00:28,PASLON 02
JAWA TENGAH,KOTA SEMARANG,SEMARANG BARAT,NGEMPLAK SIMONGAN,3374131001006,22,105,114,241,3374131001006,KOTA SEMARANG,NGEMPLAK SIMONGAN,TPS 006,285,241,22,105,114,0.0913,0.4357,0.473,0.8456,6,247,False,https://pemilu2024.kpu.go.id/pilpres/hitung-suara/33/3374/337413/3374131001/3374131001006,2024-02-15 17:00:25,PASLON 03
JAWA TENGAH,KOTA SEMARANG,SEMARANG BARAT,NGEMPLAK SIMONGAN,3374131001007,15,156,82,253,3374131001007,KOTA SEMARANG,NGEMPLAK SIMONGAN,TPS 007,279,253,15,156,82,0.0593,0.6166,0.3241,0.9068,1,254,False,https://pemilu2024.kpu.go.id/pilpres/hitung-suara/33/3374/337413/3374131001/3374131001007,2024-02-16 16:25:10,PASLON 02
JAWA TENGAH,KOTA SEMARANG,SEMARANG BARAT,NGEMPLAK SIMONGAN,3374131001008,10,124,99,233,3374131001008,KOTA SEMARANG,NGEMPLAK SIMONGAN,TPS 008,264,233,10,124,99,0.0429,0.5322,0.4249,0.8826,0,233,True,https://pemilu2024.kpu.go.id/pilpres/hitung-suara/33/3374/337413/3374131001/3374131001008,2024-02-24 22:31:28,PASLON 02
JAWA TENGAH,KOTA SEMARANG,SEMARANG BARAT,NGEMPLAK SIMONGAN,3374131001009,20,111,92,223,3374131001009,KOTA SEMARANG,NGEMPLAK SIMONGAN,TPS 009,264,223,20,111,92,0.0897,0.4978,0.4126,0.8447,0,223,True,https://pemilu2024.kpu.go.id/pilpres/hitung-suara/33/3374/337413/3374131001/3374131001009,2024-02-16 10:00:28,PASLON 02
JAWA TENGAH,KOTA SEMARANG,SEMARANG BARAT,NGEMPLAK SIMONGAN,3374131001010,19,97,100,216,3374131001010,KOTA SEMARANG,NGEMPLAK SIMONGAN,TPS 010,265,216,19,97,100,0.088,0.4491,0.463,0.8151,8,224,False,https://pemilu2024.kpu.go.id/pilpres/hitung-suara/33/3374/337413/3374131001/3374131001010,2024-02-16 22:01:00,PASLON 03
JAWA TENGAH,KOTA SEMARANG,SEMARANG BARAT,NGEMPLAK SIMONGAN,3374131001011,38,130,70,238,3374131001011,KOTA SEMARANG,NGEMPLAK SIMONGAN,TPS 011,264,238,38,130,70,0.1597,0.5462,0.2941,0.9015,0,238,True,https://pemilu2024.kpu.go.id/pilpres/hitung-suara/33/3374/337413/3374131001/3374131001011,2024-02-24 22:31:28,PASLON 02
JAWA TENGAH,KOTA SEMARANG,SEMARANG BARAT,NGEMPLAK SIMONGAN,3374131001012,21,67,71,159,3374131001012,KOTA SEMARANG,NGEMPLAK SIMONGAN,TPS 012,197,159,21,67,71,0.1321,0.4214,0.4465,0.8071,6,165,False,https://pemilu2024.kpu.go.id/pilpres/hitung-suara/33/3374/337413/3374131001/3374131001012,2024-02-19 06:16:00,PASLON 03
JAWA TENGAH,KOTA SEMARANG,SEMARANG BARAT,NGEMPLAK SIMONGAN,3374131001015,29,93,96,218,3374131001015,KOTA SEMARANG,NGEMPLAK SIMONGAN,TPS 015,272,218,29,93,96,0.133,0.4266,0.4404,0.8015,6,224,False,https://pemilu2024.kpu.go.id/pilpres/hitung-suara/33/3374/337413/3374131001/3374131001015,2024-02-15 00:41:44,PASLON 03
JAWA TENGAH,KOTA SEMARANG,SEMARANG BARAT,NGEMPLAK SIMONGAN,3374131001016,23,108,94,225,3374131001016,KOTA SEMARANG,NGEMPLAK SIMONGAN,TPS 016,264,225,23,108,94,0.1022,0.48,0.4178,0.8523,0,225,True,https://pemilu2024.kpu.go.id/pilpres/hitung-suara/33/3374/337413/3374131001/3374131001016,2024-02-24 22:31:28,PASLON 02
JAWA TENGAH,KOTA SEMARANG,SEMARANG BARAT,NGEMPLAK SIMONGAN,3374131001018,9,109,116,234,3374131001018,KOTA SEMARANG,NGEMPLAK SIMONGAN,TPS 018,264,234,9,109,116,0.0385,0.4658,0.4957,0.8864,0,234,True,https://pemilu2024.kpu.go.id/pilpres/hitung-suara/33/3374/337413/3374131001/3374131001018,2024-02-16 10:30:29,PASLON 03
JAWA TENGAH,KOTA SEMARANG,SEMARANG BARAT,NGEMPLAK SIMONGAN,3374131001019,19,115,90,224,3374131001019,KOTA SEMARANG,NGEMPLAK SIMONGAN,TPS 019,264,224,19,115,90,0.0848,0.5134,0.4018,0.8485,0,224,True,https://pemilu2024.kpu.go.id/pilpres/hitung-suara/33/3374/337413/3374131001/3374131001019,2024-02-16 10:30:29,PASLON 02
JAWA TENGAH,KOTA SEMARANG,SEMARANG BARAT,NGEMPLAK SIMONGAN,3374131001020,35,99,84,218,3374131001020,KOTA SEMARANG,NGEMPLAK SIMONGAN,TPS 020,264,218,35,99,84,0.1606,0.4541,0.3853,0.8258,0,218,True,https://pemilu2024.kpu.go.id/pilpres/hitung-suara/33/3374/337413/3374131001/3374131001020,2024-02-15 02:10:27,PASLON 02
JAWA TENGAH,KOTA SEMARANG,SEMARANG BARAT,NGEMPLAK SIMONGAN,3374131001021,11,85,110,206,3374131001021,KOTA SEMARANG,NGEMPLAK SIMONGAN,TPS 021,264,206,11,85,110,0.0534,0.4126,0.534,0.7803,0,206,True,https://pemilu2024.kpu.go.id/pilpres/hitung-suara/33/3374/337413/3374131001/3374131001021,2024-02-16 10:30:29,PASLON 03
JAWA TENGAH,KOTA SEMARANG,SEMARANG BARAT,NGEMPLAK SIMONGAN,3374131001025,34,112,94,240,3374131001025,KOTA SEMARANG,NGEMPLAK SIMONGAN,TPS 025,264,240,34,112,94,0.1417,0.4667,0.3917,0.9091,0,240,True,https://pemilu2024.kpu.go.id/pilpres/hitung-suara/33/3374/337413/3374131001/3374131001025,2024-02-24 22:31:28,PASLON 02
JAWA TENGAH,KOTA SEMARANG,SEMARANG BARAT,NGEMPLAK SIMONGAN,3374131001027,42,97,109,248,3374131001027,KOTA SEMARANG,NGEMPLAK SIMONGAN,TPS 027,264,248,42,97,109,0.1694,0.3911,0.4395,0.9394,0,248,True,https://pemilu2024.kpu.go.id/pilpres/hitung-suara/33/3374/337413/3374131001/3374131001027,2024-02-16 10:30:29,PASLON 03
JAWA TENGAH,KOTA SEMARANG,SEMARANG BARAT,NGEMPLAK SIMONGAN,3374131001028,28,86,86,200,3374131001028,KOTA SEMARANG,NGEMPLAK SIMONGAN,TPS 028,225,200,28,86,86,0.14,0.43,0.43,0.8889,4,204,False,https://pemilu2024.kpu.go.id/pilpres/hitung-suara/33/3374/337413/3374131001/3374131001028,2024-02-14 21:46:01,PASLON 02
JAWA TENGAH,KOTA SEMARANG,SEMARANG BARAT,NGEMPLAK SIMONGAN,3374131001029,21,72,98,191,3374131001029,KOTA SEMARANG,NGEMPLAK SIMONGAN,TPS 029,222,191,21,72,98,0.1099,0.377,0.5131,0.8604,7,198,False,https://pemilu2024.kpu.go.id/pilpres/hitung-suara/33/3374/337413/3374131001/3374131001029,2024-02-19 06:16:00,PASLON 03
JAWA TENGAH,KOTA SEMARANG,SEMARANG BARAT,NGEMPLAK SIMONGAN,3374131001030,32,59,91,182,3374131001030,KOTA SEMARANG,NGEMPLAK SIMONGAN,TPS 030,264,182,32,59,91,0.1758,0.3242,0.5,0.6894,0,182,True,https://pemilu2024.kpu.go.id/pilpres/hitung-suara/33/3374/337413/3374131001/3374131001030,2024-02-16 10:30:29,PASLON 03
JAWA TENGAH,KOTA SEMARANG,SEMARANG BARAT,NGEMPLAK SIMONGAN,3374131001032,45,97,87,229,3374131001032,KOTA SEMARANG,NGEMPLAK SIMONGAN,TPS 032,264,229,45,97,87,0.1965,0.4236,0.3799,0.8674,6,235,False,https://pemilu2024.kpu.go.id/pilpres/hitung-suara/33/3374/337413/3374131001/3374131001032,2024-02-14 21:46:01,PASLON 02
JAWA TENGAH,KOTA SEMARANG,SEMARANG BARAT,NGEMPLAK SIMONGAN,3374131001036,12,103,107,222,3374131001036,KOTA SEMARANG,NGEMPLAK SIMONGAN,TPS 036,264,222,12,103,107,0.0541,0.464,0.482,0.8409,0,222,True,https://pemilu2024.kpu.go.id/pilpres/hitung-suara/33/3374/337413/3374131001/3374131001036,2024-02-16 10:30:29,PASLON 03
JAWA TENGAH,KOTA SEMARANG,SEMARANG BARAT,SALAMANMLOYO,3374131010002,41,92,82,215,3374131010002,KOTA SEMARANG,SALAMANMLOYO,TPS 002,287,215,41,92,82,0.1907,0.4279,0.3814,0.7491,2,217,False,https://pemilu2024.kpu.go.id/pilpres/hitung-suara/33/3374/337413/3374131010/3374131010002,2024-02-17 17:30:00,PASLON 02
JAWA TENGAH,KOTA SEMARANG,SEMARANG BARAT,SALAMANMLOYO,3374131010003,29,69,72,170,3374131010003,KOTA SEMARANG,SALAMANMLOYO,TPS 003,250,170,29,69,72,0.1706,0.4059,0.4235,0.68,0,170,True,https://pemilu2024.kpu.go.id/pilpres/hitung-suara/33/3374/337413/3374131010/3374131010003,2024-02-24 22:31:28,PASLON 03
JAWA TENGAH,KOTA SEMARANG,SEMARANG BARAT,SALAMANMLOYO,3374131010006,41,53,81,175,3374131010006,KOTA SEMARANG,SALAMANMLOYO,TPS 006,223,175,41,53,81,0.2343,0.3029,0.4629,0.7848,2,177,False,https://pemilu2024.kpu.go.id/pilpres/hitung-suara/33/3374/337413/3374131010/3374131010006,2024-02-21 20:00:00,PASLON 03
JAWA TENGAH,KOTA SEMARANG,SEMARANG BARAT,SALAMANMLOYO,3374131010007,24,83,113,220,3374131010007,KOTA SEMARANG,SALAMANMLOYO,TPS 007,250,220,24,83,113,0.1091,0.3773,0.5136,0.88,0,220,True,https://pemilu2024.kpu.go.id/pilpres/hitung-suara/33/3374/337413/3374131010/3374131010007,2024-02-24 22:31:28,PASLON 03
JAWA TENGAH,KOTA SEMARANG,SEMARANG BARAT,SALAMANMLOYO,3374131010008,64,96,60,220,3374131010008,KOTA SEMARANG,SALAMANMLOYO,TPS 008,250,220,64,96,60,0.2909,0.4364,0.2727,0.88,3,223,False,https://pemilu2024.kpu.go.id/pilpres/hitung-suara/33/3374/337413/3374131010/3374131010008,2024-02-21 13:00:00,PASLON 02
JAWA TENGAH,KOTA SEMARANG,SEMARANG BARAT,SALAMANMLOYO,3374131010009,20,109,96,225,3374131010009,KOTA SEMARANG,SALAMANMLOYO,TPS 009,250,225,20,109,96,0.0889,0.4844,0.4267,0.9,0,225,True,https://pemilu2024.kpu.go.id/pilpres/hitung-suara/33/3374/337413/3374131010/3374131010009,2024-02-24 22:31:28,PASLON 02
JAWA TENGAH,KOTA SEMARANG,SEMARANG BARAT,SALAMANMLOYO,3374131010010,27,88,108,223,3374131010010,KOTA SEMARANG,SALAMANMLOYO,TPS 010,250,223,27,88,108,0.1211,0.3946,0.4843,0.892,0,223,True,https://pemilu2024.kpu.go.id/pilpres/hitung-suara/33/3374/337413/3374131010/3374131010010,2024-02-24 22:31:28,PASLON 03
JAWA TENGAH,KOTA SEMARANG,SEMARANG BARAT,TAMBAKHARJO,3374131004001,30,111,71,212,3374131004001,KOTA SEMARANG,TAMBAKHARJO,TPS 001,254,212,30,111,71,0.1415,0.5236,0.3349,0.8346,0,212,True,https://pemilu2024.kpu.go.id/pilpres/hitung-suara/33/3374/337413/3374131004/3374131004001,2024-02-24 22:31:28,PASLON 02
JAWA TENGAH,KOTA SEMARANG,SEMARANG BARAT,TAMBAKHARJO,3374131004002,23,117,66,206,3374131004002,KOTA SEMARANG,TAMBAKHARJO,TPS 002,254,206,23,117,66,0.1117,0.568,0.3204,0.811,0,206,True,https://pemilu2024.kpu.go.id/pilpres/hitung-suara/33/3374/337413/3374131004/3374131004002,2024-02-24 22:31:28,PASLON 02
JAWA TENGAH,KOTA SEMARANG,SEMARANG BARAT,TAMBAKHARJO,3374131004003,27,132,54,213,3374131004003,KOTA SEMARANG,TAMBAKHARJO,TPS 003,254,213,27,132,54,0.1268,0.6197,0.2535,0.8386,0,213,True,https://pemilu2024.kpu.go.id/pilpres/hitung-suara/33/3374/337413/3374131004/3374131004003,2024-02-17 14:45:18,PASLON 02
JAWA TENGAH,KOTA SEMARANG,SEMARANG BARAT,TAMBAKHARJO,3374131004004,21,113,71,205,3374131004004,KOTA SEMARANG,TAMBAKHARJO,TPS 004,254,205,21,113,71,0.1024,0.5512,0.3463,0.8071,0,205,True,https://pemilu2024.kpu.go.id/pilpres/hitung-suara/33/3374/337413/3374131004/3374131004004,2024-02-24 22:31:28,PASLON 02
JAWA TENGAH,KOTA SEMARANG,SEMARANG BARAT,TAMBAKHARJO,3374131004005,24,105,81,210,3374131004005,KOTA SEMARANG,TAMBAKHARJO,TPS 005,252,210,24,105,81,0.1143,0.5,0.3857,0.8333,5,215,False,https://pemilu2024.kpu.go.id/pilpres/hitung-suara/33/3374/337413/3374131004/3374131004005,2024-02-19 06:16:00,PASLON 02
JAWA TENGAH,KOTA SEMARANG,SEMARANG BARAT,TAMBAKHARJO,3374131004007,16,73,95,184,3374131004007,KOTA SEMARANG,TAMBAKHARJO,TPS 007,257,184,16,73,95,0.087,0.3967,0.5163,0.716,1,185,False,https://pemilu2024.kpu.go.id/pilpres/hitung-suara/33/3374/337413/3374131004/3374131004007,2024-02-14 21:46:01,PASLON 03
JAWA TENGAH,KOTA SEMARANG,SEMARANG BARAT,TAWANGMAS,3374131015003,20,77,91,188,3374131015003,KOTA SEMARANG,TAWANGMAS,TPS 003,247,188,20,77,91,0.1064,0.4096,0.484,0.7611,0,188,True,https://pemilu2024.kpu.go.id/pilpres/hitung-suara/33/3374/337413/3374131015/3374131015003,2024-02-24 22:31:28,PASLON 03
JAWA TENGAH,KOTA SEMARANG,SEMARANG BARAT,TAWANGMAS,3374131015005,20,86,119,225,3374131015005,KOTA SEMARANG,TAWANGMAS,TPS 005,247,225,20,86,119,0.0889,0.3822,0.5289,0.9109,0,225,True,https://pemilu2024.kpu.go.id/pilpres/hitung-suara/33/3374/337413/3374131015/3374131015005,2024-02-24 22:31:28,PASLON 03
JAWA TENGAH,KOTA SEMARANG,SEMARANG BARAT,TAWANGMAS,3374131015007,22,129,64,215,3374131015007,KOTA SEMARANG,TAWANGMAS,TPS 007,247,215,22,129,64,0.1023,0.6,0.2977,0.8704,0,215,True,https://pemilu2024.kpu.go.id/pilpres/hitung-suara/33/3374/337413/3374131015/3374131015007,2024-02-24 22:31:28,PASLON 02
JAWA TENGAH,KOTA SEMARANG,SEMARANG BARAT,TAWANGMAS,3374131015008,24,124,54,202,3374131015008,KOTA SEMARANG,TAWANGMAS,TPS 008,247,202,24,124,54,0.1188,0.6139,0.2673,0.8178,0,202,True,https://pemilu2024.kpu.go.id/pilpres/hitung-suara/33/3374/337413/3374131015/3374131015008,2024-02-16 12:51:22,PASLON 02
JAWA TENGAH,KOTA SEMARANG,SEMARANG BARAT,TAWANGMAS,3374131015009,32,146,74,252,3374131015009,KOTA SEMARANG,TAWANGMAS,TPS 009,771,252,32,146,74,0.127,0.5794,0.2937,0.3268,3,225,False,https://pemilu2024.kpu.go.id/pilpres/hitung-suara/33/3374/337413/3374131015/3374131015009,2024-02-22 08:00:00,PASLON 02
JAWA TENGAH,KOTA SEMARANG,SEMARANG BARAT,TAWANGMAS,3374131015012,8,83,94,185,3374131015012,KOTA SEMARANG,TAWANGMAS,TPS 012,247,185,8,83,94,0.0432,0.4486,0.5081,0.749,0,185,True,https://pemilu2024.kpu.go.id/pilpres/hitung-suara/33/3374/337413/3374131015/3374131015012,2024-02-21 18:00:00,PASLON 03
JAWA TENGAH,KOTA SEMARANG,SEMARANG BARAT,TAWANGMAS,3374131015013,14,105,88,207,3374131015013,KOTA SEMARANG,TAWANGMAS,TPS 013,239,207,14,105,88,0.0676,0.5072,0.4251,0.8661,8,215,False,https://pemilu2024.kpu.go.id/pilpres/hitung-suara/33/3374/337413/3374131015/3374131015013,2024-02-16 11:00:29,PASLON 02
JAWA TENGAH,KOTA SEMARANG,SEMARANG BARAT,TAWANGMAS,3374131015014,16,120,74,210,3374131015014,KOTA SEMARANG,TAWANGMAS,TPS 014,247,210,16,120,74,0.0762,0.5714,0.3524,0.8502,0,210,True,https://pemilu2024.kpu.go.id/pilpres/hitung-suara/33/3374/337413/3374131015/3374131015014,2024-02-24 22:31:28,PASLON 02
JAWA TENGAH,KOTA SEMARANG,SEMARANG BARAT,TAWANGMAS,3374131015016,11,55,117,183,3374131015016,KOTA SEMARANG,TAWANGMAS,TPS 016,189,183,11,55,117,0.0601,0.3005,0.6393,0.9683,1,184,False,https://pemilu2024.kpu.go.id/pilpres/hitung-suara/33/3374/337413/3374131015/3374131015016,2024-02-15 00:41:44,PASLON 03
JAWA TENGAH,KOTA SEMARANG,SEMARANG BARAT,TAWANGMAS,3374131015017,11,62,138,211,3374131015017,KOTA SEMARANG,TAWANGMAS,TPS 017,255,211,11,62,138,0.0521,0.2938,0.654,0.8275,3,214,False,https://pemilu2024.kpu.go.id/pilpres/hitung-suara/33/3374/337413/3374131015/3374131015017,2024-02-21 20:00:00,PASLON 03
JAWA TENGAH,KOTA SEMARANG,SEMARANG BARAT,TAWANGMAS,3374131015018,19,87,129,235,3374131015018,KOTA SEMARANG,TAWANGMAS,TPS 018,247,235,19,87,129,0.0809,0.3702,0.5489,0.9514,0,235,True,https://pemilu2024.kpu.go.id/pilpres/hitung-suara/33/3374/337413/3374131015/3374131015018,2024-02-24 22:31:28,PASLON 03
JAWA TENGAH,KOTA SEMARANG,SEMARANG BARAT,TAWANGMAS,3374131015020,8,98,138,244,3374131015020,KOTA SEMARANG,TAWANGMAS,TPS 020,247,244,8,98,138,0.0328,0.4016,0.5656,0.9879,0,244,True,https://pemilu2024.kpu.go.id/pilpres/hitung-suara/33/3374/337413/3374131015/3374131015020,2024-02-24 22:31:28,PASLON 03
JAWA TENGAH,KOTA SEMARANG,SEMARANG BARAT,TAWANGSARI,3374131014001,4,74,90,168,3374131014001,KOTA SEMARANG,TAWANGSARI,TPS 001,223,168,4,74,90,0.0238,0.4405,0.5357,0.7534,2,170,False,https://pemilu2024.kpu.go.id/pilpres/hitung-suara/33/3374/337413/3374131014/3374131014001,2024-02-24 22:31:28,PASLON 03
JAWA TENGAH,KOTA SEMARANG,SEMARANG BARAT,TAWANGSARI,3374131014002,4,60,97,161,3374131014002,KOTA SEMARANG,TAWANGSARI,TPS 002,199,161,4,60,97,0.0248,0.3727,0.6025,0.809,3,164,False,https://pemilu2024.kpu.go.id/pilpres/hitung-suara/33/3374/337413/3374131014/3374131014002,2024-02-22 10:00:00,PASLON 03
JAWA TENGAH,KOTA SEMARANG,SEMARANG BARAT,TAWANGSARI,3374131014003,1,76,125,202,3374131014003,KOTA SEMARANG,TAWANGSARI,TPS 003,238,202,1,76,125,0.005,0.3762,0.6188,0.8487,0,202,True,https://pemilu2024.kpu.go.id/pilpres/hitung-suara/33/3374/337413/3374131014/3374131014003,2024-02-24 22:31:28,PASLON 03
JAWA TENGAH,KOTA SEMARANG,SEMARANG BARAT,TAWANGSARI,3374131014005,10,103,108,221,3374131014005,KOTA SEMARANG,TAWANGSARI,TPS 005,238,221,10,103,108,0.0452,0.4661,0.4887,0.9286,0,221,True,https://pemilu2024.kpu.go.id/pilpres/hitung-suara/33/3374/337413/3374131014/3374131014005,2024-02-24 22:31:28,PASLON 03
JAWA TENGAH,KOTA SEMARANG,SEMARANG BARAT,TAWANGSARI,3374131014006,9,84,129,222,3374131014006,KOTA SEMARANG,TAWANGSARI,TPS 006,238,222,9,84,129,0.0405,0.3784,0.5811,0.9328,0,222,True,https://pemilu2024.kpu.go.id/pilpres/hitung-suara/33/3374/337413/3374131014/3374131014006,2024-02-16 11:00:29,PASLON 03
JAWA TENGAH,KOTA SEMARANG,SEMARANG BARAT,TAWANGSARI,3374131014008,1,92,121,214,3374131014008,KOTA SEMARANG,TAWANGSARI,TPS 008,289,214,1,92,121,0.0047,0.4299,0.5654,0.7405,2,216,False,https://pemilu2024.kpu.go.id/pilpres/hitung-suara/33/3374/337413/3374131014/3374131014008,2024-02-21 18:00:00,PASLON 03
JAWA TENGAH,KOTA SEMARANG,SEMARANG BARAT,TAWANGSARI,3374131014009,5,93,108,206,3374131014009,KOTA SEMARANG,TAWANGSARI,TPS 009,238,206,5,93,108,0.0243,0.4515,0.5243,0.8655,0,206,True,https://pemilu2024.kpu.go.id/pilpres/hitung-suara/33/3374/337413/3374131014/3374131014009,2024-02-24 22:31:28,PASLON 03
JAWA TENGAH,KOTA SEMARANG,SEMARANG BARAT,TAWANGSARI,3374131014011,19,154,74,247,3374131014011,KOTA SEMARANG,TAWANGSARI,TPS 011,247,247,19,154,74,0.0769,0.6235,0.2996,1.0,0,247,True,https://pemilu2024.kpu.go.id/pilpres/hitung-suara/33/3374/337413/3374131014/3374131014011,2024-02-16 11:00:29,PASLON 02
JAWA TENGAH,KOTA SEMARANG,SEMARANG BARAT,TAWANGSARI,3374131014012,12,107,95,214,3374131014012,KOTA SEMARANG,TAWANGSARI,TPS 012,255,214,12,107,95,0.0561,0.5,0.4439,0.8392,6,220,False,https://pemilu2024.kpu.go.id/pilpres/hitung-suara/33/3374/337413/3374131014/3374131014012,2024-03-01 12:00:00,PASLON 02
JAWA TENGAH,KOTA SEMARANG,SEMARANG BARAT,TAWANGSARI,3374131014013,9,56,148,213,3374131014013,KOTA SEMARANG,TAWANGSARI,TPS 013,238,213,9,56,148,0.0423,0.2629,0.6948,0.895,0,213,True,https://pemilu2024.kpu.go.id/pilpres/hitung-suara/33/3374/337413/3374131014/3374131014013,2024-02-16 11:00:29,PASLON 03
JAWA TENGAH,KOTA SEMARANG,SEMARANG BARAT,TAWANGSARI,3374131014014,9,53,113,175,3374131014014,KOTA SEMARANG,TAWANGSARI,TPS 014,238,175,9,53,113,0.0514,0.3029,0.6457,0.7353,0,175,True,https://pemilu2024.kpu.go.id/pilpres/hitung-suara/33/3374/337413/3374131014/3374131014014,2024-02-16 11:00:29,PASLON 03
JAWA TENGAH,KOTA SEMARANG,SEMARANG BARAT,TAWANGSARI,3374131014016,2,95,123,220,3374131014016,KOTA SEMARANG,TAWANGSARI,TPS 016,292,220,2,95,123,0.0091,0.4318,0.5591,0.7534,3,223,False,https://pemilu2024.kpu.go.id/pilpres/hitung-suara/33/3374/337413/3374131014/3374131014016,2024-02-14 21:46:01,PASLON 03
JAWA TENGAH,KOTA SEMARANG,SEMARANG BARAT,TAWANGSARI,3374131014017,6,85,95,186,3374131014017,KOTA SEMARANG,TAWANGSARI,TPS 017,231,186,6,85,95,0.0323,0.457,0.5108,0.8052,2,188,False,https://pemilu2024.kpu.go.id/pilpres/hitung-suara/33/3374/337413/3374131014/3374131014017,2024-02-16 14:00:34,PASLON 03
JAWA TENGAH,KOTA SEMARANG,SEMARANG BARAT,TAWANGSARI,3374131014018,3,75,146,224,3374131014018,KOTA SEMARANG,TAWANGSARI,TPS 018,238,224,3,75,146,0.0134,0.3348,0.6518,0.9412,0,224,True,https://pemilu2024.kpu.go.id/pilpres/hitung-suara/33/3374/337413/3374131014/3374131014018,2024-02-16 11:00:29,PASLON 03
JAWA TENGAH,KOTA SEMARANG,SEMARANG BARAT,TAWANGSARI,3374131014019,1,93,86,180,3374131014019,KOTA SEMARANG,TAWANGSARI,TPS 019,238,180,1,93,86,0.0056,0.5167,0.4778,0.7563,1,181,False,https://pemilu2024.kpu.go.id/pilpres/hitung-suara/33/3374/337413/3374131014/3374131014019,2024-02-15 00:41:44,PASLON 02
JAWA TENGAH,KOTA SEMARANG,SEMARANG SELATAN,BARUSARI,3374071003001,47,106,78,231,3374071003001,KOTA SEMARANG,BARUSARI,TPS 001,284,231,47,106,78,0.2035,0.4589,0.3377,0.8134,1,232,False,https://pemilu2024.kpu.go.id/pilpres/hitung-suara/33/3374/337407/3374071003/3374071003001,2024-02-15 20:00:44,PASLON 02
JAWA TENGAH,KOTA SEMARANG,SEMARANG SELATAN,BARUSARI,3374071003002,35,82,86,203,3374071003002,KOTA SEMARANG,BARUSARI,TPS 002,283,203,35,82,86,0.1724,0.4039,0.4236,0.7173,0,203,True,https://pemilu2024.kpu.go.id/pilpres/hitung-suara/33/3374/337407/3374071003/3374071003002,2024-02-15 19:30:26,PASLON 03
JAWA TENGAH,KOTA SEMARANG,SEMARANG SELATAN,BARUSARI,3374071003003,68,87,78,233,3374071003003,KOTA SEMARANG,BARUSARI,TPS 003,288,233,68,87,78,0.2918,0.3734,0.3348,0.809,6,239,False,https://pemilu2024.kpu.go.id/pilpres/hitung-suara/33/3374/337407/3374071003/3374071003003,2024-02-15 05:00:24,PASLON 02
JAWA TENGAH,KOTA SEMARANG,SEMARANG SELATAN,BARUSARI,3374071003004,33,138,44,215,3374071003004,KOTA SEMARANG,BARUSARI,TPS 004,283,215,33,138,44,0.1535,0.6419,0.2047,0.7597,0,215,True,https://pemilu2024.kpu.go.id/pilpres/hitung-suara/33/3374/337407/3374071003/3374071003004,2024-02-15 20:00:44,PASLON 02
JAWA TENGAH,KOTA SEMARANG,SEMARANG SELATAN,BARUSARI,3374071003005,43,123,52,218,3374071003005,KOTA SEMARANG,BARUSARI,TPS 005,286,218,43,123,52,0.1972,0.5642,0.2385,0.7622,4,222,False,https://pemilu2024.kpu.go.id/pilpres/hitung-suara/33/3374/337407/3374071003/3374071003005,2024-02-14 21:46:01,PASLON 02
JAWA TENGAH,KOTA SEMARANG,SEMARANG SELATAN,BARUSARI,3374071003006,34,108,70,212,3374071003006,KOTA SEMARANG,BARUSARI,TPS 006,283,212,34,108,70,0.1604,0.5094,0.3302,0.7491,0,212,True,https://pemilu2024.kpu.go.id/pilpres/hitung-suara/33/3374/337407/3374071003/3374071003006,2024-02-15 18:30:25,PASLON 02
JAWA TENGAH,KOTA SEMARANG,SEMARANG SELATAN,BARUSARI,3374071003007,21,101,108,230,3374071003007,KOTA SEMARANG,BARUSARI,TPS 007,269,230,21,101,108,0.0913,0.4391,0.4696,0.855,2,232,False,https://pemilu2024.kpu.go.id/pilpres/hitung-suara/33/3374/337407/3374071003/3374071003007,2024-02-15 00:41:44,PASLON 03
JAWA TENGAH,KOTA SEMARANG,SEMARANG SELATAN,BARUSARI,3374071003008,32,68,103,203,3374071003008,KOTA SEMARANG,BARUSARI,TPS 008,283,203,32,68,103,0.1576,0.335,0.5074,0.7173,0,203,True,https://pemilu2024.kpu.go.id/pilpres/hitung-suara/33/3374/337407/3374071003/3374071003008,2024-02-15 20:00:44,PASLON 03
JAWA TENGAH,KOTA SEMARANG,SEMARANG SELATAN,BARUSARI,3374071003009,34,104,96,234,3374071003009,KOTA SEMARANG,BARUSARI,TPS 009,283,234,34,104,96,0.1453,0.4444,0.4103,0.8269,0,234,True,https://pemilu2024.kpu.go.id/pilpres/hitung-suara/33/3374/337407/3374071003/3374071003009,2024-02-15 20:00:44,PASLON 02
JAWA TENGAH,KOTA SEMARANG,SEMARANG SELATAN,BARUSARI,3374071003010,23,97,112,232,3374071003010,KOTA SEMARANG,BARUSARI,TPS 010,283,232,23,97,112,0.0991,0.4181,0.4828,0.8198,0,232,True,https://pemilu2024.kpu.go.id/pilpres/hitung-suara/33/3374/337407/3374071003/3374071003010,2024-02-15 19:00:26,PASLON 03
JAWA TENGAH,KOTA SEMARANG,SEMARANG SELATAN,BARUSARI,3374071003011,31,151,69,251,3374071003011,KOTA SEMARANG,BARUSARI,TPS 011,271,251,31,151,69,0.1235,0.6016,0.2749,0.9262,6,257,False,https://pemilu2024.kpu.go.id/pilpres/hitung-suara/33/3374/337407/3374071003/3374071003011,2024-02-16 08:30:27,PASLON 02
JAWA TENGAH,KOTA SEMARANG,SEMARANG SELATAN,BARUSARI,3374071003013,19,119,75,213,3374071003013,KOTA SEMARANG,BARUSARI,TPS 013,283,213,19,119,75,0.0892,0.5587,0.3521,0.7527,0,213,True,https://pemilu2024.kpu.go.id/pilpres/hitung-suara/33/3374/337407/3374071003/3374071003013,2024-02-16 16:25:10,PASLON 02
JAWA TENGAH,KOTA SEMARANG,SEMARANG SELATAN,BARUSARI,3374071003014,25,114,102,241,3374071003014,KOTA SEMARANG,BARUSARI,TPS 014,282,241,25,114,102,0.1037,0.473,0.4232,0.8546,5,246,False,https://pemilu2024.kpu.go.id/pilpres/hitung-suara/33/3374/337407/3374071003/3374071003014,2024-02-17 19:30:00,PASLON 02
JAWA TENGAH,KOTA SEMARANG,SEMARANG SELATAN,BARUSARI,3374071003015,21,124,82,227,3374071003015,KOTA SEMARANG,BARUSARI,TPS 015,283,227,21,124,82,0.0925,0.5463,0.3612,0.8021,0,227,True,https://pemilu2024.kpu.go.id/pilpres/hitung-suara/33/3374/337407/3374071003/3374071003015,2024-02-15 19:00:26,PASLON 02
JAWA TENGAH,KOTA SEMARANG,SEMARANG SELATAN,BARUSARI,3374071003016,28,104,51,183,3374071003016,KOTA SEMARANG,BARUSARI,TPS 016,283,183,28,104,51,0.153,0.5683,0.2787,0.6466,0,183,True,https://pemilu2024.kpu.go.id/pilpres/hitung-suara/33/3374/337407/3374071003/3374071003016,2024-02-15 20:00:44,PASLON 02
JAWA TENGAH,KOTA SEMARANG,SEMARANG SELATAN,BULUSTALAN,3374071002001,45,73,61,179,3374071002001,KOTA SEMARANG,BULUSTALAN,TPS 001,210,179,45,73,61,0.2514,0.4078,0.3408,0.8524,3,182,False,https://pemilu2024.kpu.go.id/pilpres/hitung-suara/33/3374/337407/3374071002/3374071002001,2024-02-15 00:41:44,PASLON 02
JAWA TENGAH,KOTA SEMARANG,SEMARANG SELATAN,BULUSTALAN,3374071002002,55,99,75,229,3374071002002,KOTA SEMARANG,BULUSTALAN,TPS 002,244,229,55,99,75,0.2402,0.4323,0.3275,0.9385,0,229,True,https://pemilu2024.kpu.go.id/pilpres/hitung-suara/33/3374/337407/3374071002/3374071002002,2024-02-15 19:00:26,PASLON 02
JAWA TENGAH,KOTA SEMARANG,SEMARANG SELATAN,BULUSTALAN,3374071002003,38,77,111,226,3374071002003,KOTA SEMARANG,BULUSTALAN,TPS 003,274,226,38,77,111,0.1681,0.3407,0.4912,0.8248,5,231,False,https://pemilu2024.kpu.go.id/pilpres/hitung-suara/33/3374/337407/3374071002/3374071002003,2024-02-17 13:37:34,PASLON 03
JAWA TENGAH,KOTA SEMARANG,SEMARANG SELATAN,BULUSTALAN,3374071002004,103,61,50,214,3374071002004,KOTA SEMARANG,BULUSTALAN,TPS 004,259,214,103,61,50,0.4813,0.285,0.2336,0.8263,6,220,False,https://pemilu2024.kpu.go.id/pilpres/hitung-suara/33/3374/337407/3374071002/3374071002004,2024-02-14 21:46:01,PASLON 01
JAWA TENGAH,KOTA SEMARANG,SEMARANG SELATAN,BULUSTALAN,3374071002005,55,53,63,171,3374071002005,KOTA SEMARANG,BULUSTALAN,TPS 005,205,171,55,53,63,0.3216,0.3099,0.3684,0.8341,2,173,False,https://pemilu2024.kpu.go.id/pilpres/hitung-suara/33/3374/337407/3374071002/3374071002005,2024-02-15 00:41:44,PASLON 03
JAWA TENGAH,KOTA SEMARANG,SEMARANG SELATAN,BULUSTALAN,3374071002006,52,87,79,218,3374071002006,KOTA SEMARANG,BULUSTALAN,TPS 006,244,218,52,87,79,0.2385,0.3991,0.3624,0.8934,0,218,True,https://pemilu2024.kpu.go.id/pilpres/hitung-suara/33/3374/337407/3374071002/3374071002006,2024-02-15 19:30:26,PASLON 02
JAWA TENGAH,KOTA SEMARANG,SEMARANG SELATAN,BULUSTALAN,3374071002007,45,87,94,226,3374071002007,KOTA SEMARANG,BULUSTALAN,TPS 007,244,226,45,87,94,0.1991,0.385,0.4159,0.9262,0,226,True,https://pemilu2024.kpu.go.id/pilpres/hitung-suara/33/3374/337407/3374071002/3374071002007,2024-02-16 16:25:10,PASLON 03
JAWA TENGAH,KOTA SEMARANG,SEMARANG SELATAN,BULUSTALAN,3374071002008,60,87,93,240,3374071002008,KOTA SEMARANG,BULUSTALAN,TPS 008,285,240,60,87,93,0.25,0.3625,0.3875,0.8421,9,249,False,https://pemilu2024.kpu.go.id/pilpres/hitung-suara/33/3374/337407/3374071002/3374071002008,2024-02-15 00:41:44,PASLON 03
JAWA TENGAH,KOTA SEMARANG,SEMARANG SELATAN,BULUSTALAN,3374071002010,25,76,75,176,3374071002010,KOTA SEMARANG,BULUSTALAN,TPS 010,230,176,25,76,75,0.142,0.4318,0.4261,0.7652,4,180,False,https://pemilu2024.kpu.go.id/pilpres/hitung-suara/33/3374/337407/3374071002/3374071002010,2024-02-14 21:46:01,PASLON 02
JAWA TENGAH,KOTA SEMARANG,SEMARANG SELATAN,BULUSTALAN,3374071002011,31,85,72,188,3374071002011,KOTA SEMARANG,BULUSTALAN,TPS 011,244,188,31,85,72,0.1649,0.4521,0.383,0.7705,3,191,False,https://pemilu2024.kpu.go.id/pilpres/hitung-suara/33/3374/337407/3374071002/3374071002011,2024-02-15 04:00:24,PASLON 02
JAWA TENGAH,KOTA SEMARANG,SEMARANG SELATAN,BULUSTALAN,3374071002012,33,89,100,222,3374071002012,KOTA SEMARANG,BULUSTALAN,TPS 012,244,222,33,89,100,0.1486,0.4009,0.4505,0.9098,0,222,True,https://pemilu2024.kpu.go.id/pilpres/hitung-suara/33/3374/337407/3374071002/3374071002012,2024-02-15 21:01:18,PASLON 03
JAWA TENGAH,KOTA SEMARANG,SEMARANG SELATAN,LAMPER KIDUL,3374071009002,28,108,81,217,3374071009002,KOTA SEMARANG,LAMPER KIDUL,TPS 002,290,217,28,108,81,0.129,0.4977,0.3733,0.7483,7,224,False,https://pemilu2024.kpu.go.id/pilpres/hitung-suara/33/3374/337407/3374071009/3374071009002,2024-02-16 21:01:00,PASLON 02
JAWA TENGAH,KOTA SEMARANG,SEMARANG SELATAN,LAMPER KIDUL,3374071009003,41,90,96,227,3374071009003,KOTA SEMARANG,LAMPER KIDUL,TPS 003,295,227,41,90,96,0.1806,0.3965,0.4229,0.7695,8,235,False,https://pemilu2024.kpu.go.id/pilpres/hitung-suara/33/3374/337407/3374071009/3374071009003,2024-02-15 04:00:24,PASLON 03
JAWA TENGAH,KOTA SEMARANG,SEMARANG SELATAN,LAMPER KIDUL,3374071009004,50,95,83,228,3374071009004,KOTA SEMARANG,LAMPER KIDUL,TPS 004,295,228,50,95,83,0.2193,0.4167,0.364,0.7729,7,235,False,https://pemilu2024.kpu.go.id/pilpres/hitung-suara/33/3374/337407/3374071009/3374071009004,2024-02-15 23:29:50,PASLON 02
JAWA TENGAH,KOTA SEMARANG,SEMARANG SELATAN,LAMPER KIDUL,3374071009005,50,78,103,231,3374071009005,KOTA SEMARANG,LAMPER KIDUL,TPS 005,283,231,50,78,103,0.2165,0.3377,0.4459,0.8163,0,231,True,https://pemilu2024.kpu.go.id/pilpres/hitung-suara/33/3374/337407/3374071009/3374071009005,2024-02-15 19:00:26,PASLON 03
JAWA TENGAH,KOTA SEMARANG,SEMARANG SELATAN,LAMPER KIDUL,3374071009006,35,79,107,221,3374071009006,KOTA SEMARANG,LAMPER KIDUL,TPS 006,283,221,35,79,107,0.1584,0.3575,0.4842,0.7809,0,221,True,https://pemilu2024.kpu.go.id/pilpres/hitung-suara/33/3374/337407/3374071009/3374071009006,2024-02-15 20:30:46,PASLON 03
JAWA TENGAH,KOTA SEMARANG,SEMARANG SELATAN,LAMPER KIDUL,3374071009007,53,95,88,236,3374071009007,KOTA SEMARANG,LAMPER KIDUL,TPS 007,283,236,53,95,88,0.2246,0.4025,0.3729,0.8339,1,237,False,https://pemilu2024.kpu.go.id/pilpres/hitung-suara/33/3374/337407/3374071009/3374071009007,2024-02-15 20:30:46,PASLON 02
JAWA TENGAH,KOTA SEMARANG,SEMARANG SELATAN,LAMPER KIDUL,3374071009008,54,67,44,165,3374071009008,KOTA SEMARANG,LAMPER KIDUL,TPS 008,205,165,54,67,44,0.3273,0.4061,0.2667,0.8049,4,169,False,https://pemilu2024.kpu.go.id/pilpres/hitung-suara/33/3374/337407/3374071009/3374071009008,2024-02-15 19:00:26,PASLON 02
JAWA TENGAH,KOTA SEMARANG,SEMARANG SELATAN,LAMPER KIDUL,3374071009009,27,60,70,157,3374071009009,KOTA SEMARANG,LAMPER KIDUL,TPS 009,283,157,27,60,70,0.172,0.3822,0.4459,0.5548,0,157,True,https://pemilu2024.kpu.go.id/pilpres/hitung-suara/33/3374/337407/3374071009/3374071009009,2024-02-15 15:00:29,PASLON 03
JAWA TENGAH,KOTA SEMARANG,SEMARANG SELATAN,LAMPER KIDUL,3374071009010,39,91,75,205,3374071009010,KOTA SEMARANG,LAMPER KIDUL,TPS 010,283,205,39,91,75,0.1902,0.4439,0.3659,0.7244,0,205,True,https://pemilu2024.kpu.go.id/pilpres/hitung-suara/33/3374/337407/3374071009/3374071009010,2024-02-15 20:30:46,PASLON 02
JAWA TENGAH,KOTA SEMARANG,SEMARANG SELATAN,LAMPER KIDUL,3374071009011,22,96,91,209,3374071009011,KOTA SEMARANG,LAMPER KIDUL,TPS 011,277,209,22,96,91,0.1053,0.4593,0.4354,0.7545,5,214,False,https://pemilu2024.kpu.go.id/pilpres/hitung-suara/33/3374/337407/3374071009/3374071009011,2024-02-22 14:00:00,PASLON 02
JAWA TENGAH,KOTA SEMARANG,SEMARANG SELATAN,LAMPER KIDUL,3374071009012,35,57,84,176,3374071009012,KOTA SEMARANG,LAMPER KIDUL,TPS 012,220,176,35,57,84,0.1989,0.3239,0.4773,0.8,4,180,False,https://pemilu2024.kpu.go.id/pilpres/hitung-suara/33/3374/337407/3374071009/3374071009012,2024-02-15 19:00:26,PASLON 03
JAWA TENGAH,KOTA SEMARANG,SEMARANG SELATAN,LAMPER LOR,3374071008002,13,112,95,220,3374071008002,KOTA SEMARANG,LAMPER LOR,TPS 002,291,220,13,112,95,0.0591,0.5091,0.4318,0.756,7,227,False,https://pemilu2024.kpu.go.id/pilpres/hitung-suara/33/3374/337407/3374071008/3374071008002,2024-02-15 21:01:18,PASLON 02
JAWA TENGAH,KOTA SEMARANG,SEMARANG SELATAN,LAMPER LOR,3374071008003,16,115,98,229,3374071008003,KOTA SEMARANG,LAMPER LOR,TPS 003,285,229,16,115,98,0.0699,0.5022,0.4279,0.8035,0,229,True,https://pemilu2024.kpu.go.id/pilpres/hitung-suara/33/3374/337407/3374071008/3374071008003,2024-02-16 06:30:27,PASLON 02
JAWA TENGAH,KOTA SEMARANG,SEMARANG SELATAN,LAMPER LOR,3374071008005,11,72,77,160,3374071008005,KOTA SEMARANG,LAMPER LOR,TPS 005,285,160,11,72,77,0.0688,0.45,0.4812,0.5614,0,160,True,https://pemilu2024.kpu.go.id/pilpres/hitung-suara/33/3374/337407/3374071008/3374071008005,2024-02-15 20:30:46,PASLON 03
JAWA TENGAH,KOTA SEMARANG,SEMARANG SELATAN,LAMPER LOR,3374071008006,29,98,74,201,3374071008006,KOTA SEMARANG,LAMPER LOR,TPS 006,285,201,29,98,74,0.1443,0.4876,0.3682,0.7053,0,201,True,https://pemilu2024.kpu.go.id/pilpres/hitung-suara/33/3374/337407/3374071008/3374071008006,2024-02-24 22:31:28,PASLON 02
JAWA TENGAH,KOTA SEMARANG,SEMARANG SELATAN,LAMPER LOR,3374071008007,20,105,97,222,3374071008007,KOTA SEMARANG,LAMPER LOR,TPS 007,285,222,20,105,97,0.0901,0.473,0.4369,0.7789,0,222,True,https://pemilu2024.kpu.go.id/pilpres/hitung-suara/33/3374/337407/3374071008/3374071008007,2024-02-15 19:00:26,PASLON 02
JAWA TENGAH,KOTA SEMARANG,SEMARANG SELATAN,LAMPER LOR,3374071008008,25,130,71,226,3374071008008,KOTA SEMARANG,LAMPER LOR,TPS 008,290,226,25,130,71,0.1106,0.5752,0.3142,0.7793,4,230,False,https://pemilu2024.kpu.go.id/pilpres/hitung-suara/33/3374/337407/3374071008/3374071008008,2024-02-15 04:00:24,PASLON 02
JAWA TENGAH,KOTA SEMARANG,SEMARANG SELATAN,LAMPER LOR,3374071008011,31,91,121,243,3374071008011,KOTA SEMARANG,LAMPER LOR,TPS 011,285,243,31,91,121,0.1276,0.3745,0.4979,0.8526,2,245,False,https://pemilu2024.kpu.go.id/pilpres/hitung-suara/33/3374/337407/3374071008/3374071008011,2024-02-15 16:30:25,PASLON 03
JAWA TENGAH,KOTA SEMARANG,SEMARANG SELATAN,LAMPER LOR,3374071008013,26,116,92,234,3374071008013,KOTA SEMARANG,LAMPER LOR,TPS 013,285,234,26,116,92,0.1111,0.4957,0.3932,0.8211,0,234,True,https://pemilu2024.kpu.go.id/pilpres/hitung-suara/33/3374/337407/3374071008/3374071008013,2024-02-15 19:00:26,PASLON 02
JAWA TENGAH,KOTA SEMARANG,SEMARANG SELATAN,LAMPER LOR,3374071008015,22,78,74,174,3374071008015,KOTA SEMARANG,LAMPER LOR,TPS 015,219,174,22,78,74,0.1264,0.4483,0.4253,0.7945,4,178,False,https://pemilu2024.kpu.go.id/pilpres/hitung-suara/33/3374/337407/3374071008/3374071008015,2024-02-19 06:16:00,PASLON 02
JAWA TENGAH,KOTA SEMARANG,SEMARANG SELATAN,LAMPER LOR,3374071008016,22,92,68,182,3374071008016,KOTA SEMARANG,LAMPER LOR,TPS 016,253,182,22,92,68,0.1209,0.5055,0.3736,0.7194,2,184,False,https://pemilu2024.kpu.go.id/pilpres/hitung-suara/33/3374/337407/3374071008/3374071008016,2024-02-15 15:30:25,PASLON 02
JAWA TENGAH,KOTA SEMARANG,SEMARANG SELATAN,LAMPER TENGAH,3374071010002,9,126,111,246,3374071010002,KOTA SEMARANG,LAMPER TENGAH,TPS 002,287,246,9,126,111,0.0366,0.5122,0.4512,0.8571,5,251,False,https://pemilu2024.kpu.go.id/pilpres/hitung-suara/33/3374/337407/3374071010/3374071010002,2024-02-14 21:46:01,PASLON 02
JAWA TENGAH,KOTA SEMARANG,SEMARANG SELATAN,LAMPER TENGAH,3374071010003,19,92,104,215,3374071010003,KOTA SEMARANG,LAMPER TENGAH,TPS 003,280,215,19,92,104,0.0884,0.4279,0.4837,0.7679,7,222,False,https://pemilu2024.kpu.go.id/pilpres/hitung-suara/33/3374/337407/3374071010/3374071010003,2024-02-15 19:30:26,PASLON 03
JAWA TENGAH,KOTA SEMARANG,SEMARANG SELATAN,LAMPER TENGAH,3374071010005,25,87,60,172,3374071010005,KOTA SEMARANG,LAMPER TENGAH,TPS 005,287,172,25,87,60,0.1453,0.5058,0.3488,0.5993,0,172,True,https://pemilu2024.kpu.go.id/pilpres/hitung-suara/33/3374/337407/3374071010/3374071010005,2024-02-15 19:30:26,PASLON 02
JAWA TENGAH,KOTA SEMARANG,SEMARANG SELATAN,LAMPER TENGAH,3374071010007,29,103,106,238,3374071010007,KOTA SEMARANG,LAMPER TENGAH,TPS 007,288,238,29,103,106,0.1218,0.4328,0.4454,0.8264,7,245,False,https://pemilu2024.kpu.go.id/pilpres/hitung-suara/33/3374/337407/3374071010/3374071010007,2024-02-14 21:46:01,PASLON 03
JAWA TENGAH,KOTA SEMARANG,SEMARANG SELATAN,LAMPER TENGAH,3374071010011,20,75,97,192,3374071010011,KOTA SEMARANG,LAMPER TENGAH,TPS 011,287,192,20,75,97,0.1042,0.3906,0.5052,0.669,0,192,True,https://pemilu2024.kpu.go.id/pilpres/hitung-suara/33/3374/337407/3374071010/3374071010011,2024-02-15 19:30:26,PASLON 03
JAWA TENGAH,KOTA SEMARANG,SEMARANG SELATAN,LAMPER TENGAH,3374071010012,23,98,82,203,3374071010012,KOTA SEMARANG,LAMPER TENGAH,TPS 012,287,203,23,98,82,0.1133,0.4828,0.4039,0.7073,0,203,True,https://pemilu2024.kpu.go.id/pilpres/hitung-suara/33/3374/337407/3374071010/3374071010012,2024-02-15 20:30:46,PASLON 02
JAWA TENGAH,KOTA SEMARANG,SEMARANG SELATAN,LAMPER TENGAH,3374071010013,42,118,74,234,3374071010013,KOTA SEMARANG,LAMPER TENGAH,TPS 013,267,234,42,118,74,0.1795,0.5043,0.3162,0.8764,5,239,False,https://pemilu2024.kpu.go.id/pilpres/hitung-suara/33/3374/337407/3374071010/3374071010013,2024-02-15 05:00:24,PASLON 02
JAWA TENGAH,KOTA SEMARANG,SEMARANG SELATAN,LAMPER TENGAH,3374071010015,44,97,91,232,3374071010015,KOTA SEMARANG,LAMPER TENGAH,TPS 015,287,232,44,97,91,0.1897,0.4181,0.3922,0.8084,0,232,True,https://pemilu2024.kpu.go.id/pilpres/hitung-suara/33/3374/337407/3374071010/3374071010015,2024-02-21 20:00:00,PASLON 02
JAWA TENGAH,KOTA SEMARANG,SEMARANG SELATAN,LAMPER TENGAH,3374071010016,40,114,81,235,3374071010016,KOTA SEMARANG,LAMPER TENGAH,TPS 016,294,235,40,114,81,0.1702,0.4851,0.3447,0.7993,6,241,False,https://pemilu2024.kpu.go.id/pilpres/hitung-suara/33/3374/337407/3374071010/3374071010016,2024-02-14 21:46:01,PASLON 02
JAWA TENGAH,KOTA SEMARANG,SEMARANG SELATAN,LAMPER TENGAH,3374071010017,33,106,95,234,3374071010017,KOTA SEMARANG,LAMPER TENGAH,TPS 017,293,234,33,106,95,0.141,0.453,0.406,0.7986,8,242,False,https://pemilu2024.kpu.go.id/pilpres/hitung-suara/33/3374/337407/3374071010/3374071010017,2024-02-15 20:30:46,PASLON 02
JAWA TENGAH,KOTA SEMARANG,SEMARANG SELATAN,LAMPER TENGAH,3374071010019,25,109,112,246,3374071010019,KOTA SEMARANG,LAMPER TENGAH,TPS 019,295,246,25,109,112,0.1016,0.4431,0.4553,0.8339,7,253,False,https://pemilu2024.kpu.go.id/pilpres/hitung-suara/33/3374/337407/3374071010/3374071010019,2024-02-16 12:51:22,PASLON 03
JAWA TENGAH,KOTA SEMARANG,SEMARANG SELATAN,LAMPER TENGAH,3374071010020,28,118,88,234,3374071010020,KOTA SEMARANG,LAMPER TENGAH,TPS 020,287,234,28,118,88,0.1197,0.5043,0.3761,0.8153,6,240,False,https://pemilu2024.kpu.go.id/pilpres/hitung-suara/33/3374/337407/3374071010/3374071010020,2024-02-14 21:46:01,PASLON 02
JAWA TENGAH,KOTA SEMARANG,SEMARANG SELATAN,LAMPER TENGAH,3374071010022,23,77,86,186,3374071010022,KOTA SEMARANG,LAMPER TENGAH,TPS 022,230,186,23,77,86,0.1237,0.414,0.4624,0.8087,1,187,False,https://pemilu2024.kpu.go.id/pilpres/hitung-suara/33/3374/337407/3374071010/3374071010022,2024-02-15 00:41:44,PASLON 03
JAWA TENGAH,KOTA SEMARANG,SEMARANG SELATAN,LAMPER TENGAH,3374071010024,38,87,89,214,3374071010024,KOTA SEMARANG,LAMPER TENGAH,TPS 024,287,214,38,87,89,0.1776,0.4065,0.4159,0.7456,0,214,True,https://pemilu2024.kpu.go.id/pilpres/hitung-suara/33/3374/337407/3374071010/3374071010024,2024-02-24 22:31:28,PASLON 03
JAWA TENGAH,KOTA SEMARANG,SEMARANG SELATAN,LAMPER TENGAH,3374071010025,34,97,100,231,3374071010025,KOTA SEMARANG,LAMPER TENGAH,TPS 025,287,231,34,97,100,0.1472,0.4199,0.4329,0.8049,0,231,True,https://pemilu2024.kpu.go.id/pilpres/hitung-suara/33/3374/337407/3374071010/3374071010025,2024-02-15 19:30:26,PASLON 03
JAWA TENGAH,KOTA SEMARANG,SEMARANG SELATAN,LAMPER TENGAH,3374071010030,26,116,94,236,3374071010030,KOTA SEMARANG,LAMPER TENGAH,TPS 030,287,236,26,116,94,0.1102,0.4915,0.3983,0.8223,0,236,True,https://pemilu2024.kpu.go.id/pilpres/hitung-suara/33/3374/337407/3374071010/3374071010030,2024-02-15 19:30:26,PASLON 02
JAWA TENGAH,KOTA SEMARANG,SEMARANG SELATAN,LAMPER TENGAH,3374071010031,30,118,79,227,3374071010031,KOTA SEMARANG,LAMPER TENGAH,TPS 031,291,227,30,118,79,0.1322,0.5198,0.348,0.7801,6,233,False,https://pemilu2024.kpu.go.id/pilpres/hitung-suara/33/3374/337407/3374071010/3374071010031,2024-02-15 22:30:27,PASLON 02
JAWA TENGAH,KOTA SEMARANG,SEMARANG SELATAN,LAMPER TENGAH,3374071010032,26,132,93,251,3374071010032,KOTA SEMARANG,LAMPER TENGAH,TPS 032,287,251,26,132,93,0.1036,0.5259,0.3705,0.8746,0,251,True,https://pemilu2024.kpu.go.id/pilpres/hitung-suara/33/3374/337407/3374071010/3374071010032,2024-02-15 20:30:46,PASLON 02
JAWA TENGAH,KOTA SEMARANG,SEMARANG SELATAN,LAMPER TENGAH,3374071010033,13,90,79,182,3374071010033,KOTA SEMARANG,LAMPER TENGAH,TPS 033,225,182,13,90,79,0.0714,0.4945,0.4341,0.8089,7,189,False,https://pemilu2024.kpu.go.id/pilpres/hitung-suara/33/3374/337407/3374071010/3374071010033,2024-02-19 11:00:00,PASLON 02
JAWA TENGAH,KOTA SEMARANG,SEMARANG SELATAN,MUGASARI,3374071004001,47,82,94,223,3374071004001,KOTA SEMARANG,MUGASARI,TPS 001,293,223,47,82,94,0.2108,0.3677,0.4215,0.7611,2,225,False,https://pemilu2024.kpu.go.id/pilpres/hitung-suara/33/3374/337407/3374071004/3374071004001,2024-02-14 21:46:01,PASLON 03
JAWA TENGAH,KOTA SEMARANG,SEMARANG SELATAN,MUGASARI,3374071004002,31,111,94,236,3374071004002,KOTA SEMARANG,MUGASARI,TPS 002,290,236,31,111,94,0.1314,0.4703,0.3983,0.8138,8,244,False,https://pemilu2024.kpu.go.id/pilpres/hitung-suara/33/3374/337407/3374071004/3374071004002,2024-02-14 21:46:01,PASLON 02
JAWA TENGAH,KOTA SEMARANG,SEMARANG SELATAN,MUGASARI,3374071004004,42,70,105,217,3374071004004,KOTA SEMARANG,MUGASARI,TPS 004,287,217,42,70,105,0.1935,0.3226,0.4839,0.7561,0,217,True,https://pemilu2024.kpu.go.id/pilpres/hitung-suara/33/3374/337407/3374071004/3374071004004,2024-02-15 20:00:44,PASLON 03
JAWA TENGAH,KOTA SEMARANG,SEMARANG SELATAN,MUGASARI,3374071004005,17,88,104,209,3374071004005,KOTA SEMARANG,MUGASARI,TPS 005,287,209,17,88,104,0.0813,0.4211,0.4976,0.7282,0,209,True,https://pemilu2024.kpu.go.id/pilpres/hitung-suara/33/3374/337407/3374071004/3374071004005,2024-02-15 20:00:44,PASLON 03
JAWA TENGAH,KOTA SEMARANG,SEMARANG SELATAN,MUGASARI,3374071004006,19,103,121,243,3374071004006,KOTA SEMARANG,MUGASARI,TPS 006,288,243,19,103,121,0.0782,0.4239,0.4979,0.8438,2,245,False,https://pemilu2024.kpu.go.id/pilpres/hitung-suara/33/3374/337407/3374071004/3374071004006,2024-02-15 21:01:18,PASLON 03
JAWA TENGAH,KOTA SEMARANG,SEMARANG SELATAN,MUGASARI,3374071004009,28,95,84,207,3374071004009,KOTA SEMARANG,MUGASARI,TPS 009,253,207,28,95,84,0.1353,0.4589,0.4058,0.8182,5,212,False,https://pemilu2024.kpu.go.id/pilpres/hitung-suara/33/3374/337407/3374071004/3374071004009,2024-02-15 15:30:25,PASLON 02
JAWA TENGAH,KOTA SEMARANG,SEMARANG SELATAN,MUGASARI,3374071004010,43,77,59,179,3374071004010,KOTA SEMARANG,MUGASARI,TPS 010,254,179,43,77,59,0.2402,0.4302,0.3296,0.7047,1,180,False,https://pemilu2024.kpu.go.id/pilpres/hitung-suara/33/3374/337407/3374071004/3374071004010,2024-02-15 19:00:26,PASLON 02
JAWA TENGAH,KOTA SEMARANG,SEMARANG SELATAN,MUGASARI,3374071004012,25,93,104,222,3374071004012,KOTA SEMARANG,MUGASARI,TPS 012,268,222,25,93,104,0.1126,0.4189,0.4685,0.8284,7,229,False,https://pemilu2024.kpu.go.id/pilpres/hitung-suara/33/3374/337407/3374071004/3374071004012,2024-02-15 20:30:46,PASLON 03
JAWA TENGAH,KOTA SEMARANG,SEMARANG SELATAN,MUGASARI,3374071004014,58,103,84,245,3374071004014,KOTA SEMARANG,MUGASARI,TPS 014,297,245,58,103,84,0.2367,0.4204,0.3429,0.8249,2,247,False,https://pemilu2024.kpu.go.id/pilpres/hitung-suara/33/3374/337407/3374071004/3374071004014,2024-02-15 05:00:24,PASLON 02
JAWA TENGAH,KOTA SEMARANG,SEMARANG SELATAN,MUGASARI,3374071004016,30,108,92,230,3374071004016,KOTA SEMARANG,MUGASARI,TPS 016,287,230,30,108,92,0.1304,0.4696,0.4,0.8014,0,230,True,https://pemilu2024.kpu.go.id/pilpres/hitung-suara/33/3374/337407/3374071004/3374071004016,2024-02-15 19:00:26,PASLON 02
JAWA TENGAH,KOTA SEMARANG,SEMARANG SELATAN,MUGASARI,3374071004018,24,129,86,239,3374071004018,KOTA SEMARANG,MUGASARI,TPS 018,286,239,24,129,86,0.1004,0.5397,0.3598,0.8357,5,244,False,https://pemilu2024.kpu.go.id/pilpres/hitung-suara/33/3374/337407/3374071004/3374071004018,2024-02-15 15:00:29,PASLON 02
JAWA TENGAH,KOTA SEMARANG,SEMARANG SELATAN,MUGASARI,3374071004019,31,78,90,199,3374071004019,KOTA SEMARANG,MUGASARI,TPS 019,287,199,31,78,90,0.1558,0.392,0.4523,0.6934,0,199,True,https://pemilu2024.kpu.go.id/pilpres/hitung-suara/33/3374/337407/3374071004/3374071004019,2024-02-15 20:00:44,PASLON 03
JAWA TENGAH,KOTA SEMARANG,SEMARANG SELATAN,PETERONGAN,3374071007002,34,141,81,256,3374071007002,KOTA SEMARANG,PETERONGAN,TPS 002,280,256,34,141,81,0.1328,0.5508,0.3164,0.9143,0,256,True,https://pemilu2024.kpu.go.id/pilpres/hitung-suara/33/3374/337407/3374071007/3374071007002,2024-02-15 20:30:46,PASLON 02
JAWA TENGAH,KOTA SEMARANG,SEMARANG SELATAN,PETERONGAN,3374071007003,9,93,80,182,3374071007003,KOTA SEMARANG,PETERONGAN,TPS 003,280,182,9,93,80,0.0495,0.511,0.4396,0.65,0,182,True,https://pemilu2024.kpu.go.id/pilpres/hitung-suara/33/3374/337407/3374071007/3374071007003,2024-02-15 19:00:26,PASLON 02
JAWA TENGAH,KOTA SEMARANG,SEMARANG SELATAN,PETERONGAN,3374071007004,10,104,115,229,3374071007004,KOTA SEMARANG,PETERONGAN,TPS 004,280,229,10,104,115,0.0437,0.4541,0.5022,0.8179,0,229,True,https://pemilu2024.kpu.go.id/pilpres/hitung-suara/33/3374/337407/3374071007/3374071007004,2024-02-15 19:00:26,PASLON 03
JAWA TENGAH,KOTA SEMARANG,SEMARANG SELATAN,PETERONGAN,3374071007010,25,92,91,208,3374071007010,KOTA SEMARANG,PETERONGAN,TPS 010,280,208,25,92,91,0.1202,0.4423,0.4375,0.7429,0,208,True,https://pemilu2024.kpu.go.id/pilpres/hitung-suara/33/3374/337407/3374071007/3374071007010,2024-02-24 22:31:28,PASLON 02
JAWA TENGAH,KOTA SEMARANG,SEMARANG SELATAN,PETERONGAN,3374071007011,10,97,94,201,3374071007011,KOTA SEMARANG,PETERONGAN,TPS 011,280,201,10,97,94,0.0498,0.4826,0.4677,0.7179,0,201,True,https://pemilu2024.kpu.go.id/pilpres/hitung-suara/33/3374/337407/3374071007/3374071007011,2024-02-15 20:30:46,PASLON 02
JAWA TENGAH,KOTA SEMARANG,SEMARANG SELATAN,PETERONGAN,3374071007012,7,106,86,199,3374071007012,KOTA SEMARANG,PETERONGAN,TPS 012,275,199,7,106,86,0.0352,0.5327,0.4322,0.7236,9,208,False,https://pemilu2024.kpu.go.id/pilpres/hitung-suara/33/3374/337407/3374071007/3374071007012,2024-02-15 12:00:28,PASLON 02
JAWA TENGAH,KOTA SEMARANG,SEMARANG SELATAN,PETERONGAN,3374071007016,9,122,100,231,3374071007016,KOTA SEMARANG,PETERONGAN,TPS 016,285,231,9,122,100,0.039,0.5281,0.4329,0.8105,8,239,False,https://pemilu2024.kpu.go.id/pilpres/hitung-suara/33/3374/337407/3374071007/3374071007016,2024-02-14 21:46:01,PASLON 02
JAWA TENGAH,KOTA SEMARANG,SEMARANG SELATAN,PETERONGAN,3374071007017,31,88,84,203,3374071007017,KOTA SEMARANG,PETERONGAN,TPS 017,280,203,31,88,84,0.1527,0.4335,0.4138,0.725,0,203,True,https://pemilu2024.kpu.go.id/pilpres/hitung-suara/33/3374/337407/3374071007/3374071007017,2024-02-15 19:00:26,PASLON 02
JAWA TENGAH,KOTA SEMARANG,SEMARANG SELATAN,PLEBURAN,3374071005001,47,82,84,213,3374071005001,KOTA SEMARANG,PLEBURAN,TPS 001,274,213,47,82,84,0.2207,0.385,0.3944,0.7774,5,218,False,https://pemilu2024.kpu.go.id/pilpres/hitung-suara/33/3374/337407/3374071005/3374071005001,2024-02-16 09:00:28,PASLON 03
JAWA TENGAH,KOTA SEMARANG,SEMARANG SELATAN,PLEBURAN,3374071005002,42,104,64,210,3374071005002,KOTA SEMARANG,PLEBURAN,TPS 002,252,210,42,104,64,0.2,0.4952,0.3048,0.8333,2,212,False,https://pemilu2024.kpu.go.id/pilpres/hitung-suara/33/3374/337407/3374071005/3374071005002,2024-02-15 19:00:26,PASLON 02
JAWA TENGAH,KOTA SEMARANG,SEMARANG SELATAN,PLEBURAN,3374071005004,31,112,103,246,3374071005004,KOTA SEMARANG,PLEBURAN,TPS 004,283,246,31,112,103,0.126,0.4553,0.4187,0.8693,5,251,False,https://pemilu2024.kpu.go.id/pilpres/hitung-suara/33/3374/337407/3374071005/3374071005004,2024-02-15 15:00:29,PASLON 02
JAWA TENGAH,KOTA SEMARANG,SEMARANG SELATAN,PLEBURAN,3374071005005,17,108,94,219,3374071005005,KOTA SEMARANG,PLEBURAN,TPS 005,261,219,17,108,94,0.0776,0.4932,0.4292,0.8391,0,219,True,https://pemilu2024.kpu.go.id/pilpres/hitung-suara/33/3374/337407/3374071005/3374071005005,2024-02-15 20:00:44,PASLON 02
JAWA TENGAH,KOTA SEMARANG,SEMARANG SELATAN,PLEBURAN,3374071005006,11,73,104,188,3374071005006,KOTA SEMARANG,PLEBURAN,TPS 006,261,188,11,73,104,0.0585,0.3883,0.5532,0.7203,0,188,True,https://pemilu2024.kpu.go.id/pilpres/hitung-suara/33/3374/337407/3374071005/3374071005006,2024-02-15 15:30:25,PASLON 03
JAWA TENGAH,KOTA SEMARANG,SEMARANG SELATAN,PLEBURAN,3374071005008,34,81,67,182,3374071005008,KOTA SEMARANG,PLEBURAN,TPS 008,261,182,34,81,67,0.1868,0.4451,0.3681,0.6973,0,182,True,https://pemilu2024.kpu.go.id/pilpres/hitung-suara/33/3374/337407/3374071005/3374071005008,2024-02-15 20:00:44,PASLON 02
JAWA TENGAH,KOTA SEMARANG,SEMARANG SELATAN,PLEBURAN,3374071005009,45,53,88,186,3374071005009,KOTA SEMARANG,PLEBURAN,TPS 009,261,186,45,53,88,0.2419,0.2849,0.4731,0.7126,0,186,True,https://pemilu2024.kpu.go.id/pilpres/hitung-suara/33/3374/337407/3374071005/3374071005009,2024-02-15 20:00:44,PASLON 03
JAWA TENGAH,KOTA SEMARANG,SEMARANG SELATAN,PLEBURAN,3374071005010,33,68,84,185,3374071005010,KOTA SEMARANG,PLEBURAN,TPS 010,261,185,33,68,84,0.1784,0.3676,0.4541,0.7088,4,189,False,https://pemilu2024.kpu.go.id/pilpres/hitung-suara/33/3374/337407/3374071005/3374071005010,2024-02-14 21:46:01,PASLON 03
JAWA TENGAH,KOTA SEMARANG,SEMARANG SELATAN,PLEBURAN,3374071005011,50,81,61,192,3374071005011,KOTA SEMARANG,PLEBURAN,TPS 011,226,192,50,81,61,0.2604,0.4219,0.3177,0.8496,5,197,False,https://pemilu2024.kpu.go.id/pilpres/hitung-suara/33/3374/337407/3374071005/3374071005011,2024-02-15 12:00:28,PASLON 02
JAWA TENGAH,KOTA SEMARANG,SEMARANG SELATAN,PLEBURAN,3374071005012,34,106,62,202,3374071005012,KOTA SEMARANG,PLEBURAN,TPS 012,261,202,34,106,62,0.1683,0.5248,0.3069,0.7739,0,202,True,https://pemilu2024.kpu.go.id/pilpres/hitung-suara/33/3374/337407/3374071005/3374071005012,2024-02-15 19:00:26,PASLON 02
JAWA TENGAH,KOTA SEMARANG,SEMARANG SELATAN,PLEBURAN,3374071005013,49,77,95,221,3374071005013,KOTA SEMARANG,PLEBURAN,TPS 013,261,221,49,77,95,0.2217,0.3484,0.4299,0.8467,0,221,True,https://pemilu2024.kpu.go.id/pilpres/hitung-suara/33/3374/337407/3374071005/3374071005013,2024-02-15 19:00:26,PASLON 03
JAWA TENGAH,KOTA SEMARANG,SEMARANG SELATAN,RANDUSARI,3374071001001,46,73,67,186,3374071001001,KOTA SEMARANG,RANDUSARI,TPS 001,274,186,46,73,67,0.2473,0.3925,0.3602,0.6788,0,186,True,https://pemilu2024.kpu.go.id/pilpres/hitung-suara/33/3374/337407/3374071001/3374071001001,2024-02-14 21:46:01,PASLON 02
JAWA TENGAH,KOTA SEMARANG,SEMARANG SELATAN,RANDUSARI,3374071001002,12,90,94,196,3374071001002,KOTA SEMARANG,RANDUSARI,TPS 002,274,196,12,90,94,0.0612,0.4592,0.4796,0.7153,0,196,True,https://pemilu2024.kpu.go.id/pilpres/hitung-suara/33/3374/337407/3374071001/3374071001002,2024-02-17 09:30:03,PASLON 03
JAWA TENGAH,KOTA SEMARANG,SEMARANG SELATAN,RANDUSARI,3374071001003,17,91,70,178,3374071001003,KOTA SEMARANG,RANDUSARI,TPS 003,274,178,17,91,70,0.0955,0.5112,0.3933,0.6496,0,178,True,https://pemilu2024.kpu.go.id/pilpres/hitung-suara/33/3374/337407/3374071001/3374071001003,2024-02-15 18:30:25,PASLON 02
JAWA TENGAH,KOTA SEMARANG,SEMARANG SELATAN,RANDUSARI,3374071001006,9,107,122,238,3374071001006,KOTA SEMARANG,RANDUSARI,TPS 006,274,238,9,107,122,0.0378,0.4496,0.5126,0.8686,0,238,True,https://pemilu2024.kpu.go.id/pilpres/hitung-suara/33/3374/337407/3374071001/3374071001006,2024-02-15 12:00:28,PASLON 03
JAWA TENGAH,KOTA SEMARANG,SEMARANG SELATAN,RANDUSARI,3374071001007,25,93,92,210,3374071001007,KOTA SEMARANG,RANDUSARI,TPS 007,274,210,25,93,92,0.119,0.4429,0.4381,0.7664,0,210,True,https://pemilu2024.kpu.go.id/pilpres/hitung-suara/33/3374/337407/3374071001/3374071001007,2024-02-15 18:30:25,PASLON 02
JAWA TENGAH,KOTA SEMARANG,SEMARANG SELATAN,RANDUSARI,3374071001009,13,114,75,202,3374071001009,KOTA SEMARANG,RANDUSARI,TPS 009,267,202,13,114,75,0.0644,0.5644,0.3713,0.7566,6,208,False,https://pemilu2024.kpu.go.id/pilpres/hitung-suara/33/3374/337407/3374071001/3374071001009,2024-02-14 21:46:01,PASLON 02
JAWA TENGAH,KOTA SEMARANG,SEMARANG SELATAN,RANDUSARI,3374071001010,11,100,110,221,3374071001010,KOTA SEMARANG,RANDUSARI,TPS 010,286,221,11,100,110,0.0498,0.4525,0.4977,0.7727,4,225,False,https://pemilu2024.kpu.go.id/pilpres/hitung-suara/33/3374/337407/3374071001/3374071001010,2024-02-14 21:46:01,PASLON 03
JAWA TENGAH,KOTA SEMARANG,SEMARANG SELATAN,RANDUSARI,3374071001011,13,90,77,180,3374071001011,KOTA SEMARANG,RANDUSARI,TPS 011,231,180,13,90,77,0.0722,0.5,0.4278,0.7792,2,182,False,https://pemilu2024.kpu.go.id/pilpres/hitung-suara/33/3374/337407/3374071001/3374071001011,2024-02-14 21:46:01,PASLON 02
JAWA TENGAH,KOTA SEMARANG,SEMARANG SELATAN,RANDUSARI,3374071001012,23,126,100,249,3374071001012,KOTA SEMARANG,RANDUSARI,TPS 012,249,249,23,126,100,0.0924,0.506,0.4016,1.0,6,255,False,https://pemilu2024.kpu.go.id/pilpres/hitung-suara/33/3374/337407/3374071001/3374071001012,2024-02-14 21:46:01,PASLON 02
JAWA TENGAH,KOTA SEMARANG,SEMARANG SELATAN,RANDUSARI,3374071001013,25,129,73,227,3374071001013,KOTA SEMARANG,RANDUSARI,TPS 013,282,227,25,129,73,0.1101,0.5683,0.3216,0.805,2,229,False,https://pemilu2024.kpu.go.id/pilpres/hitung-suara/33/3374/337407/3374071001/3374071001013,2024-02-15 04:00:24,PASLON 02
JAWA TENGAH,KOTA SEMARANG,SEMARANG SELATAN,RANDUSARI,3374071001014,14,107,116,237,3374071001014,KOTA SEMARANG,RANDUSARI,TPS 014,288,237,14,107,116,0.0591,0.4515,0.4895,0.8229,2,239,False,https://pemilu2024.kpu.go.id/pilpres/hitung-suara/33/3374/337407/3374071001/3374071001014,2024-02-15 05:00:24,PASLON 03
JAWA TENGAH,KOTA SEMARANG,SEMARANG SELATAN,RANDUSARI,3374071001016,11,90,69,170,3374071001016,KOTA SEMARANG,RANDUSARI,TPS 016,274,170,11,90,69,0.0647,0.5294,0.4059,0.6204,0,170,True,https://pemilu2024.kpu.go.id/pilpres/hitung-suara/33/3374/337407/3374071001/3374071001016,2024-02-15 18:30:25,PASLON 02
JAWA TENGAH,KOTA SEMARANG,SEMARANG SELATAN,RANDUSARI,3374071001017,13,72,90,175,3374071001017,KOTA SEMARANG,RANDUSARI,TPS 017,274,175,13,72,90,0.0743,0.4114,0.5143,0.6387,0,175,True,https://pemilu2024.kpu.go.id/pilpres/hitung-suara/33/3374/337407/3374071001/3374071001017,2024-02-15 15:00:29,PASLON 03
JAWA TENGAH,KOTA SEMARANG,SEMARANG SELATAN,RANDUSARI,3374071001018,34,123,75,232,3374071001018,KOTA SEMARANG,RANDUSARI,TPS 018,274,232,34,123,75,0.1466,0.5302,0.3233,0.8467,0,232,True,https://pemilu2024.kpu.go.id/pilpres/hitung-suara/33/3374/337407/3374071001/3374071001018,2024-02-14 21:46:01,PASLON 02
JAWA TENGAH,KOTA SEMARANG,SEMARANG SELATAN,RANDUSARI,3374071001019,28,104,96,228,3374071001019,KOTA SEMARANG,RANDUSARI,TPS 019,274,228,28,104,96,0.1228,0.4561,0.4211,0.8321,0,228,True,https://pemilu2024.kpu.go.id/pilpres/hitung-suara/33/3374/337407/3374071001/3374071001019,2024-02-19 11:00:00,PASLON 02
JAWA TENGAH,KOTA SEMARANG,SEMARANG SELATAN,RANDUSARI,3374071001020,18,87,92,197,3374071001020,KOTA SEMARANG,RANDUSARI,TPS 020,274,197,18,87,92,0.0914,0.4416,0.467,0.719,0,197,True,https://pemilu2024.kpu.go.id/pilpres/hitung-suara/33/3374/337407/3374071001/3374071001020,2024-02-15 15:30:25,PASLON 03
JAWA TENGAH,KOTA SEMARANG,SEMARANG SELATAN,WONODRI,3374071006004,37,93,84,214,3374071006004,KOTA SEMARANG,WONODRI,TPS 004,294,214,37,93,84,0.1729,0.4346,0.3925,0.7279,3,217,False,https://pemilu2024.kpu.go.id/pilpres/hitung-suara/33/3374/337407/3374071006/3374071006004,2024-02-15 12:00:28,PASLON 02
JAWA TENGAH,KOTA SEMARANG,SEMARANG SELATAN,WONODRI,3374071006005,28,95,102,225,3374071006005,KOTA SEMARANG,WONODRI,TPS 005,280,225,28,95,102,0.1244,0.4222,0.4533,0.8036,0,225,True,https://pemilu2024.kpu.go.id/pilpres/hitung-suara/33/3374/337407/3374071006/3374071006005,2024-02-15 20:00:44,PASLON 03
JAWA TENGAH,KOTA SEMARANG,SEMARANG SELATAN,WONODRI,3374071006009,28,91,95,214,3374071006009,KOTA SEMARANG,WONODRI,TPS 009,265,214,28,91,95,0.1308,0.4252,0.4439,0.8075,6,220,False,https://pemilu2024.kpu.go.id/pilpres/hitung-suara/33/3374/337407/3374071006/3374071006009,2024-02-14 21:46:01,PASLON 03
JAWA TENGAH,KOTA SEMARANG,SEMARANG SELATAN,WONODRI,3374071006010,22,116,88,226,3374071006010,KOTA SEMARANG,WONODRI,TPS 010,280,226,22,116,88,0.0973,0.5133,0.3894,0.8071,0,226,True,https://pemilu2024.kpu.go.id/pilpres/hitung-suara/33/3374/337407/3374071006/3374071006010,2024-02-15 19:00:26,PASLON 02
JAWA TENGAH,KOTA SEMARANG,SEMARANG SELATAN,WONODRI,3374071006013,20,78,83,181,3374071006013,KOTA SEMARANG,WONODRI,TPS 013,234,181,20,78,83,0.1105,0.4309,0.4586,0.7735,5,186,False,https://pemilu2024.kpu.go.id/pilpres/hitung-suara/33/3374/337407/3374071006/3374071006013,2024-02-14 21:46:01,PASLON 03
JAWA TENGAH,KOTA SEMARANG,SEMARANG SELATAN,WONODRI,3374071006014,48,95,71,214,3374071006014,KOTA SEMARANG,WONODRI,TPS 014,280,214,48,95,71,0.2243,0.4439,0.3318,0.7643,0,214,True,https://pemilu2024.kpu.go.id/pilpres/hitung-suara/33/3374/337407/3374071006/3374071006014,2024-02-15 19:00:26,PASLON 02
JAWA TENGAH,KOTA SEMARANG,SEMARANG SELATAN,WONODRI,3374071006015,23,95,98,216,3374071006015,KOTA SEMARANG,WONODRI,TPS 015,283,216,23,95,98,0.1065,0.4398,0.4537,0.7633,11,227,False,https://pemilu2024.kpu.go.id/pilpres/hitung-suara/33/3374/337407/3374071006/3374071006015,2024-02-14 21:46:01,PASLON 03
JAWA TENGAH,KOTA SEMARANG,SEMARANG SELATAN,WONODRI,3374071006016,36,85,113,234,3374071006016,KOTA SEMARANG,WONODRI,TPS 016,278,234,36,85,113,0.1538,0.3632,0.4829,0.8417,5,239,False,https://pemilu2024.kpu.go.id/pilpres/hitung-suara/33/3374/337407/3374071006/3374071006016,2024-02-14 21:46:01,PASLON 03
JAWA TENGAH,KOTA SEMARANG,SEMARANG SELATAN,WONODRI,3374071006017,26,97,84,207,3374071006017,KOTA SEMARANG,WONODRI,TPS 017,271,207,26,97,84,0.1256,0.4686,0.4058,0.7638,5,212,False,https://pemilu2024.kpu.go.id/pilpres/hitung-suara/33/3374/337407/3374071006/3374071006017,2024-02-15 15:30:25,PASLON 02
JAWA TENGAH,KOTA SEMARANG,SEMARANG SELATAN,WONODRI,3374071006018,22,82,111,215,3374071006018,KOTA SEMARANG,WONODRI,TPS 018,285,215,22,82,111,0.1023,0.3814,0.5163,0.7544,1,216,False,https://pemilu2024.kpu.go.id/pilpres/hitung-suara/33/3374/337407/3374071006/3374071006018,2024-02-16 12:51:22,PASLON 03
JAWA TENGAH,KOTA SEMARANG,SEMARANG SELATAN,WONODRI,3374071006019,13,105,71,189,3374071006019,KOTA SEMARANG,WONODRI,TPS 019,260,189,13,105,71,0.0688,0.5556,0.3757,0.7269,8,197,False,https://pemilu2024.kpu.go.id/pilpres/hitung-suara/33/3374/337407/3374071006/3374071006019,2024-02-15 22:00:27,PASLON 02
JAWA TENGAH,KOTA SEMARANG,SEMARANG SELATAN,WONODRI,3374071006020,22,88,103,213,3374071006020,KOTA SEMARANG,WONODRI,TPS 020,280,213,22,88,103,0.1033,0.4131,0.4836,0.7607,0,213,True,https://pemilu2024.kpu.go.id/pilpres/hitung-suara/33/3374/337407/3374071006/3374071006020,2024-02-15 19:00:26,PASLON 03
JAWA TENGAH,KOTA SEMARANG,SEMARANG SELATAN,WONODRI,3374071006021,29,111,67,207,3374071006021,KOTA SEMARANG,WONODRI,TPS 021,280,207,29,111,67,0.1401,0.5362,0.3237,0.7393,0,207,True,https://pemilu2024.kpu.go.id/pilpres/hitung-suara/33/3374/337407/3374071006/3374071006021,2024-02-15 15:30:25,PASLON 02
JAWA TENGAH,KOTA SEMARANG,SEMARANG SELATAN,WONODRI,3374071006022,41,82,69,192,3374071006022,KOTA SEMARANG,WONODRI,TPS 022,280,192,41,82,69,0.2135,0.4271,0.3594,0.6857,0,192,True,https://pemilu2024.kpu.go.id/pilpres/hitung-suara/33/3374/337407/3374071006/3374071006022,2024-02-15 19:00:26,PASLON 02
JAWA TENGAH,KOTA SEMARANG,SEMARANG SELATAN,WONODRI,3374071006023,21,135,78,234,3374071006023,KOTA SEMARANG,WONODRI,TPS 023,294,234,21,135,78,0.0897,0.5769,0.3333,0.7959,6,240,False,https://pemilu2024.kpu.go.id/pilpres/hitung-suara/33/3374/337407/3374071006/3374071006023,2024-02-22 16:00:00,PASLON 02
JAWA TENGAH,KOTA SEMARANG,SEMARANG SELATAN,WONODRI,3374071006024,17,115,100,232,3374071006024,KOTA SEMARANG,WONODRI,TPS 024,280,232,17,115,100,0.0733,0.4957,0.431,0.8286,0,232,True,https://pemilu2024.kpu.go.id/pilpres/hitung-suara/33/3374/337407/3374071006/3374071006024,2024-02-15 20:00:44,PASLON 02
JAWA TENGAH,KOTA SEMARANG,SEMARANG SELATAN,WONODRI,3374071006025,19,119,77,215,3374071006025,KOTA SEMARANG,WONODRI,TPS 025,292,215,19,119,77,0.0884,0.5535,0.3581,0.7363,9,224,False,https://pemilu2024.kpu.go.id/pilpres/hitung-suara/33/3374/337407/3374071006/3374071006025,2024-02-14 21:46:01,PASLON 02
JAWA TENGAH,KOTA SEMARANG,SEMARANG SELATAN,WONODRI,3374071006026,24,114,97,235,3374071006026,KOTA SEMARANG,WONODRI,TPS 026,282,235,24,114,97,0.1021,0.4851,0.4128,0.8333,2,237,False,https://pemilu2024.kpu.go.id/pilpres/hitung-suara/33/3374/337407/3374071006/3374071006026,2024-02-15 15:00:29,PASLON 02
JAWA TENGAH,KOTA SEMARANG,SEMARANG SELATAN,WONODRI,3374071006027,11,101,92,204,3374071006027,KOTA SEMARANG,WONODRI,TPS 027,252,204,11,101,92,0.0539,0.4951,0.451,0.8095,2,206,False,https://pemilu2024.kpu.go.id/pilpres/hitung-suara/33/3374/337407/3374071006/3374071006027,2024-02-15 09:00:24,PASLON 02
JAWA TENGAH,KOTA SEMARANG,SEMARANG TENGAH,BANGUNHARJO,3374011009001,26,108,94,228,3374011009001,KOTA SEMARANG,BANGUNHARJO,TPS 001,271,228,26,108,94,0.114,0.4737,0.4123,0.8413,6,234,False,https://pemilu2024.kpu.go.id/pilpres/hitung-suara/33/3374/337401/3374011009/3374011009001,2024-02-15 20:30:46,PASLON 02
JAWA TENGAH,KOTA SEMARANG,SEMARANG TENGAH,BANGUNHARJO,3374011009002,84,70,69,223,3374011009002,KOTA SEMARANG,BANGUNHARJO,TPS 002,267,223,84,70,69,0.3767,0.3139,0.3094,0.8352,4,227,False,https://pemilu2024.kpu.go.id/pilpres/hitung-suara/33/3374/337401/3374011009/3374011009002,2024-02-17 11:00:02,PASLON 01
JAWA TENGAH,KOTA SEMARANG,SEMARANG TENGAH,BANGUNHARJO,3374011009003,91,68,45,204,3374011009003,KOTA SEMARANG,BANGUNHARJO,TPS 003,213,204,91,68,45,0.4461,0.3333,0.2206,0.9577,1,205,False,https://pemilu2024.kpu.go.id/pilpres/hitung-suara/33/3374/337401/3374011009/3374011009003,2024-02-14 21:46:01,PASLON 01
JAWA TENGAH,KOTA SEMARANG,SEMARANG TENGAH,BANGUNHARJO,3374011009005,9,51,111,171,3374011009005,KOTA SEMARANG,BANGUNHARJO,TPS 005,171,171,9,51,111,0.0526,0.2982,0.6491,1.0,2,173,False,https://pemilu2024.kpu.go.id/pilpres/hitung-suara/33/3374/337401/3374011009/3374011009005,2024-02-16 14:30:33,PASLON 03
JAWA TENGAH,KOTA SEMARANG,SEMARANG TENGAH,BANGUNHARJO,3374011009006,1,78,98,177,3374011009006,KOTA SEMARANG,BANGUNHARJO,TPS 006,214,177,1,78,98,0.0056,0.4407,0.5537,0.8271,5,182,False,https://pemilu2024.kpu.go.id/pilpres/hitung-suara/33/3374/337401/3374011009/3374011009006,2024-02-21 21:00:04,PASLON 03
JAWA TENGAH,KOTA SEMARANG,SEMARANG TENGAH,BANGUNHARJO,3374011009007,26,53,61,140,3374011009007,KOTA SEMARANG,BANGUNHARJO,TPS 007,153,140,26,53,61,0.1857,0.3786,0.4357,0.915,2,142,False,https://pemilu2024.kpu.go.id/pilpres/hitung-suara/33/3374/337401/3374011009/3374011009007,2024-02-15 00:46:45,PASLON 03
JAWA TENGAH,KOTA SEMARANG,SEMARANG TENGAH,BRUMBUNGAN,3374011002002,27,84,5,116,3374011002002,KOTA SEMARANG,BRUMBUNGAN,TPS 002,257,116,27,84,5,0.2328,0.7241,0.0431,0.4514,2,218,False,https://pemilu2024.kpu.go.id/pilpres/hitung-suara/33/3374/337401/3374011002/3374011002002,2024-02-22 14:00:00,PASLON 02
JAWA TENGAH,KOTA SEMARANG,SEMARANG TENGAH,BRUMBUNGAN,3374011002004,10,56,147,213,3374011002004,KOTA SEMARANG,BRUMBUNGAN,TPS 004,260,213,10,56,147,0.0469,0.2629,0.6901,0.8192,2,215,False,https://pemilu2024.kpu.go.id/pilpres/hitung-suara/33/3374/337401/3374011002/3374011002004,2024-02-14 21:46:01,PASLON 03
JAWA TENGAH,KOTA SEMARANG,SEMARANG TENGAH,BRUMBUNGAN,3374011002006,13,88,90,191,3374011002006,KOTA SEMARANG,BRUMBUNGAN,TPS 006,241,191,13,88,90,0.0681,0.4607,0.4712,0.7925,5,196,False,https://pemilu2024.kpu.go.id/pilpres/hitung-suara/33/3374/337401/3374011002/3374011002006,2024-02-15 15:00:29,PASLON 03
JAWA TENGAH,KOTA SEMARANG,SEMARANG TENGAH,BRUMBUNGAN,3374011002007,2,75,143,220,3374011002007,KOTA SEMARANG,BRUMBUNGAN,TPS 007,258,220,2,75,143,0.0091,0.3409,0.65,0.8527,0,220,True,https://pemilu2024.kpu.go.id/pilpres/hitung-suara/33/3374/337401/3374011002/3374011002007,2024-02-21 16:00:00,PASLON 03
JAWA TENGAH,KOTA SEMARANG,SEMARANG TENGAH,BRUMBUNGAN,3374011002008,10,82,131,223,3374011002008,KOTA SEMARANG,BRUMBUNGAN,TPS 008,258,223,10,82,131,0.0448,0.3677,0.5874,0.8643,0,223,True,https://pemilu2024.kpu.go.id/pilpres/hitung-suara/33/3374/337401/3374011002/3374011002008,2024-02-19 11:00:00,PASLON 03
JAWA TENGAH,KOTA SEMARANG,SEMARANG TENGAH,BRUMBUNGAN,3374011002011,20,98,108,226,3374011002011,KOTA SEMARANG,BRUMBUNGAN,TPS 011,279,226,20,98,108,0.0885,0.4336,0.4779,0.81,5,231,False,https://pemilu2024.kpu.go.id/pilpres/hitung-suara/33/3374/337401/3374011002/3374011002011,2024-02-16 14:00:34,PASLON 03
JAWA TENGAH,KOTA SEMARANG,SEMARANG TENGAH,GABAHAN,3374011005001,14,48,143,205,3374011005001,KOTA SEMARANG,GABAHAN,TPS 001,263,205,14,48,143,0.0683,0.2341,0.6976,0.7795,0,205,False,https://pemilu2024.kpu.go.id/pilpres/hitung-suara/33/3374/337401/3374011005/3374011005001,2024-02-16 12:51:22,PASLON 03
JAWA TENGAH,KOTA SEMARANG,SEMARANG TENGAH,GABAHAN,3374011005002,3,65,111,179,3374011005002,KOTA SEMARANG,GABAHAN,TPS 002,225,179,3,65,111,0.0168,0.3631,0.6201,0.7956,7,186,False,https://pemilu2024.kpu.go.id/pilpres/hitung-suara/33/3374/337401/3374011005/3374011005002,2024-02-16 16:25:10,PASLON 03
JAWA TENGAH,KOTA SEMARANG,SEMARANG TENGAH,GABAHAN,3374011005003,3,74,108,185,3374011005003,KOTA SEMARANG,GABAHAN,TPS 003,255,185,3,74,108,0.0162,0.4,0.5838,0.7255,1,186,False,https://pemilu2024.kpu.go.id/pilpres/hitung-suara/33/3374/337401/3374011005/3374011005003,2024-02-16 16:25:10,PASLON 03
JAWA TENGAH,KOTA SEMARANG,SEMARANG TENGAH,GABAHAN,3374011005006,4,63,115,182,3374011005006,KOTA SEMARANG,GABAHAN,TPS 006,236,182,4,63,115,0.022,0.3462,0.6319,0.7712,2,184,False,https://pemilu2024.kpu.go.id/pilpres/hitung-suara/33/3374/337401/3374011005/3374011005006,2024-02-16 00:30:27,PASLON 03
JAWA TENGAH,KOTA SEMARANG,SEMARANG TENGAH,GABAHAN,3374011005007,11,87,121,219,3374011005007,KOTA SEMARANG,GABAHAN,TPS 007,281,219,11,87,121,0.0502,0.3973,0.5525,0.7794,4,223,False,https://pemilu2024.kpu.go.id/pilpres/hitung-suara/33/3374/337401/3374011005/3374011005007,2024-02-16 12:51:22,PASLON 03
JAWA TENGAH,KOTA SEMARANG,SEMARANG TENGAH,GABAHAN,3374011005008,2,78,122,202,3374011005008,KOTA SEMARANG,GABAHAN,TPS 008,246,202,2,78,122,0.0099,0.3861,0.604,0.8211,10,212,False,https://pemilu2024.kpu.go.id/pilpres/hitung-suara/33/3374/337401/3374011005/3374011005008,2024-02-16 12:51:22,PASLON 03
JAWA TENGAH,KOTA SEMARANG,SEMARANG TENGAH,GABAHAN,3374011005009,16,90,137,243,3374011005009,KOTA SEMARANG,GABAHAN,TPS 009,294,243,16,90,137,0.0658,0.3704,0.5638,0.8265,8,251,False,https://pemilu2024.kpu.go.id/pilpres/hitung-suara/33/3374/337401/3374011005/3374011005009,2024-02-16 14:00:34,PASLON 03
JAWA TENGAH,KOTA SEMARANG,SEMARANG TENGAH,GABAHAN,3374011005010,9,61,132,202,3374011005010,KOTA SEMARANG,GABAHAN,TPS 010,240,202,9,61,132,0.0446,0.302,0.6535,0.8417,7,209,False,https://pemilu2024.kpu.go.id/pilpres/hitung-suara/33/3374/337401/3374011005/3374011005010,2024-02-14 21:46:01,PASLON 03
JAWA TENGAH,KOTA SEMARANG,SEMARANG TENGAH,GABAHAN,3374011005011,9,92,120,221,3374011005011,KOTA SEMARANG,GABAHAN,TPS 011,249,221,9,92,120,0.0407,0.4163,0.543,0.8876,4,225,False,https://pemilu2024.kpu.go.id/pilpres/hitung-suara/33/3374/337401/3374011005/3374011005011,2024-02-14 21:46:01,PASLON 03
JAWA TENGAH,KOTA SEMARANG,SEMARANG TENGAH,GABAHAN,3374011005012,4,42,104,150,3374011005012,KOTA SEMARANG,GABAHAN,TPS 012,205,150,4,42,104,0.0267,0.28,0.6933,0.7317,11,161,False,https://pemilu2024.kpu.go.id/pilpres/hitung-suara/33/3374/337401/3374011005/3374011005012,2024-02-17 11:00:02,PASLON 03
JAWA TENGAH,KOTA SEMARANG,SEMARANG TENGAH,GABAHAN,3374011005013,11,84,98,193,3374011005013,KOTA SEMARANG,GABAHAN,TPS 013,230,193,11,84,98,0.057,0.4352,0.5078,0.8391,4,197,False,https://pemilu2024.kpu.go.id/pilpres/hitung-suara/33/3374/337401/3374011005/3374011005013,2024-02-16 21:01:00,PASLON 03
JAWA TENGAH,KOTA SEMARANG,SEMARANG TENGAH,GABAHAN,3374011005016,10,83,126,219,3374011005016,KOTA SEMARANG,GABAHAN,TPS 016,269,219,10,83,126,0.0457,0.379,0.5753,0.8141,4,223,False,https://pemilu2024.kpu.go.id/pilpres/hitung-suara/33/3374/337401/3374011005/3374011005016,2024-02-16 14:00:34,PASLON 03
JAWA TENGAH,KOTA SEMARANG,SEMARANG TENGAH,GABAHAN,3374011005019,7,85,120,212,3374011005019,KOTA SEMARANG,GABAHAN,TPS 019,258,212,7,85,120,0.033,0.4009,0.566,0.8217,5,217,False,https://pemilu2024.kpu.go.id/pilpres/hitung-suara/33/3374/337401/3374011005/3374011005019,2024-02-16 12:51:22,PASLON 03
JAWA TENGAH,KOTA SEMARANG,SEMARANG TENGAH,GABAHAN,3374011005020,12,66,145,223,3374011005020,KOTA SEMARANG,GABAHAN,TPS 020,280,223,12,66,145,0.0538,0.296,0.6502,0.7964,5,228,False,https://pemilu2024.kpu.go.id/pilpres/hitung-suara/33/3374/337401/3374011005/3374011005020,2024-02-15 03:06:03,PASLON 03
JAWA TENGAH,KOTA SEMARANG,SEMARANG TENGAH,GABAHAN,3374011005021,9,84,145,238,3374011005021,KOTA SEMARANG,GABAHAN,TPS 021,252,238,9,84,145,0.0378,0.3529,0.6092,0.9444,2,240,True,https://pemilu2024.kpu.go.id/pilpres/hitung-suara/33/3374/337401/3374011005/3374011005021,2024-02-16 21:01:00,PASLON 03
JAWA TENGAH,KOTA SEMARANG,SEMARANG TENGAH,JAGALAN,3374011003001,14,89,112,215,3374011003001,KOTA SEMARANG,JAGALAN,TPS 001,248,215,14,89,112,0.0651,0.414,0.5209,0.8669,4,219,False,https://pemilu2024.kpu.go.id/pilpres/hitung-suara/33/3374/337401/3374011003/3374011003001,2024-02-19 06:16:00,PASLON 03
JAWA TENGAH,KOTA SEMARANG,SEMARANG TENGAH,JAGALAN,3374011003002,13,91,103,207,3374011003002,KOTA SEMARANG,JAGALAN,TPS 002,238,207,13,91,103,0.0628,0.4396,0.4976,0.8697,0,207,True,https://pemilu2024.kpu.go.id/pilpres/hitung-suara/33/3374/337401/3374011003/3374011003002,2024-02-15 21:01:18,PASLON 03
JAWA TENGAH,KOTA SEMARANG,SEMARANG TENGAH,JAGALAN,3374011003003,11,79,119,209,3374011003003,KOTA SEMARANG,JAGALAN,TPS 003,238,209,11,79,119,0.0526,0.378,0.5694,0.8782,0,209,True,https://pemilu2024.kpu.go.id/pilpres/hitung-suara/33/3374/337401/3374011003/3374011003003,2024-02-15 19:30:26,PASLON 03
JAWA TENGAH,KOTA SEMARANG,SEMARANG TENGAH,JAGALAN,3374011003004,10,86,111,207,3374011003004,KOTA SEMARANG,JAGALAN,TPS 004,238,207,10,86,111,0.0483,0.4155,0.5362,0.8697,0,207,True,https://pemilu2024.kpu.go.id/pilpres/hitung-suara/33/3374/337401/3374011003/3374011003004,2024-02-15 19:30:26,PASLON 03
JAWA TENGAH,KOTA SEMARANG,SEMARANG TENGAH,JAGALAN,3374011003005,8,104,108,220,3374011003005,KOTA SEMARANG,JAGALAN,TPS 005,238,220,8,104,108,0.0364,0.4727,0.4909,0.9244,0,220,True,https://pemilu2024.kpu.go.id/pilpres/hitung-suara/33/3374/337401/3374011003/3374011003005,2024-02-24 22:31:28,PASLON 03
JAWA TENGAH,KOTA SEMARANG,SEMARANG TENGAH,JAGALAN,3374011003006,11,62,108,181,3374011003006,KOTA SEMARANG,JAGALAN,TPS 006,243,181,11,62,108,0.0608,0.3425,0.5967,0.7449,2,183,False,https://pemilu2024.kpu.go.id/pilpres/hitung-suara/33/3374/337401/3374011003/3374011003006,2024-02-15 16:00:26,PASLON 03
JAWA TENGAH,KOTA SEMARANG,SEMARANG TENGAH,JAGALAN,3374011003007,12,42,91,145,3374011003007,KOTA SEMARANG,JAGALAN,TPS 007,211,145,12,42,91,0.0828,0.2897,0.6276,0.6872,0,145,False,https://pemilu2024.kpu.go.id/pilpres/hitung-suara/33/3374/337401/3374011003/3374011003007,2024-02-15 15:00:29,PASLON 03
JAWA TENGAH,KOTA SEMARANG,SEMARANG TENGAH,JAGALAN,3374011003008,6,59,98,163,3374011003008,KOTA SEMARANG,JAGALAN,TPS 008,232,163,6,59,98,0.0368,0.362,0.6012,0.7026,6,169,False,https://pemilu2024.kpu.go.id/pilpres/hitung-suara/33/3374/337401/3374011003/3374011003008,2024-02-15 12:00:28,PASLON 03
JAWA TENGAH,KOTA SEMARANG,SEMARANG TENGAH,JAGALAN,3374011003010,16,90,113,219,3374011003010,KOTA SEMARANG,JAGALAN,TPS 010,285,219,16,90,113,0.0731,0.411,0.516,0.7684,6,225,False,https://pemilu2024.kpu.go.id/pilpres/hitung-suara/33/3374/337401/3374011003/3374011003010,2024-02-21 18:00:00,PASLON 03
JAWA TENGAH,KOTA SEMARANG,SEMARANG TENGAH,JAGALAN,3374011003011,2,47,119,168,3374011003011,KOTA SEMARANG,JAGALAN,TPS 011,238,168,2,47,119,0.0119,0.2798,0.7083,0.7059,0,168,True,https://pemilu2024.kpu.go.id/pilpres/hitung-suara/33/3374/337401/3374011003/3374011003011,2024-02-15 19:30:26,PASLON 03
JAWA TENGAH,KOTA SEMARANG,SEMARANG TENGAH,JAGALAN,3374011003013,7,69,134,210,3374011003013,KOTA SEMARANG,JAGALAN,TPS 013,278,210,7,69,134,0.0333,0.3286,0.6381,0.7554,4,214,False,https://pemilu2024.kpu.go.id/pilpres/hitung-suara/33/3374/337401/3374011003/3374011003013,2024-02-16 16:25:10,PASLON 03
JAWA TENGAH,KOTA SEMARANG,SEMARANG TENGAH,JAGALAN,3374011003014,4,67,86,157,3374011003014,KOTA SEMARANG,JAGALAN,TPS 014,201,157,4,67,86,0.0255,0.4268,0.5478,0.7811,1,158,False,https://pemilu2024.kpu.go.id/pilpres/hitung-suara/33/3374/337401/3374011003/3374011003014,2024-02-15 23:29:50,PASLON 03
JAWA TENGAH,KOTA SEMARANG,SEMARANG TENGAH,JAGALAN,3374011003016,10,92,90,192,3374011003016,KOTA SEMARANG,JAGALAN,TPS 016,231,192,10,92,90,0.0521,0.4792,0.4688,0.8312,6,198,False,https://pemilu2024.kpu.go.id/pilpres/hitung-suara/33/3374/337401/3374011003/3374011003016,2024-02-16 21:01:00,PASLON 02
JAWA TENGAH,KOTA SEMARANG,SEMARANG TENGAH,KARANG KIDUL,3374011012002,8,49,111,168,3374011012002,KOTA SEMARANG,KARANG KIDUL,TPS 002,221,168,8,49,111,0.0476,0.2917,0.6607,0.7602,1,169,False,https://pemilu2024.kpu.go.id/pilpres/hitung-suara/33/3374/337401/3374011012/3374011012002,2024-02-16 21:01:00,PASLON 03
JAWA TENGAH,KOTA SEMARANG,SEMARANG TENGAH,KARANG KIDUL,3374011012004,21,111,82,214,3374011012004,KOTA SEMARANG,KARANG KIDUL,TPS 004,281,214,21,111,82,0.0981,0.5187,0.3832,0.7616,0,214,True,https://pemilu2024.kpu.go.id/pilpres/hitung-suara/33/3374/337401/3374011012/3374011012004,2024-02-16 21:01:00,PASLON 02
JAWA TENGAH,KOTA SEMARANG,SEMARANG TENGAH,KARANG KIDUL,3374011012005,27,98,97,222,3374011012005,KOTA SEMARANG,KARANG KIDUL,TPS 005,281,222,27,98,97,0.1216,0.4414,0.4369,0.79,0,222,True,https://pemilu2024.kpu.go.id/pilpres/hitung-suara/33/3374/337401/3374011012/3374011012005,2024-02-15 20:00:44,PASLON 02
JAWA TENGAH,KOTA SEMARANG,SEMARANG TENGAH,KARANG KIDUL,3374011012006,11,115,109,235,3374011012006,KOTA SEMARANG,KARANG KIDUL,TPS 006,281,235,11,115,109,0.0468,0.4894,0.4638,0.8363,0,235,True,https://pemilu2024.kpu.go.id/pilpres/hitung-suara/33/3374/337401/3374011012/3374011012006,2024-02-15 20:00:44,PASLON 02
JAWA TENGAH,KOTA SEMARANG,SEMARANG TENGAH,KARANG KIDUL,3374011012007,17,104,116,237,3374011012007,KOTA SEMARANG,KARANG KIDUL,TPS 007,281,237,17,104,116,0.0717,0.4388,0.4895,0.8434,3,240,False,https://pemilu2024.kpu.go.id/pilpres/hitung-suara/33/3374/337401/3374011012/3374011012007,2024-02-15 21:30:27,PASLON 03
JAWA TENGAH,KOTA SEMARANG,SEMARANG TENGAH,KARANG KIDUL,3374011012009,12,77,128,217,3374011012009,KOTA SEMARANG,KARANG KIDUL,TPS 009,290,217,12,77,128,0.0553,0.3548,0.5899,0.7483,6,223,False,https://pemilu2024.kpu.go.id/pilpres/hitung-suara/33/3374/337401/3374011012/3374011012009,2024-02-17 11:00:02,PASLON 03
JAWA TENGAH,KOTA SEMARANG,SEMARANG TENGAH,KARANG KIDUL,3374011012010,11,73,84,168,3374011012010,KOTA SEMARANG,KARANG KIDUL,TPS 010,281,168,11,73,84,0.0655,0.4345,0.5,0.5979,0,168,True,https://pemilu2024.kpu.go.id/pilpres/hitung-suara/33/3374/337401/3374011012/3374011012010,2024-02-15 20:00:44,PASLON 03
JAWA TENGAH,KOTA SEMARANG,SEMARANG TENGAH,KARANG KIDUL,3374011012012,8,80,81,169,3374011012012,KOTA SEMARANG,KARANG KIDUL,TPS 012,281,169,8,80,81,0.0473,0.4734,0.4793,0.6014,0,169,True,https://pemilu2024.kpu.go.id/pilpres/hitung-suara/33/3374/337401/3374011012/3374011012012,2024-02-15 20:00:44,PASLON 03
JAWA TENGAH,KOTA SEMARANG,SEMARANG TENGAH,KAUMAN,3374011010004,30,89,89,208,3374011010004,KOTA SEMARANG,KAUMAN,TPS 004,262,208,30,89,89,0.1442,0.4279,0.4279,0.7939,2,210,False,https://pemilu2024.kpu.go.id/pilpres/hitung-suara/33/3374/337401/3374011010/3374011010004,2024-02-16 12:51:22,PASLON 02
JAWA TENGAH,KOTA SEMARANG,SEMARANG TENGAH,KAUMAN,3374011010006,24,78,68,170,3374011010006,KOTA SEMARANG,KAUMAN,TPS 006,213,170,24,78,68,0.1412,0.4588,0.4,0.7981,8,178,False,https://pemilu2024.kpu.go.id/pilpres/hitung-suara/33/3374/337401/3374011010/3374011010006,2024-02-15 05:00:24,PASLON 02
JAWA TENGAH,KOTA SEMARANG,SEMARANG TENGAH,KAUMAN,3374011010007,15,73,57,145,3374011010007,KOTA SEMARANG,KAUMAN,TPS 007,238,145,15,73,57,0.1034,0.5034,0.3931,0.6092,0,145,True,https://pemilu2024.kpu.go.id/pilpres/hitung-suara/33/3374/337401/3374011010/3374011010007,2024-02-15 21:01:18,PASLON 02
JAWA TENGAH,KOTA SEMARANG,SEMARANG TENGAH,KEMBANGSARI,3374011006001,6,80,75,161,3374011006001,KOTA SEMARANG,KEMBANGSARI,TPS 001,204,161,6,80,75,0.0373,0.4969,0.4658,0.7892,2,163,True,https://pemilu2024.kpu.go.id/pilpres/hitung-suara/33/3374/337401/3374011006/3374011006001,2024-02-16 12:51:22,PASLON 02
JAWA TENGAH,KOTA SEMARANG,SEMARANG TENGAH,KEMBANGSARI,3374011006003,14,79,78,171,3374011006003,KOTA SEMARANG,KEMBANGSARI,TPS 003,204,171,14,79,78,0.0819,0.462,0.4561,0.8382,3,174,False,https://pemilu2024.kpu.go.id/pilpres/hitung-suara/33/3374/337401/3374011006/3374011006003,2024-02-22 10:00:00,PASLON 02
JAWA TENGAH,KOTA SEMARANG,SEMARANG TENGAH,KEMBANGSARI,3374011006004,7,74,113,194,3374011006004,KOTA SEMARANG,KEMBANGSARI,TPS 004,204,194,7,74,113,0.0361,0.3814,0.5825,0.951,0,194,True,https://pemilu2024.kpu.go.id/pilpres/hitung-suara/33/3374/337401/3374011006/3374011006004,2024-02-19 20:00:00,PASLON 03
JAWA TENGAH,KOTA SEMARANG,SEMARANG TENGAH,KEMBANGSARI,3374011006005,24,68,91,183,3374011006005,KOTA SEMARANG,KEMBANGSARI,TPS 005,200,183,24,68,91,0.1311,0.3716,0.4973,0.915,7,190,False,https://pemilu2024.kpu.go.id/pilpres/hitung-suara/33/3374/337401/3374011006/3374011006005,2024-02-14 21:46:01,PASLON 03
JAWA TENGAH,KOTA SEMARANG,SEMARANG TENGAH,KEMBANGSARI,3374011006006,29,87,86,202,3374011006006,KOTA SEMARANG,KEMBANGSARI,TPS 006,204,202,29,87,86,0.1436,0.4307,0.4257,0.9902,0,202,True,https://pemilu2024.kpu.go.id/pilpres/hitung-suara/33/3374/337401/3374011006/3374011006006,2024-02-15 21:01:18,PASLON 02
JAWA TENGAH,KOTA SEMARANG,SEMARANG TENGAH,KEMBANGSARI,3374011006008,129,89,80,298,3374011006008,KOTA SEMARANG,KEMBANGSARI,TPS 008,298,298,129,89,80,0.4329,0.2987,0.2685,1.0,0,298,True,https://pemilu2024.kpu.go.id/pilpres/hitung-suara/33/3374/337401/3374011006/3374011006008,2024-02-24 22:31:28,PASLON 01
JAWA TENGAH,KOTA SEMARANG,SEMARANG TENGAH,KEMBANGSARI,3374011006009,22,78,87,187,3374011006009,KOTA SEMARANG,KEMBANGSARI,TPS 009,204,187,22,78,87,0.1176,0.4171,0.4652,0.9167,0,187,True,https://pemilu2024.kpu.go.id/pilpres/hitung-suara/33/3374/337401/3374011006/3374011006009,2024-02-15 21:01:18,PASLON 03
JAWA TENGAH,KOTA SEMARANG,SEMARANG TENGAH,KEMBANGSARI,3374011006010,30,76,102,208,3374011006010,KOTA SEMARANG,KEMBANGSARI,TPS 010,208,208,30,76,102,0.1442,0.3654,0.4904,1.0,0,208,True,https://pemilu2024.kpu.go.id/pilpres/hitung-suara/33/3374/337401/3374011006/3374011006010,2024-02-15 19:30:26,PASLON 03
JAWA TENGAH,KOTA SEMARANG,SEMARANG TENGAH,KEMBANGSARI,3374011006011,23,83,104,210,3374011006011,KOTA SEMARANG,KEMBANGSARI,TPS 011,257,210,23,83,104,0.1095,0.3952,0.4952,0.8171,4,214,False,https://pemilu2024.kpu.go.id/pilpres/hitung-suara/33/3374/337401/3374011006/3374011006011,2024-02-16 14:00:34,PASLON 03
JAWA TENGAH,KOTA SEMARANG,SEMARANG TENGAH,KRANGGAN,3374011004001,5,62,134,201,3374011004001,KOTA SEMARANG,KRANGGAN,TPS 001,253,201,5,62,134,0.0249,0.3085,0.6667,0.7945,0,201,True,https://pemilu2024.kpu.go.id/pilpres/hitung-suara/33/3374/337401/3374011004/3374011004001,2024-02-17 10:00:02,PASLON 03
JAWA TENGAH,KOTA SEMARANG,SEMARANG TENGAH,KRANGGAN,3374011004006,3,75,78,156,3374011004006,KOTA SEMARANG,KRANGGAN,TPS 006,253,156,3,75,78,0.0192,0.4808,0.5,0.6166,0,156,True,https://pemilu2024.kpu.go.id/pilpres/hitung-suara/33/3374/337401/3374011004/3374011004006,2024-02-15 07:00:44,PASLON 03
JAWA TENGAH,KOTA SEMARANG,SEMARANG TENGAH,KRANGGAN,3374011004007,9,68,122,199,3374011004007,KOTA SEMARANG,KRANGGAN,TPS 007,253,199,9,68,122,0.0452,0.3417,0.6131,0.7866,0,199,True,https://pemilu2024.kpu.go.id/pilpres/hitung-suara/33/3374/337401/3374011004/3374011004007,2024-02-15 19:30:26,PASLON 03
JAWA TENGAH,KOTA SEMARANG,SEMARANG TENGAH,KRANGGAN,3374011004008,2,59,132,193,3374011004008,KOTA SEMARANG,KRANGGAN,TPS 008,253,193,2,59,132,0.0104,0.3057,0.6839,0.7628,0,193,True,https://pemilu2024.kpu.go.id/pilpres/hitung-suara/33/3374/337401/3374011004/3374011004008,2024-02-15 19:30:26,PASLON 03
JAWA TENGAH,KOTA SEMARANG,SEMARANG TENGAH,KRANGGAN,3374011004012,2,56,122,180,3374011004012,KOTA SEMARANG,KRANGGAN,TPS 012,253,180,2,56,122,0.0111,0.3111,0.6778,0.7115,2,182,False,https://pemilu2024.kpu.go.id/pilpres/hitung-suara/33/3374/337401/3374011004/3374011004012,2024-02-16 16:25:10,PASLON 03
JAWA TENGAH,KOTA SEMARANG,SEMARANG TENGAH,MIROTO,3374011001002,27,84,121,232,3374011001002,KOTA SEMARANG,MIROTO,TPS 002,276,232,27,84,121,0.1164,0.3621,0.5216,0.8406,0,232,True,https://pemilu2024.kpu.go.id/pilpres/hitung-suara/33/3374/337401/3374011001/3374011001002,2024-02-15 19:30:26,PASLON 03
JAWA TENGAH,KOTA SEMARANG,SEMARANG TENGAH,MIROTO,3374011001003,16,115,107,238,3374011001003,KOTA SEMARANG,MIROTO,TPS 003,282,238,16,115,107,0.0672,0.4832,0.4496,0.844,5,243,False,https://pemilu2024.kpu.go.id/pilpres/hitung-suara/33/3374/337401/3374011001/3374011001003,2024-02-15 00:41:44,PASLON 02
JAWA TENGAH,KOTA SEMARANG,SEMARANG TENGAH,MIROTO,3374011001004,34,76,110,220,3374011001004,KOTA SEMARANG,MIROTO,TPS 004,271,220,34,76,110,0.1545,0.3455,0.5,0.8118,0,220,False,https://pemilu2024.kpu.go.id/pilpres/hitung-suara/33/3374/337401/3374011001/3374011001004,2024-02-24 22:31:28,PASLON 03
JAWA TENGAH,KOTA SEMARANG,SEMARANG TENGAH,MIROTO,3374011001005,24,71,107,202,3374011001005,KOTA SEMARANG,MIROTO,TPS 005,261,202,24,71,107,0.1188,0.3515,0.5297,0.7739,5,207,False,https://pemilu2024.kpu.go.id/pilpres/hitung-suara/33/3374/337401/3374011001/3374011001005,2024-02-16 22:30:00,PASLON 03
JAWA TENGAH,KOTA SEMARANG,SEMARANG TENGAH,MIROTO,3374011001009,5,55,117,177,3374011001009,KOTA SEMARANG,MIROTO,TPS 009,276,177,5,55,117,0.0282,0.3107,0.661,0.6413,0,177,True,https://pemilu2024.kpu.go.id/pilpres/hitung-suara/33/3374/337401/3374011001/3374011001009,2024-02-24 22:31:28,PASLON 03
JAWA TENGAH,KOTA SEMARANG,SEMARANG TENGAH,MIROTO,3374011001013,14,85,93,192,3374011001013,KOTA SEMARANG,MIROTO,TPS 013,276,192,14,85,93,0.0729,0.4427,0.4844,0.6957,0,192,True,https://pemilu2024.kpu.go.id/pilpres/hitung-suara/33/3374/337401/3374011001/3374011001013,2024-02-24 22:31:28,PASLON 03
JAWA TENGAH,KOTA SEMARANG,SEMARANG TENGAH,MIROTO,3374011001014,7,86,116,209,3374011001014,KOTA SEMARANG,MIROTO,TPS 014,281,209,7,86,116,0.0335,0.4115,0.555,0.7438,3,212,False,https://pemilu2024.kpu.go.id/pilpres/hitung-suara/33/3374/337401/3374011001/3374011001014,2024-02-17 09:30:03,PASLON 03
JAWA TENGAH,KOTA SEMARANG,SEMARANG TENGAH,PANDANSARI,3374011008002,24,67,90,181,3374011008002,KOTA SEMARANG,PANDANSARI,TPS 002,230,181,24,67,90,0.1326,0.3702,0.4972,0.787,0,181,True,https://pemilu2024.kpu.go.id/pilpres/hitung-suara/33/3374/337401/3374011008/3374011008002,2024-02-15 19:30:26,PASLON 03
JAWA TENGAH,KOTA SEMARANG,SEMARANG TENGAH,PANDANSARI,3374011008003,39,81,74,194,3374011008003,KOTA SEMARANG,PANDANSARI,TPS 003,237,194,39,81,74,0.201,0.4175,0.3814,0.8186,3,197,False,https://pemilu2024.kpu.go.id/pilpres/hitung-suara/33/3374/337401/3374011008/3374011008003,2024-02-14 21:46:01,PASLON 02
JAWA TENGAH,KOTA SEMARANG,SEMARANG TENGAH,PANDANSARI,3374011008004,27,69,56,152,3374011008004,KOTA SEMARANG,PANDANSARI,TPS 004,177,152,27,69,56,0.1776,0.4539,0.3684,0.8588,2,154,False,https://pemilu2024.kpu.go.id/pilpres/hitung-suara/33/3374/337401/3374011008/3374011008004,2024-02-17 11:00:02,PASLON 02
JAWA TENGAH,KOTA SEMARANG,SEMARANG TENGAH,PANDANSARI,3374011008005,33,67,58,158,3374011008005,KOTA SEMARANG,PANDANSARI,TPS 005,222,158,33,67,58,0.2089,0.4241,0.3671,0.7117,4,162,False,https://pemilu2024.kpu.go.id/pilpres/hitung-suara/33/3374/337401/3374011008/3374011008005,2024-02-15 21:30:27,PASLON 02
JAWA TENGAH,KOTA SEMARANG,SEMARANG TENGAH,PANDANSARI,3374011008006,23,78,101,202,3374011008006,KOTA SEMARANG,PANDANSARI,TPS 006,261,202,23,78,101,0.1139,0.3861,0.5,0.7739,6,208,False,https://pemilu2024.kpu.go.id/pilpres/hitung-suara/33/3374/337401/3374011008/3374011008006,2024-02-15 16:30:25,PASLON 03
JAWA TENGAH,KOTA SEMARANG,SEMARANG TENGAH,PANDANSARI,3374011008007,32,72,63,167,3374011008007,KOTA SEMARANG,PANDANSARI,TPS 007,230,167,32,72,63,0.1916,0.4311,0.3772,0.7261,0,167,True,https://pemilu2024.kpu.go.id/pilpres/hitung-suara/33/3374/337401/3374011008/3374011008007,2024-02-15 19:30:26,PASLON 02
JAWA TENGAH,KOTA SEMARANG,SEMARANG TENGAH,PEKUNDEN,3374011013001,6,65,64,135,3374011013001,KOTA SEMARANG,PEKUNDEN,TPS 001,230,135,6,65,64,0.0444,0.4815,0.4741,0.587,0,135,True,https://pemilu2024.kpu.go.id/pilpres/hitung-suara/33/3374/337401/3374011013/3374011013001,2024-02-24 22:31:28,PASLON 02
JAWA TENGAH,KOTA SEMARANG,SEMARANG TENGAH,PEKUNDEN,3374011013002,11,103,66,180,3374011013002,KOTA SEMARANG,PEKUNDEN,TPS 002,212,180,11,103,66,0.0611,0.5722,0.3667,0.8491,4,184,False,https://pemilu2024.kpu.go.id/pilpres/hitung-suara/33/3374/337401/3374011013/3374011013002,2024-02-15 15:00:29,PASLON 02
JAWA TENGAH,KOTA SEMARANG,SEMARANG TENGAH,PEKUNDEN,3374011013003,16,97,87,200,3374011013003,KOTA SEMARANG,PEKUNDEN,TPS 003,217,200,16,97,87,0.08,0.485,0.435,0.9217,3,203,False,https://pemilu2024.kpu.go.id/pilpres/hitung-suara/33/3374/337401/3374011013/3374011013003,2024-02-16 21:01:00,PASLON 02
JAWA TENGAH,KOTA SEMARANG,SEMARANG TENGAH,PEKUNDEN,3374011013005,23,79,84,186,3374011013005,KOTA SEMARANG,PEKUNDEN,TPS 005,202,186,23,79,84,0.1237,0.4247,0.4516,0.9208,3,129,False,https://pemilu2024.kpu.go.id/pilpres/hitung-suara/33/3374/337401/3374011013/3374011013005,2024-02-20 13:00:00,PASLON 03
JAWA TENGAH,KOTA SEMARANG,SEMARANG TENGAH,PEKUNDEN,3374011013006,17,81,93,191,3374011013006,KOTA SEMARANG,PEKUNDEN,TPS 006,230,191,17,81,93,0.089,0.4241,0.4869,0.8304,0,191,True,https://pemilu2024.kpu.go.id/pilpres/hitung-suara/33/3374/337401/3374011013/3374011013006,2024-02-17 13:37:34,PASLON 03
JAWA TENGAH,KOTA SEMARANG,SEMARANG TENGAH,PEKUNDEN,3374011013007,16,68,110,194,3374011013007,KOTA SEMARANG,PEKUNDEN,TPS 007,255,194,16,68,110,0.0825,0.3505,0.567,0.7608,6,200,False,https://pemilu2024.kpu.go.id/pilpres/hitung-suara/33/3374/337401/3374011013/3374011013007,2024-02-16 12:51:22,PASLON 03
JAWA TENGAH,KOTA SEMARANG,SEMARANG TENGAH,PEKUNDEN,3374011013009,1,56,136,193,3374011013009,KOTA SEMARANG,PEKUNDEN,TPS 009,230,193,1,56,136,0.0052,0.2902,0.7047,0.8391,0,193,False,https://pemilu2024.kpu.go.id/pilpres/hitung-suara/33/3374/337401/3374011013/3374011013009,2024-02-16 14:30:33,PASLON 03
JAWA TENGAH,KOTA SEMARANG,SEMARANG TENGAH,PEKUNDEN,3374011013010,21,103,112,236,3374011013010,KOTA SEMARANG,PEKUNDEN,TPS 010,283,236,21,103,112,0.089,0.4364,0.4746,0.8339,3,239,False,https://pemilu2024.kpu.go.id/pilpres/hitung-suara/33/3374/337401/3374011013/3374011013010,2024-02-21 16:00:00,PASLON 03
JAWA TENGAH,KOTA SEMARANG,SEMARANG TENGAH,PEKUNDEN,3374011013011,9,87,87,183,3374011013011,KOTA SEMARANG,PEKUNDEN,TPS 011,247,183,9,87,87,0.0492,0.4754,0.4754,0.7409,1,184,False,https://pemilu2024.kpu.go.id/pilpres/hitung-suara/33/3374/337401/3374011013/3374011013011,2024-02-17 11:00:02,PASLON 02
JAWA TENGAH,KOTA SEMARANG,SEMARANG TENGAH,PINDRIKAN KIDUL,3374011014001,44,72,92,208,3374011014001,KOTA SEMARANG,PINDRIKAN KIDUL,TPS 001,257,208,44,72,92,0.2115,0.3462,0.4423,0.8093,0,208,False,https://pemilu2024.kpu.go.id/pilpres/hitung-suara/33/3374/337401/3374011014/3374011014001,2024-02-15 05:00:24,PASLON 03
JAWA TENGAH,KOTA SEMARANG,SEMARANG TENGAH,PINDRIKAN KIDUL,3374011014003,41,56,70,167,3374011014003,KOTA SEMARANG,PINDRIKAN KIDUL,TPS 003,196,167,41,56,70,0.2455,0.3353,0.4192,0.852,3,170,False,https://pemilu2024.kpu.go.id/pilpres/hitung-suara/33/3374/337401/3374011014/3374011014003,2024-02-16 16:25:10,PASLON 03
JAWA TENGAH,KOTA SEMARANG,SEMARANG TENGAH,PINDRIKAN KIDUL,3374011014005,69,87,58,214,3374011014005,KOTA SEMARANG,PINDRIKAN KIDUL,TPS 005,248,214,69,87,58,0.3224,0.4065,0.271,0.8629,1,215,False,https://pemilu2024.kpu.go.id/pilpres/hitung-suara/33/3374/337401/3374011014/3374011014005,2024-02-15 09:00:24,PASLON 02
JAWA TENGAH,KOTA SEMARANG,SEMARANG TENGAH,PINDRIKAN KIDUL,3374011014006,41,67,74,182,3374011014006,KOTA SEMARANG,PINDRIKAN KIDUL,TPS 006,252,182,41,67,74,0.2253,0.3681,0.4066,0.7222,0,182,True,https://pemilu2024.kpu.go.id/pilpres/hitung-suara/33/3374/337401/3374011014/3374011014006,2024-02-24 22:31:28,PASLON 03
JAWA TENGAH,KOTA SEMARANG,SEMARANG TENGAH,PINDRIKAN KIDUL,3374011014008,28,94,91,213,3374011014008,KOTA SEMARANG,PINDRIKAN KIDUL,TPS 008,268,213,28,94,91,0.1315,0.4413,0.4272,0.7948,2,215,False,https://pemilu2024.kpu.go.id/pilpres/hitung-suara/33/3374/337401/3374011014/3374011014008,2024-02-16 16:25:10,PASLON 02
JAWA TENGAH,KOTA SEMARANG,SEMARANG TENGAH,PINDRIKAN KIDUL,3374011014901,8,132,82,222,3374011014901,KOTA SEMARANG,PINDRIKAN KIDUL,TPS 901,252,222,8,132,82,0.036,0.5946,0.3694,0.881,0,222,True,https://pemilu2024.kpu.go.id/pilpres/hitung-suara/33/3374/337401/3374011014/3374011014901,2024-02-24 22:31:28,PASLON 02
JAWA TENGAH,KOTA SEMARANG,SEMARANG TENGAH,PINDRIKAN LOR,3374011015001,33,84,96,213,3374011015001,KOTA SEMARANG,PINDRIKAN LOR,TPS 001,293,213,33,84,96,0.1549,0.3944,0.4507,0.727,9,222,False,https://pemilu2024.kpu.go.id/pilpres/hitung-suara/33/3374/337401/3374011015/3374011015001,2024-02-15 05:00:24,PASLON 03
JAWA TENGAH,KOTA SEMARANG,SEMARANG TENGAH,PINDRIKAN LOR,3374011015002,34,76,102,212,3374011015002,KOTA SEMARANG,PINDRIKAN LOR,TPS 002,285,212,34,76,102,0.1604,0.3585,0.4811,0.7439,6,218,False,https://pemilu2024.kpu.go.id/pilpres/hitung-suara/33/3374/337401/3374011015/3374011015002,2024-02-15 12:00:28,PASLON 03
JAWA TENGAH,KOTA SEMARANG,SEMARANG TENGAH,PINDRIKAN LOR,3374011015003,30,111,60,201,3374011015003,KOTA SEMARANG,PINDRIKAN LOR,TPS 003,285,201,30,111,60,0.1493,0.5522,0.2985,0.7053,0,201,True,https://pemilu2024.kpu.go.id/pilpres/hitung-suara/33/3374/337401/3374011015/3374011015003,2024-02-17 11:00:02,PASLON 02
JAWA TENGAH,KOTA SEMARANG,SEMARANG TENGAH,PINDRIKAN LOR,3374011015005,55,90,79,224,3374011015005,KOTA SEMARANG,PINDRIKAN LOR,TPS 005,286,224,55,90,79,0.2455,0.4018,0.3527,0.7832,3,227,False,https://pemilu2024.kpu.go.id/pilpres/hitung-suara/33/3374/337401/3374011015/3374011015005,2024-02-15 21:01:18,PASLON 02
JAWA TENGAH,KOTA SEMARANG,SEMARANG TENGAH,PINDRIKAN LOR,3374011015006,34,109,82,225,3374011015006,KOTA SEMARANG,PINDRIKAN LOR,TPS 006,285,225,34,109,82,0.1511,0.4844,0.3644,0.7895,0,225,True,https://pemilu2024.kpu.go.id/pilpres/hitung-suara/33/3374/337401/3374011015/3374011015006,2024-02-17 11:00:02,PASLON 02
JAWA TENGAH,KOTA SEMARANG,SEMARANG TENGAH,PINDRIKAN LOR,3374011015010,52,80,105,237,3374011015010,KOTA SEMARANG,PINDRIKAN LOR,TPS 010,285,237,52,80,105,0.2194,0.3376,0.443,0.8316,0,237,True,https://pemilu2024.kpu.go.id/pilpres/hitung-suara/33/3374/337401/3374011015/3374011015010,2024-02-15 16:30:25,PASLON 03
JAWA TENGAH,KOTA SEMARANG,SEMARANG TENGAH,PINDRIKAN LOR,3374011015011,28,96,95,219,3374011015011,KOTA SEMARANG,PINDRIKAN LOR,TPS 011,285,219,28,96,95,0.1279,0.4384,0.4338,0.7684,0,219,True,https://pemilu2024.kpu.go.id/pilpres/hitung-suara/33/3374/337401/3374011015/3374011015011,2024-02-15 20:00:44,PASLON 02
JAWA TENGAH,KOTA SEMARANG,SEMARANG TENGAH,PINDRIKAN LOR,3374011015013,28,75,117,220,3374011015013,KOTA SEMARANG,PINDRIKAN LOR,TPS 013,281,220,28,75,117,0.1273,0.3409,0.5318,0.7829,5,5,False,https://pemilu2024.kpu.go.id/pilpres/hitung-suara/33/3374/337401/3374011015/3374011015013,2024-02-16 16:25:10,PASLON 03
JAWA TENGAH,KOTA SEMARANG,SEMARANG TENGAH,PINDRIKAN LOR,3374011015015,13,56,65,134,3374011015015,KOTA SEMARANG,PINDRIKAN LOR,TPS 015,180,134,13,56,65,0.097,0.4179,0.4851,0.7444,5,139,False,https://pemilu2024.kpu.go.id/pilpres/hitung-suara/33/3374/337401/3374011015/3374011015015,2024-02-14 21:46:01,PASLON 03
JAWA TENGAH,KOTA SEMARANG,SEMARANG TENGAH,PURWODINATAN,3374011011006,29,76,103,208,3374011011006,KOTA SEMARANG,PURWODINATAN,TPS 006,263,208,29,76,103,0.1394,0.3654,0.4952,0.7909,4,212,False,https://pemilu2024.kpu.go.id/pilpres/hitung-suara/33/3374/337401/3374011011/3374011011006,2024-02-15 20:00:44,PASLON 03
JAWA TENGAH,KOTA SEMARANG,SEMARANG TENGAH,PURWODINATAN,3374011011007,68,97,47,212,3374011011007,KOTA SEMARANG,PURWODINATAN,TPS 007,263,212,68,97,47,0.3208,0.4575,0.2217,0.8061,6,218,False,https://pemilu2024.kpu.go.id/pilpres/hitung-suara/33/3374/337401/3374011011/3374011011007,2024-02-17 11:00:02,PASLON 02
JAWA TENGAH,KOTA SEMARANG,SEMARANG TENGAH,PURWODINATAN,3374011011011,17,65,99,181,3374011011011,KOTA SEMARANG,PURWODINATAN,TPS 011,247,181,17,65,99,0.0939,0.3591,0.547,0.7328,6,187,False,https://pemilu2024.kpu.go.id/pilpres/hitung-suara/33/3374/337401/3374011011/3374011011011,2024-02-16 12:51:22,PASLON 03
JAWA TENGAH,KOTA SEMARANG,SEMARANG TENGAH,SEKAYU,3374011007001,59,75,67,201,3374011007001,KOTA SEMARANG,SEKAYU,TPS 001,228,201,59,75,67,0.2935,0.3731,0.3333,0.8816,10,211,False,https://pemilu2024.kpu.go.id/pilpres/hitung-suara/33/3374/337401/3374011007/3374011007001,2024-02-16 14:00:34,PASLON 02
JAWA TENGAH,KOTA SEMARANG,SEMARANG TENGAH,SEKAYU,3374011007002,29,99,55,183,3374011007002,KOTA SEMARANG,SEKAYU,TPS 002,229,183,29,99,55,0.1585,0.541,0.3005,0.7991,12,195,False,https://pemilu2024.kpu.go.id/pilpres/hitung-suara/33/3374/337401/3374011007/3374011007002,2024-02-15 19:30:26,PASLON 02
JAWA TENGAH,KOTA SEMARANG,SEMARANG TENGAH,SEKAYU,3374011007005,33,99,71,203,3374011007005,KOTA SEMARANG,SEKAYU,TPS 005,238,203,33,99,71,0.1626,0.4877,0.3498,0.8529,5,208,False,https://pemilu2024.kpu.go.id/pilpres/hitung-suara/33/3374/337401/3374011007/3374011007005,2024-02-15 16:00:26,PASLON 02
JAWA TENGAH,KOTA SEMARANG,SEMARANG TENGAH,SEKAYU,3374011007007,31,72,95,198,3374011007007,KOTA SEMARANG,SEKAYU,TPS 007,232,198,31,72,95,0.1566,0.3636,0.4798,0.8534,0,198,True,https://pemilu2024.kpu.go.id/pilpres/hitung-suara/33/3374/337401/3374011007/3374011007007,2024-02-15 21:01:18,PASLON 03
JAWA TENGAH,KOTA SEMARANG,SEMARANG TENGAH,SEKAYU,3374011007008,20,93,80,193,3374011007008,KOTA SEMARANG,SEKAYU,TPS 008,235,193,20,93,80,0.1036,0.4819,0.4145,0.8213,3,196,False,https://pemilu2024.kpu.go.id/pilpres/hitung-suara/33/3374/337401/3374011007/3374011007008,2024-02-14 21:46:01,PASLON 02
JAWA TENGAH,KOTA SEMARANG,SEMARANG TENGAH,SEKAYU,3374011007010,11,73,103,187,3374011007010,KOTA SEMARANG,SEKAYU,TPS 010,232,187,11,73,103,0.0588,0.3904,0.5508,0.806,0,187,True,https://pemilu2024.kpu.go.id/pilpres/hitung-suara/33/3374/337401/3374011007/3374011007010,2024-02-15 21:01:18,PASLON 03
JAWA TENGAH,KOTA SEMARANG,SEMARANG TIMUR,BUGANGAN,3374031006001,17,82,104,203,3374031006001,KOTA SEMARANG,BUGANGAN,TPS 001,262,203,17,82,104,0.0837,0.4039,0.5123,0.7748,0,203,True,https://pemilu2024.kpu.go.id/pilpres/hitung-suara/33/3374/337403/3374031006/3374031006001,2024-02-15 21:30:27,PASLON 03
JAWA TENGAH,KOTA SEMARANG,SEMARANG TIMUR,BUGANGAN,3374031006002,18,87,130,235,3374031006002,KOTA SEMARANG,BUGANGAN,TPS 002,262,235,18,87,130,0.0766,0.3702,0.5532,0.8969,0,235,True,https://pemilu2024.kpu.go.id/pilpres/hitung-suara/33/3374/337403/3374031006/3374031006002,2024-02-15 21:30:27,PASLON 03
JAWA TENGAH,KOTA SEMARANG,SEMARANG TIMUR,BUGANGAN,3374031006007,31,69,112,212,3374031006007,KOTA SEMARANG,BUGANGAN,TPS 007,268,212,31,69,112,0.1462,0.3255,0.5283,0.791,7,219,False,https://pemilu2024.kpu.go.id/pilpres/hitung-suara/33/3374/337403/3374031006/3374031006007,2024-02-16 05:30:26,PASLON 03
JAWA TENGAH,KOTA SEMARANG,SEMARANG TIMUR,BUGANGAN,3374031006008,19,75,99,193,3374031006008,KOTA SEMARANG,BUGANGAN,TPS 008,262,193,19,75,99,0.0984,0.3886,0.513,0.7366,3,196,False,https://pemilu2024.kpu.go.id/pilpres/hitung-suara/33/3374/337403/3374031006/3374031006008,2024-02-17 11:30:03,PASLON 03
JAWA TENGAH,KOTA SEMARANG,SEMARANG TIMUR,BUGANGAN,3374031006011,21,130,77,228,3374031006011,KOTA SEMARANG,BUGANGAN,TPS 011,278,228,21,130,77,0.0921,0.5702,0.3377,0.8201,3,231,False,https://pemilu2024.kpu.go.id/pilpres/hitung-suara/33/3374/337403/3374031006/3374031006011,2024-02-16 10:30:29,PASLON 02
JAWA TENGAH,KOTA SEMARANG,SEMARANG TIMUR,BUGANGAN,3374031006012,29,110,102,241,3374031006012,KOTA SEMARANG,BUGANGAN,TPS 012,291,241,29,110,102,0.1203,0.4564,0.4232,0.8282,2,243,False,https://pemilu2024.kpu.go.id/pilpres/hitung-suara/33/3374/337403/3374031006/3374031006012,2024-02-15 05:00:24,PASLON 02
JAWA TENGAH,KOTA SEMARANG,SEMARANG TIMUR,BUGANGAN,3374031006014,24,97,115,236,3374031006014,KOTA SEMARANG,BUGANGAN,TPS 014,262,236,24,97,115,0.1017,0.411,0.4873,0.9008,0,236,True,https://pemilu2024.kpu.go.id/pilpres/hitung-suara/33/3374/337403/3374031006/3374031006014,2024-02-15 21:30:27,PASLON 03
JAWA TENGAH,KOTA SEMARANG,SEMARANG TIMUR,BUGANGAN,3374031006015,7,88,88,183,3374031006015,KOTA SEMARANG,BUGANGAN,TPS 015,262,183,7,88,88,0.0383,0.4809,0.4809,0.6985,0,183,True,https://pemilu2024.kpu.go.id/pilpres/hitung-suara/33/3374/337403/3374031006/3374031006015,2024-02-24 22:31:28,PASLON 02
JAWA TENGAH,KOTA SEMARANG,SEMARANG TIMUR,BUGANGAN,3374031006020,3,86,95,184,3374031006020,KOTA SEMARANG,BUGANGAN,TPS 020,211,184,3,86,95,0.0163,0.4674,0.5163,0.872,3,187,False,https://pemilu2024.kpu.go.id/pilpres/hitung-suara/33/3374/337403/3374031006/3374031006020,2024-02-17 11:30:03,PASLON 03
JAWA TENGAH,KOTA SEMARANG,SEMARANG TIMUR,BUGANGAN,3374031006021,12,63,125,200,3374031006021,KOTA SEMARANG,BUGANGAN,TPS 021,255,200,12,63,125,0.06,0.315,0.625,0.7843,1,201,False,https://pemilu2024.kpu.go.id/pilpres/hitung-suara/33/3374/337403/3374031006/3374031006021,2024-02-16 14:30:33,PASLON 03
JAWA TENGAH,KOTA SEMARANG,SEMARANG TIMUR,BUGANGAN,3374031006022,4,68,80,152,3374031006022,KOTA SEMARANG,BUGANGAN,TPS 022,210,152,4,68,80,0.0263,0.4474,0.5263,0.7238,2,154,False,https://pemilu2024.kpu.go.id/pilpres/hitung-suara/33/3374/337403/3374031006/3374031006022,2024-02-16 16:25:10,PASLON 03
JAWA TENGAH,KOTA SEMARANG,SEMARANG TIMUR,KARANGTEMPEL,3374031010006,9,87,126,222,3374031010006,KOTA SEMARANG,KARANGTEMPEL,TPS 006,278,222,9,87,126,0.0405,0.3919,0.5676,0.7986,4,226,False,https://pemilu2024.kpu.go.id/pilpres/hitung-suara/33/3374/337403/3374031010/3374031010006,2024-02-16 14:30:33,PASLON 03
JAWA TENGAH,KOTA SEMARANG,SEMARANG TIMUR,KARANGTEMPEL,3374031010009,38,87,102,227,3374031010009,KOTA SEMARANG,KARANGTEMPEL,TPS 009,278,227,38,87,102,0.1674,0.3833,0.4493,0.8165,0,227,True,https://pemilu2024.kpu.go.id/pilpres/hitung-suara/33/3374/337403/3374031010/3374031010009,2024-02-15 21:30:27,PASLON 03
JAWA TENGAH,KOTA SEMARANG,SEMARANG TIMUR,KARANGTURI,3374031009002,21,83,107,211,3374031009002,KOTA SEMARANG,KARANGTURI,TPS 002,280,211,21,83,107,0.0995,0.3934,0.5071,0.7536,4,215,False,https://pemilu2024.kpu.go.id/pilpres/hitung-suara/33/3374/337403/3374031009/3374031009002,2024-02-15 20:30:46,PASLON 03
JAWA TENGAH,KOTA SEMARANG,SEMARANG TIMUR,KARANGTURI,3374031009007,24,76,105,205,3374031009007,KOTA SEMARANG,KARANGTURI,TPS 007,280,205,24,76,105,0.1171,0.3707,0.5122,0.7321,0,205,True,https://pemilu2024.kpu.go.id/pilpres/hitung-suara/33/3374/337403/3374031009/3374031009007,2024-02-16 16:25:10,PASLON 03
JAWA TENGAH,KOTA SEMARANG,SEMARANG TIMUR,KARANGTURI,3374031009008,8,68,119,195,3374031009008,KOTA SEMARANG,KARANGTURI,TPS 008,280,195,8,68,119,0.041,0.3487,0.6103,0.6964,0,195,True,https://pemilu2024.kpu.go.id/pilpres/hitung-suara/33/3374/337403/3374031009/3374031009008,2024-02-16 06:00:27,PASLON 03
JAWA TENGAH,KOTA SEMARANG,SEMARANG TIMUR,KEBONAGUNG,3374031004003,57,100,73,230,3374031004003,KOTA SEMARANG,KEBONAGUNG,TPS 003,272,230,57,100,73,0.2478,0.4348,0.3174,0.8456,0,230,True,https://pemilu2024.kpu.go.id/pilpres/hitung-suara/33/3374/337403/3374031004/3374031004003,2024-02-19 06:16:00,PASLON 02
JAWA TENGAH,KOTA SEMARANG,SEMARANG TIMUR,KEBONAGUNG,3374031004004,54,93,83,230,3374031004004,KOTA SEMARANG,KEBONAGUNG,TPS 004,275,230,54,93,83,0.2348,0.4043,0.3609,0.8364,2,232,False,https://pemilu2024.kpu.go.id/pilpres/hitung-suara/33/3374/337403/3374031004/3374031004004,2024-02-15 15:00:29,PASLON 02
JAWA TENGAH,KOTA SEMARANG,SEMARANG TIMUR,KEBONAGUNG,3374031004005,100,63,60,223,3374031004005,KOTA SEMARANG,KEBONAGUNG,TPS 005,272,223,100,63,60,0.4484,0.2825,0.2691,0.8199,0,223,True,https://pemilu2024.kpu.go.id/pilpres/hitung-suara/33/3374/337403/3374031004/3374031004005,2024-02-15 21:30:27,PASLON 01
JAWA TENGAH,KOTA SEMARANG,SEMARANG TIMUR,KEBONAGUNG,3374031004007,19,77,109,205,3374031004007,KOTA SEMARANG,KEBONAGUNG,TPS 007,274,205,19,77,109,0.0927,0.3756,0.5317,0.7482,2,207,False,https://pemilu2024.kpu.go.id/pilpres/hitung-suara/33/3374/337403/3374031004/3374031004007,2024-02-16 16:25:10,PASLON 03
JAWA TENGAH,KOTA SEMARANG,SEMARANG TIMUR,KEBONAGUNG,3374031004008,40,61,87,188,3374031004008,KOTA SEMARANG,KEBONAGUNG,TPS 008,271,188,40,61,87,0.2128,0.3245,0.4628,0.6937,6,200,False,https://pemilu2024.kpu.go.id/pilpres/hitung-suara/33/3374/337403/3374031004/3374031004008,2024-02-16 10:00:28,PASLON 03
JAWA TENGAH,KOTA SEMARANG,SEMARANG TIMUR,KEBONAGUNG,3374031004009,5,62,154,221,3374031004009,KOTA SEMARANG,KEBONAGUNG,TPS 009,266,221,5,62,154,0.0226,0.2805,0.6968,0.8308,4,225,False,https://pemilu2024.kpu.go.id/pilpres/hitung-suara/33/3374/337403/3374031004/3374031004009,2024-02-19 06:16:00,PASLON 03
JAWA TENGAH,KOTA SEMARANG,SEMARANG TIMUR,KEBONAGUNG,3374031004010,20,78,91,189,3374031004010,KOTA SEMARANG,KEBONAGUNG,TPS 010,791,189,20,78,91,0.1058,0.4127,0.4815,0.2389,2,191,False,https://pemilu2024.kpu.go.id/pilpres/hitung-suara/33/3374/337403/3374031004/3374031004010,2024-02-15 17:00:25,PASLON 03
JAWA TENGAH,KOTA SEMARANG,SEMARANG TIMUR,KEBONAGUNG,3374031004012,19,73,96,188,3374031004012,KOTA SEMARANG,KEBONAGUNG,TPS 012,245,188,19,73,96,0.1011,0.3883,0.5106,0.7673,6,194,False,https://pemilu2024.kpu.go.id/pilpres/hitung-suara/33/3374/337403/3374031004/3374031004012,2024-02-17 11:30:03,PASLON 03
JAWA TENGAH,KOTA SEMARANG,SEMARANG TIMUR,KEMIJEN,3374031001002,20,88,80,188,3374031001002,KOTA SEMARANG,KEMIJEN,TPS 002,275,188,20,88,80,0.1064,0.4681,0.4255,0.6836,0,188,True,https://pemilu2024.kpu.go.id/pilpres/hitung-suara/33/3374/337403/3374031001/3374031001002,2024-02-24 22:31:28,PASLON 02
JAWA TENGAH,KOTA SEMARANG,SEMARANG TIMUR,KEMIJEN,3374031001003,14,103,99,216,3374031001003,KOTA SEMARANG,KEMIJEN,TPS 003,266,216,14,103,99,0.0648,0.4769,0.4583,0.812,8,224,False,https://pemilu2024.kpu.go.id/pilpres/hitung-suara/33/3374/337403/3374031001/3374031001003,2024-02-17 11:30:03,PASLON 02
JAWA TENGAH,KOTA SEMARANG,SEMARANG TIMUR,KEMIJEN,3374031001006,57,125,58,240,3374031001006,KOTA SEMARANG,KEMIJEN,TPS 006,279,240,57,125,58,0.2375,0.5208,0.2417,0.8602,10,250,False,https://pemilu2024.kpu.go.id/pilpres/hitung-suara/33/3374/337403/3374031001/3374031001006,2024-02-15 00:41:44,PASLON 02
JAWA TENGAH,KOTA SEMARANG,SEMARANG TIMUR,KEMIJEN,3374031001008,12,98,107,217,3374031001008,KOTA SEMARANG,KEMIJEN,TPS 008,275,217,12,98,107,0.0553,0.4516,0.4931,0.7891,6,223,False,https://pemilu2024.kpu.go.id/pilpres/hitung-suara/33/3374/337403/3374031001/3374031001008,2024-02-16 12:51:22,PASLON 03
JAWA TENGAH,KOTA SEMARANG,SEMARANG TIMUR,KEMIJEN,3374031001009,24,68,117,209,3374031001009,KOTA SEMARANG,KEMIJEN,TPS 009,275,209,24,68,117,0.1148,0.3254,0.5598,0.76,0,209,True,https://pemilu2024.kpu.go.id/pilpres/hitung-suara/33/3374/337403/3374031001/3374031001009,2024-02-15 22:30:27,PASLON 03
JAWA TENGAH,KOTA SEMARANG,SEMARANG TIMUR,KEMIJEN,3374031001010,25,85,120,230,3374031001010,KOTA SEMARANG,KEMIJEN,TPS 010,275,230,25,85,120,0.1087,0.3696,0.5217,0.8364,0,230,True,https://pemilu2024.kpu.go.id/pilpres/hitung-suara/33/3374/337403/3374031001/3374031001010,2024-02-15 21:01:18,PASLON 03
JAWA TENGAH,KOTA SEMARANG,SEMARANG TIMUR,KEMIJEN,3374031001011,21,111,92,224,3374031001011,KOTA SEMARANG,KEMIJEN,TPS 011,273,224,21,111,92,0.0938,0.4955,0.4107,0.8205,2,226,False,https://pemilu2024.kpu.go.id/pilpres/hitung-suara/33/3374/337403/3374031001/3374031001011,2024-02-17 11:30:03,PASLON 02
JAWA TENGAH,KOTA SEMARANG,SEMARANG TIMUR,KEMIJEN,3374031001012,24,100,113,237,3374031001012,KOTA SEMARANG,KEMIJEN,TPS 012,275,237,24,100,113,0.1013,0.4219,0.4768,0.8618,0,237,True,https://pemilu2024.kpu.go.id/pilpres/hitung-suara/33/3374/337403/3374031001/3374031001012,2024-02-15 21:01:18,PASLON 03
JAWA TENGAH,KOTA SEMARANG,SEMARANG TIMUR,KEMIJEN,3374031001013,6,98,111,215,3374031001013,KOTA SEMARANG,KEMIJEN,TPS 013,275,215,6,98,111,0.0279,0.4558,0.5163,0.7818,0,215,True,https://pemilu2024.kpu.go.id/pilpres/hitung-suara/33/3374/337403/3374031001/3374031001013,2024-02-17 14:45:18,PASLON 03
JAWA TENGAH,KOTA SEMARANG,SEMARANG TIMUR,KEMIJEN,3374031001014,7,123,83,213,3374031001014,KOTA SEMARANG,KEMIJEN,TPS 014,275,213,7,123,83,0.0329,0.5775,0.3897,0.7745,0,213,True,https://pemilu2024.kpu.go.id/pilpres/hitung-suara/33/3374/337403/3374031001/3374031001014,2024-02-15 21:01:18,PASLON 02
JAWA TENGAH,KOTA SEMARANG,SEMARANG TIMUR,KEMIJEN,3374031001015,15,98,84,197,3374031001015,KOTA SEMARANG,KEMIJEN,TPS 015,263,197,15,98,84,0.0761,0.4975,0.4264,0.749,12,209,False,https://pemilu2024.kpu.go.id/pilpres/hitung-suara/33/3374/337403/3374031001/3374031001015,2024-02-21 18:00:00,PASLON 02
JAWA TENGAH,KOTA SEMARANG,SEMARANG TIMUR,KEMIJEN,3374031001017,15,127,65,207,3374031001017,KOTA SEMARANG,KEMIJEN,TPS 017,275,207,15,127,65,0.0725,0.6135,0.314,0.7527,10,217,False,https://pemilu2024.kpu.go.id/pilpres/hitung-suara/33/3374/337403/3374031001/3374031001017,2024-02-16 14:30:33,PASLON 02
JAWA TENGAH,KOTA SEMARANG,SEMARANG TIMUR,KEMIJEN,3374031001018,14,118,84,216,3374031001018,KOTA SEMARANG,KEMIJEN,TPS 018,256,216,14,118,84,0.0648,0.5463,0.3889,0.8438,10,226,False,https://pemilu2024.kpu.go.id/pilpres/hitung-suara/33/3374/337403/3374031001/3374031001018,2024-02-22 12:00:00,PASLON 02
JAWA TENGAH,KOTA SEMARANG,SEMARANG TIMUR,KEMIJEN,3374031001019,16,107,98,221,3374031001019,KOTA SEMARANG,KEMIJEN,TPS 019,275,221,16,107,98,0.0724,0.4842,0.4434,0.8036,0,221,True,https://pemilu2024.kpu.go.id/pilpres/hitung-suara/33/3374/337403/3374031001/3374031001019,2024-02-15 22:30:27,PASLON 02
JAWA TENGAH,KOTA SEMARANG,SEMARANG TIMUR,KEMIJEN,3374031001020,25,135,75,235,3374031001020,KOTA SEMARANG,KEMIJEN,TPS 020,275,235,25,135,75,0.1064,0.5745,0.3191,0.8545,0,235,True,https://pemilu2024.kpu.go.id/pilpres/hitung-suara/33/3374/337403/3374031001/3374031001020,2024-02-15 21:01:18,PASLON 02
JAWA TENGAH,KOTA SEMARANG,SEMARANG TIMUR,KEMIJEN,3374031001022,14,106,94,214,3374031001022,KOTA SEMARANG,KEMIJEN,TPS 022,275,214,14,106,94,0.0654,0.4953,0.4393,0.7782,0,214,True,https://pemilu2024.kpu.go.id/pilpres/hitung-suara/33/3374/337403/3374031001/3374031001022,2024-02-15 22:30:27,PASLON 02
JAWA TENGAH,KOTA SEMARANG,SEMARANG TIMUR,KEMIJEN,3374031001023,10,124,80,214,3374031001023,KOTA SEMARANG,KEMIJEN,TPS 023,275,214,10,124,80,0.0467,0.5794,0.3738,0.7782,10,224,False,https://pemilu2024.kpu.go.id/pilpres/hitung-suara/33/3374/337403/3374031001/3374031001023,2024-02-14 21:46:01,PASLON 02
JAWA TENGAH,KOTA SEMARANG,SEMARANG TIMUR,KEMIJEN,3374031001028,6,126,67,199,3374031001028,KOTA SEMARANG,KEMIJEN,TPS 028,275,199,6,126,67,0.0302,0.6332,0.3367,0.7236,0,199,True,https://pemilu2024.kpu.go.id/pilpres/hitung-suara/33/3374/337403/3374031001/3374031001028,2024-02-15 22:30:27,PASLON 02
JAWA TENGAH,KOTA SEMARANG,SEMARANG TIMUR,KEMIJEN,3374031001033,16,103,96,215,3374031001033,KOTA SEMARANG,KEMIJEN,TPS 033,275,215,16,103,96,0.0744,0.4791,0.4465,0.7818,0,215,True,https://pemilu2024.kpu.go.id/pilpres/hitung-suara/33/3374/337403/3374031001/3374031001033,2024-02-16 05:30:26,PASLON 02
JAWA TENGAH,KOTA SEMARANG,SEMARANG TIMUR,KEMIJEN,3374031001034,19,87,105,211,3374031001034,KOTA SEMARANG,KEMIJEN,TPS 034,278,211,19,87,105,0.09,0.4123,0.4976,0.759,9,220,False,https://pemilu2024.kpu.go.id/pilpres/hitung-suara/33/3374/337403/3374031001/3374031001034,2024-02-24 22:31:28,PASLON 03
JAWA TENGAH,KOTA SEMARANG,SEMARANG TIMUR,KEMIJEN,3374031001035,17,90,101,208,3374031001035,KOTA SEMARANG,KEMIJEN,TPS 035,280,208,17,90,101,0.0817,0.4327,0.4856,0.7429,5,213,False,https://pemilu2024.kpu.go.id/pilpres/hitung-suara/33/3374/337403/3374031001/3374031001035,2024-02-16 16:25:10,PASLON 03
JAWA TENGAH,KOTA SEMARANG,SEMARANG TIMUR,KEMIJEN,3374031001037,13,125,85,223,3374031001037,KOTA SEMARANG,KEMIJEN,TPS 037,275,223,13,125,85,0.0583,0.5605,0.3812,0.8109,0,223,True,https://pemilu2024.kpu.go.id/pilpres/hitung-suara/33/3374/337403/3374031001/3374031001037,2024-02-24 22:31:28,PASLON 02
JAWA TENGAH,KOTA SEMARANG,SEMARANG TIMUR,MLATIBARU,3374031003001,14,55,124,193,3374031003001,KOTA SEMARANG,MLATIBARU,TPS 001,263,193,14,55,124,0.0725,0.285,0.6425,0.7338,2,195,False,https://pemilu2024.kpu.go.id/pilpres/hitung-suara/33/3374/337403/3374031003/3374031003001,2024-02-15 20:30:46,PASLON 03
JAWA TENGAH,KOTA SEMARANG,SEMARANG TIMUR,MLATIBARU,3374031003004,61,69,80,210,3374031003004,KOTA SEMARANG,MLATIBARU,TPS 004,271,210,61,69,80,0.2905,0.3286,0.381,0.7749,0,210,True,https://pemilu2024.kpu.go.id/pilpres/hitung-suara/33/3374/337403/3374031003/3374031003004,2024-02-15 21:01:18,PASLON 03
JAWA TENGAH,KOTA SEMARANG,SEMARANG TIMUR,MLATIBARU,3374031003008,6,87,102,195,3374031003008,KOTA SEMARANG,MLATIBARU,TPS 008,271,195,6,87,102,0.0308,0.4462,0.5231,0.7196,0,195,True,https://pemilu2024.kpu.go.id/pilpres/hitung-suara/33/3374/337403/3374031003/3374031003008,2024-02-16 05:30:26,PASLON 03
JAWA TENGAH,KOTA SEMARANG,SEMARANG TIMUR,MLATIBARU,3374031003009,24,108,98,230,3374031003009,KOTA SEMARANG,MLATIBARU,TPS 009,271,230,24,108,98,0.1043,0.4696,0.4261,0.8487,0,230,True,https://pemilu2024.kpu.go.id/pilpres/hitung-suara/33/3374/337403/3374031003/3374031003009,2024-02-24 22:31:28,PASLON 02
JAWA TENGAH,KOTA SEMARANG,SEMARANG TIMUR,MLATIBARU,3374031003011,18,96,94,208,3374031003011,KOTA SEMARANG,MLATIBARU,TPS 011,271,208,18,96,94,0.0865,0.4615,0.4519,0.7675,9,217,False,https://pemilu2024.kpu.go.id/pilpres/hitung-suara/33/3374/337403/3374031003/3374031003011,2024-02-19 06:16:00,PASLON 02
JAWA TENGAH,KOTA SEMARANG,SEMARANG TIMUR,MLATIBARU,3374031003013,24,109,76,209,3374031003013,KOTA SEMARANG,MLATIBARU,TPS 013,271,209,24,109,76,0.1148,0.5215,0.3636,0.7712,0,209,True,https://pemilu2024.kpu.go.id/pilpres/hitung-suara/33/3374/337403/3374031003/3374031003013,2024-02-15 07:00:44,PASLON 02
JAWA TENGAH,KOTA SEMARANG,SEMARANG TIMUR,MLATIBARU,3374031003017,15,101,104,220,3374031003017,KOTA SEMARANG,MLATIBARU,TPS 017,273,220,15,101,104,0.0682,0.4591,0.4727,0.8059,1,221,False,https://pemilu2024.kpu.go.id/pilpres/hitung-suara/33/3374/337403/3374031003/3374031003017,2024-02-24 22:31:28,PASLON 03
JAWA TENGAH,KOTA SEMARANG,SEMARANG TIMUR,MLATIBARU,3374031003018,26,132,64,222,3374031003018,KOTA SEMARANG,MLATIBARU,TPS 018,271,222,26,132,64,0.1171,0.5946,0.2883,0.8192,0,222,True,https://pemilu2024.kpu.go.id/pilpres/hitung-suara/33/3374/337403/3374031003/3374031003018,2024-02-15 23:29:50,PASLON 02
JAWA TENGAH,KOTA SEMARANG,SEMARANG TIMUR,MLATIHARJO,3374031005003,15,88,75,178,3374031005003,KOTA SEMARANG,MLATIHARJO,TPS 003,271,178,15,88,75,0.0843,0.4944,0.4213,0.6568,0,178,True,https://pemilu2024.kpu.go.id/pilpres/hitung-suara/33/3374/337403/3374031005/3374031005003,2024-02-16 14:30:33,PASLON 02
JAWA TENGAH,KOTA SEMARANG,SEMARANG TIMUR,MLATIHARJO,3374031005005,23,102,99,224,3374031005005,KOTA SEMARANG,MLATIHARJO,TPS 005,271,224,23,102,99,0.1027,0.4554,0.442,0.8266,0,224,True,https://pemilu2024.kpu.go.id/pilpres/hitung-suara/33/3374/337403/3374031005/3374031005005,2024-02-16 05:30:26,PASLON 02
JAWA TENGAH,KOTA SEMARANG,SEMARANG TIMUR,REJOMULYO,3374031002001,17,49,136,202,3374031002001,KOTA SEMARANG,REJOMULYO,TPS 001,267,202,17,49,136,0.0842,0.2426,0.6733,0.7566,0,202,True,https://pemilu2024.kpu.go.id/pilpres/hitung-suara/33/3374/337403/3374031002/3374031002001,2024-02-21 18:00:00,PASLON 03
JAWA TENGAH,KOTA SEMARANG,SEMARANG TIMUR,REJOMULYO,3374031002003,27,83,86,196,3374031002003,KOTA SEMARANG,REJOMULYO,TPS 003,267,196,27,83,86,0.1378,0.4235,0.4388,0.7341,0,196,True,https://pemilu2024.kpu.go.id/pilpres/hitung-suara/33/3374/337403/3374031002/3374031002003,2024-02-17 11:30:03,PASLON 03
JAWA TENGAH,KOTA SEMARANG,SEMARANG TIMUR,REJOMULYO,3374031002005,16,95,96,207,3374031002005,KOTA SEMARANG,REJOMULYO,TPS 005,267,207,16,95,96,0.0773,0.4589,0.4638,0.7753,0,207,True,https://pemilu2024.kpu.go.id/pilpres/hitung-suara/33/3374/337403/3374031002/3374031002005,2024-02-16 12:51:22,PASLON 03
JAWA TENGAH,KOTA SEMARANG,SEMARANG TIMUR,REJOMULYO,3374031002009,39,82,60,181,3374031002009,KOTA SEMARANG,REJOMULYO,TPS 009,267,181,39,82,60,0.2155,0.453,0.3315,0.6779,0,181,False,https://pemilu2024.kpu.go.id/pilpres/hitung-suara/33/3374/337403/3374031002/3374031002009,2024-02-21 20:00:00,PASLON 02
JAWA TENGAH,KOTA SEMARANG,SEMARANG TIMUR,REJOMULYO,3374031002010,26,92,92,210,3374031002010,KOTA SEMARANG,REJOMULYO,TPS 010,267,210,26,92,92,0.1238,0.4381,0.4381,0.7865,0,210,True,https://pemilu2024.kpu.go.id/pilpres/hitung-suara/33/3374/337403/3374031002/3374031002010,2024-02-24 22:31:28,PASLON 02
JAWA TENGAH,KOTA SEMARANG,SEMARANG TIMUR,REJOSARI,3374031008001,4,47,131,182,3374031008001,KOTA SEMARANG,REJOSARI,TPS 001,242,182,4,47,131,0.022,0.2582,0.7198,0.7521,7,189,False,https://pemilu2024.kpu.go.id/pilpres/hitung-suara/33/3374/337403/3374031008/3374031008001,2024-02-19 06:16:00,PASLON 03
JAWA TENGAH,KOTA SEMARANG,SEMARANG TIMUR,REJOSARI,3374031008002,22,72,117,211,3374031008002,KOTA SEMARANG,REJOSARI,TPS 002,266,211,22,72,117,0.1043,0.3412,0.5545,0.7932,4,215,False,https://pemilu2024.kpu.go.id/pilpres/hitung-suara/33/3374/337403/3374031008/3374031008002,2024-02-15 21:30:27,PASLON 03
JAWA TENGAH,KOTA SEMARANG,SEMARANG TIMUR,REJOSARI,3374031008003,28,78,99,205,3374031008003,KOTA SEMARANG,REJOSARI,TPS 003,205,205,28,78,99,0.1366,0.3805,0.4829,1.0,2,207,False,https://pemilu2024.kpu.go.id/pilpres/hitung-suara/33/3374/337403/3374031008/3374031008003,2024-02-17 10:30:03,PASLON 03
JAWA TENGAH,KOTA SEMARANG,SEMARANG TIMUR,REJOSARI,3374031008006,15,61,74,150,3374031008006,KOTA SEMARANG,REJOSARI,TPS 006,186,150,15,61,74,0.1,0.4067,0.4933,0.8065,6,156,False,https://pemilu2024.kpu.go.id/pilpres/hitung-suara/33/3374/337403/3374031008/3374031008006,2024-02-16 16:25:10,PASLON 03
JAWA TENGAH,KOTA SEMARANG,SEMARANG TIMUR,REJOSARI,3374031008007,17,92,93,202,3374031008007,KOTA SEMARANG,REJOSARI,TPS 007,260,202,17,92,93,0.0842,0.4554,0.4604,0.7769,5,207,False,https://pemilu2024.kpu.go.id/pilpres/hitung-suara/33/3374/337403/3374031008/3374031008007,2024-02-14 21:46:01,PASLON 03
JAWA TENGAH,KOTA SEMARANG,SEMARANG TIMUR,REJOSARI,3374031008010,25,87,86,198,3374031008010,KOTA SEMARANG,REJOSARI,TPS 010,236,198,25,87,86,0.1263,0.4394,0.4343,0.839,4,202,False,https://pemilu2024.kpu.go.id/pilpres/hitung-suara/33/3374/337403/3374031008/3374031008010,2024-02-16 14:30:33,PASLON 02
JAWA TENGAH,KOTA SEMARANG,SEMARANG TIMUR,REJOSARI,3374031008011,29,81,99,209,3374031008011,KOTA SEMARANG,REJOSARI,TPS 011,243,209,29,81,99,0.1388,0.3876,0.4737,0.8601,0,209,True,https://pemilu2024.kpu.go.id/pilpres/hitung-suara/33/3374/337403/3374031008/3374031008011,2024-02-16 06:00:27,PASLON 03
JAWA TENGAH,KOTA SEMARANG,SEMARANG TIMUR,REJOSARI,3374031008012,17,80,67,164,3374031008012,KOTA SEMARANG,REJOSARI,TPS 012,206,164,17,80,67,0.1037,0.4878,0.4085,0.7961,1,165,False,https://pemilu2024.kpu.go.id/pilpres/hitung-suara/33/3374/337403/3374031008/3374031008012,2024-02-16 12:51:22,PASLON 02
JAWA TENGAH,KOTA SEMARANG,SEMARANG TIMUR,REJOSARI,3374031008013,38,90,87,215,3374031008013,KOTA SEMARANG,REJOSARI,TPS 013,273,215,38,90,87,0.1767,0.4186,0.4047,0.7875,6,221,False,https://pemilu2024.kpu.go.id/pilpres/hitung-suara/33/3374/337403/3374031008/3374031008013,2024-02-17 11:30:03,PASLON 02
JAWA TENGAH,KOTA SEMARANG,SEMARANG TIMUR,REJOSARI,3374031008015,12,118,87,217,3374031008015,KOTA SEMARANG,REJOSARI,TPS 015,243,217,12,118,87,0.0553,0.5438,0.4009,0.893,8,225,True,https://pemilu2024.kpu.go.id/pilpres/hitung-suara/33/3374/337403/3374031008/3374031008015,2024-02-15 17:00:25,PASLON 02
JAWA TENGAH,KOTA SEMARANG,SEMARANG TIMUR,REJOSARI,3374031008016,19,54,80,153,3374031008016,KOTA SEMARANG,REJOSARI,TPS 016,243,153,19,54,80,0.1242,0.3529,0.5229,0.6296,0,153,True,https://pemilu2024.kpu.go.id/pilpres/hitung-suara/33/3374/337403/3374031008/3374031008016,2024-02-16 06:00:27,PASLON 03
JAWA TENGAH,KOTA SEMARANG,SEMARANG TIMUR,REJOSARI,3374031008018,20,101,100,221,3374031008018,KOTA SEMARANG,REJOSARI,TPS 018,279,221,20,101,100,0.0905,0.457,0.4525,0.7921,5,226,False,https://pemilu2024.kpu.go.id/pilpres/hitung-suara/33/3374/337403/3374031008/3374031008018,2024-02-19 06:16:00,PASLON 02
JAWA TENGAH,KOTA SEMARANG,SEMARANG TIMUR,REJOSARI,3374031008024,16,103,106,225,3374031008024,KOTA SEMARANG,REJOSARI,TPS 024,243,225,16,103,106,0.0711,0.4578,0.4711,0.9259,0,225,True,https://pemilu2024.kpu.go.id/pilpres/hitung-suara/33/3374/337403/3374031008/3374031008024,2024-02-16 16:25:10,PASLON 03
JAWA TENGAH,KOTA SEMARANG,SEMARANG TIMUR,REJOSARI,3374031008025,10,98,119,227,3374031008025,KOTA SEMARANG,REJOSARI,TPS 025,283,227,10,98,119,0.0441,0.4317,0.5242,0.8021,4,231,False,https://pemilu2024.kpu.go.id/pilpres/hitung-suara/33/3374/337403/3374031008/3374031008025,2024-02-21 20:00:00,PASLON 03
JAWA TENGAH,KOTA SEMARANG,SEMARANG TIMUR,REJOSARI,3374031008026,17,61,86,164,3374031008026,KOTA SEMARANG,REJOSARI,TPS 026,219,164,17,61,86,0.1037,0.372,0.5244,0.7489,2,166,False,https://pemilu2024.kpu.go.id/pilpres/hitung-suara/33/3374/337403/3374031008/3374031008026,2024-02-16 14:30:33,PASLON 03
JAWA TENGAH,KOTA SEMARANG,SEMARANG TIMUR,REJOSARI,3374031008027,26,69,91,186,3374031008027,KOTA SEMARANG,REJOSARI,TPS 027,243,186,26,69,91,0.1398,0.371,0.4892,0.7654,0,186,True,https://pemilu2024.kpu.go.id/pilpres/hitung-suara/33/3374/337403/3374031008/3374031008027,2024-02-16 06:00:27,PASLON 03
JAWA TENGAH,KOTA SEMARANG,SEMARANG TIMUR,REJOSARI,3374031008028,11,95,105,211,3374031008028,KOTA SEMARANG,REJOSARI,TPS 028,243,211,11,95,105,0.0521,0.4502,0.4976,0.8683,0,211,True,https://pemilu2024.kpu.go.id/pilpres/hitung-suara/33/3374/337403/3374031008/3374031008028,2024-02-24 22:31:28,PASLON 03
JAWA TENGAH,KOTA SEMARANG,SEMARANG TIMUR,REJOSARI,3374031008030,17,114,85,216,3374031008030,KOTA SEMARANG,REJOSARI,TPS 030,243,216,17,114,85,0.0787,0.5278,0.3935,0.8889,0,216,True,https://pemilu2024.kpu.go.id/pilpres/hitung-suara/33/3374/337403/3374031008/3374031008030,2024-02-24 22:31:28,PASLON 02
JAWA TENGAH,KOTA SEMARANG,SEMARANG TIMUR,REJOSARI,3374031008031,22,68,115,205,3374031008031,KOTA SEMARANG,REJOSARI,TPS 031,243,205,22,68,115,0.1073,0.3317,0.561,0.8436,0,205,True,https://pemilu2024.kpu.go.id/pilpres/hitung-suara/33/3374/337403/3374031008/3374031008031,2024-02-15 05:00:24,PASLON 03
JAWA TENGAH,KOTA SEMARANG,SEMARANG TIMUR,REJOSARI,3374031008032,21,98,106,225,3374031008032,KOTA SEMARANG,REJOSARI,TPS 032,288,225,21,98,106,0.0933,0.4356,0.4711,0.7812,9,234,False,https://pemilu2024.kpu.go.id/pilpres/hitung-suara/33/3374/337403/3374031008/3374031008032,2024-02-17 11:30:03,PASLON 03
JAWA TENGAH,KOTA SEMARANG,SEMARANG TIMUR,REJOSARI,3374031008034,15,65,119,199,3374031008034,KOTA SEMARANG,REJOSARI,TPS 034,243,199,15,65,119,0.0754,0.3266,0.598,0.8189,0,199,True,https://pemilu2024.kpu.go.id/pilpres/hitung-suara/33/3374/337403/3374031008/3374031008034,2024-02-16 06:00:27,PASLON 03
JAWA TENGAH,KOTA SEMARANG,SEMARANG TIMUR,REJOSARI,3374031008036,11,76,99,186,3374031008036,KOTA SEMARANG,REJOSARI,TPS 036,241,186,11,76,99,0.0591,0.4086,0.5323,0.7718,3,189,False,https://pemilu2024.kpu.go.id/pilpres/hitung-suara/33/3374/337403/3374031008/3374031008036,2024-02-14 21:46:01,PASLON 03
JAWA TENGAH,KOTA SEMARANG,SEMARANG TIMUR,REJOSARI,3374031008037,11,75,79,165,3374031008037,KOTA SEMARANG,REJOSARI,TPS 037,243,165,11,75,79,0.0667,0.4545,0.4788,0.679,0,165,True,https://pemilu2024.kpu.go.id/pilpres/hitung-suara/33/3374/337403/3374031008/3374031008037,2024-02-24 22:31:28,PASLON 03
JAWA TENGAH,KOTA SEMARANG,SEMARANG TIMUR,REJOSARI,3374031008040,18,100,69,187,3374031008040,KOTA SEMARANG,REJOSARI,TPS 040,243,187,18,100,69,0.0963,0.5348,0.369,0.7695,3,190,False,https://pemilu2024.kpu.go.id/pilpres/hitung-suara/33/3374/337403/3374031008/3374031008040,2024-02-15 21:30:27,PASLON 02
JAWA TENGAH,KOTA SEMARANG,SEMARANG TIMUR,REJOSARI,3374031008043,17,65,73,155,3374031008043,KOTA SEMARANG,REJOSARI,TPS 043,243,155,17,65,73,0.1097,0.4194,0.471,0.6379,0,155,True,https://pemilu2024.kpu.go.id/pilpres/hitung-suara/33/3374/337403/3374031008/3374031008043,2024-02-15 21:30:27,PASLON 03
JAWA TENGAH,KOTA SEMARANG,SEMARANG TIMUR,REJOSARI,3374031008044,16,90,98,204,3374031008044,KOTA SEMARANG,REJOSARI,TPS 044,238,204,16,90,98,0.0784,0.4412,0.4804,0.8571,6,210,False,https://pemilu2024.kpu.go.id/pilpres/hitung-suara/33/3374/337403/3374031008/3374031008044,2024-02-16 16:25:10,PASLON 03
JAWA TENGAH,KOTA SEMARANG,SEMARANG TIMUR,REJOSARI,3374031008045,21,104,106,231,3374031008045,KOTA SEMARANG,REJOSARI,TPS 045,286,231,21,104,106,0.0909,0.4502,0.4589,0.8077,4,235,False,https://pemilu2024.kpu.go.id/pilpres/hitung-suara/33/3374/337403/3374031008/3374031008045,2024-02-14 21:46:01,PASLON 03
JAWA TENGAH,KOTA SEMARANG,SEMARANG TIMUR,REJOSARI,3374031008046,23,97,122,242,3374031008046,KOTA SEMARANG,REJOSARI,TPS 046,291,242,23,97,122,0.095,0.4008,0.5041,0.8316,5,247,False,https://pemilu2024.kpu.go.id/pilpres/hitung-suara/33/3374/337403/3374031008/3374031008046,2024-02-24 22:31:28,PASLON 03
JAWA TENGAH,KOTA SEMARANG,SEMARANG TIMUR,SARIREJO,3374031007004,2,64,140,206,3374031007004,KOTA SEMARANG,SARIREJO,TPS 004,275,206,2,64,140,0.0097,0.3107,0.6796,0.7491,5,211,False,https://pemilu2024.kpu.go.id/pilpres/hitung-suara/33/3374/337403/3374031007/3374031007004,2024-02-19 06:16:00,PASLON 03
JAWA TENGAH,KOTA SEMARANG,SEMARANG TIMUR,SARIREJO,3374031007005,26,89,99,214,3374031007005,KOTA SEMARANG,SARIREJO,TPS 005,264,214,26,89,99,0.1215,0.4159,0.4626,0.8106,0,214,False,https://pemilu2024.kpu.go.id/pilpres/hitung-suara/33/3374/337403/3374031007/3374031007005,2024-02-16 16:25:10,PASLON 03
JAWA TENGAH,KOTA SEMARANG,SEMARANG TIMUR,SARIREJO,3374031007010,10,74,149,233,3374031007010,KOTA SEMARANG,SARIREJO,TPS 010,275,233,10,74,149,0.0429,0.3176,0.6395,0.8473,0,233,True,https://pemilu2024.kpu.go.id/pilpres/hitung-suara/33/3374/337403/3374031007/3374031007010,2024-02-15 21:30:27,PASLON 03
JAWA TENGAH,KOTA SEMARANG,SEMARANG TIMUR,SARIREJO,3374031007013,11,101,115,227,3374031007013,KOTA SEMARANG,SARIREJO,TPS 013,275,227,11,101,115,0.0485,0.4449,0.5066,0.8255,0,227,True,https://pemilu2024.kpu.go.id/pilpres/hitung-suara/33/3374/337403/3374031007/3374031007013,2024-02-24 22:31:28,PASLON 03
JAWA TENGAH,KOTA SEMARANG,SEMARANG TIMUR,SARIREJO,3374031007016,19,88,105,212,3374031007016,KOTA SEMARANG,SARIREJO,TPS 016,283,212,19,88,105,0.0896,0.4151,0.4953,0.7491,2,214,False,https://pemilu2024.kpu.go.id/pilpres/hitung-suara/33/3374/337403/3374031007/3374031007016,2024-02-15 21:30:27,PASLON 03
JAWA TENGAH,KOTA SEMARANG,SEMARANG TIMUR,SARIREJO,3374031007021,31,70,137,238,3374031007021,KOTA SEMARANG,SARIREJO,TPS 021,283,238,31,70,137,0.1303,0.2941,0.5756,0.841,4,242,False,https://pemilu2024.kpu.go.id/pilpres/hitung-suara/33/3374/337403/3374031007/3374031007021,2024-02-15 03:06:03,PASLON 03
JAWA TENGAH,KOTA SEMARANG,SEMARANG TIMUR,SARIREJO,3374031007023,34,76,86,196,3374031007023,KOTA SEMARANG,SARIREJO,TPS 023,255,196,34,76,86,0.1735,0.3878,0.4388,0.7686,5,201,False,https://pemilu2024.kpu.go.id/pilpres/hitung-suara/33/3374/337403/3374031007/3374031007023,2024-02-16 16:25:10,PASLON 03
JAWA TENGAH,KOTA SEMARANG,SEMARANG UTARA,BANDARHARJO,3374021001004,6,103,103,212,3374021001004,KOTA SEMARANG,BANDARHARJO,TPS 004,259,212,6,103,103,0.0283,0.4858,0.4858,0.8185,7,219,False,https://pemilu2024.kpu.go.id/pilpres/hitung-suara/33/3374/337402/3374021001/3374021001004,2024-02-15 12:00:28,PASLON 02
JAWA TENGAH,KOTA SEMARANG,SEMARANG UTARA,BANDARHARJO,3374021001005,6,95,90,191,3374021001005,KOTA SEMARANG,BANDARHARJO,TPS 005,272,191,6,95,90,0.0314,0.4974,0.4712,0.7022,0,191,True,https://pemilu2024.kpu.go.id/pilpres/hitung-suara/33/3374/337402/3374021001/3374021001005,2024-02-15 20:00:44,PASLON 02
JAWA TENGAH,KOTA SEMARANG,SEMARANG UTARA,BANDARHARJO,3374021001006,6,93,89,188,3374021001006,KOTA SEMARANG,BANDARHARJO,TPS 006,236,188,6,93,89,0.0319,0.4947,0.4734,0.7966,10,198,False,https://pemilu2024.kpu.go.id/pilpres/hitung-suara/33/3374/337402/3374021001/3374021001006,2024-02-15 23:29:50,PASLON 02
JAWA TENGAH,KOTA SEMARANG,SEMARANG UTARA,BANDARHARJO,3374021001007,15,115,113,243,3374021001007,KOTA SEMARANG,BANDARHARJO,TPS 007,287,243,15,115,113,0.0617,0.4733,0.465,0.8467,4,247,False,https://pemilu2024.kpu.go.id/pilpres/hitung-suara/33/3374/337402/3374021001/3374021001007,2024-02-14 21:46:01,PASLON 02
JAWA TENGAH,KOTA SEMARANG,SEMARANG UTARA,BANDARHARJO,3374021001008,34,108,81,223,3374021001008,KOTA SEMARANG,BANDARHARJO,TPS 008,266,223,34,108,81,0.1525,0.4843,0.3632,0.8383,10,233,False,https://pemilu2024.kpu.go.id/pilpres/hitung-suara/33/3374/337402/3374021001/3374021001008,2024-02-14 21:46:01,PASLON 02
JAWA TENGAH,KOTA SEMARANG,SEMARANG UTARA,BANDARHARJO,3374021001011,22,110,94,226,3374021001011,KOTA SEMARANG,BANDARHARJO,TPS 011,273,226,22,110,94,0.0973,0.4867,0.4159,0.8278,13,239,False,https://pemilu2024.kpu.go.id/pilpres/hitung-suara/33/3374/337402/3374021001/3374021001011,2024-02-14 21:46:01,PASLON 02
JAWA TENGAH,KOTA SEMARANG,SEMARANG UTARA,BANDARHARJO,3374021001012,13,118,99,230,3374021001012,KOTA SEMARANG,BANDARHARJO,TPS 012,290,230,13,118,99,0.0565,0.513,0.4304,0.7931,8,238,False,https://pemilu2024.kpu.go.id/pilpres/hitung-suara/33/3374/337402/3374021001/3374021001012,2024-02-15 05:00:24,PASLON 02
JAWA TENGAH,KOTA SEMARANG,SEMARANG UTARA,BANDARHARJO,3374021001013,12,81,73,166,3374021001013,KOTA SEMARANG,BANDARHARJO,TPS 013,186,166,12,81,73,0.0723,0.488,0.4398,0.8925,5,171,False,https://pemilu2024.kpu.go.id/pilpres/hitung-suara/33/3374/337402/3374021001/3374021001013,2024-02-15 15:00:29,PASLON 02
JAWA TENGAH,KOTA SEMARANG,SEMARANG UTARA,BANDARHARJO,3374021001015,12,104,87,203,3374021001015,KOTA SEMARANG,BANDARHARJO,TPS 015,236,203,12,104,87,0.0591,0.5123,0.4286,0.8602,8,211,False,https://pemilu2024.kpu.go.id/pilpres/hitung-suara/33/3374/337402/3374021001/3374021001015,2024-02-16 16:25:10,PASLON 02
JAWA TENGAH,KOTA SEMARANG,SEMARANG UTARA,BANDARHARJO,3374021001018,18,112,113,243,3374021001018,KOTA SEMARANG,BANDARHARJO,TPS 018,272,243,18,112,113,0.0741,0.4609,0.465,0.8934,0,243,True,https://pemilu2024.kpu.go.id/pilpres/hitung-suara/33/3374/337402/3374021001/3374021001018,2024-02-15 20:00:44,PASLON 03
JAWA TENGAH,KOTA SEMARANG,SEMARANG UTARA,BANDARHARJO,3374021001019,21,125,84,230,3374021001019,KOTA SEMARANG,BANDARHARJO,TPS 019,272,230,21,125,84,0.0913,0.5435,0.3652,0.8456,0,230,True,https://pemilu2024.kpu.go.id/pilpres/hitung-suara/33/3374/337402/3374021001/3374021001019,2024-02-15 18:30:25,PASLON 02
JAWA TENGAH,KOTA SEMARANG,SEMARANG UTARA,BANDARHARJO,3374021001020,8,97,125,230,3374021001020,KOTA SEMARANG,BANDARHARJO,TPS 020,272,230,8,97,125,0.0348,0.4217,0.5435,0.8456,0,230,True,https://pemilu2024.kpu.go.id/pilpres/hitung-suara/33/3374/337402/3374021001/3374021001020,2024-02-15 19:00:26,PASLON 03
JAWA TENGAH,KOTA SEMARANG,SEMARANG UTARA,BANDARHARJO,3374021001022,18,126,104,248,3374021001022,KOTA SEMARANG,BANDARHARJO,TPS 022,286,248,18,126,104,0.0726,0.5081,0.4194,0.8671,5,253,False,https://pemilu2024.kpu.go.id/pilpres/hitung-suara/33/3374/337402/3374021001/3374021001022,2024-02-15 05:00:24,PASLON 02
JAWA TENGAH,KOTA SEMARANG,SEMARANG UTARA,BANDARHARJO,3374021001025,9,89,97,195,3374021001025,KOTA SEMARANG,BANDARHARJO,TPS 025,272,195,9,89,97,0.0462,0.4564,0.4974,0.7169,0,195,True,https://pemilu2024.kpu.go.id/pilpres/hitung-suara/33/3374/337402/3374021001/3374021001025,2024-02-15 18:30:25,PASLON 03
JAWA TENGAH,KOTA SEMARANG,SEMARANG UTARA,BANDARHARJO,3374021001026,14,128,83,225,3374021001026,KOTA SEMARANG,BANDARHARJO,TPS 026,239,225,14,128,83,0.0622,0.5689,0.3689,0.9414,7,232,False,https://pemilu2024.kpu.go.id/pilpres/hitung-suara/33/3374/337402/3374021001/3374021001026,2024-02-17 11:30:03,PASLON 02
JAWA TENGAH,KOTA SEMARANG,SEMARANG UTARA,BANDARHARJO,3374021001030,14,110,114,238,3374021001030,KOTA SEMARANG,BANDARHARJO,TPS 030,272,238,14,110,114,0.0588,0.4622,0.479,0.875,0,238,True,https://pemilu2024.kpu.go.id/pilpres/hitung-suara/33/3374/337402/3374021001/3374021001030,2024-02-15 18:30:25,PASLON 03
JAWA TENGAH,KOTA SEMARANG,SEMARANG UTARA,BANDARHARJO,3374021001033,25,146,82,253,3374021001033,KOTA SEMARANG,BANDARHARJO,TPS 033,272,253,25,146,82,0.0988,0.5771,0.3241,0.9301,0,253,True,https://pemilu2024.kpu.go.id/pilpres/hitung-suara/33/3374/337402/3374021001/3374021001033,2024-02-15 12:00:28,PASLON 02
JAWA TENGAH,KOTA SEMARANG,SEMARANG UTARA,BANDARHARJO,3374021001035,18,109,101,228,3374021001035,KOTA SEMARANG,BANDARHARJO,TPS 035,272,228,18,109,101,0.0789,0.4781,0.443,0.8382,0,228,True,https://pemilu2024.kpu.go.id/pilpres/hitung-suara/33/3374/337402/3374021001/3374021001035,2024-02-15 20:00:44,PASLON 02
JAWA TENGAH,KOTA SEMARANG,SEMARANG UTARA,BANDARHARJO,3374021001036,15,103,112,230,3374021001036,KOTA SEMARANG,BANDARHARJO,TPS 036,296,230,15,103,112,0.0652,0.4478,0.487,0.777,4,234,False,https://pemilu2024.kpu.go.id/pilpres/hitung-suara/33/3374/337402/3374021001/3374021001036,2024-02-15 22:00:27,PASLON 03
JAWA TENGAH,KOTA SEMARANG,SEMARANG UTARA,BANDARHARJO,3374021001039,2,118,90,210,3374021001039,KOTA SEMARANG,BANDARHARJO,TPS 039,272,210,2,118,90,0.0095,0.5619,0.4286,0.7721,0,210,True,https://pemilu2024.kpu.go.id/pilpres/hitung-suara/33/3374/337402/3374021001/3374021001039,2024-02-15 20:30:46,PASLON 02
JAWA TENGAH,KOTA SEMARANG,SEMARANG UTARA,BANDARHARJO,3374021001040,15,104,105,224,3374021001040,KOTA SEMARANG,BANDARHARJO,TPS 040,272,224,15,104,105,0.067,0.4643,0.4688,0.8235,0,224,True,https://pemilu2024.kpu.go.id/pilpres/hitung-suara/33/3374/337402/3374021001/3374021001040,2024-02-15 20:30:46,PASLON 03
JAWA TENGAH,KOTA SEMARANG,SEMARANG UTARA,BANDARHARJO,3374021001041,15,121,104,240,3374021001041,KOTA SEMARANG,BANDARHARJO,TPS 041,298,240,15,121,104,0.0625,0.5042,0.4333,0.8054,8,248,False,https://pemilu2024.kpu.go.id/pilpres/hitung-suara/33/3374/337402/3374021001/3374021001041,2024-02-15 16:30:25,PASLON 02
JAWA TENGAH,KOTA SEMARANG,SEMARANG UTARA,BANDARHARJO,3374021001043,26,120,105,251,3374021001043,KOTA SEMARANG,BANDARHARJO,TPS 043,297,251,26,120,105,0.1036,0.4781,0.4183,0.8451,3,254,False,https://pemilu2024.kpu.go.id/pilpres/hitung-suara/33/3374/337402/3374021001/3374021001043,2024-02-15 15:00:29,PASLON 02
JAWA TENGAH,KOTA SEMARANG,SEMARANG UTARA,BANDARHARJO,3374021001044,7,116,96,219,3374021001044,KOTA SEMARANG,BANDARHARJO,TPS 044,272,219,7,116,96,0.032,0.5297,0.4384,0.8051,0,219,True,https://pemilu2024.kpu.go.id/pilpres/hitung-suara/33/3374/337402/3374021001/3374021001044,2024-02-15 18:30:25,PASLON 02
JAWA TENGAH,KOTA SEMARANG,SEMARANG UTARA,BANDARHARJO,3374021001045,15,117,110,242,3374021001045,KOTA SEMARANG,BANDARHARJO,TPS 045,272,242,15,117,110,0.062,0.4835,0.4545,0.8897,0,242,True,https://pemilu2024.kpu.go.id/pilpres/hitung-suara/33/3374/337402/3374021001/3374021001045,2024-02-15 20:30:46,PASLON 02
JAWA TENGAH,KOTA SEMARANG,SEMARANG UTARA,BANDARHARJO,3374021001046,21,107,87,215,3374021001046,KOTA SEMARANG,BANDARHARJO,TPS 046,272,215,21,107,87,0.0977,0.4977,0.4047,0.7904,0,215,True,https://pemilu2024.kpu.go.id/pilpres/hitung-suara/33/3374/337402/3374021001/3374021001046,2024-02-15 20:30:46,PASLON 02
JAWA TENGAH,KOTA SEMARANG,SEMARANG UTARA,BANDARHARJO,3374021001047,13,125,88,226,3374021001047,KOTA SEMARANG,BANDARHARJO,TPS 047,272,226,13,125,88,0.0575,0.5531,0.3894,0.8309,0,226,True,https://pemilu2024.kpu.go.id/pilpres/hitung-suara/33/3374/337402/3374021001/3374021001047,2024-02-15 18:30:25,PASLON 02
JAWA TENGAH,KOTA SEMARANG,SEMARANG UTARA,BANDARHARJO,3374021001048,17,115,92,224,3374021001048,KOTA SEMARANG,BANDARHARJO,TPS 048,272,224,17,115,92,0.0759,0.5134,0.4107,0.8235,0,224,True,https://pemilu2024.kpu.go.id/pilpres/hitung-suara/33/3374/337402/3374021001/3374021001048,2024-02-15 18:30:25,PASLON 02
JAWA TENGAH,KOTA SEMARANG,SEMARANG UTARA,BANDARHARJO,3374021001049,18,118,100,236,3374021001049,KOTA SEMARANG,BANDARHARJO,TPS 049,271,236,18,118,100,0.0763,0.5,0.4237,0.8708,4,240,False,https://pemilu2024.kpu.go.id/pilpres/hitung-suara/33/3374/337402/3374021001/3374021001049,2024-02-16 00:00:26,PASLON 02
JAWA TENGAH,KOTA SEMARANG,SEMARANG UTARA,BANDARHARJO,3374021001050,5,100,69,174,3374021001050,KOTA SEMARANG,BANDARHARJO,TPS 050,272,174,5,100,69,0.0287,0.5747,0.3966,0.6397,0,174,True,https://pemilu2024.kpu.go.id/pilpres/hitung-suara/33/3374/337402/3374021001/3374021001050,2024-02-15 15:00:29,PASLON 02
JAWA TENGAH,KOTA SEMARANG,SEMARANG UTARA,BANDARHARJO,3374021001051,15,108,95,218,3374021001051,KOTA SEMARANG,BANDARHARJO,TPS 051,272,218,15,108,95,0.0688,0.4954,0.4358,0.8015,0,218,True,https://pemilu2024.kpu.go.id/pilpres/hitung-suara/33/3374/337402/3374021001/3374021001051,2024-02-15 15:30:25,PASLON 02
JAWA TENGAH,KOTA SEMARANG,SEMARANG UTARA,BANDARHARJO,3374021001053,8,59,82,149,3374021001053,KOTA SEMARANG,BANDARHARJO,TPS 053,272,149,8,59,82,0.0537,0.396,0.5503,0.5478,0,149,True,https://pemilu2024.kpu.go.id/pilpres/hitung-suara/33/3374/337402/3374021001/3374021001053,2024-02-15 20:30:46,PASLON 03
JAWA TENGAH,KOTA SEMARANG,SEMARANG UTARA,BULU LOR,3374021002002,43,93,103,239,3374021002002,KOTA SEMARANG,BULU LOR,TPS 002,273,239,43,93,103,0.1799,0.3891,0.431,0.8755,0,239,True,https://pemilu2024.kpu.go.id/pilpres/hitung-suara/33/3374/337402/3374021002/3374021002002,2024-02-15 20:30:46,PASLON 03
JAWA TENGAH,KOTA SEMARANG,SEMARANG UTARA,BULU LOR,3374021002003,29,96,120,245,3374021002003,KOTA SEMARANG,BULU LOR,TPS 003,291,245,29,96,120,0.1184,0.3918,0.4898,0.8419,8,253,False,https://pemilu2024.kpu.go.id/pilpres/hitung-suara/33/3374/337402/3374021002/3374021002003,2024-02-15 20:30:46,PASLON 03
JAWA TENGAH,KOTA SEMARANG,SEMARANG UTARA,BULU LOR,3374021002004,24,107,71,202,3374021002004,KOTA SEMARANG,BULU LOR,TPS 004,273,202,24,107,71,0.1188,0.5297,0.3515,0.7399,0,202,True,https://pemilu2024.kpu.go.id/pilpres/hitung-suara/33/3374/337402/3374021002/3374021002004,2024-02-15 15:00:29,PASLON 02
JAWA TENGAH,KOTA SEMARANG,SEMARANG UTARA,BULU LOR,3374021002008,23,79,99,201,3374021002008,KOTA SEMARANG,BULU LOR,TPS 008,273,201,23,79,99,0.1144,0.393,0.4925,0.7363,0,201,True,https://pemilu2024.kpu.go.id/pilpres/hitung-suara/33/3374/337402/3374021002/3374021002008,2024-02-15 21:01:18,PASLON 03
JAWA TENGAH,KOTA SEMARANG,SEMARANG UTARA,BULU LOR,3374021002009,17,77,54,148,3374021002009,KOTA SEMARANG,BULU LOR,TPS 009,165,148,17,77,54,0.1149,0.5203,0.3649,0.897,5,153,False,https://pemilu2024.kpu.go.id/pilpres/hitung-suara/33/3374/337402/3374021002/3374021002009,2024-02-15 18:30:25,PASLON 02
JAWA TENGAH,KOTA SEMARANG,SEMARANG UTARA,BULU LOR,3374021002010,20,76,57,153,3374021002010,KOTA SEMARANG,BULU LOR,TPS 010,166,153,20,76,57,0.1307,0.4967,0.3725,0.9217,4,157,False,https://pemilu2024.kpu.go.id/pilpres/hitung-suara/33/3374/337402/3374021002/3374021002010,2024-02-15 18:30:25,PASLON 02
JAWA TENGAH,KOTA SEMARANG,SEMARANG UTARA,BULU LOR,3374021002012,40,100,87,227,3374021002012,KOTA SEMARANG,BULU LOR,TPS 012,273,227,40,100,87,0.1762,0.4405,0.3833,0.8315,0,227,True,https://pemilu2024.kpu.go.id/pilpres/hitung-suara/33/3374/337402/3374021002/3374021002012,2024-02-15 21:01:18,PASLON 02
JAWA TENGAH,KOTA SEMARANG,SEMARANG UTARA,BULU LOR,3374021002013,43,108,94,245,3374021002013,KOTA SEMARANG,BULU LOR,TPS 013,273,245,43,108,94,0.1755,0.4408,0.3837,0.8974,0,245,True,https://pemilu2024.kpu.go.id/pilpres/hitung-suara/33/3374/337402/3374021002/3374021002013,2024-02-24 22:31:28,PASLON 02
JAWA TENGAH,KOTA SEMARANG,SEMARANG UTARA,BULU LOR,3374021002014,31,107,92,230,3374021002014,KOTA SEMARANG,BULU LOR,TPS 014,273,230,31,107,92,0.1348,0.4652,0.4,0.8425,0,230,True,https://pemilu2024.kpu.go.id/pilpres/hitung-suara/33/3374/337402/3374021002/3374021002014,2024-02-15 07:00:44,PASLON 02
JAWA TENGAH,KOTA SEMARANG,SEMARANG UTARA,BULU LOR,3374021002018,11,104,113,228,3374021002018,KOTA SEMARANG,BULU LOR,TPS 018,273,228,11,104,113,0.0482,0.4561,0.4956,0.8352,0,228,True,https://pemilu2024.kpu.go.id/pilpres/hitung-suara/33/3374/337402/3374021002/3374021002018,2024-02-15 21:01:18,PASLON 03
JAWA TENGAH,KOTA SEMARANG,SEMARANG UTARA,BULU LOR,3374021002021,19,97,126,242,3374021002021,KOTA SEMARANG,BULU LOR,TPS 021,270,242,19,97,126,0.0785,0.4008,0.5207,0.8963,5,247,False,https://pemilu2024.kpu.go.id/pilpres/hitung-suara/33/3374/337402/3374021002/3374021002021,2024-02-16 14:30:33,PASLON 03
JAWA TENGAH,KOTA SEMARANG,SEMARANG UTARA,BULU LOR,3374021002022,18,95,116,229,3374021002022,KOTA SEMARANG,BULU LOR,TPS 022,273,229,18,95,116,0.0786,0.4148,0.5066,0.8388,9,238,False,https://pemilu2024.kpu.go.id/pilpres/hitung-suara/33/3374/337402/3374021002/3374021002022,2024-02-14 21:46:01,PASLON 03
JAWA TENGAH,KOTA SEMARANG,SEMARANG UTARA,BULU LOR,3374021002023,18,108,105,231,3374021002023,KOTA SEMARANG,BULU LOR,TPS 023,273,231,18,108,105,0.0779,0.4675,0.4545,0.8462,8,239,False,https://pemilu2024.kpu.go.id/pilpres/hitung-suara/33/3374/337402/3374021002/3374021002023,2024-02-16 05:30:26,PASLON 02
JAWA TENGAH,KOTA SEMARANG,SEMARANG UTARA,BULU LOR,3374021002024,17,114,105,236,3374021002024,KOTA SEMARANG,BULU LOR,TPS 024,280,236,17,114,105,0.072,0.4831,0.4449,0.8429,6,242,False,https://pemilu2024.kpu.go.id/pilpres/hitung-suara/33/3374/337402/3374021002/3374021002024,2024-02-15 21:01:18,PASLON 02
JAWA TENGAH,KOTA SEMARANG,SEMARANG UTARA,BULU LOR,3374021002026,20,96,77,193,3374021002026,KOTA SEMARANG,BULU LOR,TPS 026,273,193,20,96,77,0.1036,0.4974,0.399,0.707,0,193,True,https://pemilu2024.kpu.go.id/pilpres/hitung-suara/33/3374/337402/3374021002/3374021002026,2024-02-15 18:30:25,PASLON 02
JAWA TENGAH,KOTA SEMARANG,SEMARANG UTARA,BULU LOR,3374021002028,14,94,72,180,3374021002028,KOTA SEMARANG,BULU LOR,TPS 028,273,180,14,94,72,0.0778,0.5222,0.4,0.6593,0,180,True,https://pemilu2024.kpu.go.id/pilpres/hitung-suara/33/3374/337402/3374021002/3374021002028,2024-02-22 14:00:00,PASLON 02
JAWA TENGAH,KOTA SEMARANG,SEMARANG UTARA,BULU LOR,3374021002030,12,115,107,234,3374021002030,KOTA SEMARANG,BULU LOR,TPS 030,273,234,12,115,107,0.0513,0.4915,0.4573,0.8571,0,234,True,https://pemilu2024.kpu.go.id/pilpres/hitung-suara/33/3374/337402/3374021002/3374021002030,2024-02-15 21:01:18,PASLON 02
JAWA TENGAH,KOTA SEMARANG,SEMARANG UTARA,BULU LOR,3374021002032,26,96,116,238,3374021002032,KOTA SEMARANG,BULU LOR,TPS 032,273,238,26,96,116,0.1092,0.4034,0.4874,0.8718,0,238,True,https://pemilu2024.kpu.go.id/pilpres/hitung-suara/33/3374/337402/3374021002/3374021002032,2024-02-15 18:30:25,PASLON 03
JAWA TENGAH,KOTA SEMARANG,SEMARANG UTARA,BULU LOR,3374021002033,12,126,104,242,3374021002033,KOTA SEMARANG,BULU LOR,TPS 033,277,242,12,126,104,0.0496,0.5207,0.4298,0.8736,3,245,False,https://pemilu2024.kpu.go.id/pilpres/hitung-suara/33/3374/337402/3374021002/3374021002033,2024-02-16 08:00:28,PASLON 02
JAWA TENGAH,KOTA SEMARANG,SEMARANG UTARA,BULU LOR,3374021002038,24,101,115,240,3374021002038,KOTA SEMARANG,BULU LOR,TPS 038,273,240,24,101,115,0.1,0.4208,0.4792,0.8791,0,240,True,https://pemilu2024.kpu.go.id/pilpres/hitung-suara/33/3374/337402/3374021002/3374021002038,2024-02-15 21:01:18,PASLON 03
JAWA TENGAH,KOTA SEMARANG,SEMARANG UTARA,BULU LOR,3374021002039,10,54,68,132,3374021002039,KOTA SEMARANG,BULU LOR,TPS 039,145,132,10,54,68,0.0758,0.4091,0.5152,0.9103,1,133,False,https://pemilu2024.kpu.go.id/pilpres/hitung-suara/33/3374/337402/3374021002/3374021002039,2024-02-16 12:51:22,PASLON 03
JAWA TENGAH,KOTA SEMARANG,SEMARANG UTARA,DADAPSARI,3374021009002,29,91,101,221,3374021009002,KOTA SEMARANG,DADAPSARI,TPS 002,274,221,29,91,101,0.1312,0.4118,0.457,0.8066,0,221,True,https://pemilu2024.kpu.go.id/pilpres/hitung-suara/33/3374/337402/3374021009/3374021009002,2024-02-15 22:30:27,PASLON 03
JAWA TENGAH,KOTA SEMARANG,SEMARANG UTARA,DADAPSARI,3374021009003,17,118,115,250,3374021009003,KOTA SEMARANG,DADAPSARI,TPS 003,286,250,17,118,115,0.068,0.472,0.46,0.8741,6,256,False,https://pemilu2024.kpu.go.id/pilpres/hitung-suara/33/3374/337402/3374021009/3374021009003,2024-02-15 00:41:44,PASLON 02
JAWA TENGAH,KOTA SEMARANG,SEMARANG UTARA,DADAPSARI,3374021009005,54,95,65,214,3374021009005,KOTA SEMARANG,DADAPSARI,TPS 005,274,214,54,95,65,0.2523,0.4439,0.3037,0.781,0,214,True,https://pemilu2024.kpu.go.id/pilpres/hitung-suara/33/3374/337402/3374021009/3374021009005,2024-02-15 19:00:26,PASLON 02
JAWA TENGAH,KOTA SEMARANG,SEMARANG UTARA,DADAPSARI,3374021009006,55,79,62,196,3374021009006,KOTA SEMARANG,DADAPSARI,TPS 006,274,196,55,79,62,0.2806,0.4031,0.3163,0.7153,0,196,True,https://pemilu2024.kpu.go.id/pilpres/hitung-suara/33/3374/337402/3374021009/3374021009006,2024-02-15 19:00:26,PASLON 02
JAWA TENGAH,KOTA SEMARANG,SEMARANG UTARA,DADAPSARI,3374021009007,30,86,67,183,3374021009007,KOTA SEMARANG,DADAPSARI,TPS 007,249,183,30,86,67,0.1639,0.4699,0.3661,0.7349,11,194,False,https://pemilu2024.kpu.go.id/pilpres/hitung-suara/33/3374/337402/3374021009/3374021009007,2024-02-17 16:00:02,PASLON 02
JAWA TENGAH,KOTA SEMARANG,SEMARANG UTARA,DADAPSARI,3374021009008,33,88,95,216,3374021009008,KOTA SEMARANG,DADAPSARI,TPS 008,293,216,33,88,95,0.1528,0.4074,0.4398,0.7372,8,224,False,https://pemilu2024.kpu.go.id/pilpres/hitung-suara/33/3374/337402/3374021009/3374021009008,2024-02-15 09:00:24,PASLON 03
JAWA TENGAH,KOTA SEMARANG,SEMARANG UTARA,DADAPSARI,3374021009009,15,105,103,223,3374021009009,KOTA SEMARANG,DADAPSARI,TPS 009,274,223,15,105,103,0.0673,0.4709,0.4619,0.8139,0,223,True,https://pemilu2024.kpu.go.id/pilpres/hitung-suara/33/3374/337402/3374021009/3374021009009,2024-02-24 22:31:28,PASLON 02
JAWA TENGAH,KOTA SEMARANG,SEMARANG UTARA,DADAPSARI,3374021009010,47,102,70,219,3374021009010,KOTA SEMARANG,DADAPSARI,TPS 010,281,219,47,102,70,0.2146,0.4658,0.3196,0.7794,10,229,False,https://pemilu2024.kpu.go.id/pilpres/hitung-suara/33/3374/337402/3374021009/3374021009010,2024-02-16 14:30:33,PASLON 02
JAWA TENGAH,KOTA SEMARANG,SEMARANG UTARA,DADAPSARI,3374021009011,32,96,92,220,3374021009011,KOTA SEMARANG,DADAPSARI,TPS 011,280,220,32,96,92,0.1455,0.4364,0.4182,0.7857,7,227,False,https://pemilu2024.kpu.go.id/pilpres/hitung-suara/33/3374/337402/3374021009/3374021009011,2024-02-14 21:46:01,PASLON 02
JAWA TENGAH,KOTA SEMARANG,SEMARANG UTARA,DADAPSARI,3374021009012,49,85,85,219,3374021009012,KOTA SEMARANG,DADAPSARI,TPS 012,284,219,49,85,85,0.2237,0.3881,0.3881,0.7711,10,229,False,https://pemilu2024.kpu.go.id/pilpres/hitung-suara/33/3374/337402/3374021009/3374021009012,2024-02-16 14:30:33,PASLON 02
JAWA TENGAH,KOTA SEMARANG,SEMARANG UTARA,DADAPSARI,3374021009013,45,80,97,222,3374021009013,KOTA SEMARANG,DADAPSARI,TPS 013,289,222,45,80,97,0.2027,0.3604,0.4369,0.7682,7,229,False,https://pemilu2024.kpu.go.id/pilpres/hitung-suara/33/3374/337402/3374021009/3374021009013,2024-02-15 20:00:44,PASLON 03
JAWA TENGAH,KOTA SEMARANG,SEMARANG UTARA,DADAPSARI,3374021009014,52,91,64,207,3374021009014,KOTA SEMARANG,DADAPSARI,TPS 014,259,207,52,91,64,0.2512,0.4396,0.3092,0.7992,3,210,False,https://pemilu2024.kpu.go.id/pilpres/hitung-suara/33/3374/337402/3374021009/3374021009014,2024-02-17 14:45:18,PASLON 02
JAWA TENGAH,KOTA SEMARANG,SEMARANG UTARA,DADAPSARI,3374021009015,49,86,77,212,3374021009015,KOTA SEMARANG,DADAPSARI,TPS 015,269,212,49,86,77,0.2311,0.4057,0.3632,0.7881,10,222,False,https://pemilu2024.kpu.go.id/pilpres/hitung-suara/33/3374/337402/3374021009/3374021009015,2024-02-21 23:00:00,PASLON 02
JAWA TENGAH,KOTA SEMARANG,SEMARANG UTARA,DADAPSARI,3374021009016,46,94,81,221,3374021009016,KOTA SEMARANG,DADAPSARI,TPS 016,279,221,46,94,81,0.2081,0.4253,0.3665,0.7921,6,227,False,https://pemilu2024.kpu.go.id/pilpres/hitung-suara/33/3374/337402/3374021009/3374021009016,2024-02-15 19:00:26,PASLON 02
JAWA TENGAH,KOTA SEMARANG,SEMARANG UTARA,DADAPSARI,3374021009017,34,88,55,177,3374021009017,KOTA SEMARANG,DADAPSARI,TPS 017,235,177,34,88,55,0.1921,0.4972,0.3107,0.7532,4,181,False,https://pemilu2024.kpu.go.id/pilpres/hitung-suara/33/3374/337402/3374021009/3374021009017,2024-02-15 00:41:44,PASLON 02
JAWA TENGAH,KOTA SEMARANG,SEMARANG UTARA,DADAPSARI,3374021009018,52,105,59,216,3374021009018,KOTA SEMARANG,DADAPSARI,TPS 018,274,216,52,105,59,0.2407,0.4861,0.2731,0.7883,0,216,True,https://pemilu2024.kpu.go.id/pilpres/hitung-suara/33/3374/337402/3374021009/3374021009018,2024-02-17 16:00:02,PASLON 02
JAWA TENGAH,KOTA SEMARANG,SEMARANG UTARA,DADAPSARI,3374021009019,125,68,24,217,3374021009019,KOTA SEMARANG,DADAPSARI,TPS 019,270,217,125,68,24,0.576,0.3134,0.1106,0.8037,4,221,False,https://pemilu2024.kpu.go.id/pilpres/hitung-suara/33/3374/337402/3374021009/3374021009019,2024-02-15 15:00:29,PASLON 01
JAWA TENGAH,KOTA SEMARANG,SEMARANG UTARA,DADAPSARI,3374021009020,21,75,72,168,3374021009020,KOTA SEMARANG,DADAPSARI,TPS 020,214,168,21,75,72,0.125,0.4464,0.4286,0.785,2,170,False,https://pemilu2024.kpu.go.id/pilpres/hitung-suara/33/3374/337402/3374021009/3374021009020,2024-02-15 19:00:26,PASLON 02
JAWA TENGAH,KOTA SEMARANG,SEMARANG UTARA,DADAPSARI,3374021009022,16,107,95,218,3374021009022,KOTA SEMARANG,DADAPSARI,TPS 022,274,218,16,107,95,0.0734,0.4908,0.4358,0.7956,0,218,True,https://pemilu2024.kpu.go.id/pilpres/hitung-suara/33/3374/337402/3374021009/3374021009022,2024-02-17 11:30:03,PASLON 02
JAWA TENGAH,KOTA SEMARANG,SEMARANG UTARA,DADAPSARI,3374021009023,27,53,71,151,3374021009023,KOTA SEMARANG,DADAPSARI,TPS 023,168,151,27,53,71,0.1788,0.351,0.4702,0.8988,6,157,False,https://pemilu2024.kpu.go.id/pilpres/hitung-suara/33/3374/337402/3374021009/3374021009023,2024-02-16 14:30:33,PASLON 03
JAWA TENGAH,KOTA SEMARANG,SEMARANG UTARA,KUNINGAN,3374021005001,23,86,102,211,3374021005001,KOTA SEMARANG,KUNINGAN,TPS 001,274,211,23,86,102,0.109,0.4076,0.4834,0.7701,0,211,True,https://pemilu2024.kpu.go.id/pilpres/hitung-suara/33/3374/337402/3374021005/3374021005001,2024-02-15 18:30:25,PASLON 03
JAWA TENGAH,KOTA SEMARANG,SEMARANG UTARA,KUNINGAN,3374021005002,19,155,51,225,3374021005002,KOTA SEMARANG,KUNINGAN,TPS 002,285,225,19,155,51,0.0844,0.6889,0.2267,0.7895,7,232,False,https://pemilu2024.kpu.go.id/pilpres/hitung-suara/33/3374/337402/3374021005/3374021005002,2024-02-15 00:41:44,PASLON 02
JAWA TENGAH,KOTA SEMARANG,SEMARANG UTARA,KUNINGAN,3374021005004,85,78,57,220,3374021005004,KOTA SEMARANG,KUNINGAN,TPS 004,275,220,85,78,57,0.3864,0.3545,0.2591,0.8,4,224,False,https://pemilu2024.kpu.go.id/pilpres/hitung-suara/33/3374/337402/3374021005/3374021005004,2024-02-15 03:06:03,PASLON 01
JAWA TENGAH,KOTA SEMARANG,SEMARANG UTARA,KUNINGAN,3374021005006,19,116,83,218,3374021005006,KOTA SEMARANG,KUNINGAN,TPS 006,274,218,19,116,83,0.0872,0.5321,0.3807,0.7956,6,224,False,https://pemilu2024.kpu.go.id/pilpres/hitung-suara/33/3374/337402/3374021005/3374021005006,2024-02-16 16:25:10,PASLON 02
JAWA TENGAH,KOTA SEMARANG,SEMARANG UTARA,KUNINGAN,3374021005009,21,148,78,247,3374021005009,KOTA SEMARANG,KUNINGAN,TPS 009,274,247,21,148,78,0.085,0.5992,0.3158,0.9015,0,247,True,https://pemilu2024.kpu.go.id/pilpres/hitung-suara/33/3374/337402/3374021005/3374021005009,2024-02-17 11:30:03,PASLON 02
JAWA TENGAH,KOTA SEMARANG,SEMARANG UTARA,KUNINGAN,3374021005010,23,104,95,222,3374021005010,KOTA SEMARANG,KUNINGAN,TPS 010,274,222,23,104,95,0.1036,0.4685,0.4279,0.8102,0,222,True,https://pemilu2024.kpu.go.id/pilpres/hitung-suara/33/3374/337402/3374021005/3374021005010,2024-02-15 15:30:25,PASLON 02
JAWA TENGAH,KOTA SEMARANG,SEMARANG UTARA,KUNINGAN,3374021005011,26,91,85,202,3374021005011,KOTA SEMARANG,KUNINGAN,TPS 011,274,202,26,91,85,0.1287,0.4505,0.4208,0.7372,0,202,True,https://pemilu2024.kpu.go.id/pilpres/hitung-suara/33/3374/337402/3374021005/3374021005011,2024-02-15 18:30:25,PASLON 02
JAWA TENGAH,KOTA SEMARANG,SEMARANG UTARA,KUNINGAN,3374021005012,25,114,76,215,3374021005012,KOTA SEMARANG,KUNINGAN,TPS 012,274,215,25,114,76,0.1163,0.5302,0.3535,0.7847,0,215,True,https://pemilu2024.kpu.go.id/pilpres/hitung-suara/33/3374/337402/3374021005/3374021005012,2024-02-24 22:31:28,PASLON 02
JAWA TENGAH,KOTA SEMARANG,SEMARANG UTARA,KUNINGAN,3374021005017,20,140,57,217,3374021005017,KOTA SEMARANG,KUNINGAN,TPS 017,274,217,20,140,57,0.0922,0.6452,0.2627,0.792,0,217,True,https://pemilu2024.kpu.go.id/pilpres/hitung-suara/33/3374/337402/3374021005/3374021005017,2024-02-15 18:30:25,PASLON 02
JAWA TENGAH,KOTA SEMARANG,SEMARANG UTARA,KUNINGAN,3374021005018,17,80,102,199,3374021005018,KOTA SEMARANG,KUNINGAN,TPS 018,274,199,17,80,102,0.0854,0.402,0.5126,0.7263,0,199,True,https://pemilu2024.kpu.go.id/pilpres/hitung-suara/33/3374/337402/3374021005/3374021005018,2024-02-15 21:30:27,PASLON 03
JAWA TENGAH,KOTA SEMARANG,SEMARANG UTARA,KUNINGAN,3374021005019,13,89,105,207,3374021005019,KOTA SEMARANG,KUNINGAN,TPS 019,274,207,13,89,105,0.0628,0.43,0.5072,0.7555,0,207,True,https://pemilu2024.kpu.go.id/pilpres/hitung-suara/33/3374/337402/3374021005/3374021005019,2024-02-15 18:30:25,PASLON 03
JAWA TENGAH,KOTA SEMARANG,SEMARANG UTARA,KUNINGAN,3374021005020,15,98,128,241,3374021005020,KOTA SEMARANG,KUNINGAN,TPS 020,285,241,15,98,128,0.0622,0.4066,0.5311,0.8456,3,244,False,https://pemilu2024.kpu.go.id/pilpres/hitung-suara/33/3374/337402/3374021005/3374021005020,2024-02-22 14:00:00,PASLON 03
JAWA TENGAH,KOTA SEMARANG,SEMARANG UTARA,KUNINGAN,3374021005021,6,95,120,221,3374021005021,KOTA SEMARANG,KUNINGAN,TPS 021,296,221,6,95,120,0.0271,0.4299,0.543,0.7466,3,224,False,https://pemilu2024.kpu.go.id/pilpres/hitung-suara/33/3374/337402/3374021005/3374021005021,2024-02-15 15:00:29,PASLON 03
JAWA TENGAH,KOTA SEMARANG,SEMARANG UTARA,KUNINGAN,3374021005022,8,77,111,196,3374021005022,KOTA SEMARANG,KUNINGAN,TPS 022,274,196,8,77,111,0.0408,0.3929,0.5663,0.7153,0,196,True,https://pemilu2024.kpu.go.id/pilpres/hitung-suara/33/3374/337402/3374021005/3374021005022,2024-02-15 21:30:27,PASLON 03
JAWA TENGAH,KOTA SEMARANG,SEMARANG UTARA,KUNINGAN,3374021005026,40,108,72,220,3374021005026,KOTA SEMARANG,KUNINGAN,TPS 026,274,220,40,108,72,0.1818,0.4909,0.3273,0.8029,0,220,True,https://pemilu2024.kpu.go.id/pilpres/hitung-suara/33/3374/337402/3374021005/3374021005026,2024-02-24 22:31:28,PASLON 02
JAWA TENGAH,KOTA SEMARANG,SEMARANG UTARA,KUNINGAN,3374021005027,43,98,85,226,3374021005027,KOTA SEMARANG,KUNINGAN,TPS 027,272,226,43,98,85,0.1903,0.4336,0.3761,0.8309,8,234,False,https://pemilu2024.kpu.go.id/pilpres/hitung-suara/33/3374/337402/3374021005/3374021005027,2024-02-16 12:51:22,PASLON 02
JAWA TENGAH,KOTA SEMARANG,SEMARANG UTARA,KUNINGAN,3374021005029,24,129,94,247,3374021005029,KOTA SEMARANG,KUNINGAN,TPS 029,274,247,24,129,94,0.0972,0.5223,0.3806,0.9015,0,247,True,https://pemilu2024.kpu.go.id/pilpres/hitung-suara/33/3374/337402/3374021005/3374021005029,2024-02-15 18:30:25,PASLON 02
JAWA TENGAH,KOTA SEMARANG,SEMARANG UTARA,KUNINGAN,3374021005030,30,120,78,228,3374021005030,KOTA SEMARANG,KUNINGAN,TPS 030,274,228,30,120,78,0.1316,0.5263,0.3421,0.8321,0,228,True,https://pemilu2024.kpu.go.id/pilpres/hitung-suara/33/3374/337402/3374021005/3374021005030,2024-02-15 18:30:25,PASLON 02
JAWA TENGAH,KOTA SEMARANG,SEMARANG UTARA,KUNINGAN,3374021005032,18,107,103,228,3374021005032,KOTA SEMARANG,KUNINGAN,TPS 032,268,228,18,107,103,0.0789,0.4693,0.4518,0.8507,1,229,False,https://pemilu2024.kpu.go.id/pilpres/hitung-suara/33/3374/337402/3374021005/3374021005032,2024-02-17 11:30:03,PASLON 02
JAWA TENGAH,KOTA SEMARANG,SEMARANG UTARA,KUNINGAN,3374021005033,25,123,98,246,3374021005033,KOTA SEMARANG,KUNINGAN,TPS 033,274,246,25,123,98,0.1016,0.5,0.3984,0.8978,10,256,True,https://pemilu2024.kpu.go.id/pilpres/hitung-suara/33/3374/337402/3374021005/3374021005033,2024-02-16 16:25:10,PASLON 02
JAWA TENGAH,KOTA SEMARANG,SEMARANG UTARA,KUNINGAN,3374021005034,21,130,88,239,3374021005034,KOTA SEMARANG,KUNINGAN,TPS 034,286,239,21,130,88,0.0879,0.5439,0.3682,0.8357,6,245,False,https://pemilu2024.kpu.go.id/pilpres/hitung-suara/33/3374/337402/3374021005/3374021005034,2024-02-15 21:01:18,PASLON 02
JAWA TENGAH,KOTA SEMARANG,SEMARANG UTARA,KUNINGAN,3374021005035,23,119,94,236,3374021005035,KOTA SEMARANG,KUNINGAN,TPS 035,274,236,23,119,94,0.0975,0.5042,0.3983,0.8613,0,236,True,https://pemilu2024.kpu.go.id/pilpres/hitung-suara/33/3374/337402/3374021005/3374021005035,2024-02-15 18:30:25,PASLON 02
JAWA TENGAH,KOTA SEMARANG,SEMARANG UTARA,KUNINGAN,3374021005036,11,126,83,220,3374021005036,KOTA SEMARANG,KUNINGAN,TPS 036,274,220,11,126,83,0.05,0.5727,0.3773,0.8029,6,226,False,https://pemilu2024.kpu.go.id/pilpres/hitung-suara/33/3374/337402/3374021005/3374021005036,2024-02-15 18:30:25,PASLON 02
JAWA TENGAH,KOTA SEMARANG,SEMARANG UTARA,KUNINGAN,3374021005038,37,74,68,179,3374021005038,KOTA SEMARANG,KUNINGAN,TPS 038,207,179,37,74,68,0.2067,0.4134,0.3799,0.8647,2,181,False,https://pemilu2024.kpu.go.id/pilpres/hitung-suara/33/3374/337402/3374021005/3374021005038,2024-02-16 12:51:22,PASLON 02
JAWA TENGAH,KOTA SEMARANG,SEMARANG UTARA,PANGGUNG KIDUL,3374021007004,26,86,105,217,3374021007004,KOTA SEMARANG,PANGGUNG KIDUL,TPS 004,252,217,26,86,105,0.1198,0.3963,0.4839,0.8611,0,217,True,https://pemilu2024.kpu.go.id/pilpres/hitung-suara/33/3374/337402/3374021007/3374021007004,2024-02-17 11:30:03,PASLON 03
JAWA TENGAH,KOTA SEMARANG,SEMARANG UTARA,PANGGUNG KIDUL,3374021007005,13,103,77,193,3374021007005,KOTA SEMARANG,PANGGUNG KIDUL,TPS 005,242,193,13,103,77,0.0674,0.5337,0.399,0.7975,8,201,False,https://pemilu2024.kpu.go.id/pilpres/hitung-suara/33/3374/337402/3374021007/3374021007005,2024-02-16 14:30:33,PASLON 02
JAWA TENGAH,KOTA SEMARANG,SEMARANG UTARA,PANGGUNG KIDUL,3374021007006,16,103,98,217,3374021007006,KOTA SEMARANG,PANGGUNG KIDUL,TPS 006,252,217,16,103,98,0.0737,0.4747,0.4516,0.8611,0,217,True,https://pemilu2024.kpu.go.id/pilpres/hitung-suara/33/3374/337402/3374021007/3374021007006,2024-02-15 18:30:25,PASLON 02
JAWA TENGAH,KOTA SEMARANG,SEMARANG UTARA,PANGGUNG KIDUL,3374021007008,13,96,68,177,3374021007008,KOTA SEMARANG,PANGGUNG KIDUL,TPS 008,252,177,13,96,68,0.0734,0.5424,0.3842,0.7024,12,189,True,https://pemilu2024.kpu.go.id/pilpres/hitung-suara/33/3374/337402/3374021007/3374021007008,2024-02-16 17:00:00,PASLON 02
JAWA TENGAH,KOTA SEMARANG,SEMARANG UTARA,PANGGUNG KIDUL,3374021007009,8,119,80,207,3374021007009,KOTA SEMARANG,PANGGUNG KIDUL,TPS 009,263,207,8,119,80,0.0386,0.5749,0.3865,0.7871,9,216,False,https://pemilu2024.kpu.go.id/pilpres/hitung-suara/33/3374/337402/3374021007/3374021007009,2024-02-17 10:00:02,PASLON 02
JAWA TENGAH,KOTA SEMARANG,SEMARANG UTARA,PANGGUNG KIDUL,3374021007013,16,120,94,230,3374021007013,KOTA SEMARANG,PANGGUNG KIDUL,TPS 013,277,230,16,120,94,0.0696,0.5217,0.4087,0.8303,9,239,False,https://pemilu2024.kpu.go.id/pilpres/hitung-suara/33/3374/337402/3374021007/3374021007013,2024-02-16 16:25:10,PASLON 02
JAWA TENGAH,KOTA SEMARANG,SEMARANG UTARA,PANGGUNG KIDUL,3374021007017,7,61,130,198,3374021007017,KOTA SEMARANG,PANGGUNG KIDUL,TPS 017,224,198,7,61,130,0.0354,0.3081,0.6566,0.8839,5,203,False,https://pemilu2024.kpu.go.id/pilpres/hitung-suara/33/3374/337402/3374021007/3374021007017,2024-02-15 22:00:27,PASLON 03
JAWA TENGAH,KOTA SEMARANG,SEMARANG UTARA,PANGGUNG LOR,3374021006001,14,98,120,232,3374021006001,KOTA SEMARANG,PANGGUNG LOR,TPS 001,264,232,14,98,120,0.0603,0.4224,0.5172,0.8788,0,232,True,https://pemilu2024.kpu.go.id/pilpres/hitung-suara/33/3374/337402/3374021006/3374021006001,2024-02-15 18:30:25,PASLON 03
JAWA TENGAH,KOTA SEMARANG,SEMARANG UTARA,PANGGUNG LOR,3374021006003,1,79,142,222,3374021006003,KOTA SEMARANG,PANGGUNG LOR,TPS 003,269,222,1,79,142,0.0045,0.3559,0.6396,0.8253,2,224,False,https://pemilu2024.kpu.go.id/pilpres/hitung-suara/33/3374/337402/3374021006/3374021006003,2024-02-16 08:30:27,PASLON 03
JAWA TENGAH,KOTA SEMARANG,SEMARANG UTARA,PANGGUNG LOR,3374021006009,13,96,131,240,3374021006009,KOTA SEMARANG,PANGGUNG LOR,TPS 009,264,240,13,96,131,0.0542,0.4,0.5458,0.9091,0,240,True,https://pemilu2024.kpu.go.id/pilpres/hitung-suara/33/3374/337402/3374021006/3374021006009,2024-02-15 21:30:27,PASLON 03
JAWA TENGAH,KOTA SEMARANG,SEMARANG UTARA,PANGGUNG LOR,3374021006011,12,74,104,190,3374021006011,KOTA SEMARANG,PANGGUNG LOR,TPS 011,206,190,12,74,104,0.0632,0.3895,0.5474,0.9223,1,191,False,https://pemilu2024.kpu.go.id/pilpres/hitung-suara/33/3374/337402/3374021006/3374021006011,2024-02-14 21:46:01,PASLON 03
JAWA TENGAH,KOTA SEMARANG,SEMARANG UTARA,PANGGUNG LOR,3374021006013,3,76,140,219,3374021006013,KOTA SEMARANG,PANGGUNG LOR,TPS 013,264,219,3,76,140,0.0137,0.347,0.6393,0.8295,0,219,True,https://pemilu2024.kpu.go.id/pilpres/hitung-suara/33/3374/337402/3374021006/3374021006013,2024-02-15 15:30:25,PASLON 03
JAWA TENGAH,KOTA SEMARANG,SEMARANG UTARA,PANGGUNG LOR,3374021006014,8,79,123,210,3374021006014,KOTA SEMARANG,PANGGUNG LOR,TPS 014,264,210,8,79,123,0.0381,0.3762,0.5857,0.7955,0,210,True,https://pemilu2024.kpu.go.id/pilpres/hitung-suara/33/3374/337402/3374021006/3374021006014,2024-02-15 21:30:27,PASLON 03
JAWA TENGAH,KOTA SEMARANG,SEMARANG UTARA,PANGGUNG LOR,3374021006017,2,107,112,221,3374021006017,KOTA SEMARANG,PANGGUNG LOR,TPS 017,264,221,2,107,112,0.009,0.4842,0.5068,0.8371,0,221,True,https://pemilu2024.kpu.go.id/pilpres/hitung-suara/33/3374/337402/3374021006/3374021006017,2024-02-15 21:30:27,PASLON 03
JAWA TENGAH,KOTA SEMARANG,SEMARANG UTARA,PANGGUNG LOR,3374021006022,24,88,91,203,3374021006022,KOTA SEMARANG,PANGGUNG LOR,TPS 022,264,203,24,88,91,0.1182,0.4335,0.4483,0.7689,0,203,True,https://pemilu2024.kpu.go.id/pilpres/hitung-suara/33/3374/337402/3374021006/3374021006022,2024-02-15 21:30:27,PASLON 03
JAWA TENGAH,KOTA SEMARANG,SEMARANG UTARA,PANGGUNG LOR,3374021006023,44,74,122,240,3374021006023,KOTA SEMARANG,PANGGUNG LOR,TPS 023,265,240,44,74,122,0.1833,0.3083,0.5083,0.9057,1,241,False,https://pemilu2024.kpu.go.id/pilpres/hitung-suara/33/3374/337402/3374021006/3374021006023,2024-02-15 21:30:27,PASLON 03
JAWA TENGAH,KOTA SEMARANG,SEMARANG UTARA,PANGGUNG LOR,3374021006024,2,82,133,217,3374021006024,KOTA SEMARANG,PANGGUNG LOR,TPS 024,264,217,2,82,133,0.0092,0.3779,0.6129,0.822,0,217,True,https://pemilu2024.kpu.go.id/pilpres/hitung-suara/33/3374/337402/3374021006/3374021006024,2024-02-17 10:00:02,PASLON 03
JAWA TENGAH,KOTA SEMARANG,SEMARANG UTARA,PANGGUNG LOR,3374021006027,15,66,94,175,3374021006027,KOTA SEMARANG,PANGGUNG LOR,TPS 027,264,175,15,66,94,0.0857,0.3771,0.5371,0.6629,0,175,True,https://pemilu2024.kpu.go.id/pilpres/hitung-suara/33/3374/337402/3374021006/3374021006027,2024-02-15 21:30:27,PASLON 03
JAWA TENGAH,KOTA SEMARANG,SEMARANG UTARA,PANGGUNG LOR,3374021006029,22,83,96,201,3374021006029,KOTA SEMARANG,PANGGUNG LOR,TPS 029,221,201,22,83,96,0.1095,0.4129,0.4776,0.9095,3,204,False,https://pemilu2024.kpu.go.id/pilpres/hitung-suara/33/3374/337402/3374021006/3374021006029,2024-02-15 00:41:44,PASLON 03
JAWA TENGAH,KOTA SEMARANG,SEMARANG UTARA,PANGGUNG LOR,3374021006030,8,74,128,210,3374021006030,KOTA SEMARANG,PANGGUNG LOR,TPS 030,264,210,8,74,128,0.0381,0.3524,0.6095,0.7955,0,210,True,https://pemilu2024.kpu.go.id/pilpres/hitung-suara/33/3374/337402/3374021006/3374021006030,2024-02-15 21:30:27,PASLON 03
JAWA TENGAH,KOTA SEMARANG,SEMARANG UTARA,PANGGUNG LOR,3374021006031,17,71,116,204,3374021006031,KOTA SEMARANG,PANGGUNG LOR,TPS 031,264,204,17,71,116,0.0833,0.348,0.5686,0.7727,0,204,True,https://pemilu2024.kpu.go.id/pilpres/hitung-suara/33/3374/337402/3374021006/3374021006031,2024-02-24 22:31:28,PASLON 03
JAWA TENGAH,KOTA SEMARANG,SEMARANG UTARA,PANGGUNG LOR,3374021006033,7,55,161,223,3374021006033,KOTA SEMARANG,PANGGUNG LOR,TPS 033,264,223,7,55,161,0.0314,0.2466,0.722,0.8447,0,223,True,https://pemilu2024.kpu.go.id/pilpres/hitung-suara/33/3374/337402/3374021006/3374021006033,2024-02-15 18:30:25,PASLON 03
JAWA TENGAH,KOTA SEMARANG,SEMARANG UTARA,PANGGUNG LOR,3374021006036,2,94,133,229,3374021006036,KOTA SEMARANG,PANGGUNG LOR,TPS 036,264,229,2,94,133,0.0087,0.4105,0.5808,0.8674,3,232,False,https://pemilu2024.kpu.go.id/pilpres/hitung-suara/33/3374/337402/3374021006/3374021006036,2024-02-15 15:30:25,PASLON 03
JAWA TENGAH,KOTA SEMARANG,SEMARANG UTARA,PLOMBOKAN,3374021003001,30,106,97,233,3374021003001,KOTA SEMARANG,PLOMBOKAN,TPS 001,293,233,30,106,97,0.1288,0.4549,0.4163,0.7952,7,240,False,https://pemilu2024.kpu.go.id/pilpres/hitung-suara/33/3374/337402/3374021003/3374021003001,2024-02-15 15:30:25,PASLON 02
JAWA TENGAH,KOTA SEMARANG,SEMARANG UTARA,PLOMBOKAN,3374021003002,17,120,114,251,3374021003002,KOTA SEMARANG,PLOMBOKAN,TPS 002,273,251,17,120,114,0.0677,0.4781,0.4542,0.9194,0,251,True,https://pemilu2024.kpu.go.id/pilpres/hitung-suara/33/3374/337402/3374021003/3374021003002,2024-02-15 15:30:25,PASLON 02
JAWA TENGAH,KOTA SEMARANG,SEMARANG UTARA,PLOMBOKAN,3374021003004,10,94,122,226,3374021003004,KOTA SEMARANG,PLOMBOKAN,TPS 004,290,226,10,94,122,0.0442,0.4159,0.5398,0.7793,3,229,False,https://pemilu2024.kpu.go.id/pilpres/hitung-suara/33/3374/337402/3374021003/3374021003004,2024-02-19 06:16:00,PASLON 03
JAWA TENGAH,KOTA SEMARANG,SEMARANG UTARA,PLOMBOKAN,3374021003005,14,47,135,196,3374021003005,KOTA SEMARANG,PLOMBOKAN,TPS 005,280,196,14,47,135,0.0714,0.2398,0.6888,0.7,3,199,False,https://pemilu2024.kpu.go.id/pilpres/hitung-suara/33/3374/337402/3374021003/3374021003005,2024-02-15 00:41:44,PASLON 03
JAWA TENGAH,KOTA SEMARANG,SEMARANG UTARA,PLOMBOKAN,3374021003006,9,60,129,198,3374021003006,KOTA SEMARANG,PLOMBOKAN,TPS 006,273,198,9,60,129,0.0455,0.303,0.6515,0.7253,3,201,False,https://pemilu2024.kpu.go.id/pilpres/hitung-suara/33/3374/337402/3374021003/3374021003006,2024-02-15 21:30:27,PASLON 03
JAWA TENGAH,KOTA SEMARANG,SEMARANG UTARA,PLOMBOKAN,3374021003007,18,113,108,239,3374021003007,KOTA SEMARANG,PLOMBOKAN,TPS 007,273,239,18,113,108,0.0753,0.4728,0.4519,0.8755,0,239,True,https://pemilu2024.kpu.go.id/pilpres/hitung-suara/33/3374/337402/3374021003/3374021003007,2024-02-15 21:01:18,PASLON 02
JAWA TENGAH,KOTA SEMARANG,SEMARANG UTARA,PLOMBOKAN,3374021003008,22,118,76,216,3374021003008,KOTA SEMARANG,PLOMBOKAN,TPS 008,270,216,22,118,76,0.1019,0.5463,0.3519,0.8,6,222,False,https://pemilu2024.kpu.go.id/pilpres/hitung-suara/33/3374/337402/3374021003/3374021003008,2024-02-15 17:00:25,PASLON 02
JAWA TENGAH,KOTA SEMARANG,SEMARANG UTARA,PLOMBOKAN,3374021003009,12,100,105,217,3374021003009,KOTA SEMARANG,PLOMBOKAN,TPS 009,273,217,12,100,105,0.0553,0.4608,0.4839,0.7949,0,217,True,https://pemilu2024.kpu.go.id/pilpres/hitung-suara/33/3374/337402/3374021003/3374021003009,2024-02-15 18:30:25,PASLON 03
JAWA TENGAH,KOTA SEMARANG,SEMARANG UTARA,PLOMBOKAN,3374021003010,19,131,62,212,3374021003010,KOTA SEMARANG,PLOMBOKAN,TPS 010,273,212,19,131,62,0.0896,0.6179,0.2925,0.7766,0,212,True,https://pemilu2024.kpu.go.id/pilpres/hitung-suara/33/3374/337402/3374021003/3374021003010,2024-02-15 21:01:18,PASLON 02
JAWA TENGAH,KOTA SEMARANG,SEMARANG UTARA,PLOMBOKAN,3374021003013,12,111,90,213,3374021003013,KOTA SEMARANG,PLOMBOKAN,TPS 013,273,213,12,111,90,0.0563,0.5211,0.4225,0.7802,0,213,True,https://pemilu2024.kpu.go.id/pilpres/hitung-suara/33/3374/337402/3374021003/3374021003013,2024-02-15 18:30:25,PASLON 02
JAWA TENGAH,KOTA SEMARANG,SEMARANG UTARA,PLOMBOKAN,3374021003015,16,91,70,177,3374021003015,KOTA SEMARANG,PLOMBOKAN,TPS 015,273,177,16,91,70,0.0904,0.5141,0.3955,0.6484,0,177,True,https://pemilu2024.kpu.go.id/pilpres/hitung-suara/33/3374/337402/3374021003/3374021003015,2024-02-21 16:00:00,PASLON 02
JAWA TENGAH,KOTA SEMARANG,SEMARANG UTARA,PLOMBOKAN,3374021003016,33,122,75,230,3374021003016,KOTA SEMARANG,PLOMBOKAN,TPS 016,273,230,33,122,75,0.1435,0.5304,0.3261,0.8425,0,230,True,https://pemilu2024.kpu.go.id/pilpres/hitung-suara/33/3374/337402/3374021003/3374021003016,2024-02-15 21:01:18,PASLON 02
JAWA TENGAH,KOTA SEMARANG,SEMARANG UTARA,PLOMBOKAN,3374021003018,61,70,74,205,3374021003018,KOTA SEMARANG,PLOMBOKAN,TPS 018,261,205,61,70,74,0.2976,0.3415,0.361,0.7854,6,211,False,https://pemilu2024.kpu.go.id/pilpres/hitung-suara/33/3374/337402/3374021003/3374021003018,2024-02-15 09:00:24,PASLON 03
JAWA TENGAH,KOTA SEMARANG,SEMARANG UTARA,PLOMBOKAN,3374021003020,26,105,75,206,3374021003020,KOTA SEMARANG,PLOMBOKAN,TPS 020,274,206,26,105,75,0.1262,0.5097,0.3641,0.7518,4,210,False,https://pemilu2024.kpu.go.id/pilpres/hitung-suara/33/3374/337402/3374021003/3374021003020,2024-02-16 14:00:34,PASLON 02
JAWA TENGAH,KOTA SEMARANG,SEMARANG UTARA,PLOMBOKAN,3374021003021,42,93,92,227,3374021003021,KOTA SEMARANG,PLOMBOKAN,TPS 021,273,227,42,93,92,0.185,0.4097,0.4053,0.8315,0,227,True,https://pemilu2024.kpu.go.id/pilpres/hitung-suara/33/3374/337402/3374021003/3374021003021,2024-02-15 21:01:18,PASLON 02
JAWA TENGAH,KOTA SEMARANG,SEMARANG UTARA,PLOMBOKAN,3374021003023,11,92,61,164,3374021003023,KOTA SEMARANG,PLOMBOKAN,TPS 023,204,164,11,92,61,0.0671,0.561,0.372,0.8039,3,167,False,https://pemilu2024.kpu.go.id/pilpres/hitung-suara/33/3374/337402/3374021003/3374021003023,2024-02-14 21:46:01,PASLON 02
JAWA TENGAH,KOTA SEMARANG,SEMARANG UTARA,PLOMBOKAN,3374021003901,4,44,116,164,3374021003901,KOTA SEMARANG,PLOMBOKAN,TPS 901,166,164,4,44,116,0.0244,0.2683,0.7073,0.988,1,165,False,https://pemilu2024.kpu.go.id/pilpres/hitung-suara/33/3374/337402/3374021003/3374021003901,2024-02-15 23:29:50,PASLON 03
JAWA TENGAH,KOTA SEMARANG,SEMARANG UTARA,PURWOSARI,3374021004002,29,95,106,230,3374021004002,KOTA SEMARANG,PURWOSARI,TPS 002,272,230,29,95,106,0.1261,0.413,0.4609,0.8456,8,238,False,https://pemilu2024.kpu.go.id/pilpres/hitung-suara/33/3374/337402/3374021004/3374021004002,2024-02-15 21:30:27,PASLON 03
JAWA TENGAH,KOTA SEMARANG,SEMARANG UTARA,PURWOSARI,3374021004003,26,95,89,210,3374021004003,KOTA SEMARANG,PURWOSARI,TPS 003,279,210,26,95,89,0.1238,0.4524,0.4238,0.7527,5,215,False,https://pemilu2024.kpu.go.id/pilpres/hitung-suara/33/3374/337402/3374021004/3374021004003,2024-02-15 15:00:29,PASLON 02
JAWA TENGAH,KOTA SEMARANG,SEMARANG UTARA,PURWOSARI,3374021004005,23,125,91,239,3374021004005,KOTA SEMARANG,PURWOSARI,TPS 005,282,239,23,125,91,0.0962,0.523,0.3808,0.8475,3,242,False,https://pemilu2024.kpu.go.id/pilpres/hitung-suara/33/3374/337402/3374021004/3374021004005,2024-02-15 00:41:44,PASLON 02
JAWA TENGAH,KOTA SEMARANG,SEMARANG UTARA,PURWOSARI,3374021004006,24,92,84,200,3374021004006,KOTA SEMARANG,PURWOSARI,TPS 006,271,200,24,92,84,0.12,0.46,0.42,0.738,4,204,False,https://pemilu2024.kpu.go.id/pilpres/hitung-suara/33/3374/337402/3374021004/3374021004006,2024-02-15 20:30:46,PASLON 02
JAWA TENGAH,KOTA SEMARANG,SEMARANG UTARA,PURWOSARI,3374021004008,13,102,56,171,3374021004008,KOTA SEMARANG,PURWOSARI,TPS 008,200,171,13,102,56,0.076,0.5965,0.3275,0.855,5,176,False,https://pemilu2024.kpu.go.id/pilpres/hitung-suara/33/3374/337402/3374021004/3374021004008,2024-02-14 21:46:01,PASLON 02
JAWA TENGAH,KOTA SEMARANG,SEMARANG UTARA,PURWOSARI,3374021004011,20,85,83,188,3374021004011,KOTA SEMARANG,PURWOSARI,TPS 011,272,188,20,85,83,0.1064,0.4521,0.4415,0.6912,0,188,True,https://pemilu2024.kpu.go.id/pilpres/hitung-suara/33/3374/337402/3374021004/3374021004011,2024-02-15 21:30:27,PASLON 02
JAWA TENGAH,KOTA SEMARANG,SEMARANG UTARA,PURWOSARI,3374021004012,23,98,108,229,3374021004012,KOTA SEMARANG,PURWOSARI,TPS 012,272,229,23,98,108,0.1004,0.4279,0.4716,0.8419,0,229,True,https://pemilu2024.kpu.go.id/pilpres/hitung-suara/33/3374/337402/3374021004/3374021004012,2024-02-15 17:00:25,PASLON 03
JAWA TENGAH,KOTA SEMARANG,SEMARANG UTARA,PURWOSARI,3374021004013,16,113,112,241,3374021004013,KOTA SEMARANG,PURWOSARI,TPS 013,289,241,16,113,112,0.0664,0.4689,0.4647,0.8339,8,249,False,https://pemilu2024.kpu.go.id/pilpres/hitung-suara/33/3374/337402/3374021004/3374021004013,2024-02-17 11:30:03,PASLON 02
JAWA TENGAH,KOTA SEMARANG,SEMARANG UTARA,PURWOSARI,3374021004016,16,125,85,226,3374021004016,KOTA SEMARANG,PURWOSARI,TPS 016,281,226,16,125,85,0.0708,0.5531,0.3761,0.8043,3,229,False,https://pemilu2024.kpu.go.id/pilpres/hitung-suara/33/3374/337402/3374021004/3374021004016,2024-02-15 15:30:25,PASLON 02
JAWA TENGAH,KOTA SEMARANG,SEMARANG UTARA,PURWOSARI,3374021004018,21,105,89,215,3374021004018,KOTA SEMARANG,PURWOSARI,TPS 018,277,215,21,105,89,0.0977,0.4884,0.414,0.7762,9,224,False,https://pemilu2024.kpu.go.id/pilpres/hitung-suara/33/3374/337402/3374021004/3374021004018,2024-02-15 00:41:44,PASLON 02
JAWA TENGAH,KOTA SEMARANG,SEMARANG UTARA,PURWOSARI,3374021004023,72,76,74,222,3374021004023,KOTA SEMARANG,PURWOSARI,TPS 023,272,222,72,76,74,0.3243,0.3423,0.3333,0.8162,0,222,True,https://pemilu2024.kpu.go.id/pilpres/hitung-suara/33/3374/337402/3374021004/3374021004023,2024-02-16 13:00:29,PASLON 02
JAWA TENGAH,KOTA SEMARANG,SEMARANG UTARA,TANJUNG MAS,3374021008001,23,94,67,184,3374021008001,KOTA SEMARANG,TANJUNG MAS,TPS 001,237,184,23,94,67,0.125,0.5109,0.3641,0.7764,6,190,False,https://pemilu2024.kpu.go.id/pilpres/hitung-suara/33/3374/337402/3374021008/3374021008001,2024-02-15 22:00:27,PASLON 02
JAWA TENGAH,KOTA SEMARANG,SEMARANG UTARA,TANJUNG MAS,3374021008002,18,53,135,206,3374021008002,KOTA SEMARANG,TANJUNG MAS,TPS 002,264,206,18,53,135,0.0874,0.2573,0.6553,0.7803,0,206,True,https://pemilu2024.kpu.go.id/pilpres/hitung-suara/33/3374/337402/3374021008/3374021008002,2024-02-24 22:31:28,PASLON 03
JAWA TENGAH,KOTA SEMARANG,SEMARANG UTARA,TANJUNG MAS,3374021008003,23,85,59,167,3374021008003,KOTA SEMARANG,TANJUNG MAS,TPS 003,264,167,23,85,59,0.1377,0.509,0.3533,0.6326,0,167,True,https://pemilu2024.kpu.go.id/pilpres/hitung-suara/33/3374/337402/3374021008/3374021008003,2024-02-15 22:00:27,PASLON 02
JAWA TENGAH,KOTA SEMARANG,SEMARANG UTARA,TANJUNG MAS,3374021008005,13,94,112,219,3374021008005,KOTA SEMARANG,TANJUNG MAS,TPS 005,264,219,13,94,112,0.0594,0.4292,0.5114,0.8295,0,219,True,https://pemilu2024.kpu.go.id/pilpres/hitung-suara/33/3374/337402/3374021008/3374021008005,2024-02-15 22:00:27,PASLON 03
JAWA TENGAH,KOTA SEMARANG,SEMARANG UTARA,TANJUNG MAS,3374021008007,9,91,114,214,3374021008007,KOTA SEMARANG,TANJUNG MAS,TPS 007,264,214,9,91,114,0.0421,0.4252,0.5327,0.8106,0,214,True,https://pemilu2024.kpu.go.id/pilpres/hitung-suara/33/3374/337402/3374021008/3374021008007,2024-02-17 10:00:02,PASLON 03
JAWA TENGAH,KOTA SEMARANG,SEMARANG UTARA,TANJUNG MAS,3374021008008,10,94,79,183,3374021008008,KOTA SEMARANG,TANJUNG MAS,TPS 008,228,183,10,94,79,0.0546,0.5137,0.4317,0.8026,5,188,False,https://pemilu2024.kpu.go.id/pilpres/hitung-suara/33/3374/337402/3374021008/3374021008008,2024-02-14 21:46:01,PASLON 02
JAWA TENGAH,KOTA SEMARANG,SEMARANG UTARA,TANJUNG MAS,3374021008009,29,116,97,242,3374021008009,KOTA SEMARANG,TANJUNG MAS,TPS 009,264,242,29,116,97,0.1198,0.4793,0.4008,0.9167,0,242,True,https://pemilu2024.kpu.go.id/pilpres/hitung-suara/33/3374/337402/3374021008/3374021008009,2024-02-15 18:30:25,PASLON 02
JAWA TENGAH,KOTA SEMARANG,SEMARANG UTARA,TANJUNG MAS,3374021008010,10,122,103,235,3374021008010,KOTA SEMARANG,TANJUNG MAS,TPS 010,264,235,10,122,103,0.0426,0.5191,0.4383,0.8902,0,235,True,https://pemilu2024.kpu.go.id/pilpres/hitung-suara/33/3374/337402/3374021008/3374021008010,2024-02-15 22:00:27,PASLON 02
JAWA TENGAH,KOTA SEMARANG,SEMARANG UTARA,TANJUNG MAS,3374021008012,32,108,89,229,3374021008012,KOTA SEMARANG,TANJUNG MAS,TPS 012,285,229,32,108,89,0.1397,0.4716,0.3886,0.8035,16,245,False,https://pemilu2024.kpu.go.id/pilpres/hitung-suara/33/3374/337402/3374021008/3374021008012,2024-02-15 05:00:24,PASLON 02
JAWA TENGAH,KOTA SEMARANG,SEMARANG UTARA,TANJUNG MAS,3374021008014,9,130,78,217,3374021008014,KOTA SEMARANG,TANJUNG MAS,TPS 014,253,217,9,130,78,0.0415,0.5991,0.3594,0.8577,4,221,False,https://pemilu2024.kpu.go.id/pilpres/hitung-suara/33/3374/337402/3374021008/3374021008014,2024-02-15 17:00:25,PASLON 02
JAWA TENGAH,KOTA SEMARANG,SEMARANG UTARA,TANJUNG MAS,3374021008016,15,92,94,201,3374021008016,KOTA SEMARANG,TANJUNG MAS,TPS 016,264,201,15,92,94,0.0746,0.4577,0.4677,0.7614,0,201,True,https://pemilu2024.kpu.go.id/pilpres/hitung-suara/33/3374/337402/3374021008/3374021008016,2024-02-15 18:30:25,PASLON 03
JAWA TENGAH,KOTA SEMARANG,SEMARANG UTARA,TANJUNG MAS,3374021008017,27,77,71,175,3374021008017,KOTA SEMARANG,TANJUNG MAS,TPS 017,264,175,27,77,71,0.1543,0.44,0.4057,0.6629,0,175,True,https://pemilu2024.kpu.go.id/pilpres/hitung-suara/33/3374/337402/3374021008/3374021008017,2024-02-15 12:00:28,PASLON 02
JAWA TENGAH,KOTA SEMARANG,SEMARANG UTARA,TANJUNG MAS,3374021008019,14,128,90,232,3374021008019,KOTA SEMARANG,TANJUNG MAS,TPS 019,264,232,14,128,90,0.0603,0.5517,0.3879,0.8788,0,232,True,https://pemilu2024.kpu.go.id/pilpres/hitung-suara/33/3374/337402/3374021008/3374021008019,2024-02-15 18:30:25,PASLON 02
JAWA TENGAH,KOTA SEMARANG,SEMARANG UTARA,TANJUNG MAS,3374021008021,21,84,125,230,3374021008021,KOTA SEMARANG,TANJUNG MAS,TPS 021,264,230,21,84,125,0.0913,0.3652,0.5435,0.8712,0,230,True,https://pemilu2024.kpu.go.id/pilpres/hitung-suara/33/3374/337402/3374021008/3374021008021,2024-02-15 22:00:27,PASLON 03
JAWA TENGAH,KOTA SEMARANG,SEMARANG UTARA,TANJUNG MAS,3374021008022,13,110,117,240,3374021008022,KOTA SEMARANG,TANJUNG MAS,TPS 022,264,240,13,110,117,0.0542,0.4583,0.4875,0.9091,0,240,True,https://pemilu2024.kpu.go.id/pilpres/hitung-suara/33/3374/337402/3374021008/3374021008022,2024-02-15 22:00:27,PASLON 03
JAWA TENGAH,KOTA SEMARANG,SEMARANG UTARA,TANJUNG MAS,3374021008024,13,128,86,227,3374021008024,KOTA SEMARANG,TANJUNG MAS,TPS 024,264,227,13,128,86,0.0573,0.5639,0.3789,0.8598,0,227,True,https://pemilu2024.kpu.go.id/pilpres/hitung-suara/33/3374/337402/3374021008/3374021008024,2024-02-21 18:00:00,PASLON 02
JAWA TENGAH,KOTA SEMARANG,SEMARANG UTARA,TANJUNG MAS,3374021008025,25,115,107,247,3374021008025,KOTA SEMARANG,TANJUNG MAS,TPS 025,264,247,25,115,107,0.1012,0.4656,0.4332,0.9356,0,247,True,https://pemilu2024.kpu.go.id/pilpres/hitung-suara/33/3374/337402/3374021008/3374021008025,2024-02-15 22:00:27,PASLON 02
JAWA TENGAH,KOTA SEMARANG,SEMARANG UTARA,TANJUNG MAS,3374021008026,22,146,76,244,3374021008026,KOTA SEMARANG,TANJUNG MAS,TPS 026,283,244,22,146,76,0.0902,0.5984,0.3115,0.8622,3,247,False,https://pemilu2024.kpu.go.id/pilpres/hitung-suara/33/3374/337402/3374021008/3374021008026,2024-02-15 17:00:25,PASLON 02
JAWA TENGAH,KOTA SEMARANG,SEMARANG UTARA,TANJUNG MAS,3374021008027,28,139,94,261,3374021008027,KOTA SEMARANG,TANJUNG MAS,TPS 027,264,261,28,139,94,0.1073,0.5326,0.3602,0.9886,0,261,True,https://pemilu2024.kpu.go.id/pilpres/hitung-suara/33/3374/337402/3374021008/3374021008027,2024-02-15 22:00:27,PASLON 02
JAWA TENGAH,KOTA SEMARANG,SEMARANG UTARA,TANJUNG MAS,3374021008029,11,117,87,215,3374021008029,KOTA SEMARANG,TANJUNG MAS,TPS 029,264,215,11,117,87,0.0512,0.5442,0.4047,0.8144,0,215,True,https://pemilu2024.kpu.go.id/pilpres/hitung-suara/33/3374/337402/3374021008/3374021008029,2024-02-15 22:00:27,PASLON 02
JAWA TENGAH,KOTA SEMARANG,SEMARANG UTARA,TANJUNG MAS,3374021008030,13,128,98,239,3374021008030,KOTA SEMARANG,TANJUNG MAS,TPS 030,264,239,13,128,98,0.0544,0.5356,0.41,0.9053,0,239,True,https://pemilu2024.kpu.go.id/pilpres/hitung-suara/33/3374/337402/3374021008/3374021008030,2024-02-15 22:00:27,PASLON 02
JAWA TENGAH,KOTA SEMARANG,SEMARANG UTARA,TANJUNG MAS,3374021008031,29,123,96,248,3374021008031,KOTA SEMARANG,TANJUNG MAS,TPS 031,285,248,29,123,96,0.1169,0.496,0.3871,0.8702,10,258,False,https://pemilu2024.kpu.go.id/pilpres/hitung-suara/33/3374/337402/3374021008/3374021008031,2024-02-15 18:30:25,PASLON 02
JAWA TENGAH,KOTA SEMARANG,SEMARANG UTARA,TANJUNG MAS,3374021008036,7,141,85,233,3374021008036,KOTA SEMARANG,TANJUNG MAS,TPS 036,264,233,7,141,85,0.03,0.6052,0.3648,0.8826,0,233,True,https://pemilu2024.kpu.go.id/pilpres/hitung-suara/33/3374/337402/3374021008/3374021008036,2024-02-15 22:00:27,PASLON 02
JAWA TENGAH,KOTA SEMARANG,SEMARANG UTARA,TANJUNG MAS,3374021008038,3,100,72,175,3374021008038,KOTA SEMARANG,TANJUNG MAS,TPS 038,264,175,3,100,72,0.0171,0.5714,0.4114,0.6629,0,175,True,https://pemilu2024.kpu.go.id/pilpres/hitung-suara/33/3374/337402/3374021008/3374021008038,2024-02-24 22:31:28,PASLON 02
JAWA TENGAH,KOTA SEMARANG,SEMARANG UTARA,TANJUNG MAS,3374021008039,20,103,94,217,3374021008039,KOTA SEMARANG,TANJUNG MAS,TPS 039,242,217,20,103,94,0.0922,0.4747,0.4332,0.8967,1,218,False,https://pemilu2024.kpu.go.id/pilpres/hitung-suara/33/3374/337402/3374021008/3374021008039,2024-02-16 06:30:27,PASLON 02
JAWA TENGAH,KOTA SEMARANG,SEMARANG UTARA,TANJUNG MAS,3374021008040,20,125,62,207,3374021008040,KOTA SEMARANG,TANJUNG MAS,TPS 040,264,207,20,125,62,0.0966,0.6039,0.2995,0.7841,0,207,True,https://pemilu2024.kpu.go.id/pilpres/hitung-suara/33/3374/337402/3374021008/3374021008040,2024-02-15 22:00:27,PASLON 02
JAWA TENGAH,KOTA SEMARANG,SEMARANG UTARA,TANJUNG MAS,3374021008041,11,137,47,195,3374021008041,KOTA SEMARANG,TANJUNG MAS,TPS 041,264,195,11,137,47,0.0564,0.7026,0.241,0.7386,0,195,True,https://pemilu2024.kpu.go.id/pilpres/hitung-suara/33/3374/337402/3374021008/3374021008041,2024-02-15 22:00:27,PASLON 02
JAWA TENGAH,KOTA SEMARANG,SEMARANG UTARA,TANJUNG MAS,3374021008042,26,120,88,234,3374021008042,KOTA SEMARANG,TANJUNG MAS,TPS 042,289,234,26,120,88,0.1111,0.5128,0.3761,0.8097,5,239,False,https://pemilu2024.kpu.go.id/pilpres/hitung-suara/33/3374/337402/3374021008/3374021008042,2024-02-16 12:51:22,PASLON 02
JAWA TENGAH,KOTA SEMARANG,SEMARANG UTARA,TANJUNG MAS,3374021008043,31,111,85,227,3374021008043,KOTA SEMARANG,TANJUNG MAS,TPS 043,276,227,31,111,85,0.1366,0.489,0.3744,0.8225,3,230,False,https://pemilu2024.kpu.go.id/pilpres/hitung-suara/33/3374/337402/3374021008/3374021008043,2024-02-15 00:46:45,PASLON 02
JAWA TENGAH,KOTA SEMARANG,SEMARANG UTARA,TANJUNG MAS,3374021008044,14,90,82,186,3374021008044,KOTA SEMARANG,TANJUNG MAS,TPS 044,220,186,14,90,82,0.0753,0.4839,0.4409,0.8455,3,189,False,https://pemilu2024.kpu.go.id/pilpres/hitung-suara/33/3374/337402/3374021008/3374021008044,2024-02-17 11:30:03,PASLON 02
JAWA TENGAH,KOTA SEMARANG,SEMARANG UTARA,TANJUNG MAS,3374021008045,19,98,86,203,3374021008045,KOTA SEMARANG,TANJUNG MAS,TPS 045,232,203,19,98,86,0.0936,0.4828,0.4236,0.875,0,203,False,https://pemilu2024.kpu.go.id/pilpres/hitung-suara/33/3374/337402/3374021008/3374021008045,2024-02-14 21:46:01,PASLON 02
JAWA TENGAH,KOTA SEMARANG,SEMARANG UTARA,TANJUNG MAS,3374021008046,12,114,86,212,3374021008046,KOTA SEMARANG,TANJUNG MAS,TPS 046,216,212,12,114,86,0.0566,0.5377,0.4057,0.9815,7,219,False,https://pemilu2024.kpu.go.id/pilpres/hitung-suara/33/3374/337402/3374021008/3374021008046,2024-02-15 03:06:03,PASLON 02
JAWA TENGAH,KOTA SEMARANG,SEMARANG UTARA,TANJUNG MAS,3374021008048,21,99,109,229,3374021008048,KOTA SEMARANG,TANJUNG MAS,TPS 048,285,229,21,99,109,0.0917,0.4323,0.476,0.8035,4,233,False,https://pemilu2024.kpu.go.id/pilpres/hitung-suara/33/3374/337402/3374021008/3374021008048,2024-02-15 17:30:25,PASLON 03
JAWA TENGAH,KOTA SEMARANG,SEMARANG UTARA,TANJUNG MAS,3374021008049,15,126,85,226,3374021008049,KOTA SEMARANG,TANJUNG MAS,TPS 049,264,226,15,126,85,0.0664,0.5575,0.3761,0.8561,0,226,True,https://pemilu2024.kpu.go.id/pilpres/hitung-suara/33/3374/337402/3374021008/3374021008049,2024-02-15 22:30:27,PASLON 02
JAWA TENGAH,KOTA SEMARANG,SEMARANG UTARA,TANJUNG MAS,3374021008050,15,113,85,213,3374021008050,KOTA SEMARANG,TANJUNG MAS,TPS 050,247,213,15,113,85,0.0704,0.5305,0.3991,0.8623,9,222,False,https://pemilu2024.kpu.go.id/pilpres/hitung-suara/33/3374/337402/3374021008/3374021008050,2024-02-15 04:00:24,PASLON 02
JAWA TENGAH,KOTA SEMARANG,SEMARANG UTARA,TANJUNG MAS,3374021008052,8,129,69,206,3374021008052,KOTA SEMARANG,TANJUNG MAS,TPS 052,264,206,8,129,69,0.0388,0.6262,0.335,0.7803,0,206,True,https://pemilu2024.kpu.go.id/pilpres/hitung-suara/33/3374/337402/3374021008/3374021008052,2024-02-15 22:30:27,PASLON 02
JAWA TENGAH,KOTA SEMARANG,SEMARANG UTARA,TANJUNG MAS,3374021008053,11,128,77,216,3374021008053,KOTA SEMARANG,TANJUNG MAS,TPS 053,278,216,11,128,77,0.0509,0.5926,0.3565,0.777,12,228,False,https://pemilu2024.kpu.go.id/pilpres/hitung-suara/33/3374/337402/3374021008/3374021008053,2024-02-16 12:51:22,PASLON 02
JAWA TENGAH,KOTA SEMARANG,SEMARANG UTARA,TANJUNG MAS,3374021008054,14,156,45,215,3374021008054,KOTA SEMARANG,TANJUNG MAS,TPS 054,272,215,14,156,45,0.0651,0.7256,0.2093,0.7904,6,221,False,https://pemilu2024.kpu.go.id/pilpres/hitung-suara/33/3374/337402/3374021008/3374021008054,2024-02-15 00:41:44,PASLON 02
JAWA TENGAH,KOTA SEMARANG,SEMARANG UTARA,TANJUNG MAS,3374021008057,20,159,70,249,3374021008057,KOTA SEMARANG,TANJUNG MAS,TPS 057,264,249,20,159,70,0.0803,0.6386,0.2811,0.9432,0,249,True,https://pemilu2024.kpu.go.id/pilpres/hitung-suara/33/3374/337402/3374021008/3374021008057,2024-02-15 19:00:26,PASLON 02
JAWA TENGAH,KOTA SEMARANG,SEMARANG UTARA,TANJUNG MAS,3374021008060,19,130,54,203,3374021008060,KOTA SEMARANG,TANJUNG MAS,TPS 060,255,203,19,130,54,0.0936,0.6404,0.266,0.7961,14,217,False,https://pemilu2024.kpu.go.id/pilpres/hitung-suara/33/3374/337402/3374021008/3374021008060,2024-02-15 05:00:24,PASLON 02
JAWA TENGAH,KOTA SEMARANG,SEMARANG UTARA,TANJUNG MAS,3374021008063,11,126,85,222,3374021008063,KOTA SEMARANG,TANJUNG MAS,TPS 063,264,222,11,126,85,0.0495,0.5676,0.3829,0.8409,0,222,True,https://pemilu2024.kpu.go.id/pilpres/hitung-suara/33/3374/337402/3374021008/3374021008063,2024-02-15 19:00:26,PASLON 02
JAWA TENGAH,KOTA SEMARANG,SEMARANG UTARA,TANJUNG MAS,3374021008064,10,132,90,232,3374021008064,KOTA SEMARANG,TANJUNG MAS,TPS 064,285,232,10,132,90,0.0431,0.569,0.3879,0.814,6,238,False,https://pemilu2024.kpu.go.id/pilpres/hitung-suara/33/3374/337402/3374021008/3374021008064,2024-02-15 00:41:44,PASLON 02
JAWA TENGAH,KOTA SEMARANG,SEMARANG UTARA,TANJUNG MAS,3374021008065,5,124,84,213,3374021008065,KOTA SEMARANG,TANJUNG MAS,TPS 065,264,213,5,124,84,0.0235,0.5822,0.3944,0.8068,0,213,True,https://pemilu2024.kpu.go.id/pilpres/hitung-suara/33/3374/337402/3374021008/3374021008065,2024-02-15 19:00:26,PASLON 02
JAWA TENGAH,KOTA SEMARANG,SEMARANG UTARA,TANJUNG MAS,3374021008067,13,124,92,229,3374021008067,KOTA SEMARANG,TANJUNG MAS,TPS 067,264,229,13,124,92,0.0568,0.5415,0.4017,0.8674,0,229,True,https://pemilu2024.kpu.go.id/pilpres/hitung-suara/33/3374/337402/3374021008/3374021008067,2024-02-15 19:00:26,PASLON 02
JAWA TENGAH,KOTA SEMARANG,SEMARANG UTARA,TANJUNG MAS,3374021008070,8,120,76,204,3374021008070,KOTA SEMARANG,TANJUNG MAS,TPS 070,264,204,8,120,76,0.0392,0.5882,0.3725,0.7727,0,204,True,https://pemilu2024.kpu.go.id/pilpres/hitung-suara/33/3374/337402/3374021008/3374021008070,2024-02-15 19:00:26,PASLON 02
JAWA TENGAH,KOTA SEMARANG,SEMARANG UTARA,TANJUNG MAS,3374021008071,15,117,96,228,3374021008071,KOTA SEMARANG,TANJUNG MAS,TPS 071,264,228,15,117,96,0.0658,0.5132,0.4211,0.8636,0,228,True,https://pemilu2024.kpu.go.id/pilpres/hitung-suara/33/3374/337402/3374021008/3374021008071,2024-02-15 15:00:29,PASLON 02
JAWA TENGAH,KOTA SEMARANG,SEMARANG UTARA,TANJUNG MAS,3374021008073,14,97,53,164,3374021008073,KOTA SEMARANG,TANJUNG MAS,TPS 073,264,164,14,97,53,0.0854,0.5915,0.3232,0.6212,0,164,True,https://pemilu2024.kpu.go.id/pilpres/hitung-suara/33/3374/337402/3374021008/3374021008073,2024-02-24 22:31:28,PASLON 02
JAWA TENGAH,KOTA SEMARANG,SEMARANG UTARA,TANJUNG MAS,3374021008075,27,114,103,244,3374021008075,KOTA SEMARANG,TANJUNG MAS,TPS 075,264,244,27,114,103,0.1107,0.4672,0.4221,0.9242,0,244,True,https://pemilu2024.kpu.go.id/pilpres/hitung-suara/33/3374/337402/3374021008/3374021008075,2024-02-15 19:00:26,PASLON 02
JAWA TENGAH,KOTA SEMARANG,TEMBALANG,BULUSAN,3374101004001,38,73,79,190,3374101004001,KOTA SEMARANG,BULUSAN,TPS 001,218,190,38,73,79,0.2,0.3842,0.4158,0.8716,3,193,False,https://pemilu2024.kpu.go.id/pilpres/hitung-suara/33/3374/337410/3374101004/3374101004001,2024-02-19 06:16:00,PASLON 03
JAWA TENGAH,KOTA SEMARANG,TEMBALANG,BULUSAN,3374101004002,33,99,58,190,3374101004002,KOTA SEMARANG,BULUSAN,TPS 002,276,190,33,99,58,0.1737,0.5211,0.3053,0.6884,0,190,True,https://pemilu2024.kpu.go.id/pilpres/hitung-suara/33/3374/337410/3374101004/3374101004002,2024-02-16 14:30:33,PASLON 02
JAWA TENGAH,KOTA SEMARANG,TEMBALANG,BULUSAN,3374101004003,26,112,107,245,3374101004003,KOTA SEMARANG,BULUSAN,TPS 003,285,245,26,112,107,0.1061,0.4571,0.4367,0.8596,1,246,False,https://pemilu2024.kpu.go.id/pilpres/hitung-suara/33/3374/337410/3374101004/3374101004003,2024-02-19 06:16:00,PASLON 02
JAWA TENGAH,KOTA SEMARANG,TEMBALANG,BULUSAN,3374101004004,57,117,85,259,3374101004004,KOTA SEMARANG,BULUSAN,TPS 004,276,259,57,117,85,0.2201,0.4517,0.3282,0.9384,0,259,True,https://pemilu2024.kpu.go.id/pilpres/hitung-suara/33/3374/337410/3374101004/3374101004004,2024-02-19 06:16:00,PASLON 02
JAWA TENGAH,KOTA SEMARANG,TEMBALANG,BULUSAN,3374101004005,51,138,77,266,3374101004005,KOTA SEMARANG,BULUSAN,TPS 005,295,266,51,138,77,0.1917,0.5188,0.2895,0.9017,2,268,False,https://pemilu2024.kpu.go.id/pilpres/hitung-suara/33/3374/337410/3374101004/3374101004005,2024-02-14 21:46:01,PASLON 02
JAWA TENGAH,KOTA SEMARANG,TEMBALANG,BULUSAN,3374101004006,42,121,86,249,3374101004006,KOTA SEMARANG,BULUSAN,TPS 006,281,249,42,121,86,0.1687,0.4859,0.3454,0.8861,4,253,False,https://pemilu2024.kpu.go.id/pilpres/hitung-suara/33/3374/337410/3374101004/3374101004006,2024-02-19 06:16:00,PASLON 02
JAWA TENGAH,KOTA SEMARANG,TEMBALANG,BULUSAN,3374101004007,38,119,70,227,3374101004007,KOTA SEMARANG,BULUSAN,TPS 007,263,227,38,119,70,0.1674,0.5242,0.3084,0.8631,13,240,False,https://pemilu2024.kpu.go.id/pilpres/hitung-suara/33/3374/337410/3374101004/3374101004007,2024-02-17 14:45:18,PASLON 02
JAWA TENGAH,KOTA SEMARANG,TEMBALANG,BULUSAN,3374101004008,46,109,117,272,3374101004008,KOTA SEMARANG,BULUSAN,TPS 008,276,272,46,109,117,0.1691,0.4007,0.4301,0.9855,0,272,True,https://pemilu2024.kpu.go.id/pilpres/hitung-suara/33/3374/337410/3374101004/3374101004008,2024-02-16 14:30:33,PASLON 03
JAWA TENGAH,KOTA SEMARANG,TEMBALANG,BULUSAN,3374101004009,54,117,93,264,3374101004009,KOTA SEMARANG,BULUSAN,TPS 009,298,264,54,117,93,0.2045,0.4432,0.3523,0.8859,2,266,False,https://pemilu2024.kpu.go.id/pilpres/hitung-suara/33/3374/337410/3374101004/3374101004009,2024-02-17 14:45:18,PASLON 02
JAWA TENGAH,KOTA SEMARANG,TEMBALANG,BULUSAN,3374101004010,57,104,89,250,3374101004010,KOTA SEMARANG,BULUSAN,TPS 010,289,250,57,104,89,0.228,0.416,0.356,0.8651,3,253,False,https://pemilu2024.kpu.go.id/pilpres/hitung-suara/33/3374/337410/3374101004/3374101004010,2024-02-17 14:45:18,PASLON 02
JAWA TENGAH,KOTA SEMARANG,TEMBALANG,BULUSAN,3374101004011,41,94,52,187,3374101004011,KOTA SEMARANG,BULUSAN,TPS 011,276,187,41,94,52,0.2193,0.5027,0.2781,0.6775,0,187,True,https://pemilu2024.kpu.go.id/pilpres/hitung-suara/33/3374/337410/3374101004/3374101004011,2024-02-24 22:31:28,PASLON 02
JAWA TENGAH,KOTA SEMARANG,TEMBALANG,BULUSAN,3374101004012,42,101,70,213,3374101004012,KOTA SEMARANG,BULUSAN,TPS 012,219,213,42,101,70,0.1972,0.4742,0.3286,0.9726,6,219,False,https://pemilu2024.kpu.go.id/pilpres/hitung-suara/33/3374/337410/3374101004/3374101004012,2024-02-14 21:46:01,PASLON 02
JAWA TENGAH,KOTA SEMARANG,TEMBALANG,BULUSAN,3374101004013,40,118,75,233,3374101004013,KOTA SEMARANG,BULUSAN,TPS 013,270,233,40,118,75,0.1717,0.5064,0.3219,0.863,10,243,False,https://pemilu2024.kpu.go.id/pilpres/hitung-suara/33/3374/337410/3374101004/3374101004013,2024-02-21 22:00:00,PASLON 02
JAWA TENGAH,KOTA SEMARANG,TEMBALANG,BULUSAN,3374101004014,92,89,53,234,3374101004014,KOTA SEMARANG,BULUSAN,TPS 014,276,234,92,89,53,0.3932,0.3803,0.2265,0.8478,0,234,True,https://pemilu2024.kpu.go.id/pilpres/hitung-suara/33/3374/337410/3374101004/3374101004014,2024-02-16 14:30:33,PASLON 01
JAWA TENGAH,KOTA SEMARANG,TEMBALANG,BULUSAN,3374101004015,116,96,47,259,3374101004015,KOTA SEMARANG,BULUSAN,TPS 015,276,259,116,96,47,0.4479,0.3707,0.1815,0.9384,0,259,True,https://pemilu2024.kpu.go.id/pilpres/hitung-suara/33/3374/337410/3374101004/3374101004015,2024-02-16 08:00:28,PASLON 01
JAWA TENGAH,KOTA SEMARANG,TEMBALANG,BULUSAN,3374101004016,94,77,44,215,3374101004016,KOTA SEMARANG,BULUSAN,TPS 016,276,215,94,77,44,0.4372,0.3581,0.2047,0.779,0,215,True,https://pemilu2024.kpu.go.id/pilpres/hitung-suara/33/3374/337410/3374101004/3374101004016,2024-02-16 14:30:33,PASLON 01
JAWA TENGAH,KOTA SEMARANG,TEMBALANG,BULUSAN,3374101004017,88,85,58,231,3374101004017,KOTA SEMARANG,BULUSAN,TPS 017,269,231,88,85,58,0.381,0.368,0.2511,0.8587,1,232,False,https://pemilu2024.kpu.go.id/pilpres/hitung-suara/33/3374/337410/3374101004/3374101004017,2024-02-17 18:30:00,PASLON 01
JAWA TENGAH,KOTA SEMARANG,TEMBALANG,JANGLI,3374101007001,21,98,85,204,3374101007001,KOTA SEMARANG,JANGLI,TPS 001,245,204,21,98,85,0.1029,0.4804,0.4167,0.8327,3,207,False,https://pemilu2024.kpu.go.id/pilpres/hitung-suara/33/3374/337410/3374101007/3374101007001,2024-02-17 18:30:00,PASLON 02
JAWA TENGAH,KOTA SEMARANG,TEMBALANG,JANGLI,3374101007002,34,105,74,213,3374101007002,KOTA SEMARANG,JANGLI,TPS 002,274,213,34,105,74,0.1596,0.493,0.3474,0.7774,3,216,False,https://pemilu2024.kpu.go.id/pilpres/hitung-suara/33/3374/337410/3374101007/3374101007002,2024-02-15 19:00:26,PASLON 02
JAWA TENGAH,KOTA SEMARANG,TEMBALANG,JANGLI,3374101007003,41,119,63,223,3374101007003,KOTA SEMARANG,JANGLI,TPS 003,264,223,41,119,63,0.1839,0.5336,0.2825,0.8447,7,230,False,https://pemilu2024.kpu.go.id/pilpres/hitung-suara/33/3374/337410/3374101007/3374101007003,2024-02-17 18:30:00,PASLON 02
JAWA TENGAH,KOTA SEMARANG,TEMBALANG,JANGLI,3374101007004,39,118,77,234,3374101007004,KOTA SEMARANG,JANGLI,TPS 004,274,234,39,118,77,0.1667,0.5043,0.3291,0.854,4,238,False,https://pemilu2024.kpu.go.id/pilpres/hitung-suara/33/3374/337410/3374101007/3374101007004,2024-02-17 18:30:00,PASLON 02
JAWA TENGAH,KOTA SEMARANG,TEMBALANG,JANGLI,3374101007005,42,120,92,254,3374101007005,KOTA SEMARANG,JANGLI,TPS 005,283,254,42,120,92,0.1654,0.4724,0.3622,0.8975,5,259,False,https://pemilu2024.kpu.go.id/pilpres/hitung-suara/33/3374/337410/3374101007/3374101007005,2024-02-16 16:25:10,PASLON 02
JAWA TENGAH,KOTA SEMARANG,TEMBALANG,JANGLI,3374101007006,38,103,50,191,3374101007006,KOTA SEMARANG,JANGLI,TPS 006,202,191,38,103,50,0.199,0.5393,0.2618,0.9455,2,193,False,https://pemilu2024.kpu.go.id/pilpres/hitung-suara/33/3374/337410/3374101007/3374101007006,2024-02-19 06:16:00,PASLON 02
JAWA TENGAH,KOTA SEMARANG,TEMBALANG,JANGLI,3374101007007,65,77,72,214,3374101007007,KOTA SEMARANG,JANGLI,TPS 007,244,214,65,77,72,0.3037,0.3598,0.3364,0.877,4,218,False,https://pemilu2024.kpu.go.id/pilpres/hitung-suara/33/3374/337410/3374101007/3374101007007,2024-02-14 21:46:01,PASLON 02
JAWA TENGAH,KOTA SEMARANG,TEMBALANG,JANGLI,3374101007008,57,104,86,247,3374101007008,KOTA SEMARANG,JANGLI,TPS 008,291,247,57,104,86,0.2308,0.4211,0.3482,0.8488,6,253,False,https://pemilu2024.kpu.go.id/pilpres/hitung-suara/33/3374/337410/3374101007/3374101007008,2024-02-17 18:30:00,PASLON 02
JAWA TENGAH,KOTA SEMARANG,TEMBALANG,JANGLI,3374101007009,25,77,88,190,3374101007009,KOTA SEMARANG,JANGLI,TPS 009,268,190,25,77,88,0.1316,0.4053,0.4632,0.709,0,190,True,https://pemilu2024.kpu.go.id/pilpres/hitung-suara/33/3374/337410/3374101007/3374101007009,2024-02-16 21:01:00,PASLON 03
JAWA TENGAH,KOTA SEMARANG,TEMBALANG,JANGLI,3374101007010,19,118,122,259,3374101007010,KOTA SEMARANG,JANGLI,TPS 010,265,259,19,118,122,0.0734,0.4556,0.471,0.9774,6,265,False,https://pemilu2024.kpu.go.id/pilpres/hitung-suara/33/3374/337410/3374101007/3374101007010,2024-02-20 10:00:00,PASLON 03
JAWA TENGAH,KOTA SEMARANG,TEMBALANG,JANGLI,3374101007011,18,127,117,262,3374101007011,KOTA SEMARANG,JANGLI,TPS 011,293,262,18,127,117,0.0687,0.4847,0.4466,0.8942,0,262,False,https://pemilu2024.kpu.go.id/pilpres/hitung-suara/33/3374/337410/3374101007/3374101007011,2024-02-15 09:00:24,PASLON 02
JAWA TENGAH,KOTA SEMARANG,TEMBALANG,JANGLI,3374101007012,28,107,120,255,3374101007012,KOTA SEMARANG,JANGLI,TPS 012,289,255,28,107,120,0.1098,0.4196,0.4706,0.8824,19,274,False,https://pemilu2024.kpu.go.id/pilpres/hitung-suara/33/3374/337410/3374101007/3374101007012,2024-02-16 16:25:10,PASLON 03
JAWA TENGAH,KOTA SEMARANG,TEMBALANG,JANGLI,3374101007013,32,117,95,244,3374101007013,KOTA SEMARANG,JANGLI,TPS 013,270,244,32,117,95,0.1311,0.4795,0.3893,0.9037,10,254,False,https://pemilu2024.kpu.go.id/pilpres/hitung-suara/33/3374/337410/3374101007/3374101007013,2024-02-16 09:00:28,PASLON 02
JAWA TENGAH,KOTA SEMARANG,TEMBALANG,JANGLI,3374101007014,18,123,84,225,3374101007014,KOTA SEMARANG,JANGLI,TPS 014,268,225,18,123,84,0.08,0.5467,0.3733,0.8396,0,225,True,https://pemilu2024.kpu.go.id/pilpres/hitung-suara/33/3374/337410/3374101007/3374101007014,2024-02-24 22:31:28,PASLON 02
JAWA TENGAH,KOTA SEMARANG,TEMBALANG,JANGLI,3374101007015,26,119,106,251,3374101007015,KOTA SEMARANG,JANGLI,TPS 015,289,251,26,119,106,0.1036,0.4741,0.4223,0.8685,7,258,False,https://pemilu2024.kpu.go.id/pilpres/hitung-suara/33/3374/337410/3374101007/3374101007015,2024-02-17 18:30:00,PASLON 02
JAWA TENGAH,KOTA SEMARANG,TEMBALANG,JANGLI,3374101007016,33,122,80,235,3374101007016,KOTA SEMARANG,JANGLI,TPS 016,266,235,33,122,80,0.1404,0.5191,0.3404,0.8835,3,238,False,https://pemilu2024.kpu.go.id/pilpres/hitung-suara/33/3374/337410/3374101007/3374101007016,2024-02-15 23:29:50,PASLON 02
JAWA TENGAH,KOTA SEMARANG,TEMBALANG,JANGLI,3374101007017,9,97,98,204,3374101007017,KOTA SEMARANG,JANGLI,TPS 017,234,204,9,97,98,0.0441,0.4755,0.4804,0.8718,3,207,False,https://pemilu2024.kpu.go.id/pilpres/hitung-suara/33/3374/337410/3374101007/3374101007017,2024-02-17 18:30:00,PASLON 03
JAWA TENGAH,KOTA SEMARANG,TEMBALANG,JANGLI,3374101007018,4,145,92,241,3374101007018,KOTA SEMARANG,JANGLI,TPS 018,267,241,4,145,92,0.0166,0.6017,0.3817,0.9026,6,247,False,https://pemilu2024.kpu.go.id/pilpres/hitung-suara/33/3374/337410/3374101007/3374101007018,2024-02-17 18:30:00,PASLON 02
JAWA TENGAH,KOTA SEMARANG,TEMBALANG,JANGLI,3374101007019,12,108,102,222,3374101007019,KOTA SEMARANG,JANGLI,TPS 019,246,222,12,108,102,0.0541,0.4865,0.4595,0.9024,7,229,False,https://pemilu2024.kpu.go.id/pilpres/hitung-suara/33/3374/337410/3374101007/3374101007019,2024-02-17 18:30:00,PASLON 02
JAWA TENGAH,KOTA SEMARANG,TEMBALANG,JANGLI,3374101007020,15,105,124,244,3374101007020,KOTA SEMARANG,JANGLI,TPS 020,281,244,15,105,124,0.0615,0.4303,0.5082,0.8683,7,251,False,https://pemilu2024.kpu.go.id/pilpres/hitung-suara/33/3374/337410/3374101007/3374101007020,2024-02-15 15:00:29,PASLON 03
JAWA TENGAH,KOTA SEMARANG,TEMBALANG,JANGLI,3374101007021,7,73,80,160,3374101007021,KOTA SEMARANG,JANGLI,TPS 021,201,160,7,73,80,0.0438,0.4562,0.5,0.796,2,162,False,https://pemilu2024.kpu.go.id/pilpres/hitung-suara/33/3374/337410/3374101007/3374101007021,2024-02-16 21:01:00,PASLON 03
JAWA TENGAH,KOTA SEMARANG,TEMBALANG,JANGLI,3374101007022,8,110,110,228,3374101007022,KOTA SEMARANG,JANGLI,TPS 022,285,228,8,110,110,0.0351,0.4825,0.4825,0.8,10,238,False,https://pemilu2024.kpu.go.id/pilpres/hitung-suara/33/3374/337410/3374101007/3374101007022,2024-02-16 16:25:10,PASLON 02
JAWA TENGAH,KOTA SEMARANG,TEMBALANG,KEDUNGMUNDU,3374101009001,46,79,92,217,3374101009001,KOTA SEMARANG,KEDUNGMUNDU,TPS 001,273,217,46,79,92,0.212,0.3641,0.424,0.7949,2,219,False,https://pemilu2024.kpu.go.id/pilpres/hitung-suara/33/3374/337410/3374101009/3374101009001,2024-02-17 19:30:00,PASLON 03
JAWA TENGAH,KOTA SEMARANG,TEMBALANG,KEDUNGMUNDU,3374101009002,24,84,83,191,3374101009002,KOTA SEMARANG,KEDUNGMUNDU,TPS 002,255,191,24,84,83,0.1257,0.4398,0.4346,0.749,3,194,False,https://pemilu2024.kpu.go.id/pilpres/hitung-suara/33/3374/337410/3374101009/3374101009002,2024-02-17 19:30:00,PASLON 02
JAWA TENGAH,KOTA SEMARANG,TEMBALANG,KEDUNGMUNDU,3374101009003,41,88,88,217,3374101009003,KOTA SEMARANG,KEDUNGMUNDU,TPS 003,262,217,41,88,88,0.1889,0.4055,0.4055,0.8282,1,218,False,https://pemilu2024.kpu.go.id/pilpres/hitung-suara/33/3374/337410/3374101009/3374101009003,2024-02-14 21:46:01,PASLON 02
JAWA TENGAH,KOTA SEMARANG,TEMBALANG,KEDUNGMUNDU,3374101009004,49,105,86,240,3374101009004,KOTA SEMARANG,KEDUNGMUNDU,TPS 004,289,240,49,105,86,0.2042,0.4375,0.3583,0.8304,5,245,False,https://pemilu2024.kpu.go.id/pilpres/hitung-suara/33/3374/337410/3374101009/3374101009004,2024-02-17 19:30:00,PASLON 02
JAWA TENGAH,KOTA SEMARANG,TEMBALANG,KEDUNGMUNDU,3374101009005,36,80,81,197,3374101009005,KOTA SEMARANG,KEDUNGMUNDU,TPS 005,262,197,36,80,81,0.1827,0.4061,0.4112,0.7519,8,205,False,https://pemilu2024.kpu.go.id/pilpres/hitung-suara/33/3374/337410/3374101009/3374101009005,2024-02-17 19:30:00,PASLON 03
JAWA TENGAH,KOTA SEMARANG,TEMBALANG,KEDUNGMUNDU,3374101009006,34,126,79,239,3374101009006,KOTA SEMARANG,KEDUNGMUNDU,TPS 006,299,239,34,126,79,0.1423,0.5272,0.3305,0.7993,2,241,False,https://pemilu2024.kpu.go.id/pilpres/hitung-suara/33/3374/337410/3374101009/3374101009006,2024-02-17 19:30:00,PASLON 02
JAWA TENGAH,KOTA SEMARANG,TEMBALANG,KEDUNGMUNDU,3374101009007,47,104,73,224,3374101009007,KOTA SEMARANG,KEDUNGMUNDU,TPS 007,284,224,47,104,73,0.2098,0.4643,0.3259,0.7887,4,228,False,https://pemilu2024.kpu.go.id/pilpres/hitung-suara/33/3374/337410/3374101009/3374101009007,2024-02-19 06:16:00,PASLON 02
JAWA TENGAH,KOTA SEMARANG,TEMBALANG,KEDUNGMUNDU,3374101009008,31,113,65,209,3374101009008,KOTA SEMARANG,KEDUNGMUNDU,TPS 008,237,209,31,113,65,0.1483,0.5407,0.311,0.8819,2,211,False,https://pemilu2024.kpu.go.id/pilpres/hitung-suara/33/3374/337410/3374101009/3374101009008,2024-02-17 19:30:00,PASLON 02
JAWA TENGAH,KOTA SEMARANG,TEMBALANG,KEDUNGMUNDU,3374101009009,50,111,70,231,3374101009009,KOTA SEMARANG,KEDUNGMUNDU,TPS 009,277,231,50,111,70,0.2165,0.4805,0.303,0.8339,7,238,False,https://pemilu2024.kpu.go.id/pilpres/hitung-suara/33/3374/337410/3374101009/3374101009009,2024-02-17 19:30:00,PASLON 02
JAWA TENGAH,KOTA SEMARANG,TEMBALANG,KEDUNGMUNDU,3374101009010,48,128,47,223,3374101009010,KOTA SEMARANG,KEDUNGMUNDU,TPS 010,253,223,48,128,47,0.2152,0.574,0.2108,0.8814,6,229,False,https://pemilu2024.kpu.go.id/pilpres/hitung-suara/33/3374/337410/3374101009/3374101009010,2024-02-16 09:00:28,PASLON 02
JAWA TENGAH,KOTA SEMARANG,TEMBALANG,KEDUNGMUNDU,3374101009011,37,115,70,222,3374101009011,KOTA SEMARANG,KEDUNGMUNDU,TPS 011,266,222,37,115,70,0.1667,0.518,0.3153,0.8346,3,225,False,https://pemilu2024.kpu.go.id/pilpres/hitung-suara/33/3374/337410/3374101009/3374101009011,2024-02-17 19:30:00,PASLON 02
JAWA TENGAH,KOTA SEMARANG,TEMBALANG,KEDUNGMUNDU,3374101009012,44,111,63,218,3374101009012,KOTA SEMARANG,KEDUNGMUNDU,TPS 012,266,218,44,111,63,0.2018,0.5092,0.289,0.8195,0,218,True,https://pemilu2024.kpu.go.id/pilpres/hitung-suara/33/3374/337410/3374101009/3374101009012,2024-02-16 16:25:10,PASLON 02
JAWA TENGAH,KOTA SEMARANG,TEMBALANG,KEDUNGMUNDU,3374101009013,64,120,56,240,3374101009013,KOTA SEMARANG,KEDUNGMUNDU,TPS 013,282,240,64,120,56,0.2667,0.5,0.2333,0.8511,4,244,False,https://pemilu2024.kpu.go.id/pilpres/hitung-suara/33/3374/337410/3374101009/3374101009013,2024-02-17 19:30:00,PASLON 02
JAWA TENGAH,KOTA SEMARANG,TEMBALANG,KEDUNGMUNDU,3374101009014,41,91,82,214,3374101009014,KOTA SEMARANG,KEDUNGMUNDU,TPS 014,243,214,41,91,82,0.1916,0.4252,0.3832,0.8807,6,220,False,https://pemilu2024.kpu.go.id/pilpres/hitung-suara/33/3374/337410/3374101009/3374101009014,2024-02-16 16:25:10,PASLON 02
JAWA TENGAH,KOTA SEMARANG,TEMBALANG,KEDUNGMUNDU,3374101009015,28,118,78,224,3374101009015,KOTA SEMARANG,KEDUNGMUNDU,TPS 015,266,224,28,118,78,0.125,0.5268,0.3482,0.8421,0,224,True,https://pemilu2024.kpu.go.id/pilpres/hitung-suara/33/3374/337410/3374101009/3374101009015,2024-02-16 16:25:10,PASLON 02
JAWA TENGAH,KOTA SEMARANG,TEMBALANG,KEDUNGMUNDU,3374101009016,13,110,68,191,3374101009016,KOTA SEMARANG,KEDUNGMUNDU,TPS 016,238,191,13,110,68,0.0681,0.5759,0.356,0.8025,3,194,False,https://pemilu2024.kpu.go.id/pilpres/hitung-suara/33/3374/337410/3374101009/3374101009016,2024-02-14 21:46:01,PASLON 02
JAWA TENGAH,KOTA SEMARANG,TEMBALANG,KEDUNGMUNDU,3374101009017,33,107,90,230,3374101009017,KOTA SEMARANG,KEDUNGMUNDU,TPS 017,267,230,33,107,90,0.1435,0.4652,0.3913,0.8614,6,236,False,https://pemilu2024.kpu.go.id/pilpres/hitung-suara/33/3374/337410/3374101009/3374101009017,2024-02-17 19:30:00,PASLON 02
JAWA TENGAH,KOTA SEMARANG,TEMBALANG,KEDUNGMUNDU,3374101009018,19,113,75,207,3374101009018,KOTA SEMARANG,KEDUNGMUNDU,TPS 018,246,207,19,113,75,0.0918,0.5459,0.3623,0.8415,11,218,False,https://pemilu2024.kpu.go.id/pilpres/hitung-suara/33/3374/337410/3374101009/3374101009018,2024-02-17 19:30:00,PASLON 02
JAWA TENGAH,KOTA SEMARANG,TEMBALANG,KEDUNGMUNDU,3374101009020,61,91,74,226,3374101009020,KOTA SEMARANG,KEDUNGMUNDU,TPS 020,266,226,61,91,74,0.2699,0.4027,0.3274,0.8496,0,226,True,https://pemilu2024.kpu.go.id/pilpres/hitung-suara/33/3374/337410/3374101009/3374101009020,2024-02-16 09:00:28,PASLON 02
JAWA TENGAH,KOTA SEMARANG,TEMBALANG,KEDUNGMUNDU,3374101009021,54,104,75,233,3374101009021,KOTA SEMARANG,KEDUNGMUNDU,TPS 021,266,233,54,104,75,0.2318,0.4464,0.3219,0.8759,0,233,True,https://pemilu2024.kpu.go.id/pilpres/hitung-suara/33/3374/337410/3374101009/3374101009021,2024-02-16 16:25:10,PASLON 02
JAWA TENGAH,KOTA SEMARANG,TEMBALANG,KEDUNGMUNDU,3374101009023,40,134,70,244,3374101009023,KOTA SEMARANG,KEDUNGMUNDU,TPS 023,281,244,40,134,70,0.1639,0.5492,0.2869,0.8683,7,251,False,https://pemilu2024.kpu.go.id/pilpres/hitung-suara/33/3374/337410/3374101009/3374101009023,2024-02-17 19:30:00,PASLON 02
JAWA TENGAH,KOTA SEMARANG,TEMBALANG,KEDUNGMUNDU,3374101009024,37,98,82,217,3374101009024,KOTA SEMARANG,KEDUNGMUNDU,TPS 024,296,217,37,98,82,0.1705,0.4516,0.3779,0.7331,1,218,False,https://pemilu2024.kpu.go.id/pilpres/hitung-suara/33/3374/337410/3374101009/3374101009024,2024-02-17 19:30:00,PASLON 02
JAWA TENGAH,KOTA SEMARANG,TEMBALANG,KEDUNGMUNDU,3374101009025,55,106,54,215,3374101009025,KOTA SEMARANG,KEDUNGMUNDU,TPS 025,267,215,55,106,54,0.2558,0.493,0.2512,0.8052,2,217,False,https://pemilu2024.kpu.go.id/pilpres/hitung-suara/33/3374/337410/3374101009/3374101009025,2024-02-17 19:30:00,PASLON 02
JAWA TENGAH,KOTA SEMARANG,TEMBALANG,KEDUNGMUNDU,3374101009026,46,103,71,220,3374101009026,KOTA SEMARANG,KEDUNGMUNDU,TPS 026,269,220,46,103,71,0.2091,0.4682,0.3227,0.8178,4,224,False,https://pemilu2024.kpu.go.id/pilpres/hitung-suara/33/3374/337410/3374101009/3374101009026,2024-02-17 19:30:00,PASLON 02
JAWA TENGAH,KOTA SEMARANG,TEMBALANG,KEDUNGMUNDU,3374101009027,61,97,79,237,3374101009027,KOTA SEMARANG,KEDUNGMUNDU,TPS 027,284,237,61,97,79,0.2574,0.4093,0.3333,0.8345,2,239,False,https://pemilu2024.kpu.go.id/pilpres/hitung-suara/33/3374/337410/3374101009/3374101009027,2024-02-14 21:46:01,PASLON 02
JAWA TENGAH,KOTA SEMARANG,TEMBALANG,KEDUNGMUNDU,3374101009028,53,72,75,200,3374101009028,KOTA SEMARANG,KEDUNGMUNDU,TPS 028,236,200,53,72,75,0.265,0.36,0.375,0.8475,4,204,False,https://pemilu2024.kpu.go.id/pilpres/hitung-suara/33/3374/337410/3374101009/3374101009028,2024-02-15 17:30:25,PASLON 03
JAWA TENGAH,KOTA SEMARANG,TEMBALANG,KEDUNGMUNDU,3374101009029,70,81,57,208,3374101009029,KOTA SEMARANG,KEDUNGMUNDU,TPS 029,266,208,70,81,57,0.3365,0.3894,0.274,0.782,0,208,True,https://pemilu2024.kpu.go.id/pilpres/hitung-suara/33/3374/337410/3374101009/3374101009029,2024-02-17 19:30:00,PASLON 02
JAWA TENGAH,KOTA SEMARANG,TEMBALANG,KEDUNGMUNDU,3374101009030,27,122,65,214,3374101009030,KOTA SEMARANG,KEDUNGMUNDU,TPS 030,265,214,27,122,65,0.1262,0.5701,0.3037,0.8075,3,217,False,https://pemilu2024.kpu.go.id/pilpres/hitung-suara/33/3374/337410/3374101009/3374101009030,2024-02-16 16:25:10,PASLON 02
JAWA TENGAH,KOTA SEMARANG,TEMBALANG,KEDUNGMUNDU,3374101009031,34,115,72,221,3374101009031,KOTA SEMARANG,KEDUNGMUNDU,TPS 031,259,221,34,115,72,0.1538,0.5204,0.3258,0.8533,0,221,False,https://pemilu2024.kpu.go.id/pilpres/hitung-suara/33/3374/337410/3374101009/3374101009031,2024-02-17 19:30:00,PASLON 02
JAWA TENGAH,KOTA SEMARANG,TEMBALANG,KEDUNGMUNDU,3374101009032,25,77,69,171,3374101009032,KOTA SEMARANG,KEDUNGMUNDU,TPS 032,205,171,25,77,69,0.1462,0.4503,0.4035,0.8341,4,176,False,https://pemilu2024.kpu.go.id/pilpres/hitung-suara/33/3374/337410/3374101009/3374101009032,2024-02-16 08:00:28,PASLON 02
JAWA TENGAH,KOTA SEMARANG,TEMBALANG,KEDUNGMUNDU,3374101009033,29,103,73,205,3374101009033,KOTA SEMARANG,KEDUNGMUNDU,TPS 033,247,205,29,103,73,0.1415,0.5024,0.3561,0.83,7,212,False,https://pemilu2024.kpu.go.id/pilpres/hitung-suara/33/3374/337410/3374101009/3374101009033,2024-02-17 19:30:00,PASLON 02
JAWA TENGAH,KOTA SEMARANG,TEMBALANG,KEDUNGMUNDU,3374101009034,48,96,67,211,3374101009034,KOTA SEMARANG,KEDUNGMUNDU,TPS 034,291,211,48,96,67,0.2275,0.455,0.3175,0.7251,5,216,False,https://pemilu2024.kpu.go.id/pilpres/hitung-suara/33/3374/337410/3374101009/3374101009034,2024-02-17 19:30:00,PASLON 02
JAWA TENGAH,KOTA SEMARANG,TEMBALANG,KEDUNGMUNDU,3374101009035,82,106,56,244,3374101009035,KOTA SEMARANG,KEDUNGMUNDU,TPS 035,294,244,82,106,56,0.3361,0.4344,0.2295,0.8299,3,247,False,https://pemilu2024.kpu.go.id/pilpres/hitung-suara/33/3374/337410/3374101009/3374101009035,2024-02-17 19:30:00,PASLON 02
JAWA TENGAH,KOTA SEMARANG,TEMBALANG,KRAMAS,3374101005001,46,124,83,253,3374101005001,KOTA SEMARANG,KRAMAS,TPS 001,290,253,46,124,83,0.1818,0.4901,0.3281,0.8724,6,259,False,https://pemilu2024.kpu.go.id/pilpres/hitung-suara/33/3374/337410/3374101005/3374101005001,2024-02-16 16:25:10,PASLON 02
JAWA TENGAH,KOTA SEMARANG,TEMBALANG,KRAMAS,3374101005002,39,121,80,240,3374101005002,KOTA SEMARANG,KRAMAS,TPS 002,286,240,39,121,80,0.1625,0.5042,0.3333,0.8392,7,247,False,https://pemilu2024.kpu.go.id/pilpres/hitung-suara/33/3374/337410/3374101005/3374101005002,2024-02-16 08:30:27,PASLON 02
JAWA TENGAH,KOTA SEMARANG,TEMBALANG,KRAMAS,3374101005003,24,134,99,257,3374101005003,KOTA SEMARANG,KRAMAS,TPS 003,283,257,24,134,99,0.0934,0.5214,0.3852,0.9081,7,264,False,https://pemilu2024.kpu.go.id/pilpres/hitung-suara/33/3374/337410/3374101005/3374101005003,2024-02-16 16:25:10,PASLON 02
JAWA TENGAH,KOTA SEMARANG,TEMBALANG,KRAMAS,3374101005004,24,116,104,244,3374101005004,KOTA SEMARANG,KRAMAS,TPS 004,269,244,24,116,104,0.0984,0.4754,0.4262,0.9071,8,252,False,https://pemilu2024.kpu.go.id/pilpres/hitung-suara/33/3374/337410/3374101005/3374101005004,2024-02-16 00:00:26,PASLON 02
JAWA TENGAH,KOTA SEMARANG,TEMBALANG,KRAMAS,3374101005005,31,118,107,256,3374101005005,KOTA SEMARANG,KRAMAS,TPS 005,277,256,31,118,107,0.1211,0.4609,0.418,0.9242,5,261,False,https://pemilu2024.kpu.go.id/pilpres/hitung-suara/33/3374/337410/3374101005/3374101005005,2024-02-16 00:00:26,PASLON 02
JAWA TENGAH,KOTA SEMARANG,TEMBALANG,KRAMAS,3374101005006,32,135,89,256,3374101005006,KOTA SEMARANG,KRAMAS,TPS 006,288,256,32,135,89,0.125,0.5273,0.3477,0.8889,6,262,False,https://pemilu2024.kpu.go.id/pilpres/hitung-suara/33/3374/337410/3374101005/3374101005006,2024-02-17 14:45:18,PASLON 02
JAWA TENGAH,KOTA SEMARANG,TEMBALANG,KRAMAS,3374101005007,48,113,83,244,3374101005007,KOTA SEMARANG,KRAMAS,TPS 007,292,244,48,113,83,0.1967,0.4631,0.3402,0.8356,3,247,False,https://pemilu2024.kpu.go.id/pilpres/hitung-suara/33/3374/337410/3374101005/3374101005007,2024-02-15 22:00:27,PASLON 02
JAWA TENGAH,KOTA SEMARANG,TEMBALANG,KRAMAS,3374101005008,114,71,56,241,3374101005008,KOTA SEMARANG,KRAMAS,TPS 008,291,241,114,71,56,0.473,0.2946,0.2324,0.8282,1,242,False,https://pemilu2024.kpu.go.id/pilpres/hitung-suara/33/3374/337410/3374101005/3374101005008,2024-02-17 14:45:18,PASLON 01
JAWA TENGAH,KOTA SEMARANG,TEMBALANG,KRAMAS,3374101005009,90,96,65,251,3374101005009,KOTA SEMARANG,KRAMAS,TPS 009,288,251,90,96,65,0.3586,0.3825,0.259,0.8715,3,254,False,https://pemilu2024.kpu.go.id/pilpres/hitung-suara/33/3374/337410/3374101005/3374101005009,2024-02-21 23:00:00,PASLON 02
JAWA TENGAH,KOTA SEMARANG,TEMBALANG,KRAMAS,3374101005010,71,111,41,223,3374101005010,KOTA SEMARANG,KRAMAS,TPS 010,289,223,71,111,41,0.3184,0.4978,0.1839,0.7716,6,229,False,https://pemilu2024.kpu.go.id/pilpres/hitung-suara/33/3374/337410/3374101005/3374101005010,2024-02-17 14:45:18,PASLON 02
JAWA TENGAH,KOTA SEMARANG,TEMBALANG,KRAMAS,3374101005011,76,101,63,240,3374101005011,KOTA SEMARANG,KRAMAS,TPS 011,290,240,76,101,63,0.3167,0.4208,0.2625,0.8276,7,247,False,https://pemilu2024.kpu.go.id/pilpres/hitung-suara/33/3374/337410/3374101005/3374101005011,2024-02-16 08:30:27,PASLON 02
JAWA TENGAH,KOTA SEMARANG,TEMBALANG,MANGUNHARJO,3374101003001,26,131,97,254,3374101003001,KOTA SEMARANG,MANGUNHARJO,TPS 001,293,254,26,131,97,0.1024,0.5157,0.3819,0.8669,7,261,False,https://pemilu2024.kpu.go.id/pilpres/hitung-suara/33/3374/337410/3374101003/3374101003001,2024-02-17 14:45:18,PASLON 02
JAWA TENGAH,KOTA SEMARANG,TEMBALANG,MANGUNHARJO,3374101003002,22,132,97,251,3374101003002,KOTA SEMARANG,MANGUNHARJO,TPS 002,291,251,22,132,97,0.0876,0.5259,0.3865,0.8625,6,257,False,https://pemilu2024.kpu.go.id/pilpres/hitung-suara/33/3374/337410/3374101003/3374101003002,2024-02-16 12:51:22,PASLON 02
JAWA TENGAH,KOTA SEMARANG,TEMBALANG,MANGUNHARJO,3374101003003,20,154,97,271,3374101003003,KOTA SEMARANG,MANGUNHARJO,TPS 003,297,271,20,154,97,0.0738,0.5683,0.3579,0.9125,9,280,False,https://pemilu2024.kpu.go.id/pilpres/hitung-suara/33/3374/337410/3374101003/3374101003003,2024-02-16 10:00:28,PASLON 02
JAWA TENGAH,KOTA SEMARANG,TEMBALANG,MANGUNHARJO,3374101003004,28,162,70,260,3374101003004,KOTA SEMARANG,MANGUNHARJO,TPS 004,300,260,28,162,70,0.1077,0.6231,0.2692,0.8667,5,265,False,https://pemilu2024.kpu.go.id/pilpres/hitung-suara/33/3374/337410/3374101003/3374101003004,2024-02-24 22:31:28,PASLON 02
JAWA TENGAH,KOTA SEMARANG,TEMBALANG,MANGUNHARJO,3374101003006,37,145,81,263,3374101003006,KOTA SEMARANG,MANGUNHARJO,TPS 006,287,263,37,145,81,0.1407,0.5513,0.308,0.9164,5,268,False,https://pemilu2024.kpu.go.id/pilpres/hitung-suara/33/3374/337410/3374101003/3374101003006,2024-02-17 14:45:18,PASLON 02
JAWA TENGAH,KOTA SEMARANG,TEMBALANG,MANGUNHARJO,3374101003008,39,146,88,273,3374101003008,KOTA SEMARANG,MANGUNHARJO,TPS 008,295,273,39,146,88,0.1429,0.5348,0.3223,0.9254,3,276,False,https://pemilu2024.kpu.go.id/pilpres/hitung-suara/33/3374/337410/3374101003/3374101003008,2024-02-17 14:45:18,PASLON 02
JAWA TENGAH,KOTA SEMARANG,TEMBALANG,MANGUNHARJO,3374101003009,31,158,71,260,3374101003009,KOTA SEMARANG,MANGUNHARJO,TPS 009,291,260,31,158,71,0.1192,0.6077,0.2731,0.8935,0,260,True,https://pemilu2024.kpu.go.id/pilpres/hitung-suara/33/3374/337410/3374101003/3374101003009,2024-02-16 14:30:33,PASLON 02
JAWA TENGAH,KOTA SEMARANG,TEMBALANG,MANGUNHARJO,3374101003011,45,127,76,248,3374101003011,KOTA SEMARANG,MANGUNHARJO,TPS 011,294,248,45,127,76,0.1815,0.5121,0.3065,0.8435,2,250,False,https://pemilu2024.kpu.go.id/pilpres/hitung-suara/33/3374/337410/3374101003/3374101003011,2024-02-17 14:45:18,PASLON 02
JAWA TENGAH,KOTA SEMARANG,TEMBALANG,MANGUNHARJO,3374101003012,50,137,60,247,3374101003012,KOTA SEMARANG,MANGUNHARJO,TPS 012,291,247,50,137,60,0.2024,0.5547,0.2429,0.8488,0,247,True,https://pemilu2024.kpu.go.id/pilpres/hitung-suara/33/3374/337410/3374101003/3374101003012,2024-02-24 22:31:28,PASLON 02
JAWA TENGAH,KOTA SEMARANG,TEMBALANG,MANGUNHARJO,3374101003014,38,120,63,221,3374101003014,KOTA SEMARANG,MANGUNHARJO,TPS 014,291,221,38,120,63,0.1719,0.543,0.2851,0.7595,0,221,True,https://pemilu2024.kpu.go.id/pilpres/hitung-suara/33/3374/337410/3374101003/3374101003014,2024-02-24 22:31:28,PASLON 02
JAWA TENGAH,KOTA SEMARANG,TEMBALANG,MANGUNHARJO,3374101003015,30,93,96,219,3374101003015,KOTA SEMARANG,MANGUNHARJO,TPS 015,291,219,30,93,96,0.137,0.4247,0.4384,0.7526,4,223,False,https://pemilu2024.kpu.go.id/pilpres/hitung-suara/33/3374/337410/3374101003/3374101003015,2024-02-15 20:30:46,PASLON 03
JAWA TENGAH,KOTA SEMARANG,TEMBALANG,MANGUNHARJO,3374101003016,16,101,124,241,3374101003016,KOTA SEMARANG,MANGUNHARJO,TPS 016,294,241,16,101,124,0.0664,0.4191,0.5145,0.8197,3,244,False,https://pemilu2024.kpu.go.id/pilpres/hitung-suara/33/3374/337410/3374101003/3374101003016,2024-02-22 15:00:00,PASLON 03
JAWA TENGAH,KOTA SEMARANG,TEMBALANG,MANGUNHARJO,3374101003018,33,118,82,233,3374101003018,KOTA SEMARANG,MANGUNHARJO,TPS 018,283,233,33,118,82,0.1416,0.5064,0.3519,0.8233,1,234,False,https://pemilu2024.kpu.go.id/pilpres/hitung-suara/33/3374/337410/3374101003/3374101003018,2024-02-16 00:00:26,PASLON 02
JAWA TENGAH,KOTA SEMARANG,TEMBALANG,MANGUNHARJO,3374101003021,54,123,67,244,3374101003021,KOTA SEMARANG,MANGUNHARJO,TPS 021,291,244,54,123,67,0.2213,0.5041,0.2746,0.8385,0,244,True,https://pemilu2024.kpu.go.id/pilpres/hitung-suara/33/3374/337410/3374101003/3374101003021,2024-02-16 08:00:28,PASLON 02
JAWA TENGAH,KOTA SEMARANG,TEMBALANG,MANGUNHARJO,3374101003022,38,118,89,245,3374101003022,KOTA SEMARANG,MANGUNHARJO,TPS 022,284,245,38,118,89,0.1551,0.4816,0.3633,0.8627,2,247,False,https://pemilu2024.kpu.go.id/pilpres/hitung-suara/33/3374/337410/3374101003/3374101003022,2024-02-16 00:00:26,PASLON 02
JAWA TENGAH,KOTA SEMARANG,TEMBALANG,MANGUNHARJO,3374101003023,29,116,75,220,3374101003023,KOTA SEMARANG,MANGUNHARJO,TPS 023,288,220,29,116,75,0.1318,0.5273,0.3409,0.7639,3,223,False,https://pemilu2024.kpu.go.id/pilpres/hitung-suara/33/3374/337410/3374101003/3374101003023,2024-02-17 14:45:18,PASLON 02
JAWA TENGAH,KOTA SEMARANG,TEMBALANG,MANGUNHARJO,3374101003025,45,122,73,240,3374101003025,KOTA SEMARANG,MANGUNHARJO,TPS 025,293,240,45,122,73,0.1875,0.5083,0.3042,0.8191,2,242,False,https://pemilu2024.kpu.go.id/pilpres/hitung-suara/33/3374/337410/3374101003/3374101003025,2024-02-17 14:45:18,PASLON 02
JAWA TENGAH,KOTA SEMARANG,TEMBALANG,MANGUNHARJO,3374101003029,40,81,60,181,3374101003029,KOTA SEMARANG,MANGUNHARJO,TPS 029,219,181,40,81,60,0.221,0.4475,0.3315,0.8265,0,181,False,https://pemilu2024.kpu.go.id/pilpres/hitung-suara/33/3374/337410/3374101003/3374101003029,2024-02-16 14:30:33,PASLON 02
JAWA TENGAH,KOTA SEMARANG,TEMBALANG,MANGUNHARJO,3374101003030,42,97,60,199,3374101003030,KOTA SEMARANG,MANGUNHARJO,TPS 030,291,199,42,97,60,0.2111,0.4874,0.3015,0.6838,0,199,True,https://pemilu2024.kpu.go.id/pilpres/hitung-suara/33/3374/337410/3374101003/3374101003030,2024-02-16 08:00:28,PASLON 02
JAWA TENGAH,KOTA SEMARANG,TEMBALANG,METESEH,3374101001001,23,119,100,242,3374101001001,KOTA SEMARANG,METESEH,TPS 001,280,242,23,119,100,0.095,0.4917,0.4132,0.8643,11,253,False,https://pemilu2024.kpu.go.id/pilpres/hitung-suara/33/3374/337410/3374101001/3374101001001,2024-02-17 14:45:18,PASLON 02
JAWA TENGAH,KOTA SEMARANG,TEMBALANG,METESEH,3374101001002,27,128,93,248,3374101001002,KOTA SEMARANG,METESEH,TPS 002,280,248,27,128,93,0.1089,0.5161,0.375,0.8857,6,254,False,https://pemilu2024.kpu.go.id/pilpres/hitung-suara/33/3374/337410/3374101001/3374101001002,2024-02-16 13:30:32,PASLON 02
JAWA TENGAH,KOTA SEMARANG,TEMBALANG,METESEH,3374101001003,35,125,88,248,3374101001003,KOTA SEMARANG,METESEH,TPS 003,279,248,35,125,88,0.1411,0.504,0.3548,0.8889,7,255,False,https://pemilu2024.kpu.go.id/pilpres/hitung-suara/33/3374/337410/3374101001/3374101001003,2024-02-15 15:00:29,PASLON 02
JAWA TENGAH,KOTA SEMARANG,TEMBALANG,METESEH,3374101001004,31,123,88,242,3374101001004,KOTA SEMARANG,METESEH,TPS 004,282,242,31,123,88,0.1281,0.5083,0.3636,0.8582,14,256,False,https://pemilu2024.kpu.go.id/pilpres/hitung-suara/33/3374/337410/3374101001/3374101001004,2024-02-22 15:00:00,PASLON 02
JAWA TENGAH,KOTA SEMARANG,TEMBALANG,METESEH,3374101001005,38,116,87,241,3374101001005,KOTA SEMARANG,METESEH,TPS 005,275,241,38,116,87,0.1577,0.4813,0.361,0.8764,4,245,False,https://pemilu2024.kpu.go.id/pilpres/hitung-suara/33/3374/337410/3374101001/3374101001005,2024-02-16 00:00:26,PASLON 02
JAWA TENGAH,KOTA SEMARANG,TEMBALANG,METESEH,3374101001006,51,166,62,279,3374101001006,KOTA SEMARANG,METESEH,TPS 006,300,279,51,166,62,0.1828,0.595,0.2222,0.93,7,286,False,https://pemilu2024.kpu.go.id/pilpres/hitung-suara/33/3374/337410/3374101001/3374101001006,2024-02-15 00:41:44,PASLON 02
JAWA TENGAH,KOTA SEMARANG,TEMBALANG,METESEH,3374101001007,87,111,47,245,3374101001007,KOTA SEMARANG,METESEH,TPS 007,282,245,87,111,47,0.3551,0.4531,0.1918,0.8688,0,245,True,https://pemilu2024.kpu.go.id/pilpres/hitung-suara/33/3374/337410/3374101001/3374101001007,2024-02-16 00:00:26,PASLON 02
JAWA TENGAH,KOTA SEMARANG,TEMBALANG,METESEH,3374101001008,50,138,64,252,3374101001008,KOTA SEMARANG,METESEH,TPS 008,300,252,50,138,64,0.1984,0.5476,0.254,0.84,3,255,False,https://pemilu2024.kpu.go.id/pilpres/hitung-suara/33/3374/337410/3374101001/3374101001008,2024-02-16 00:00:26,PASLON 02
JAWA TENGAH,KOTA SEMARANG,TEMBALANG,METESEH,3374101001009,53,117,79,249,3374101001009,KOTA SEMARANG,METESEH,TPS 009,299,249,53,117,79,0.2129,0.4699,0.3173,0.8328,4,253,False,https://pemilu2024.kpu.go.id/pilpres/hitung-suara/33/3374/337410/3374101001/3374101001009,2024-02-16 00:00:26,PASLON 02
JAWA TENGAH,KOTA SEMARANG,TEMBALANG,METESEH,3374101001010,46,98,64,208,3374101001010,KOTA SEMARANG,METESEH,TPS 010,282,208,46,98,64,0.2212,0.4712,0.3077,0.7376,0,208,True,https://pemilu2024.kpu.go.id/pilpres/hitung-suara/33/3374/337410/3374101001/3374101001010,2024-02-16 14:30:33,PASLON 02
JAWA TENGAH,KOTA SEMARANG,TEMBALANG,METESEH,3374101001011,52,111,93,256,3374101001011,KOTA SEMARANG,METESEH,TPS 011,282,256,52,111,93,0.2031,0.4336,0.3633,0.9078,0,256,True,https://pemilu2024.kpu.go.id/pilpres/hitung-suara/33/3374/337410/3374101001/3374101001011,2024-02-19 06:16:00,PASLON 02
JAWA TENGAH,KOTA SEMARANG,TEMBALANG,METESEH,3374101001012,60,92,103,255,3374101001012,KOTA SEMARANG,METESEH,TPS 012,284,255,60,92,103,0.2353,0.3608,0.4039,0.8979,5,260,False,https://pemilu2024.kpu.go.id/pilpres/hitung-suara/33/3374/337410/3374101001/3374101001012,2024-02-14 21:46:01,PASLON 03
JAWA TENGAH,KOTA SEMARANG,TEMBALANG,METESEH,3374101001013,57,102,83,242,3374101001013,KOTA SEMARANG,METESEH,TPS 013,282,242,57,102,83,0.2355,0.4215,0.343,0.8582,0,242,True,https://pemilu2024.kpu.go.id/pilpres/hitung-suara/33/3374/337410/3374101001/3374101001013,2024-02-16 08:00:28,PASLON 02
JAWA TENGAH,KOTA SEMARANG,TEMBALANG,METESEH,3374101001014,95,107,49,251,3374101001014,KOTA SEMARANG,METESEH,TPS 014,288,251,95,107,49,0.3785,0.4263,0.1952,0.8715,5,256,False,https://pemilu2024.kpu.go.id/pilpres/hitung-suara/33/3374/337410/3374101001/3374101001014,2024-02-16 00:00:26,PASLON 02
JAWA TENGAH,KOTA SEMARANG,TEMBALANG,METESEH,3374101001015,22,182,61,265,3374101001015,KOTA SEMARANG,METESEH,TPS 015,265,265,22,182,61,0.083,0.6868,0.2302,1.0,11,276,False,https://pemilu2024.kpu.go.id/pilpres/hitung-suara/33/3374/337410/3374101001/3374101001015,2024-02-16 17:30:00,PASLON 02
JAWA TENGAH,KOTA SEMARANG,TEMBALANG,METESEH,3374101001016,32,151,72,255,3374101001016,KOTA SEMARANG,METESEH,TPS 016,300,255,32,151,72,0.1255,0.5922,0.2824,0.85,11,266,False,https://pemilu2024.kpu.go.id/pilpres/hitung-suara/33/3374/337410/3374101001/3374101001016,2024-02-16 08:00:28,PASLON 02
JAWA TENGAH,KOTA SEMARANG,TEMBALANG,METESEH,3374101001017,28,151,67,246,3374101001017,KOTA SEMARANG,METESEH,TPS 017,297,246,28,151,67,0.1138,0.6138,0.2724,0.8283,6,252,False,https://pemilu2024.kpu.go.id/pilpres/hitung-suara/33/3374/337410/3374101001/3374101001017,2024-02-19 06:16:00,PASLON 02
JAWA TENGAH,KOTA SEMARANG,TEMBALANG,METESEH,3374101001018,38,133,71,242,3374101001018,KOTA SEMARANG,METESEH,TPS 018,289,242,38,133,71,0.157,0.5496,0.2934,0.8374,8,250,False,https://pemilu2024.kpu.go.id/pilpres/hitung-suara/33/3374/337410/3374101001/3374101001018,2024-02-16 08:00:28,PASLON 02
JAWA TENGAH,KOTA SEMARANG,TEMBALANG,METESEH,3374101001019,48,92,102,242,3374101001019,KOTA SEMARANG,METESEH,TPS 019,281,242,48,92,102,0.1983,0.3802,0.4215,0.8612,12,254,False,https://pemilu2024.kpu.go.id/pilpres/hitung-suara/33/3374/337410/3374101001/3374101001019,2024-02-19 08:00:00,PASLON 03
JAWA TENGAH,KOTA SEMARANG,TEMBALANG,METESEH,3374101001020,25,141,60,226,3374101001020,KOTA SEMARANG,METESEH,TPS 020,280,226,25,141,60,0.1106,0.6239,0.2655,0.8071,13,239,False,https://pemilu2024.kpu.go.id/pilpres/hitung-suara/33/3374/337410/3374101001/3374101001020,2024-02-21 19:00:00,PASLON 02
JAWA TENGAH,KOTA SEMARANG,TEMBALANG,METESEH,3374101001021,25,90,86,201,3374101001021,KOTA SEMARANG,METESEH,TPS 021,282,201,25,90,86,0.1244,0.4478,0.4279,0.7128,0,201,True,https://pemilu2024.kpu.go.id/pilpres/hitung-suara/33/3374/337410/3374101001/3374101001021,2024-02-16 14:30:33,PASLON 02
JAWA TENGAH,KOTA SEMARANG,TEMBALANG,METESEH,3374101001023,22,131,95,248,3374101001023,KOTA SEMARANG,METESEH,TPS 023,282,248,22,131,95,0.0887,0.5282,0.3831,0.8794,0,248,True,https://pemilu2024.kpu.go.id/pilpres/hitung-suara/33/3374/337410/3374101001/3374101001023,2024-02-16 09:00:28,PASLON 02
JAWA TENGAH,KOTA SEMARANG,TEMBALANG,METESEH,3374101001024,34,128,89,251,3374101001024,KOTA SEMARANG,METESEH,TPS 024,286,251,34,128,89,0.1355,0.51,0.3546,0.8776,6,257,False,https://pemilu2024.kpu.go.id/pilpres/hitung-suara/33/3374/337410/3374101001/3374101001024,2024-02-14 21:46:01,PASLON 02
JAWA TENGAH,KOTA SEMARANG,TEMBALANG,METESEH,3374101001025,33,122,75,230,3374101001025,KOTA SEMARANG,METESEH,TPS 025,261,230,33,122,75,0.1435,0.5304,0.3261,0.8812,8,238,False,https://pemilu2024.kpu.go.id/pilpres/hitung-suara/33/3374/337410/3374101001/3374101001025,2024-02-16 02:00:27,PASLON 02
JAWA TENGAH,KOTA SEMARANG,TEMBALANG,METESEH,3374101001026,74,86,55,215,3374101001026,KOTA SEMARANG,METESEH,TPS 026,282,215,74,86,55,0.3442,0.4,0.2558,0.7624,0,215,True,https://pemilu2024.kpu.go.id/pilpres/hitung-suara/33/3374/337410/3374101001/3374101001026,2024-02-16 08:00:28,PASLON 02
JAWA TENGAH,KOTA SEMARANG,TEMBALANG,METESEH,3374101001027,44,149,60,253,3374101001027,KOTA SEMARANG,METESEH,TPS 027,285,253,44,149,60,0.1739,0.5889,0.2372,0.8877,6,259,False,https://pemilu2024.kpu.go.id/pilpres/hitung-suara/33/3374/337410/3374101001/3374101001027,2024-02-24 22:31:28,PASLON 02
JAWA TENGAH,KOTA SEMARANG,TEMBALANG,METESEH,3374101001028,42,142,72,256,3374101001028,KOTA SEMARANG,METESEH,TPS 028,282,256,42,142,72,0.1641,0.5547,0.2812,0.9078,0,256,True,https://pemilu2024.kpu.go.id/pilpres/hitung-suara/33/3374/337410/3374101001/3374101001028,2024-02-16 08:00:28,PASLON 02
JAWA TENGAH,KOTA SEMARANG,TEMBALANG,METESEH,3374101001029,38,63,101,202,3374101001029,KOTA SEMARANG,METESEH,TPS 029,282,202,38,63,101,0.1881,0.3119,0.5,0.7163,0,202,True,https://pemilu2024.kpu.go.id/pilpres/hitung-suara/33/3374/337410/3374101001/3374101001029,2024-02-16 08:00:28,PASLON 03
JAWA TENGAH,KOTA SEMARANG,TEMBALANG,METESEH,3374101001030,34,109,116,259,3374101001030,KOTA SEMARANG,METESEH,TPS 030,285,259,34,109,116,0.1313,0.4208,0.4479,0.9088,6,265,False,https://pemilu2024.kpu.go.id/pilpres/hitung-suara/33/3374/337410/3374101001/3374101001030,2024-02-17 10:30:03,PASLON 03
JAWA TENGAH,KOTA SEMARANG,TEMBALANG,METESEH,3374101001032,76,111,59,246,3374101001032,KOTA SEMARANG,METESEH,TPS 032,286,246,76,111,59,0.3089,0.4512,0.2398,0.8601,4,250,False,https://pemilu2024.kpu.go.id/pilpres/hitung-suara/33/3374/337410/3374101001/3374101001032,2024-02-14 21:46:01,PASLON 02
JAWA TENGAH,KOTA SEMARANG,TEMBALANG,METESEH,3374101001033,74,66,80,220,3374101001033,KOTA SEMARANG,METESEH,TPS 033,288,220,74,66,80,0.3364,0.3,0.3636,0.7639,7,227,False,https://pemilu2024.kpu.go.id/pilpres/hitung-suara/33/3374/337410/3374101001/3374101001033,2024-02-16 05:00:26,PASLON 03
JAWA TENGAH,KOTA SEMARANG,TEMBALANG,METESEH,3374101001034,76,84,54,214,3374101001034,KOTA SEMARANG,METESEH,TPS 034,282,214,76,84,54,0.3551,0.3925,0.2523,0.7589,0,214,True,https://pemilu2024.kpu.go.id/pilpres/hitung-suara/33/3374/337410/3374101001/3374101001034,2024-02-16 14:30:33,PASLON 02
JAWA TENGAH,KOTA SEMARANG,TEMBALANG,METESEH,3374101001035,54,82,75,211,3374101001035,KOTA SEMARANG,METESEH,TPS 035,256,211,54,82,75,0.2559,0.3886,0.3555,0.8242,7,218,False,https://pemilu2024.kpu.go.id/pilpres/hitung-suara/33/3374/337410/3374101001/3374101001035,2024-02-15 12:00:28,PASLON 02
JAWA TENGAH,KOTA SEMARANG,TEMBALANG,METESEH,3374101001036,47,66,65,178,3374101001036,KOTA SEMARANG,METESEH,TPS 036,237,178,47,66,65,0.264,0.3708,0.3652,0.7511,2,180,False,https://pemilu2024.kpu.go.id/pilpres/hitung-suara/33/3374/337410/3374101001/3374101001036,2024-02-15 07:00:44,PASLON 02
JAWA TENGAH,KOTA SEMARANG,TEMBALANG,METESEH,3374101001037,57,91,54,202,3374101001037,KOTA SEMARANG,METESEH,TPS 037,282,202,57,91,54,0.2822,0.4505,0.2673,0.7163,0,202,True,https://pemilu2024.kpu.go.id/pilpres/hitung-suara/33/3374/337410/3374101001/3374101001037,2024-02-16 08:00:28,PASLON 02
JAWA TENGAH,KOTA SEMARANG,TEMBALANG,METESEH,3374101001038,67,91,68,226,3374101001038,KOTA SEMARANG,METESEH,TPS 038,282,226,67,91,68,0.2965,0.4027,0.3009,0.8014,0,226,True,https://pemilu2024.kpu.go.id/pilpres/hitung-suara/33/3374/337410/3374101001/3374101001038,2024-02-16 14:30:33,PASLON 02
JAWA TENGAH,KOTA SEMARANG,TEMBALANG,METESEH,3374101001039,77,66,62,205,3374101001039,KOTA SEMARANG,METESEH,TPS 039,265,205,77,66,62,0.3756,0.322,0.3024,0.7736,1,206,False,https://pemilu2024.kpu.go.id/pilpres/hitung-suara/33/3374/337410/3374101001/3374101001039,2024-02-14 21:46:01,PASLON 01
JAWA TENGAH,KOTA SEMARANG,TEMBALANG,METESEH,3374101001040,51,128,61,240,3374101001040,KOTA SEMARANG,METESEH,TPS 040,268,240,51,128,61,0.2125,0.5333,0.2542,0.8955,6,246,False,https://pemilu2024.kpu.go.id/pilpres/hitung-suara/33/3374/337410/3374101001/3374101001040,2024-02-15 06:00:23,PASLON 02
JAWA TENGAH,KOTA SEMARANG,TEMBALANG,METESEH,3374101001041,50,130,73,253,3374101001041,KOTA SEMARANG,METESEH,TPS 041,275,253,50,130,73,0.1976,0.5138,0.2885,0.92,2,255,False,https://pemilu2024.kpu.go.id/pilpres/hitung-suara/33/3374/337410/3374101001/3374101001041,2024-02-16 00:00:26,PASLON 02
JAWA TENGAH,KOTA SEMARANG,TEMBALANG,METESEH,3374101001044,43,83,64,190,3374101001044,KOTA SEMARANG,METESEH,TPS 044,221,190,43,83,64,0.2263,0.4368,0.3368,0.8597,3,193,False,https://pemilu2024.kpu.go.id/pilpres/hitung-suara/33/3374/337410/3374101001/3374101001044,2024-02-16 00:00:26,PASLON 02
JAWA TENGAH,KOTA SEMARANG,TEMBALANG,METESEH,3374101001045,57,84,83,224,3374101001045,KOTA SEMARANG,METESEH,TPS 045,261,224,57,84,83,0.2545,0.375,0.3705,0.8582,0,224,False,https://pemilu2024.kpu.go.id/pilpres/hitung-suara/33/3374/337410/3374101001/3374101001045,2024-02-16 01:00:27,PASLON 02
JAWA TENGAH,KOTA SEMARANG,TEMBALANG,METESEH,3374101001046,57,90,72,219,3374101001046,KOTA SEMARANG,METESEH,TPS 046,254,219,57,90,72,0.2603,0.411,0.3288,0.8622,0,219,False,https://pemilu2024.kpu.go.id/pilpres/hitung-suara/33/3374/337410/3374101001/3374101001046,2024-02-15 04:00:24,PASLON 02
JAWA TENGAH,KOTA SEMARANG,TEMBALANG,METESEH,3374101001047,75,92,60,227,3374101001047,KOTA SEMARANG,METESEH,TPS 047,289,227,75,92,60,0.3304,0.4053,0.2643,0.7855,1,228,False,https://pemilu2024.kpu.go.id/pilpres/hitung-suara/33/3374/337410/3374101001/3374101001047,2024-02-14 21:46:01,PASLON 02
JAWA TENGAH,KOTA SEMARANG,TEMBALANG,METESEH,3374101001048,80,105,63,248,3374101001048,KOTA SEMARANG,METESEH,TPS 048,282,248,80,105,63,0.3226,0.4234,0.254,0.8794,0,248,True,https://pemilu2024.kpu.go.id/pilpres/hitung-suara/33/3374/337410/3374101001/3374101001048,2024-02-22 15:00:00,PASLON 02
JAWA TENGAH,KOTA SEMARANG,TEMBALANG,METESEH,3374101001049,58,112,63,233,3374101001049,KOTA SEMARANG,METESEH,TPS 049,297,233,58,112,63,0.2489,0.4807,0.2704,0.7845,1,234,False,https://pemilu2024.kpu.go.id/pilpres/hitung-suara/33/3374/337410/3374101001/3374101001049,2024-02-16 09:00:28,PASLON 02
JAWA TENGAH,KOTA SEMARANG,TEMBALANG,METESEH,3374101001050,94,85,66,245,3374101001050,KOTA SEMARANG,METESEH,TPS 050,282,245,94,85,66,0.3837,0.3469,0.2694,0.8688,0,245,True,https://pemilu2024.kpu.go.id/pilpres/hitung-suara/33/3374/337410/3374101001/3374101001050,2024-02-16 14:30:33,PASLON 01
JAWA TENGAH,KOTA SEMARANG,TEMBALANG,METESEH,3374101001051,50,139,55,244,3374101001051,KOTA SEMARANG,METESEH,TPS 051,299,244,50,139,55,0.2049,0.5697,0.2254,0.8161,4,248,False,https://pemilu2024.kpu.go.id/pilpres/hitung-suara/33/3374/337410/3374101001/3374101001051,2024-02-15 16:30:25,PASLON 02
JAWA TENGAH,KOTA SEMARANG,TEMBALANG,METESEH,3374101001052,50,149,57,256,3374101001052,KOTA SEMARANG,METESEH,TPS 052,290,256,50,149,57,0.1953,0.582,0.2227,0.8828,2,258,False,https://pemilu2024.kpu.go.id/pilpres/hitung-suara/33/3374/337410/3374101001/3374101001052,2024-02-17 14:45:18,PASLON 02
JAWA TENGAH,KOTA SEMARANG,TEMBALANG,METESEH,3374101001053,32,138,81,251,3374101001053,KOTA SEMARANG,METESEH,TPS 053,297,251,32,138,81,0.1275,0.5498,0.3227,0.8451,5,256,False,https://pemilu2024.kpu.go.id/pilpres/hitung-suara/33/3374/337410/3374101001/3374101001053,2024-02-19 06:16:00,PASLON 02
JAWA TENGAH,KOTA SEMARANG,TEMBALANG,METESEH,3374101001055,74,90,70,234,3374101001055,KOTA SEMARANG,METESEH,TPS 055,261,234,74,90,70,0.3162,0.3846,0.2991,0.8966,1,235,False,https://pemilu2024.kpu.go.id/pilpres/hitung-suara/33/3374/337410/3374101001/3374101001055,2024-02-21 15:00:00,PASLON 02
JAWA TENGAH,KOTA SEMARANG,TEMBALANG,METESEH,3374101001056,76,119,64,259,3374101001056,KOTA SEMARANG,METESEH,TPS 056,282,259,76,119,64,0.2934,0.4595,0.2471,0.9184,0,259,True,https://pemilu2024.kpu.go.id/pilpres/hitung-suara/33/3374/337410/3374101001/3374101001056,2024-02-16 08:00:28,PASLON 02
JAWA TENGAH,KOTA SEMARANG,TEMBALANG,METESEH,3374101001057,41,118,61,220,3374101001057,KOTA SEMARANG,METESEH,TPS 057,282,220,41,118,61,0.1864,0.5364,0.2773,0.7801,0,220,True,https://pemilu2024.kpu.go.id/pilpres/hitung-suara/33/3374/337410/3374101001/3374101001057,2024-02-16 08:00:28,PASLON 02
JAWA TENGAH,KOTA SEMARANG,TEMBALANG,METESEH,3374101001058,33,127,55,215,3374101001058,KOTA SEMARANG,METESEH,TPS 058,264,215,33,127,55,0.1535,0.5907,0.2558,0.8144,1,216,False,https://pemilu2024.kpu.go.id/pilpres/hitung-suara/33/3374/337410/3374101001/3374101001058,2024-02-15 12:00:28,PASLON 02
JAWA TENGAH,KOTA SEMARANG,TEMBALANG,METESEH,3374101001060,49,117,66,232,3374101001060,KOTA SEMARANG,METESEH,TPS 060,267,232,49,117,66,0.2112,0.5043,0.2845,0.8689,1,233,False,https://pemilu2024.kpu.go.id/pilpres/hitung-suara/33/3374/337410/3374101001/3374101001060,2024-02-16 14:00:34,PASLON 02
JAWA TENGAH,KOTA SEMARANG,TEMBALANG,ROWOSARI,3374101002002,26,117,100,243,3374101002002,KOTA SEMARANG,ROWOSARI,TPS 002,258,243,26,117,100,0.107,0.4815,0.4115,0.9419,0,243,True,https://pemilu2024.kpu.go.id/pilpres/hitung-suara/33/3374/337410/3374101002/3374101002002,2024-02-16 14:30:33,PASLON 02
JAWA TENGAH,KOTA SEMARANG,TEMBALANG,ROWOSARI,3374101002003,23,114,76,213,3374101002003,KOTA SEMARANG,ROWOSARI,TPS 003,258,213,23,114,76,0.108,0.5352,0.3568,0.8256,0,213,True,https://pemilu2024.kpu.go.id/pilpres/hitung-suara/33/3374/337410/3374101002/3374101002003,2024-02-17 18:30:00,PASLON 02
JAWA TENGAH,KOTA SEMARANG,TEMBALANG,ROWOSARI,3374101002005,21,122,57,200,3374101002005,KOTA SEMARANG,ROWOSARI,TPS 005,234,200,21,122,57,0.105,0.61,0.285,0.8547,8,208,False,https://pemilu2024.kpu.go.id/pilpres/hitung-suara/33/3374/337410/3374101002/3374101002005,2024-02-16 12:51:22,PASLON 02
JAWA TENGAH,KOTA SEMARANG,TEMBALANG,ROWOSARI,3374101002008,38,129,72,239,3374101002008,KOTA SEMARANG,ROWOSARI,TPS 008,258,239,38,129,72,0.159,0.5397,0.3013,0.9264,0,239,True,https://pemilu2024.kpu.go.id/pilpres/hitung-suara/33/3374/337410/3374101002/3374101002008,2024-02-24 22:31:28,PASLON 02
JAWA TENGAH,KOTA SEMARANG,TEMBALANG,ROWOSARI,3374101002011,13,112,70,195,3374101002011,KOTA SEMARANG,ROWOSARI,TPS 011,219,195,13,112,70,0.0667,0.5744,0.359,0.8904,6,201,False,https://pemilu2024.kpu.go.id/pilpres/hitung-suara/33/3374/337410/3374101002/3374101002011,2024-02-16 00:00:26,PASLON 02
JAWA TENGAH,KOTA SEMARANG,TEMBALANG,ROWOSARI,3374101002013,31,114,88,233,3374101002013,KOTA SEMARANG,ROWOSARI,TPS 013,258,233,31,114,88,0.133,0.4893,0.3777,0.9031,0,233,True,https://pemilu2024.kpu.go.id/pilpres/hitung-suara/33/3374/337410/3374101002/3374101002013,2024-02-16 08:00:28,PASLON 02
JAWA TENGAH,KOTA SEMARANG,TEMBALANG,ROWOSARI,3374101002017,23,119,81,223,3374101002017,KOTA SEMARANG,ROWOSARI,TPS 017,244,223,23,119,81,0.1031,0.5336,0.3632,0.9139,10,233,False,https://pemilu2024.kpu.go.id/pilpres/hitung-suara/33/3374/337410/3374101002/3374101002017,2024-02-16 00:00:26,PASLON 02
JAWA TENGAH,KOTA SEMARANG,TEMBALANG,ROWOSARI,3374101002018,19,94,123,236,3374101002018,KOTA SEMARANG,ROWOSARI,TPS 018,258,236,19,94,123,0.0805,0.3983,0.5212,0.9147,0,236,True,https://pemilu2024.kpu.go.id/pilpres/hitung-suara/33/3374/337410/3374101002/3374101002018,2024-02-16 14:30:33,PASLON 03
JAWA TENGAH,KOTA SEMARANG,TEMBALANG,ROWOSARI,3374101002019,19,121,100,240,3374101002019,KOTA SEMARANG,ROWOSARI,TPS 019,272,240,19,121,100,0.0792,0.5042,0.4167,0.8824,13,253,False,https://pemilu2024.kpu.go.id/pilpres/hitung-suara/33/3374/337410/3374101002/3374101002019,2024-02-14 21:46:01,PASLON 02
JAWA TENGAH,KOTA SEMARANG,TEMBALANG,ROWOSARI,3374101002021,21,150,64,235,3374101002021,KOTA SEMARANG,ROWOSARI,TPS 021,258,235,21,150,64,0.0894,0.6383,0.2723,0.9109,0,235,True,https://pemilu2024.kpu.go.id/pilpres/hitung-suara/33/3374/337410/3374101002/3374101002021,2024-02-16 14:30:33,PASLON 02
JAWA TENGAH,KOTA SEMARANG,TEMBALANG,ROWOSARI,3374101002022,19,125,87,231,3374101002022,KOTA SEMARANG,ROWOSARI,TPS 022,258,231,19,125,87,0.0823,0.5411,0.3766,0.8953,0,231,True,https://pemilu2024.kpu.go.id/pilpres/hitung-suara/33/3374/337410/3374101002/3374101002022,2024-02-16 14:30:33,PASLON 02
JAWA TENGAH,KOTA SEMARANG,TEMBALANG,ROWOSARI,3374101002023,22,124,98,244,3374101002023,KOTA SEMARANG,ROWOSARI,TPS 023,258,244,22,124,98,0.0902,0.5082,0.4016,0.9457,0,244,True,https://pemilu2024.kpu.go.id/pilpres/hitung-suara/33/3374/337410/3374101002/3374101002023,2024-02-16 14:30:33,PASLON 02
JAWA TENGAH,KOTA SEMARANG,TEMBALANG,ROWOSARI,3374101002024,24,161,84,269,3374101002024,KOTA SEMARANG,ROWOSARI,TPS 024,286,269,24,161,84,0.0892,0.5985,0.3123,0.9406,17,286,False,https://pemilu2024.kpu.go.id/pilpres/hitung-suara/33/3374/337410/3374101002/3374101002024,2024-02-16 00:00:26,PASLON 02
JAWA TENGAH,KOTA SEMARANG,TEMBALANG,ROWOSARI,3374101002025,19,164,90,273,3374101002025,KOTA SEMARANG,ROWOSARI,TPS 025,273,273,19,164,90,0.0696,0.6007,0.3297,1.0,0,273,True,https://pemilu2024.kpu.go.id/pilpres/hitung-suara/33/3374/337410/3374101002/3374101002025,2024-02-16 14:30:33,PASLON 02
JAWA TENGAH,KOTA SEMARANG,TEMBALANG,ROWOSARI,3374101002028,14,143,103,260,3374101002028,KOTA SEMARANG,ROWOSARI,TPS 028,260,260,14,143,103,0.0538,0.55,0.3962,1.0,0,260,True,https://pemilu2024.kpu.go.id/pilpres/hitung-suara/33/3374/337410/3374101002/3374101002028,2024-02-16 14:30:33,PASLON 02
JAWA TENGAH,KOTA SEMARANG,TEMBALANG,ROWOSARI,3374101002029,36,134,70,240,3374101002029,KOTA SEMARANG,ROWOSARI,TPS 029,258,240,36,134,70,0.15,0.5583,0.2917,0.9302,0,240,True,https://pemilu2024.kpu.go.id/pilpres/hitung-suara/33/3374/337410/3374101002/3374101002029,2024-02-16 08:00:28,PASLON 02
JAWA TENGAH,KOTA SEMARANG,TEMBALANG,ROWOSARI,3374101002033,50,147,32,229,3374101002033,KOTA SEMARANG,ROWOSARI,TPS 033,258,229,50,147,32,0.2183,0.6419,0.1397,0.8876,0,229,True,https://pemilu2024.kpu.go.id/pilpres/hitung-suara/33/3374/337410/3374101002/3374101002033,2024-02-16 14:30:33,PASLON 02
JAWA TENGAH,KOTA SEMARANG,TEMBALANG,ROWOSARI,3374101002035,44,155,45,244,3374101002035,KOTA SEMARANG,ROWOSARI,TPS 035,272,244,44,155,45,0.1803,0.6352,0.1844,0.8971,8,252,False,https://pemilu2024.kpu.go.id/pilpres/hitung-suara/33/3374/337410/3374101002/3374101002035,2024-02-16 00:00:26,PASLON 02
JAWA TENGAH,KOTA SEMARANG,TEMBALANG,SAMBIROTO,3374101012002,31,132,76,239,3374101012002,KOTA SEMARANG,SAMBIROTO,TPS 002,239,239,31,132,76,0.1297,0.5523,0.318,1.0,10,249,False,https://pemilu2024.kpu.go.id/pilpres/hitung-suara/33/3374/337410/3374101012/3374101012002,2024-02-19 06:16:00,PASLON 02
JAWA TENGAH,KOTA SEMARANG,TEMBALANG,SAMBIROTO,3374101012012,19,135,102,256,3374101012012,KOTA SEMARANG,SAMBIROTO,TPS 012,285,256,19,135,102,0.0742,0.5273,0.3984,0.8982,5,261,False,https://pemilu2024.kpu.go.id/pilpres/hitung-suara/33/3374/337410/3374101012/3374101012012,2024-02-19 06:16:00,PASLON 02
JAWA TENGAH,KOTA SEMARANG,TEMBALANG,SAMBIROTO,3374101012013,44,133,71,248,3374101012013,KOTA SEMARANG,SAMBIROTO,TPS 013,293,248,44,133,71,0.1774,0.5363,0.2863,0.8464,8,256,False,https://pemilu2024.kpu.go.id/pilpres/hitung-suara/33/3374/337410/3374101012/3374101012013,2024-02-19 06:16:00,PASLON 02
JAWA TENGAH,KOTA SEMARANG,TEMBALANG,SAMBIROTO,3374101012015,46,103,84,233,3374101012015,KOTA SEMARANG,SAMBIROTO,TPS 015,285,233,46,103,84,0.1974,0.4421,0.3605,0.8175,0,233,True,https://pemilu2024.kpu.go.id/pilpres/hitung-suara/33/3374/337410/3374101012/3374101012015,2024-02-16 14:30:33,PASLON 02
JAWA TENGAH,KOTA SEMARANG,TEMBALANG,SAMBIROTO,3374101012016,67,92,70,229,3374101012016,KOTA SEMARANG,SAMBIROTO,TPS 016,285,229,67,92,70,0.2926,0.4017,0.3057,0.8035,0,229,True,https://pemilu2024.kpu.go.id/pilpres/hitung-suara/33/3374/337410/3374101012/3374101012016,2024-02-16 10:30:29,PASLON 02
JAWA TENGAH,KOTA SEMARANG,TEMBALANG,SAMBIROTO,3374101012018,45,107,80,232,3374101012018,KOTA SEMARANG,SAMBIROTO,TPS 018,285,232,45,107,80,0.194,0.4612,0.3448,0.814,0,232,True,https://pemilu2024.kpu.go.id/pilpres/hitung-suara/33/3374/337410/3374101012/3374101012018,2024-02-16 10:30:29,PASLON 02
JAWA TENGAH,KOTA SEMARANG,TEMBALANG,SAMBIROTO,3374101012019,74,96,65,235,3374101012019,KOTA SEMARANG,SAMBIROTO,TPS 019,290,235,74,96,65,0.3149,0.4085,0.2766,0.8103,3,238,False,https://pemilu2024.kpu.go.id/pilpres/hitung-suara/33/3374/337410/3374101012/3374101012019,2024-02-16 10:30:29,PASLON 02
JAWA TENGAH,KOTA SEMARANG,TEMBALANG,SAMBIROTO,3374101012025,23,151,74,248,3374101012025,KOTA SEMARANG,SAMBIROTO,TPS 025,281,248,23,151,74,0.0927,0.6089,0.2984,0.8826,10,258,False,https://pemilu2024.kpu.go.id/pilpres/hitung-suara/33/3374/337410/3374101012/3374101012025,2024-02-16 16:25:10,PASLON 02
JAWA TENGAH,KOTA SEMARANG,TEMBALANG,SAMBIROTO,3374101012026,22,114,105,241,3374101012026,KOTA SEMARANG,SAMBIROTO,TPS 026,285,241,22,114,105,0.0913,0.473,0.4357,0.8456,0,241,True,https://pemilu2024.kpu.go.id/pilpres/hitung-suara/33/3374/337410/3374101012/3374101012026,2024-02-16 11:00:29,PASLON 02
JAWA TENGAH,KOTA SEMARANG,TEMBALANG,SAMBIROTO,3374101012029,15,105,93,213,3374101012029,KOTA SEMARANG,SAMBIROTO,TPS 029,285,213,15,105,93,0.0704,0.493,0.4366,0.7474,0,213,True,https://pemilu2024.kpu.go.id/pilpres/hitung-suara/33/3374/337410/3374101012/3374101012029,2024-02-16 14:30:33,PASLON 02
JAWA TENGAH,KOTA SEMARANG,TEMBALANG,SAMBIROTO,3374101012034,35,108,52,195,3374101012034,KOTA SEMARANG,SAMBIROTO,TPS 034,285,195,35,108,52,0.1795,0.5538,0.2667,0.6842,0,195,True,https://pemilu2024.kpu.go.id/pilpres/hitung-suara/33/3374/337410/3374101012/3374101012034,2024-02-16 11:00:29,PASLON 02
JAWA TENGAH,KOTA SEMARANG,TEMBALANG,SAMBIROTO,3374101012038,50,99,53,202,3374101012038,KOTA SEMARANG,SAMBIROTO,TPS 038,274,202,50,99,53,0.2475,0.4901,0.2624,0.7372,4,206,False,https://pemilu2024.kpu.go.id/pilpres/hitung-suara/33/3374/337410/3374101012/3374101012038,2024-02-19 06:16:00,PASLON 02
JAWA TENGAH,KOTA SEMARANG,TEMBALANG,SAMBIROTO,3374101012039,60,86,75,221,3374101012039,KOTA SEMARANG,SAMBIROTO,TPS 039,285,221,60,86,75,0.2715,0.3891,0.3394,0.7754,0,221,True,https://pemilu2024.kpu.go.id/pilpres/hitung-suara/33/3374/337410/3374101012/3374101012039,2024-02-16 14:30:33,PASLON 02
JAWA TENGAH,KOTA SEMARANG,TEMBALANG,SAMBIROTO,3374101012040,70,89,63,222,3374101012040,KOTA SEMARANG,SAMBIROTO,TPS 040,288,222,70,89,63,0.3153,0.4009,0.2838,0.7708,2,224,False,https://pemilu2024.kpu.go.id/pilpres/hitung-suara/33/3374/337410/3374101012/3374101012040,2024-02-19 06:16:00,PASLON 02
JAWA TENGAH,KOTA SEMARANG,TEMBALANG,SAMBIROTO,3374101012041,41,131,56,228,3374101012041,KOTA SEMARANG,SAMBIROTO,TPS 041,285,228,41,131,56,0.1798,0.5746,0.2456,0.8,0,228,True,https://pemilu2024.kpu.go.id/pilpres/hitung-suara/33/3374/337410/3374101012/3374101012041,2024-02-16 11:00:29,PASLON 02
JAWA TENGAH,KOTA SEMARANG,TEMBALANG,SENDANGGUWO,3374101010005,45,120,102,267,3374101010005,KOTA SEMARANG,SENDANGGUWO,TPS 005,281,267,45,120,102,0.1685,0.4494,0.382,0.9502,0,267,True,https://pemilu2024.kpu.go.id/pilpres/hitung-suara/33/3374/337410/3374101010/3374101010005,2024-03-01 18:00:00,PASLON 02
JAWA TENGAH,KOTA SEMARANG,TEMBALANG,SENDANGGUWO,3374101010007,15,104,131,250,3374101010007,KOTA SEMARANG,SENDANGGUWO,TPS 007,281,250,15,104,131,0.06,0.416,0.524,0.8897,0,250,True,https://pemilu2024.kpu.go.id/pilpres/hitung-suara/33/3374/337410/3374101010/3374101010007,2024-02-16 09:00:28,PASLON 03
JAWA TENGAH,KOTA SEMARANG,TEMBALANG,SENDANGGUWO,3374101010008,29,129,85,243,3374101010008,KOTA SEMARANG,SENDANGGUWO,TPS 008,280,243,29,129,85,0.1193,0.5309,0.3498,0.8679,2,245,False,https://pemilu2024.kpu.go.id/pilpres/hitung-suara/33/3374/337410/3374101010/3374101010008,2024-02-15 15:00:29,PASLON 02
JAWA TENGAH,KOTA SEMARANG,TEMBALANG,SENDANGGUWO,3374101010009,22,114,110,246,3374101010009,KOTA SEMARANG,SENDANGGUWO,TPS 009,281,246,22,114,110,0.0894,0.4634,0.4472,0.8754,0,246,True,https://pemilu2024.kpu.go.id/pilpres/hitung-suara/33/3374/337410/3374101010/3374101010009,2024-02-16 09:00:28,PASLON 02
JAWA TENGAH,KOTA SEMARANG,TEMBALANG,SENDANGGUWO,3374101010011,28,107,117,252,3374101010011,KOTA SEMARANG,SENDANGGUWO,TPS 011,296,252,28,107,117,0.1111,0.4246,0.4643,0.8514,5,257,False,https://pemilu2024.kpu.go.id/pilpres/hitung-suara/33/3374/337410/3374101010/3374101010011,2024-02-16 16:25:10,PASLON 03
JAWA TENGAH,KOTA SEMARANG,TEMBALANG,SENDANGGUWO,3374101010012,40,101,123,264,3374101010012,KOTA SEMARANG,SENDANGGUWO,TPS 012,298,264,40,101,123,0.1515,0.3826,0.4659,0.8859,4,268,False,https://pemilu2024.kpu.go.id/pilpres/hitung-suara/33/3374/337410/3374101010/3374101010012,2024-02-14 21:46:01,PASLON 03
JAWA TENGAH,KOTA SEMARANG,TEMBALANG,SENDANGGUWO,3374101010013,27,117,98,242,3374101010013,KOTA SEMARANG,SENDANGGUWO,TPS 013,281,242,27,117,98,0.1116,0.4835,0.405,0.8612,0,242,True,https://pemilu2024.kpu.go.id/pilpres/hitung-suara/33/3374/337410/3374101010/3374101010013,2024-02-16 16:25:10,PASLON 02
JAWA TENGAH,KOTA SEMARANG,TEMBALANG,SENDANGGUWO,3374101010015,14,119,101,234,3374101010015,KOTA SEMARANG,SENDANGGUWO,TPS 015,281,234,14,119,101,0.0598,0.5085,0.4316,0.8327,0,234,True,https://pemilu2024.kpu.go.id/pilpres/hitung-suara/33/3374/337410/3374101010/3374101010015,2024-02-16 16:25:10,PASLON 02
JAWA TENGAH,KOTA SEMARANG,TEMBALANG,SENDANGGUWO,3374101010016,18,146,93,257,3374101010016,KOTA SEMARANG,SENDANGGUWO,TPS 016,297,257,18,146,93,0.07,0.5681,0.3619,0.8653,5,262,False,https://pemilu2024.kpu.go.id/pilpres/hitung-suara/33/3374/337410/3374101010/3374101010016,2024-02-22 15:00:00,PASLON 02
JAWA TENGAH,KOTA SEMARANG,TEMBALANG,SENDANGGUWO,3374101010020,13,134,95,242,3374101010020,KOTA SEMARANG,SENDANGGUWO,TPS 020,300,242,13,134,95,0.0537,0.5537,0.3926,0.8067,12,254,False,https://pemilu2024.kpu.go.id/pilpres/hitung-suara/33/3374/337410/3374101010/3374101010020,2024-02-17 19:30:00,PASLON 02
JAWA TENGAH,KOTA SEMARANG,TEMBALANG,SENDANGGUWO,3374101010023,20,131,88,239,3374101010023,KOTA SEMARANG,SENDANGGUWO,TPS 023,281,239,20,131,88,0.0837,0.5481,0.3682,0.8505,0,239,True,https://pemilu2024.kpu.go.id/pilpres/hitung-suara/33/3374/337410/3374101010/3374101010023,2024-02-16 09:30:28,PASLON 02
JAWA TENGAH,KOTA SEMARANG,TEMBALANG,SENDANGGUWO,3374101010024,32,114,100,246,3374101010024,KOTA SEMARANG,SENDANGGUWO,TPS 024,278,246,32,114,100,0.1301,0.4634,0.4065,0.8849,8,254,False,https://pemilu2024.kpu.go.id/pilpres/hitung-suara/33/3374/337410/3374101010/3374101010024,2024-02-17 19:30:00,PASLON 02
JAWA TENGAH,KOTA SEMARANG,TEMBALANG,SENDANGGUWO,3374101010025,20,100,75,195,3374101010025,KOTA SEMARANG,SENDANGGUWO,TPS 025,281,195,20,100,75,0.1026,0.5128,0.3846,0.694,0,195,True,https://pemilu2024.kpu.go.id/pilpres/hitung-suara/33/3374/337410/3374101010/3374101010025,2024-02-16 09:30:28,PASLON 02
JAWA TENGAH,KOTA SEMARANG,TEMBALANG,SENDANGGUWO,3374101010026,12,120,92,224,3374101010026,KOTA SEMARANG,SENDANGGUWO,TPS 026,275,224,12,120,92,0.0536,0.5357,0.4107,0.8145,9,233,False,https://pemilu2024.kpu.go.id/pilpres/hitung-suara/33/3374/337410/3374101010/3374101010026,2024-02-17 19:30:00,PASLON 02
JAWA TENGAH,KOTA SEMARANG,TEMBALANG,SENDANGGUWO,3374101010031,10,115,113,238,3374101010031,KOTA SEMARANG,SENDANGGUWO,TPS 031,281,238,10,115,113,0.042,0.4832,0.4748,0.847,0,238,True,https://pemilu2024.kpu.go.id/pilpres/hitung-suara/33/3374/337410/3374101010/3374101010031,2024-02-16 09:30:28,PASLON 02
JAWA TENGAH,KOTA SEMARANG,TEMBALANG,SENDANGGUWO,3374101010033,15,120,100,235,3374101010033,KOTA SEMARANG,SENDANGGUWO,TPS 033,235,235,15,120,100,0.0638,0.5106,0.4255,1.0,6,241,False,https://pemilu2024.kpu.go.id/pilpres/hitung-suara/33/3374/337410/3374101010/3374101010033,2024-02-16 21:01:00,PASLON 02
JAWA TENGAH,KOTA SEMARANG,TEMBALANG,SENDANGGUWO,3374101010034,27,130,75,232,3374101010034,KOTA SEMARANG,SENDANGGUWO,TPS 034,281,232,27,130,75,0.1164,0.5603,0.3233,0.8256,0,232,True,https://pemilu2024.kpu.go.id/pilpres/hitung-suara/33/3374/337410/3374101010/3374101010034,2024-02-16 09:30:28,PASLON 02
JAWA TENGAH,KOTA SEMARANG,TEMBALANG,SENDANGGUWO,3374101010037,6,96,111,213,3374101010037,KOTA SEMARANG,SENDANGGUWO,TPS 037,219,213,6,96,111,0.0282,0.4507,0.5211,0.9726,6,219,False,https://pemilu2024.kpu.go.id/pilpres/hitung-suara/33/3374/337410/3374101010/3374101010037,2024-02-17 19:30:00,PASLON 03
JAWA TENGAH,KOTA SEMARANG,TEMBALANG,SENDANGGUWO,3374101010038,26,105,121,252,3374101010038,KOTA SEMARANG,SENDANGGUWO,TPS 038,281,252,26,105,121,0.1032,0.4167,0.4802,0.8968,0,252,True,https://pemilu2024.kpu.go.id/pilpres/hitung-suara/33/3374/337410/3374101010/3374101010038,2024-02-16 09:30:28,PASLON 03
JAWA TENGAH,KOTA SEMARANG,TEMBALANG,SENDANGGUWO,3374101010039,27,96,122,245,3374101010039,KOTA SEMARANG,SENDANGGUWO,TPS 039,281,245,27,96,122,0.1102,0.3918,0.498,0.8719,0,245,True,https://pemilu2024.kpu.go.id/pilpres/hitung-suara/33/3374/337410/3374101010/3374101010039,2024-02-16 16:25:10,PASLON 03
JAWA TENGAH,KOTA SEMARANG,TEMBALANG,SENDANGGUWO,3374101010040,28,103,107,238,3374101010040,KOTA SEMARANG,SENDANGGUWO,TPS 040,242,238,28,103,107,0.1176,0.4328,0.4496,0.9835,4,242,False,https://pemilu2024.kpu.go.id/pilpres/hitung-suara/33/3374/337410/3374101010/3374101010040,2024-02-17 19:30:00,PASLON 03
JAWA TENGAH,KOTA SEMARANG,TEMBALANG,SENDANGGUWO,3374101010041,22,107,112,241,3374101010041,KOTA SEMARANG,SENDANGGUWO,TPS 041,296,241,22,107,112,0.0913,0.444,0.4647,0.8142,3,244,False,https://pemilu2024.kpu.go.id/pilpres/hitung-suara/33/3374/337410/3374101010/3374101010041,2024-02-15 12:00:28,PASLON 03
JAWA TENGAH,KOTA SEMARANG,TEMBALANG,SENDANGGUWO,3374101010042,13,104,118,235,3374101010042,KOTA SEMARANG,SENDANGGUWO,TPS 042,292,235,13,104,118,0.0553,0.4426,0.5021,0.8048,2,237,False,https://pemilu2024.kpu.go.id/pilpres/hitung-suara/33/3374/337410/3374101010/3374101010042,2024-02-14 21:46:01,PASLON 03
JAWA TENGAH,KOTA SEMARANG,TEMBALANG,SENDANGGUWO,3374101010045,40,104,89,233,3374101010045,KOTA SEMARANG,SENDANGGUWO,TPS 045,281,233,40,104,89,0.1717,0.4464,0.382,0.8292,0,233,True,https://pemilu2024.kpu.go.id/pilpres/hitung-suara/33/3374/337410/3374101010/3374101010045,2024-02-16 09:30:28,PASLON 02
JAWA TENGAH,KOTA SEMARANG,TEMBALANG,SENDANGGUWO,3374101010048,41,116,94,251,3374101010048,KOTA SEMARANG,SENDANGGUWO,TPS 048,291,251,41,116,94,0.1633,0.4622,0.3745,0.8625,4,255,False,https://pemilu2024.kpu.go.id/pilpres/hitung-suara/33/3374/337410/3374101010/3374101010048,2024-02-14 21:46:01,PASLON 02
JAWA TENGAH,KOTA SEMARANG,TEMBALANG,SENDANGGUWO,3374101010049,35,113,81,229,3374101010049,KOTA SEMARANG,SENDANGGUWO,TPS 049,235,229,35,113,81,0.1528,0.4934,0.3537,0.9745,6,235,False,https://pemilu2024.kpu.go.id/pilpres/hitung-suara/33/3374/337410/3374101010/3374101010049,2024-02-17 19:30:00,PASLON 02
JAWA TENGAH,KOTA SEMARANG,TEMBALANG,SENDANGGUWO,3374101010050,28,116,105,249,3374101010050,KOTA SEMARANG,SENDANGGUWO,TPS 050,281,249,28,116,105,0.1124,0.4659,0.4217,0.8861,0,249,True,https://pemilu2024.kpu.go.id/pilpres/hitung-suara/33/3374/337410/3374101010/3374101010050,2024-02-16 09:30:28,PASLON 02
JAWA TENGAH,KOTA SEMARANG,TEMBALANG,SENDANGGUWO,3374101010052,20,107,111,238,3374101010052,KOTA SEMARANG,SENDANGGUWO,TPS 052,293,238,20,107,111,0.084,0.4496,0.4664,0.8123,9,247,False,https://pemilu2024.kpu.go.id/pilpres/hitung-suara/33/3374/337410/3374101010/3374101010052,2024-02-14 21:46:01,PASLON 03
JAWA TENGAH,KOTA SEMARANG,TEMBALANG,SENDANGGUWO,3374101010053,17,99,104,220,3374101010053,KOTA SEMARANG,SENDANGGUWO,TPS 053,268,220,17,99,104,0.0773,0.45,0.4727,0.8209,5,225,False,https://pemilu2024.kpu.go.id/pilpres/hitung-suara/33/3374/337410/3374101010/3374101010053,2024-02-16 16:25:10,PASLON 03
JAWA TENGAH,KOTA SEMARANG,TEMBALANG,SENDANGGUWO,3374101010054,26,106,112,244,3374101010054,KOTA SEMARANG,SENDANGGUWO,TPS 054,281,244,26,106,112,0.1066,0.4344,0.459,0.8683,0,244,True,https://pemilu2024.kpu.go.id/pilpres/hitung-suara/33/3374/337410/3374101010/3374101010054,2024-02-16 16:25:10,PASLON 03
JAWA TENGAH,KOTA SEMARANG,TEMBALANG,SENDANGGUWO,3374101010055,19,129,88,236,3374101010055,KOTA SEMARANG,SENDANGGUWO,TPS 055,281,236,19,129,88,0.0805,0.5466,0.3729,0.8399,7,243,False,https://pemilu2024.kpu.go.id/pilpres/hitung-suara/33/3374/337410/3374101010/3374101010055,2024-02-17 19:30:00,PASLON 02
JAWA TENGAH,KOTA SEMARANG,TEMBALANG,SENDANGGUWO,3374101010056,22,120,81,223,3374101010056,KOTA SEMARANG,SENDANGGUWO,TPS 056,284,223,22,120,81,0.0987,0.5381,0.3632,0.7852,4,227,False,https://pemilu2024.kpu.go.id/pilpres/hitung-suara/33/3374/337410/3374101010/3374101010056,2024-02-17 19:30:00,PASLON 02
JAWA TENGAH,KOTA SEMARANG,TEMBALANG,SENDANGGUWO,3374101010057,14,95,93,202,3374101010057,KOTA SEMARANG,SENDANGGUWO,TPS 057,281,202,14,95,93,0.0693,0.4703,0.4604,0.7189,0,202,True,https://pemilu2024.kpu.go.id/pilpres/hitung-suara/33/3374/337410/3374101010/3374101010057,2024-02-16 09:30:28,PASLON 02
JAWA TENGAH,KOTA SEMARANG,TEMBALANG,SENDANGGUWO,3374101010058,11,94,66,171,3374101010058,KOTA SEMARANG,SENDANGGUWO,TPS 058,200,171,11,94,66,0.0643,0.5497,0.386,0.855,5,176,False,https://pemilu2024.kpu.go.id/pilpres/hitung-suara/33/3374/337410/3374101010/3374101010058,2024-02-14 21:46:01,PASLON 02
JAWA TENGAH,KOTA SEMARANG,TEMBALANG,SENDANGGUWO,3374101010059,12,102,92,206,3374101010059,KOTA SEMARANG,SENDANGGUWO,TPS 059,281,206,12,102,92,0.0583,0.4951,0.4466,0.7331,0,206,True,https://pemilu2024.kpu.go.id/pilpres/hitung-suara/33/3374/337410/3374101010/3374101010059,2024-02-16 09:30:28,PASLON 02
JAWA TENGAH,KOTA SEMARANG,TEMBALANG,SENDANGMULYO,3374101011001,25,117,80,222,3374101011001,KOTA SEMARANG,SENDANGMULYO,TPS 001,264,222,25,117,80,0.1126,0.527,0.3604,0.8409,0,222,True,https://pemilu2024.kpu.go.id/pilpres/hitung-suara/33/3374/337410/3374101011/3374101011001,2024-02-17 10:00:02,PASLON 02
JAWA TENGAH,KOTA SEMARANG,TEMBALANG,SENDANGMULYO,3374101011003,31,79,52,162,3374101011003,KOTA SEMARANG,SENDANGMULYO,TPS 003,264,162,31,79,52,0.1914,0.4877,0.321,0.6136,0,162,True,https://pemilu2024.kpu.go.id/pilpres/hitung-suara/33/3374/337410/3374101011/3374101011003,2024-02-16 14:30:33,PASLON 02
JAWA TENGAH,KOTA SEMARANG,TEMBALANG,SENDANGMULYO,3374101011004,29,121,77,227,3374101011004,KOTA SEMARANG,SENDANGMULYO,TPS 004,254,227,29,121,77,0.1278,0.533,0.3392,0.8937,10,237,False,https://pemilu2024.kpu.go.id/pilpres/hitung-suara/33/3374/337410/3374101011/3374101011004,2024-02-15 00:41:44,PASLON 02
JAWA TENGAH,KOTA SEMARANG,TEMBALANG,SENDANGMULYO,3374101011006,38,93,77,208,3374101011006,KOTA SEMARANG,SENDANGMULYO,TPS 006,264,208,38,93,77,0.1827,0.4471,0.3702,0.7879,0,208,True,https://pemilu2024.kpu.go.id/pilpres/hitung-suara/33/3374/337410/3374101011/3374101011006,2024-02-16 14:30:33,PASLON 02
JAWA TENGAH,KOTA SEMARANG,TEMBALANG,SENDANGMULYO,3374101011007,33,97,77,207,3374101011007,KOTA SEMARANG,SENDANGMULYO,TPS 007,241,207,33,97,77,0.1594,0.4686,0.372,0.8589,5,212,False,https://pemilu2024.kpu.go.id/pilpres/hitung-suara/33/3374/337410/3374101011/3374101011007,2024-02-19 06:16:00,PASLON 02
JAWA TENGAH,KOTA SEMARANG,TEMBALANG,SENDANGMULYO,3374101011008,44,113,74,231,3374101011008,KOTA SEMARANG,SENDANGMULYO,TPS 008,264,231,44,113,74,0.1905,0.4892,0.3203,0.875,0,231,True,https://pemilu2024.kpu.go.id/pilpres/hitung-suara/33/3374/337410/3374101011/3374101011008,2024-02-16 14:30:33,PASLON 02
JAWA TENGAH,KOTA SEMARANG,TEMBALANG,SENDANGMULYO,3374101011009,52,105,51,208,3374101011009,KOTA SEMARANG,SENDANGMULYO,TPS 009,252,208,52,105,51,0.25,0.5048,0.2452,0.8254,4,212,False,https://pemilu2024.kpu.go.id/pilpres/hitung-suara/33/3374/337410/3374101011/3374101011009,2024-02-14 21:46:01,PASLON 02
JAWA TENGAH,KOTA SEMARANG,TEMBALANG,SENDANGMULYO,3374101011010,28,101,88,217,3374101011010,KOTA SEMARANG,SENDANGMULYO,TPS 010,264,217,28,101,88,0.129,0.4654,0.4055,0.822,0,217,True,https://pemilu2024.kpu.go.id/pilpres/hitung-suara/33/3374/337410/3374101011/3374101011010,2024-02-16 14:30:33,PASLON 02
JAWA TENGAH,KOTA SEMARANG,TEMBALANG,SENDANGMULYO,3374101011011,44,105,47,196,3374101011011,KOTA SEMARANG,SENDANGMULYO,TPS 011,237,196,44,105,47,0.2245,0.5357,0.2398,0.827,3,199,False,https://pemilu2024.kpu.go.id/pilpres/hitung-suara/33/3374/337410/3374101011/3374101011011,2024-02-14 21:46:01,PASLON 02
JAWA TENGAH,KOTA SEMARANG,TEMBALANG,SENDANGMULYO,3374101011012,48,99,47,194,3374101011012,KOTA SEMARANG,SENDANGMULYO,TPS 012,246,194,48,99,47,0.2474,0.5103,0.2423,0.7886,3,197,False,https://pemilu2024.kpu.go.id/pilpres/hitung-suara/33/3374/337410/3374101011/3374101011012,2024-02-16 14:30:33,PASLON 02
JAWA TENGAH,KOTA SEMARANG,TEMBALANG,SENDANGMULYO,3374101011013,84,95,58,237,3374101011013,KOTA SEMARANG,SENDANGMULYO,TPS 013,237,237,84,95,58,0.3544,0.4008,0.2447,1.0,4,191,False,https://pemilu2024.kpu.go.id/pilpres/hitung-suara/33/3374/337410/3374101011/3374101011013,2024-02-22 16:00:00,PASLON 02
JAWA TENGAH,KOTA SEMARANG,TEMBALANG,SENDANGMULYO,3374101011014,32,138,70,240,3374101011014,KOTA SEMARANG,SENDANGMULYO,TPS 014,286,240,32,138,70,0.1333,0.575,0.2917,0.8392,7,247,False,https://pemilu2024.kpu.go.id/pilpres/hitung-suara/33/3374/337410/3374101011/3374101011014,2024-02-19 06:16:00,PASLON 02
JAWA TENGAH,KOTA SEMARANG,TEMBALANG,SENDANGMULYO,3374101011015,53,83,80,216,3374101011015,KOTA SEMARANG,SENDANGMULYO,TPS 015,290,216,53,83,80,0.2454,0.3843,0.3704,0.7448,7,223,False,https://pemilu2024.kpu.go.id/pilpres/hitung-suara/33/3374/337410/3374101011/3374101011015,2024-02-21 21:00:04,PASLON 02
JAWA TENGAH,KOTA SEMARANG,TEMBALANG,SENDANGMULYO,3374101011016,49,111,66,226,3374101011016,KOTA SEMARANG,SENDANGMULYO,TPS 016,282,226,49,111,66,0.2168,0.4912,0.292,0.8014,2,228,False,https://pemilu2024.kpu.go.id/pilpres/hitung-suara/33/3374/337410/3374101011/3374101011016,2024-02-17 19:30:00,PASLON 02
JAWA TENGAH,KOTA SEMARANG,TEMBALANG,SENDANGMULYO,3374101011017,36,117,64,217,3374101011017,KOTA SEMARANG,SENDANGMULYO,TPS 017,276,217,36,117,64,0.1659,0.5392,0.2949,0.7862,1,218,False,https://pemilu2024.kpu.go.id/pilpres/hitung-suara/33/3374/337410/3374101011/3374101011017,2024-02-17 19:30:00,PASLON 02
JAWA TENGAH,KOTA SEMARANG,TEMBALANG,SENDANGMULYO,3374101011018,59,129,67,255,3374101011018,KOTA SEMARANG,SENDANGMULYO,TPS 018,298,255,59,129,67,0.2314,0.5059,0.2627,0.8557,6,261,False,https://pemilu2024.kpu.go.id/pilpres/hitung-suara/33/3374/337410/3374101011/3374101011018,2024-02-17 19:30:00,PASLON 02
JAWA TENGAH,KOTA SEMARANG,TEMBALANG,SENDANGMULYO,3374101011021,32,136,71,239,3374101011021,KOTA SEMARANG,SENDANGMULYO,TPS 021,287,239,32,136,71,0.1339,0.569,0.2971,0.8328,5,244,False,https://pemilu2024.kpu.go.id/pilpres/hitung-suara/33/3374/337410/3374101011/3374101011021,2024-02-16 14:30:33,PASLON 02
JAWA TENGAH,KOTA SEMARANG,TEMBALANG,SENDANGMULYO,3374101011023,30,125,72,227,3374101011023,KOTA SEMARANG,SENDANGMULYO,TPS 023,264,227,30,125,72,0.1322,0.5507,0.3172,0.8598,0,227,True,https://pemilu2024.kpu.go.id/pilpres/hitung-suara/33/3374/337410/3374101011/3374101011023,2024-02-16 09:30:28,PASLON 02
JAWA TENGAH,KOTA SEMARANG,TEMBALANG,SENDANGMULYO,3374101011024,47,106,84,237,3374101011024,KOTA SEMARANG,SENDANGMULYO,TPS 024,264,237,47,106,84,0.1983,0.4473,0.3544,0.8977,0,237,True,https://pemilu2024.kpu.go.id/pilpres/hitung-suara/33/3374/337410/3374101011/3374101011024,2024-02-16 14:30:33,PASLON 02
JAWA TENGAH,KOTA SEMARANG,TEMBALANG,SENDANGMULYO,3374101011025,31,102,97,230,3374101011025,KOTA SEMARANG,SENDANGMULYO,TPS 025,280,230,31,102,97,0.1348,0.4435,0.4217,0.8214,7,237,False,https://pemilu2024.kpu.go.id/pilpres/hitung-suara/33/3374/337410/3374101011/3374101011025,2024-02-17 19:30:00,PASLON 02
JAWA TENGAH,KOTA SEMARANG,TEMBALANG,SENDANGMULYO,3374101011026,50,91,71,212,3374101011026,KOTA SEMARANG,SENDANGMULYO,TPS 026,261,212,50,91,71,0.2358,0.4292,0.3349,0.8123,4,216,False,https://pemilu2024.kpu.go.id/pilpres/hitung-suara/33/3374/337410/3374101011/3374101011026,2024-02-26 12:00:00,PASLON 02
JAWA TENGAH,KOTA SEMARANG,TEMBALANG,SENDANGMULYO,3374101011027,25,95,41,161,3374101011027,KOTA SEMARANG,SENDANGMULYO,TPS 027,221,161,25,95,41,0.1553,0.5901,0.2547,0.7285,5,166,False,https://pemilu2024.kpu.go.id/pilpres/hitung-suara/33/3374/337410/3374101011/3374101011027,2024-02-15 07:00:44,PASLON 02
JAWA TENGAH,KOTA SEMARANG,TEMBALANG,SENDANGMULYO,3374101011028,73,117,58,248,3374101011028,KOTA SEMARANG,SENDANGMULYO,TPS 028,264,248,73,117,58,0.2944,0.4718,0.2339,0.9394,0,248,True,https://pemilu2024.kpu.go.id/pilpres/hitung-suara/33/3374/337410/3374101011/3374101011028,2024-02-16 14:30:33,PASLON 02
JAWA TENGAH,KOTA SEMARANG,TEMBALANG,SENDANGMULYO,3374101011029,52,120,54,226,3374101011029,KOTA SEMARANG,SENDANGMULYO,TPS 029,264,226,52,120,54,0.2301,0.531,0.2389,0.8561,0,226,True,https://pemilu2024.kpu.go.id/pilpres/hitung-suara/33/3374/337410/3374101011/3374101011029,2024-02-24 22:31:28,PASLON 02
JAWA TENGAH,KOTA SEMARANG,TEMBALANG,SENDANGMULYO,3374101011030,32,130,77,239,3374101011030,KOTA SEMARANG,SENDANGMULYO,TPS 030,264,239,32,130,77,0.1339,0.5439,0.3222,0.9053,0,239,True,https://pemilu2024.kpu.go.id/pilpres/hitung-suara/33/3374/337410/3374101011/3374101011030,2024-02-16 21:01:00,PASLON 02
JAWA TENGAH,KOTA SEMARANG,TEMBALANG,SENDANGMULYO,3374101011031,30,113,84,227,3374101011031,KOTA SEMARANG,SENDANGMULYO,TPS 031,264,227,30,113,84,0.1322,0.4978,0.37,0.8598,0,227,True,https://pemilu2024.kpu.go.id/pilpres/hitung-suara/33/3374/337410/3374101011/3374101011031,2024-02-19 06:16:00,PASLON 02
JAWA TENGAH,KOTA SEMARANG,TEMBALANG,SENDANGMULYO,3374101011032,34,110,82,226,3374101011032,KOTA SEMARANG,SENDANGMULYO,TPS 032,273,226,34,110,82,0.1504,0.4867,0.3628,0.8278,3,229,False,https://pemilu2024.kpu.go.id/pilpres/hitung-suara/33/3374/337410/3374101011/3374101011032,2024-02-16 09:30:28,PASLON 02
JAWA TENGAH,KOTA SEMARANG,TEMBALANG,SENDANGMULYO,3374101011033,63,68,54,185,3374101011033,KOTA SEMARANG,SENDANGMULYO,TPS 033,235,185,63,68,54,0.3405,0.3676,0.2919,0.7872,8,193,False,https://pemilu2024.kpu.go.id/pilpres/hitung-suara/33/3374/337410/3374101011/3374101011033,2024-02-17 19:30:00,PASLON 02
JAWA TENGAH,KOTA SEMARANG,TEMBALANG,SENDANGMULYO,3374101011034,66,100,57,223,3374101011034,KOTA SEMARANG,SENDANGMULYO,TPS 034,264,223,66,100,57,0.296,0.4484,0.2556,0.8447,0,223,True,https://pemilu2024.kpu.go.id/pilpres/hitung-suara/33/3374/337410/3374101011/3374101011034,2024-02-16 09:30:28,PASLON 02
JAWA TENGAH,KOTA SEMARANG,TEMBALANG,SENDANGMULYO,3374101011035,82,99,62,243,3374101011035,KOTA SEMARANG,SENDANGMULYO,TPS 035,264,243,82,99,62,0.3374,0.4074,0.2551,0.9205,0,243,True,https://pemilu2024.kpu.go.id/pilpres/hitung-suara/33/3374/337410/3374101011/3374101011035,2024-02-16 09:30:28,PASLON 02
JAWA TENGAH,KOTA SEMARANG,TEMBALANG,SENDANGMULYO,3374101011036,34,93,101,228,3374101011036,KOTA SEMARANG,SENDANGMULYO,TPS 036,299,228,34,93,101,0.1491,0.4079,0.443,0.7625,8,236,False,https://pemilu2024.kpu.go.id/pilpres/hitung-suara/33/3374/337410/3374101011/3374101011036,2024-02-16 14:30:33,PASLON 03
JAWA TENGAH,KOTA SEMARANG,TEMBALANG,SENDANGMULYO,3374101011037,56,114,72,242,3374101011037,KOTA SEMARANG,SENDANGMULYO,TPS 037,264,242,56,114,72,0.2314,0.4711,0.2975,0.9167,0,242,True,https://pemilu2024.kpu.go.id/pilpres/hitung-suara/33/3374/337410/3374101011/3374101011037,2024-02-16 14:30:33,PASLON 02
JAWA TENGAH,KOTA SEMARANG,TEMBALANG,SENDANGMULYO,3374101011038,45,89,51,185,3374101011038,KOTA SEMARANG,SENDANGMULYO,TPS 038,229,185,45,89,51,0.2432,0.4811,0.2757,0.8079,2,187,False,https://pemilu2024.kpu.go.id/pilpres/hitung-suara/33/3374/337410/3374101011/3374101011038,2024-02-17 19:30:00,PASLON 02
JAWA TENGAH,KOTA SEMARANG,TEMBALANG,SENDANGMULYO,3374101011039,16,139,52,207,3374101011039,KOTA SEMARANG,SENDANGMULYO,TPS 039,292,207,16,139,52,0.0773,0.6715,0.2512,0.7089,1,208,False,https://pemilu2024.kpu.go.id/pilpres/hitung-suara/33/3374/337410/3374101011/3374101011039,2024-02-14 21:46:01,PASLON 02
JAWA TENGAH,KOTA SEMARANG,TEMBALANG,SENDANGMULYO,3374101011040,43,111,69,223,3374101011040,KOTA SEMARANG,SENDANGMULYO,TPS 040,259,223,43,111,69,0.1928,0.4978,0.3094,0.861,2,225,False,https://pemilu2024.kpu.go.id/pilpres/hitung-suara/33/3374/337410/3374101011/3374101011040,2024-02-19 06:16:00,PASLON 02
JAWA TENGAH,KOTA SEMARANG,TEMBALANG,SENDANGMULYO,3374101011041,49,93,73,215,3374101011041,KOTA SEMARANG,SENDANGMULYO,TPS 041,264,215,49,93,73,0.2279,0.4326,0.3395,0.8144,3,218,False,https://pemilu2024.kpu.go.id/pilpres/hitung-suara/33/3374/337410/3374101011/3374101011041,2024-02-19 06:16:00,PASLON 02
JAWA TENGAH,KOTA SEMARANG,TEMBALANG,SENDANGMULYO,3374101011042,40,113,68,221,3374101011042,KOTA SEMARANG,SENDANGMULYO,TPS 042,264,221,40,113,68,0.181,0.5113,0.3077,0.8371,0,221,True,https://pemilu2024.kpu.go.id/pilpres/hitung-suara/33/3374/337410/3374101011/3374101011042,2024-02-16 09:30:28,PASLON 02
JAWA TENGAH,KOTA SEMARANG,TEMBALANG,SENDANGMULYO,3374101011043,72,77,87,236,3374101011043,KOTA SEMARANG,SENDANGMULYO,TPS 043,264,236,72,77,87,0.3051,0.3263,0.3686,0.8939,0,236,True,https://pemilu2024.kpu.go.id/pilpres/hitung-suara/33/3374/337410/3374101011/3374101011043,2024-02-16 14:30:33,PASLON 03
JAWA TENGAH,KOTA SEMARANG,TEMBALANG,SENDANGMULYO,3374101011044,38,109,73,220,3374101011044,KOTA SEMARANG,SENDANGMULYO,TPS 044,264,220,38,109,73,0.1727,0.4955,0.3318,0.8333,0,220,True,https://pemilu2024.kpu.go.id/pilpres/hitung-suara/33/3374/337410/3374101011/3374101011044,2024-02-19 06:16:00,PASLON 02
JAWA TENGAH,KOTA SEMARANG,TEMBALANG,SENDANGMULYO,3374101011045,42,112,59,213,3374101011045,KOTA SEMARANG,SENDANGMULYO,TPS 045,264,213,42,112,59,0.1972,0.5258,0.277,0.8068,0,213,True,https://pemilu2024.kpu.go.id/pilpres/hitung-suara/33/3374/337410/3374101011/3374101011045,2024-02-22 15:00:00,PASLON 02
JAWA TENGAH,KOTA SEMARANG,TEMBALANG,SENDANGMULYO,3374101011046,30,88,62,180,3374101011046,KOTA SEMARANG,SENDANGMULYO,TPS 046,248,180,30,88,62,0.1667,0.4889,0.3444,0.7258,1,181,False,https://pemilu2024.kpu.go.id/pilpres/hitung-suara/33/3374/337410/3374101011/3374101011046,2024-02-16 16:25:10,PASLON 02
JAWA TENGAH,KOTA SEMARANG,TEMBALANG,SENDANGMULYO,3374101011048,45,109,83,237,3374101011048,KOTA SEMARANG,SENDANGMULYO,TPS 048,277,237,45,109,83,0.1899,0.4599,0.3502,0.8556,5,242,False,https://pemilu2024.kpu.go.id/pilpres/hitung-suara/33/3374/337410/3374101011/3374101011048,2024-02-22 11:00:00,PASLON 02
JAWA TENGAH,KOTA SEMARANG,TEMBALANG,SENDANGMULYO,3374101011049,39,127,59,225,3374101011049,KOTA SEMARANG,SENDANGMULYO,TPS 049,264,225,39,127,59,0.1733,0.5644,0.2622,0.8523,0,225,True,https://pemilu2024.kpu.go.id/pilpres/hitung-suara/33/3374/337410/3374101011/3374101011049,2024-02-19 06:16:00,PASLON 02
JAWA TENGAH,KOTA SEMARANG,TEMBALANG,SENDANGMULYO,3374101011050,38,81,93,212,3374101011050,KOTA SEMARANG,SENDANGMULYO,TPS 050,300,212,38,81,93,0.1792,0.3821,0.4387,0.7067,1,213,False,https://pemilu2024.kpu.go.id/pilpres/hitung-suara/33/3374/337410/3374101011/3374101011050,2024-02-24 22:31:28,PASLON 03
JAWA TENGAH,KOTA SEMARANG,TEMBALANG,SENDANGMULYO,3374101011051,46,110,61,217,3374101011051,KOTA SEMARANG,SENDANGMULYO,TPS 051,264,217,46,110,61,0.212,0.5069,0.2811,0.822,0,217,True,https://pemilu2024.kpu.go.id/pilpres/hitung-suara/33/3374/337410/3374101011/3374101011051,2024-02-16 09:30:28,PASLON 02
JAWA TENGAH,KOTA SEMARANG,TEMBALANG,SENDANGMULYO,3374101011054,35,101,33,169,3374101011054,KOTA SEMARANG,SENDANGMULYO,TPS 054,221,169,35,101,33,0.2071,0.5976,0.1953,0.7647,3,172,False,https://pemilu2024.kpu.go.id/pilpres/hitung-suara/33/3374/337410/3374101011/3374101011054,2024-02-15 22:30:27,PASLON 02
JAWA TENGAH,KOTA SEMARANG,TEMBALANG,SENDANGMULYO,3374101011055,27,105,69,201,3374101011055,KOTA SEMARANG,SENDANGMULYO,TPS 055,250,201,27,105,69,0.1343,0.5224,0.3433,0.804,1,202,False,https://pemilu2024.kpu.go.id/pilpres/hitung-suara/33/3374/337410/3374101011/3374101011055,2024-02-19 06:16:00,PASLON 02
JAWA TENGAH,KOTA SEMARANG,TEMBALANG,SENDANGMULYO,3374101011056,60,85,56,201,3374101011056,KOTA SEMARANG,SENDANGMULYO,TPS 056,229,201,60,85,56,0.2985,0.4229,0.2786,0.8777,1,202,False,https://pemilu2024.kpu.go.id/pilpres/hitung-suara/33/3374/337410/3374101011/3374101011056,2024-02-19 06:16:00,PASLON 02
JAWA TENGAH,KOTA SEMARANG,TEMBALANG,SENDANGMULYO,3374101011057,40,87,45,172,3374101011057,KOTA SEMARANG,SENDANGMULYO,TPS 057,228,172,40,87,45,0.2326,0.5058,0.2616,0.7544,3,175,False,https://pemilu2024.kpu.go.id/pilpres/hitung-suara/33/3374/337410/3374101011/3374101011057,2024-02-19 06:16:00,PASLON 02
JAWA TENGAH,KOTA SEMARANG,TEMBALANG,SENDANGMULYO,3374101011058,66,79,69,214,3374101011058,KOTA SEMARANG,SENDANGMULYO,TPS 058,264,214,66,79,69,0.3084,0.3692,0.3224,0.8106,0,214,True,https://pemilu2024.kpu.go.id/pilpres/hitung-suara/33/3374/337410/3374101011/3374101011058,2024-02-16 14:30:33,PASLON 02
JAWA TENGAH,KOTA SEMARANG,TEMBALANG,SENDANGMULYO,3374101011062,28,105,69,202,3374101011062,KOTA SEMARANG,SENDANGMULYO,TPS 062,268,202,28,105,69,0.1386,0.5198,0.3416,0.7537,3,205,False,https://pemilu2024.kpu.go.id/pilpres/hitung-suara/33/3374/337410/3374101011/3374101011062,2024-02-21 17:00:00,PASLON 02
JAWA TENGAH,KOTA SEMARANG,TEMBALANG,SENDANGMULYO,3374101011063,36,98,57,191,3374101011063,KOTA SEMARANG,SENDANGMULYO,TPS 063,264,191,36,98,57,0.1885,0.5131,0.2984,0.7235,0,191,True,https://pemilu2024.kpu.go.id/pilpres/hitung-suara/33/3374/337410/3374101011/3374101011063,2024-02-16 10:00:28,PASLON 02
JAWA TENGAH,KOTA SEMARANG,TEMBALANG,SENDANGMULYO,3374101011064,40,93,53,186,3374101011064,KOTA SEMARANG,SENDANGMULYO,TPS 064,253,186,40,93,53,0.2151,0.5,0.2849,0.7352,9,195,False,https://pemilu2024.kpu.go.id/pilpres/hitung-suara/33/3374/337410/3374101011/3374101011064,2024-02-19 08:00:00,PASLON 02
JAWA TENGAH,KOTA SEMARANG,TEMBALANG,SENDANGMULYO,3374101011065,63,107,56,226,3374101011065,KOTA SEMARANG,SENDANGMULYO,TPS 065,294,226,63,107,56,0.2788,0.4735,0.2478,0.7687,6,232,False,https://pemilu2024.kpu.go.id/pilpres/hitung-suara/33/3374/337410/3374101011/3374101011065,2024-02-19 06:16:00,PASLON 02
JAWA TENGAH,KOTA SEMARANG,TEMBALANG,SENDANGMULYO,3374101011066,72,82,68,222,3374101011066,KOTA SEMARANG,SENDANGMULYO,TPS 066,264,222,72,82,68,0.3243,0.3694,0.3063,0.8409,0,222,True,https://pemilu2024.kpu.go.id/pilpres/hitung-suara/33/3374/337410/3374101011/3374101011066,2024-02-16 10:00:28,PASLON 02
JAWA TENGAH,KOTA SEMARANG,TEMBALANG,SENDANGMULYO,3374101011067,83,83,55,221,3374101011067,KOTA SEMARANG,SENDANGMULYO,TPS 067,264,221,83,83,55,0.3756,0.3756,0.2489,0.8371,0,221,True,https://pemilu2024.kpu.go.id/pilpres/hitung-suara/33/3374/337410/3374101011/3374101011067,2024-02-16 14:30:33,PASLON 02
JAWA TENGAH,KOTA SEMARANG,TEMBALANG,SENDANGMULYO,3374101011068,31,109,43,183,3374101011068,KOTA SEMARANG,SENDANGMULYO,TPS 068,264,183,31,109,43,0.1694,0.5956,0.235,0.6932,0,183,True,https://pemilu2024.kpu.go.id/pilpres/hitung-suara/33/3374/337410/3374101011/3374101011068,2024-02-19 06:16:00,PASLON 02
JAWA TENGAH,KOTA SEMARANG,TEMBALANG,SENDANGMULYO,3374101011069,35,89,55,179,3374101011069,KOTA SEMARANG,SENDANGMULYO,TPS 069,212,179,35,89,55,0.1955,0.4972,0.3073,0.8443,1,180,False,https://pemilu2024.kpu.go.id/pilpres/hitung-suara/33/3374/337410/3374101011/3374101011069,2024-02-19 06:16:00,PASLON 02
JAWA TENGAH,KOTA SEMARANG,TEMBALANG,SENDANGMULYO,3374101011070,46,137,68,251,3374101011070,KOTA SEMARANG,SENDANGMULYO,TPS 070,264,251,46,137,68,0.1833,0.5458,0.2709,0.9508,0,251,True,https://pemilu2024.kpu.go.id/pilpres/hitung-suara/33/3374/337410/3374101011/3374101011070,2024-02-16 14:00:34,PASLON 02
JAWA TENGAH,KOTA SEMARANG,TEMBALANG,SENDANGMULYO,3374101011071,68,83,67,218,3374101011071,KOTA SEMARANG,SENDANGMULYO,TPS 071,274,218,68,83,67,0.3119,0.3807,0.3073,0.7956,4,222,False,https://pemilu2024.kpu.go.id/pilpres/hitung-suara/33/3374/337410/3374101011/3374101011071,2024-02-14 21:46:01,PASLON 02
JAWA TENGAH,KOTA SEMARANG,TEMBALANG,SENDANGMULYO,3374101011072,53,90,49,192,3374101011072,KOTA SEMARANG,SENDANGMULYO,TPS 072,264,192,53,90,49,0.276,0.4688,0.2552,0.7273,0,192,True,https://pemilu2024.kpu.go.id/pilpres/hitung-suara/33/3374/337410/3374101011/3374101011072,2024-02-16 14:30:33,PASLON 02
JAWA TENGAH,KOTA SEMARANG,TEMBALANG,SENDANGMULYO,3374101011074,71,88,55,214,3374101011074,KOTA SEMARANG,SENDANGMULYO,TPS 074,264,214,71,88,55,0.3318,0.4112,0.257,0.8106,0,214,True,https://pemilu2024.kpu.go.id/pilpres/hitung-suara/33/3374/337410/3374101011/3374101011074,2024-02-16 14:30:33,PASLON 02
JAWA TENGAH,KOTA SEMARANG,TEMBALANG,SENDANGMULYO,3374101011077,65,98,63,226,3374101011077,KOTA SEMARANG,SENDANGMULYO,TPS 077,264,226,65,98,63,0.2876,0.4336,0.2788,0.8561,0,226,True,https://pemilu2024.kpu.go.id/pilpres/hitung-suara/33/3374/337410/3374101011/3374101011077,2024-02-16 10:00:28,PASLON 02
JAWA TENGAH,KOTA SEMARANG,TEMBALANG,SENDANGMULYO,3374101011078,60,108,78,246,3374101011078,KOTA SEMARANG,SENDANGMULYO,TPS 078,299,246,60,108,78,0.2439,0.439,0.3171,0.8227,2,248,False,https://pemilu2024.kpu.go.id/pilpres/hitung-suara/33/3374/337410/3374101011/3374101011078,2024-02-19 06:16:00,PASLON 02
JAWA TENGAH,KOTA SEMARANG,TEMBALANG,SENDANGMULYO,3374101011079,61,115,68,244,3374101011079,KOTA SEMARANG,SENDANGMULYO,TPS 079,264,244,61,115,68,0.25,0.4713,0.2787,0.9242,0,244,True,https://pemilu2024.kpu.go.id/pilpres/hitung-suara/33/3374/337410/3374101011/3374101011079,2024-02-16 14:30:33,PASLON 02
JAWA TENGAH,KOTA SEMARANG,TEMBALANG,SENDANGMULYO,3374101011080,53,108,72,233,3374101011080,KOTA SEMARANG,SENDANGMULYO,TPS 080,264,233,53,108,72,0.2275,0.4635,0.309,0.8826,0,233,True,https://pemilu2024.kpu.go.id/pilpres/hitung-suara/33/3374/337410/3374101011/3374101011080,2024-02-24 22:31:28,PASLON 02
JAWA TENGAH,KOTA SEMARANG,TEMBALANG,SENDANGMULYO,3374101011082,41,142,65,248,3374101011082,KOTA SEMARANG,SENDANGMULYO,TPS 082,264,248,41,142,65,0.1653,0.5726,0.2621,0.9394,0,248,True,https://pemilu2024.kpu.go.id/pilpres/hitung-suara/33/3374/337410/3374101011/3374101011082,2024-02-19 06:16:00,PASLON 02
JAWA TENGAH,KOTA SEMARANG,TEMBALANG,SENDANGMULYO,3374101011083,49,138,56,243,3374101011083,KOTA SEMARANG,SENDANGMULYO,TPS 083,243,243,49,138,56,0.2016,0.5679,0.2305,1.0,0,243,False,https://pemilu2024.kpu.go.id/pilpres/hitung-suara/33/3374/337410/3374101011/3374101011083,2024-02-19 06:16:00,PASLON 02
JAWA TENGAH,KOTA SEMARANG,TEMBALANG,SENDANGMULYO,3374101011084,47,111,87,245,3374101011084,KOTA SEMARANG,SENDANGMULYO,TPS 084,300,245,47,111,87,0.1918,0.4531,0.3551,0.8167,6,251,False,https://pemilu2024.kpu.go.id/pilpres/hitung-suara/33/3374/337410/3374101011/3374101011084,2024-02-20 08:00:00,PASLON 02
JAWA TENGAH,KOTA SEMARANG,TEMBALANG,SENDANGMULYO,3374101011085,48,95,79,222,3374101011085,KOTA SEMARANG,SENDANGMULYO,TPS 085,264,222,48,95,79,0.2162,0.4279,0.3559,0.8409,0,222,True,https://pemilu2024.kpu.go.id/pilpres/hitung-suara/33/3374/337410/3374101011/3374101011085,2024-02-24 22:31:28,PASLON 02
JAWA TENGAH,KOTA SEMARANG,TEMBALANG,SENDANGMULYO,3374101011086,31,99,94,224,3374101011086,KOTA SEMARANG,SENDANGMULYO,TPS 086,299,224,31,99,94,0.1384,0.442,0.4196,0.7492,3,227,False,https://pemilu2024.kpu.go.id/pilpres/hitung-suara/33/3374/337410/3374101011/3374101011086,2024-02-19 06:16:00,PASLON 02
JAWA TENGAH,KOTA SEMARANG,TEMBALANG,SENDANGMULYO,3374101011087,39,141,56,236,3374101011087,KOTA SEMARANG,SENDANGMULYO,TPS 087,241,236,39,141,56,0.1653,0.5975,0.2373,0.9793,5,241,False,https://pemilu2024.kpu.go.id/pilpres/hitung-suara/33/3374/337410/3374101011/3374101011087,2024-02-15 19:00:26,PASLON 02
JAWA TENGAH,KOTA SEMARANG,TEMBALANG,SENDANGMULYO,3374101011088,33,104,81,218,3374101011088,KOTA SEMARANG,SENDANGMULYO,TPS 088,297,218,33,104,81,0.1514,0.4771,0.3716,0.734,9,227,False,https://pemilu2024.kpu.go.id/pilpres/hitung-suara/33/3374/337410/3374101011/3374101011088,2024-02-19 06:16:00,PASLON 02
JAWA TENGAH,KOTA SEMARANG,TEMBALANG,SENDANGMULYO,3374101011089,66,97,53,216,3374101011089,KOTA SEMARANG,SENDANGMULYO,TPS 089,264,216,66,97,53,0.3056,0.4491,0.2454,0.8182,0,216,True,https://pemilu2024.kpu.go.id/pilpres/hitung-suara/33/3374/337410/3374101011/3374101011089,2024-02-19 06:16:00,PASLON 02
JAWA TENGAH,KOTA SEMARANG,TEMBALANG,SENDANGMULYO,3374101011090,75,104,60,239,3374101011090,KOTA SEMARANG,SENDANGMULYO,TPS 090,264,239,75,104,60,0.3138,0.4351,0.251,0.9053,0,239,True,https://pemilu2024.kpu.go.id/pilpres/hitung-suara/33/3374/337410/3374101011/3374101011090,2024-02-16 10:30:29,PASLON 02
JAWA TENGAH,KOTA SEMARANG,TEMBALANG,SENDANGMULYO,3374101011091,72,103,41,216,3374101011091,KOTA SEMARANG,SENDANGMULYO,TPS 091,268,216,72,103,41,0.3333,0.4769,0.1898,0.806,2,218,False,https://pemilu2024.kpu.go.id/pilpres/hitung-suara/33/3374/337410/3374101011/3374101011091,2024-02-19 06:16:00,PASLON 02
JAWA TENGAH,KOTA SEMARANG,TEMBALANG,SENDANGMULYO,3374101011092,42,103,71,216,3374101011092,KOTA SEMARANG,SENDANGMULYO,TPS 092,260,216,42,103,71,0.1944,0.4769,0.3287,0.8308,4,220,False,https://pemilu2024.kpu.go.id/pilpres/hitung-suara/33/3374/337410/3374101011/3374101011092,2024-02-19 06:16:00,PASLON 02
JAWA TENGAH,KOTA SEMARANG,TEMBALANG,SENDANGMULYO,3374101011093,56,78,51,185,3374101011093,KOTA SEMARANG,SENDANGMULYO,TPS 093,264,185,56,78,51,0.3027,0.4216,0.2757,0.7008,0,185,True,https://pemilu2024.kpu.go.id/pilpres/hitung-suara/33/3374/337410/3374101011/3374101011093,2024-02-16 14:30:33,PASLON 02
JAWA TENGAH,KOTA SEMARANG,TEMBALANG,SENDANGMULYO,3374101011095,44,113,68,225,3374101011095,KOTA SEMARANG,SENDANGMULYO,TPS 095,274,225,44,113,68,0.1956,0.5022,0.3022,0.8212,7,232,False,https://pemilu2024.kpu.go.id/pilpres/hitung-suara/33/3374/337410/3374101011/3374101011095,2024-02-19 06:16:00,PASLON 02
JAWA TENGAH,KOTA SEMARANG,TEMBALANG,SENDANGMULYO,3374101011096,47,111,82,240,3374101011096,KOTA SEMARANG,SENDANGMULYO,TPS 096,290,240,47,111,82,0.1958,0.4625,0.3417,0.8276,4,244,False,https://pemilu2024.kpu.go.id/pilpres/hitung-suara/33/3374/337410/3374101011/3374101011096,2024-02-16 21:01:00,PASLON 02
JAWA TENGAH,KOTA SEMARANG,TEMBALANG,SENDANGMULYO,3374101011097,37,99,95,231,3374101011097,KOTA SEMARANG,SENDANGMULYO,TPS 097,264,231,37,99,95,0.1602,0.4286,0.4113,0.875,0,231,True,https://pemilu2024.kpu.go.id/pilpres/hitung-suara/33/3374/337410/3374101011/3374101011097,2024-02-16 10:30:29,PASLON 02
JAWA TENGAH,KOTA SEMARANG,TEMBALANG,SENDANGMULYO,3374101011098,45,126,87,258,3374101011098,KOTA SEMARANG,SENDANGMULYO,TPS 098,264,258,45,126,87,0.1744,0.4884,0.3372,0.9773,0,258,True,https://pemilu2024.kpu.go.id/pilpres/hitung-suara/33/3374/337410/3374101011/3374101011098,2024-02-16 10:30:29,PASLON 02
JAWA TENGAH,KOTA SEMARANG,TEMBALANG,SENDANGMULYO,3374101011099,41,132,67,240,3374101011099,KOTA SEMARANG,SENDANGMULYO,TPS 099,294,240,41,132,67,0.1708,0.55,0.2792,0.8163,4,244,False,https://pemilu2024.kpu.go.id/pilpres/hitung-suara/33/3374/337410/3374101011/3374101011099,2024-02-24 22:31:28,PASLON 02
JAWA TENGAH,KOTA SEMARANG,TEMBALANG,SENDANGMULYO,3374101011100,17,47,24,88,3374101011100,KOTA SEMARANG,SENDANGMULYO,TPS 100,112,88,17,47,24,0.1932,0.5341,0.2727,0.7857,2,90,False,https://pemilu2024.kpu.go.id/pilpres/hitung-suara/33/3374/337410/3374101011/3374101011100,2024-02-16 10:00:28,PASLON 02
JAWA TENGAH,KOTA SEMARANG,TEMBALANG,SENDANGMULYO,3374101011101,48,76,64,188,3374101011101,KOTA SEMARANG,SENDANGMULYO,TPS 101,255,188,48,76,64,0.2553,0.4043,0.3404,0.7373,4,192,False,https://pemilu2024.kpu.go.id/pilpres/hitung-suara/33/3374/337410/3374101011/3374101011101,2024-02-19 06:16:00,PASLON 02
JAWA TENGAH,KOTA SEMARANG,TEMBALANG,SENDANGMULYO,3374101011102,51,100,66,217,3374101011102,KOTA SEMARANG,SENDANGMULYO,TPS 102,264,217,51,100,66,0.235,0.4608,0.3041,0.822,0,217,True,https://pemilu2024.kpu.go.id/pilpres/hitung-suara/33/3374/337410/3374101011/3374101011102,2024-02-16 10:30:29,PASLON 02
JAWA TENGAH,KOTA SEMARANG,TEMBALANG,SENDANGMULYO,3374101011104,66,100,64,230,3374101011104,KOTA SEMARANG,SENDANGMULYO,TPS 104,260,230,66,100,64,0.287,0.4348,0.2783,0.8846,1,231,False,https://pemilu2024.kpu.go.id/pilpres/hitung-suara/33/3374/337410/3374101011/3374101011104,2024-02-19 06:16:00,PASLON 02
JAWA TENGAH,KOTA SEMARANG,TEMBALANG,SENDANGMULYO,3374101011105,55,117,60,232,3374101011105,KOTA SEMARANG,SENDANGMULYO,TPS 105,264,232,55,117,60,0.2371,0.5043,0.2586,0.8788,0,232,True,https://pemilu2024.kpu.go.id/pilpres/hitung-suara/33/3374/337410/3374101011/3374101011105,2024-02-16 14:30:33,PASLON 02
JAWA TENGAH,KOTA SEMARANG,TEMBALANG,SENDANGMULYO,3374101011107,68,102,40,210,3374101011107,KOTA SEMARANG,SENDANGMULYO,TPS 107,266,210,68,102,40,0.3238,0.4857,0.1905,0.7895,1,211,False,https://pemilu2024.kpu.go.id/pilpres/hitung-suara/33/3374/337410/3374101011/3374101011107,2024-02-19 06:16:00,PASLON 02
JAWA TENGAH,KOTA SEMARANG,TEMBALANG,TANDANG,3374101008003,25,129,99,253,3374101008003,KOTA SEMARANG,TANDANG,TPS 003,289,253,25,129,99,0.0988,0.5099,0.3913,0.8754,4,257,False,https://pemilu2024.kpu.go.id/pilpres/hitung-suara/33/3374/337410/3374101008/3374101008003,2024-02-17 18:30:00,PASLON 02
JAWA TENGAH,KOTA SEMARANG,TEMBALANG,TANDANG,3374101008004,25,114,107,246,3374101008004,KOTA SEMARANG,TANDANG,TPS 004,276,246,25,114,107,0.1016,0.4634,0.435,0.8913,0,246,True,https://pemilu2024.kpu.go.id/pilpres/hitung-suara/33/3374/337410/3374101008/3374101008004,2024-02-16 09:00:28,PASLON 02
JAWA TENGAH,KOTA SEMARANG,TEMBALANG,TANDANG,3374101008005,31,123,99,253,3374101008005,KOTA SEMARANG,TANDANG,TPS 005,271,253,31,123,99,0.1225,0.4862,0.3913,0.9336,3,256,False,https://pemilu2024.kpu.go.id/pilpres/hitung-suara/33/3374/337410/3374101008/3374101008005,2024-02-17 00:00:00,PASLON 02
JAWA TENGAH,KOTA SEMARANG,TEMBALANG,TANDANG,3374101008007,47,103,95,245,3374101008007,KOTA SEMARANG,TANDANG,TPS 007,276,245,47,103,95,0.1918,0.4204,0.3878,0.8877,0,245,True,https://pemilu2024.kpu.go.id/pilpres/hitung-suara/33/3374/337410/3374101008/3374101008007,2024-02-16 09:00:28,PASLON 02
JAWA TENGAH,KOTA SEMARANG,TEMBALANG,TANDANG,3374101008008,27,112,106,245,3374101008008,KOTA SEMARANG,TANDANG,TPS 008,281,245,27,112,106,0.1102,0.4571,0.4327,0.8719,4,249,False,https://pemilu2024.kpu.go.id/pilpres/hitung-suara/33/3374/337410/3374101008/3374101008008,2024-02-17 18:30:00,PASLON 02
JAWA TENGAH,KOTA SEMARANG,TEMBALANG,TANDANG,3374101008009,64,110,84,258,3374101008009,KOTA SEMARANG,TANDANG,TPS 009,267,258,64,110,84,0.2481,0.4264,0.3256,0.9663,9,267,False,https://pemilu2024.kpu.go.id/pilpres/hitung-suara/33/3374/337410/3374101008/3374101008009,2024-02-14 21:46:01,PASLON 02
JAWA TENGAH,KOTA SEMARANG,TEMBALANG,TANDANG,3374101008010,72,112,74,258,3374101008010,KOTA SEMARANG,TANDANG,TPS 010,278,258,72,112,74,0.2791,0.4341,0.2868,0.9281,5,234,False,https://pemilu2024.kpu.go.id/pilpres/hitung-suara/33/3374/337410/3374101008/3374101008010,2024-02-17 09:00:02,PASLON 02
JAWA TENGAH,KOTA SEMARANG,TEMBALANG,TANDANG,3374101008011,25,103,87,215,3374101008011,KOTA SEMARANG,TANDANG,TPS 011,276,215,25,103,87,0.1163,0.4791,0.4047,0.779,1,216,False,https://pemilu2024.kpu.go.id/pilpres/hitung-suara/33/3374/337410/3374101008/3374101008011,2024-02-16 16:25:10,PASLON 02
JAWA TENGAH,KOTA SEMARANG,TEMBALANG,TANDANG,3374101008012,15,123,101,239,3374101008012,KOTA SEMARANG,TANDANG,TPS 012,271,239,15,123,101,0.0628,0.5146,0.4226,0.8819,8,247,False,https://pemilu2024.kpu.go.id/pilpres/hitung-suara/33/3374/337410/3374101008/3374101008012,2024-02-17 18:30:00,PASLON 02
JAWA TENGAH,KOTA SEMARANG,TEMBALANG,TANDANG,3374101008013,21,117,90,228,3374101008013,KOTA SEMARANG,TANDANG,TPS 013,276,228,21,117,90,0.0921,0.5132,0.3947,0.8261,6,234,False,https://pemilu2024.kpu.go.id/pilpres/hitung-suara/33/3374/337410/3374101008/3374101008013,2024-02-17 18:30:00,PASLON 02
JAWA TENGAH,KOTA SEMARANG,TEMBALANG,TANDANG,3374101008015,21,112,109,242,3374101008015,KOTA SEMARANG,TANDANG,TPS 015,297,242,21,112,109,0.0868,0.4628,0.4504,0.8148,6,240,False,https://pemilu2024.kpu.go.id/pilpres/hitung-suara/33/3374/337410/3374101008/3374101008015,2024-02-19 06:16:00,PASLON 02
JAWA TENGAH,KOTA SEMARANG,TEMBALANG,TANDANG,3374101008016,20,99,127,246,3374101008016,KOTA SEMARANG,TANDANG,TPS 016,276,246,20,99,127,0.0813,0.4024,0.5163,0.8913,0,246,True,https://pemilu2024.kpu.go.id/pilpres/hitung-suara/33/3374/337410/3374101008/3374101008016,2024-02-16 09:00:28,PASLON 03
JAWA TENGAH,KOTA SEMARANG,TEMBALANG,TANDANG,3374101008017,25,112,108,245,3374101008017,KOTA SEMARANG,TANDANG,TPS 017,276,245,25,112,108,0.102,0.4571,0.4408,0.8877,0,245,True,https://pemilu2024.kpu.go.id/pilpres/hitung-suara/33/3374/337410/3374101008/3374101008017,2024-02-16 16:25:10,PASLON 02
JAWA TENGAH,KOTA SEMARANG,TEMBALANG,TANDANG,3374101008018,42,86,94,222,3374101008018,KOTA SEMARANG,TANDANG,TPS 018,276,222,42,86,94,0.1892,0.3874,0.4234,0.8043,0,222,True,https://pemilu2024.kpu.go.id/pilpres/hitung-suara/33/3374/337410/3374101008/3374101008018,2024-02-16 16:25:10,PASLON 03
JAWA TENGAH,KOTA SEMARANG,TEMBALANG,TANDANG,3374101008019,39,108,90,237,3374101008019,KOTA SEMARANG,TANDANG,TPS 019,276,237,39,108,90,0.1646,0.4557,0.3797,0.8587,0,237,True,https://pemilu2024.kpu.go.id/pilpres/hitung-suara/33/3374/337410/3374101008/3374101008019,2024-02-16 16:25:10,PASLON 02
JAWA TENGAH,KOTA SEMARANG,TEMBALANG,TANDANG,3374101008021,37,111,100,248,3374101008021,KOTA SEMARANG,TANDANG,TPS 021,276,248,37,111,100,0.1492,0.4476,0.4032,0.8986,0,248,True,https://pemilu2024.kpu.go.id/pilpres/hitung-suara/33/3374/337410/3374101008/3374101008021,2024-02-16 16:25:10,PASLON 02
JAWA TENGAH,KOTA SEMARANG,TEMBALANG,TANDANG,3374101008024,18,104,107,229,3374101008024,KOTA SEMARANG,TANDANG,TPS 024,253,229,18,104,107,0.0786,0.4541,0.4672,0.9051,3,232,False,https://pemilu2024.kpu.go.id/pilpres/hitung-suara/33/3374/337410/3374101008/3374101008024,2024-02-16 13:30:32,PASLON 03
JAWA TENGAH,KOTA SEMARANG,TEMBALANG,TANDANG,3374101008027,45,85,126,256,3374101008027,KOTA SEMARANG,TANDANG,TPS 027,283,256,45,85,126,0.1758,0.332,0.4922,0.9046,5,262,False,https://pemilu2024.kpu.go.id/pilpres/hitung-suara/33/3374/337410/3374101008/3374101008027,2024-02-17 19:30:00,PASLON 03
JAWA TENGAH,KOTA SEMARANG,TEMBALANG,TANDANG,3374101008028,25,83,79,187,3374101008028,KOTA SEMARANG,TANDANG,TPS 028,276,187,25,83,79,0.1337,0.4439,0.4225,0.6775,0,187,True,https://pemilu2024.kpu.go.id/pilpres/hitung-suara/33/3374/337410/3374101008/3374101008028,2024-02-16 09:00:28,PASLON 02
JAWA TENGAH,KOTA SEMARANG,TEMBALANG,TANDANG,3374101008029,18,114,94,226,3374101008029,KOTA SEMARANG,TANDANG,TPS 029,276,226,18,114,94,0.0796,0.5044,0.4159,0.8188,0,226,True,https://pemilu2024.kpu.go.id/pilpres/hitung-suara/33/3374/337410/3374101008/3374101008029,2024-02-16 16:25:10,PASLON 02
JAWA TENGAH,KOTA SEMARANG,TEMBALANG,TANDANG,3374101008031,32,109,82,223,3374101008031,KOTA SEMARANG,TANDANG,TPS 031,254,223,32,109,82,0.1435,0.4888,0.3677,0.878,9,232,False,https://pemilu2024.kpu.go.id/pilpres/hitung-suara/33/3374/337410/3374101008/3374101008031,2024-02-14 21:46:01,PASLON 02
JAWA TENGAH,KOTA SEMARANG,TEMBALANG,TANDANG,3374101008032,27,135,66,228,3374101008032,KOTA SEMARANG,TANDANG,TPS 032,276,228,27,135,66,0.1184,0.5921,0.2895,0.8261,0,228,True,https://pemilu2024.kpu.go.id/pilpres/hitung-suara/33/3374/337410/3374101008/3374101008032,2024-02-17 19:30:00,PASLON 02
JAWA TENGAH,KOTA SEMARANG,TEMBALANG,TANDANG,3374101008036,32,92,131,255,3374101008036,KOTA SEMARANG,TANDANG,TPS 036,294,255,32,92,131,0.1255,0.3608,0.5137,0.8673,12,267,False,https://pemilu2024.kpu.go.id/pilpres/hitung-suara/33/3374/337410/3374101008/3374101008036,2024-02-14 21:46:01,PASLON 03
JAWA TENGAH,KOTA SEMARANG,TEMBALANG,TANDANG,3374101008039,20,86,117,223,3374101008039,KOTA SEMARANG,TANDANG,TPS 039,272,223,20,86,117,0.0897,0.3857,0.5247,0.8199,10,233,False,https://pemilu2024.kpu.go.id/pilpres/hitung-suara/33/3374/337410/3374101008/3374101008039,2024-02-16 10:00:28,PASLON 03
JAWA TENGAH,KOTA SEMARANG,TEMBALANG,TANDANG,3374101008041,16,71,94,181,3374101008041,KOTA SEMARANG,TANDANG,TPS 041,235,181,16,71,94,0.0884,0.3923,0.5193,0.7702,4,185,False,https://pemilu2024.kpu.go.id/pilpres/hitung-suara/33/3374/337410/3374101008/3374101008041,2024-02-14 21:46:01,PASLON 03
JAWA TENGAH,KOTA SEMARANG,TEMBALANG,TANDANG,3374101008042,35,71,124,230,3374101008042,KOTA SEMARANG,TANDANG,TPS 042,276,230,35,71,124,0.1522,0.3087,0.5391,0.8333,0,230,True,https://pemilu2024.kpu.go.id/pilpres/hitung-suara/33/3374/337410/3374101008/3374101008042,2024-02-16 09:00:28,PASLON 03
JAWA TENGAH,KOTA SEMARANG,TEMBALANG,TANDANG,3374101008044,14,118,104,236,3374101008044,KOTA SEMARANG,TANDANG,TPS 044,291,236,14,118,104,0.0593,0.5,0.4407,0.811,7,243,False,https://pemilu2024.kpu.go.id/pilpres/hitung-suara/33/3374/337410/3374101008/3374101008044,2024-02-15 15:00:29,PASLON 02
JAWA TENGAH,KOTA SEMARANG,TEMBALANG,TANDANG,3374101008045,12,102,110,224,3374101008045,KOTA SEMARANG,TANDANG,TPS 045,275,224,12,102,110,0.0536,0.4554,0.4911,0.8145,11,235,False,https://pemilu2024.kpu.go.id/pilpres/hitung-suara/33/3374/337410/3374101008/3374101008045,2024-02-17 19:30:00,PASLON 03
JAWA TENGAH,KOTA SEMARANG,TEMBALANG,TANDANG,3374101008047,17,102,126,245,3374101008047,KOTA SEMARANG,TANDANG,TPS 047,278,245,17,102,126,0.0694,0.4163,0.5143,0.8813,11,256,False,https://pemilu2024.kpu.go.id/pilpres/hitung-suara/33/3374/337410/3374101008/3374101008047,2024-02-16 14:00:34,PASLON 03
JAWA TENGAH,KOTA SEMARANG,TEMBALANG,TANDANG,3374101008048,31,124,101,256,3374101008048,KOTA SEMARANG,TANDANG,TPS 048,297,256,31,124,101,0.1211,0.4844,0.3945,0.862,3,259,False,https://pemilu2024.kpu.go.id/pilpres/hitung-suara/33/3374/337410/3374101008/3374101008048,2024-02-16 09:00:28,PASLON 02
JAWA TENGAH,KOTA SEMARANG,TEMBALANG,TANDANG,3374101008051,18,118,98,234,3374101008051,KOTA SEMARANG,TANDANG,TPS 051,280,234,18,118,98,0.0769,0.5043,0.4188,0.8357,4,238,False,https://pemilu2024.kpu.go.id/pilpres/hitung-suara/33/3374/337410/3374101008/3374101008051,2024-02-17 19:30:00,PASLON 02
JAWA TENGAH,KOTA SEMARANG,TEMBALANG,TANDANG,3374101008052,22,118,96,236,3374101008052,KOTA SEMARANG,TANDANG,TPS 052,276,236,22,118,96,0.0932,0.5,0.4068,0.8551,0,236,True,https://pemilu2024.kpu.go.id/pilpres/hitung-suara/33/3374/337410/3374101008/3374101008052,2024-02-16 09:00:28,PASLON 02
JAWA TENGAH,KOTA SEMARANG,TEMBALANG,TANDANG,3374101008055,10,113,127,250,3374101008055,KOTA SEMARANG,TANDANG,TPS 055,250,250,10,113,127,0.04,0.452,0.508,1.0,4,254,False,https://pemilu2024.kpu.go.id/pilpres/hitung-suara/33/3374/337410/3374101008/3374101008055,2024-02-17 19:30:00,PASLON 03
JAWA TENGAH,KOTA SEMARANG,TEMBALANG,TANDANG,3374101008057,26,97,107,230,3374101008057,KOTA SEMARANG,TANDANG,TPS 057,276,230,26,97,107,0.113,0.4217,0.4652,0.8333,0,230,True,https://pemilu2024.kpu.go.id/pilpres/hitung-suara/33/3374/337410/3374101008/3374101008057,2024-02-16 22:01:00,PASLON 03
JAWA TENGAH,KOTA SEMARANG,TEMBALANG,TANDANG,3374101008059,18,102,84,204,3374101008059,KOTA SEMARANG,TANDANG,TPS 059,257,204,18,102,84,0.0882,0.5,0.4118,0.7938,4,208,False,https://pemilu2024.kpu.go.id/pilpres/hitung-suara/33/3374/337410/3374101008/3374101008059,2024-02-15 20:30:46,PASLON 02
JAWA TENGAH,KOTA SEMARANG,TEMBALANG,TANDANG,3374101008060,20,133,82,235,3374101008060,KOTA SEMARANG,TANDANG,TPS 060,284,235,20,133,82,0.0851,0.566,0.3489,0.8275,5,240,False,https://pemilu2024.kpu.go.id/pilpres/hitung-suara/33/3374/337410/3374101008/3374101008060,2024-02-15 05:00:24,PASLON 02
JAWA TENGAH,KOTA SEMARANG,TEMBALANG,TANDANG,3374101008062,4,118,84,206,3374101008062,KOTA SEMARANG,TANDANG,TPS 062,271,206,4,118,84,0.0194,0.5728,0.4078,0.7601,13,219,False,https://pemilu2024.kpu.go.id/pilpres/hitung-suara/33/3374/337410/3374101008/3374101008062,2024-02-21 21:00:04,PASLON 02
JAWA TENGAH,KOTA SEMARANG,TEMBALANG,TANDANG,3374101008065,14,86,76,176,3374101008065,KOTA SEMARANG,TANDANG,TPS 065,276,176,14,86,76,0.0795,0.4886,0.4318,0.6377,0,176,True,https://pemilu2024.kpu.go.id/pilpres/hitung-suara/33/3374/337410/3374101008/3374101008065,2024-02-16 09:00:28,PASLON 02
JAWA TENGAH,KOTA SEMARANG,TEMBALANG,TANDANG,3374101008066,15,89,90,194,3374101008066,KOTA SEMARANG,TANDANG,TPS 066,276,194,15,89,90,0.0773,0.4588,0.4639,0.7029,0,194,True,https://pemilu2024.kpu.go.id/pilpres/hitung-suara/33/3374/337410/3374101008/3374101008066,2024-02-16 11:00:29,PASLON 03
JAWA TENGAH,KOTA SEMARANG,TEMBALANG,TEMBALANG,3374101006001,48,92,77,217,3374101006001,KOTA SEMARANG,TEMBALANG,TPS 001,244,217,48,92,77,0.2212,0.424,0.3548,0.8893,1,218,False,https://pemilu2024.kpu.go.id/pilpres/hitung-suara/33/3374/337410/3374101006/3374101006001,2024-02-16 00:00:26,PASLON 02
JAWA TENGAH,KOTA SEMARANG,TEMBALANG,TEMBALANG,3374101006002,40,77,53,170,3374101006002,KOTA SEMARANG,TEMBALANG,TPS 002,280,170,40,77,53,0.2353,0.4529,0.3118,0.6071,0,170,True,https://pemilu2024.kpu.go.id/pilpres/hitung-suara/33/3374/337410/3374101006/3374101006002,2024-02-16 00:00:26,PASLON 02
JAWA TENGAH,KOTA SEMARANG,TEMBALANG,TEMBALANG,3374101006003,45,94,63,202,3374101006003,KOTA SEMARANG,TEMBALANG,TPS 003,223,202,45,94,63,0.2228,0.4653,0.3119,0.9058,1,204,False,https://pemilu2024.kpu.go.id/pilpres/hitung-suara/33/3374/337410/3374101006/3374101006003,2024-02-17 14:45:18,PASLON 02
JAWA TENGAH,KOTA SEMARANG,TEMBALANG,TEMBALANG,3374101006004,36,76,64,176,3374101006004,KOTA SEMARANG,TEMBALANG,TPS 004,204,176,36,76,64,0.2045,0.4318,0.3636,0.8627,3,179,False,https://pemilu2024.kpu.go.id/pilpres/hitung-suara/33/3374/337410/3374101006/3374101006004,2024-02-17 14:45:18,PASLON 02
JAWA TENGAH,KOTA SEMARANG,TEMBALANG,TEMBALANG,3374101006006,96,99,43,238,3374101006006,KOTA SEMARANG,TEMBALANG,TPS 006,290,238,96,99,43,0.4034,0.416,0.1807,0.8207,3,241,False,https://pemilu2024.kpu.go.id/pilpres/hitung-suara/33/3374/337410/3374101006/3374101006006,2024-02-14 21:46:01,PASLON 02
JAWA TENGAH,KOTA SEMARANG,TEMBALANG,TEMBALANG,3374101006007,64,92,58,214,3374101006007,KOTA SEMARANG,TEMBALANG,TPS 007,280,214,64,92,58,0.2991,0.4299,0.271,0.7643,0,214,True,https://pemilu2024.kpu.go.id/pilpres/hitung-suara/33/3374/337410/3374101006/3374101006007,2024-02-16 08:30:27,PASLON 02
JAWA TENGAH,KOTA SEMARANG,TEMBALANG,TEMBALANG,3374101006008,50,94,81,225,3374101006008,KOTA SEMARANG,TEMBALANG,TPS 008,281,225,50,94,81,0.2222,0.4178,0.36,0.8007,6,231,False,https://pemilu2024.kpu.go.id/pilpres/hitung-suara/33/3374/337410/3374101006/3374101006008,2024-02-15 22:30:27,PASLON 02
JAWA TENGAH,KOTA SEMARANG,TEMBALANG,TEMBALANG,3374101006009,50,119,69,238,3374101006009,KOTA SEMARANG,TEMBALANG,TPS 009,284,238,50,119,69,0.2101,0.5,0.2899,0.838,5,243,False,https://pemilu2024.kpu.go.id/pilpres/hitung-suara/33/3374/337410/3374101006/3374101006009,2024-02-16 08:30:27,PASLON 02
JAWA TENGAH,KOTA SEMARANG,TEMBALANG,TEMBALANG,3374101006010,34,129,78,241,3374101006010,KOTA SEMARANG,TEMBALANG,TPS 010,289,241,34,129,78,0.1411,0.5353,0.3237,0.8339,14,255,False,https://pemilu2024.kpu.go.id/pilpres/hitung-suara/33/3374/337410/3374101006/3374101006010,2024-02-17 14:45:18,PASLON 02
JAWA TENGAH,KOTA SEMARANG,TEMBALANG,TEMBALANG,3374101006011,35,123,97,255,3374101006011,KOTA SEMARANG,TEMBALANG,TPS 011,290,255,35,123,97,0.1373,0.4824,0.3804,0.8793,3,258,False,https://pemilu2024.kpu.go.id/pilpres/hitung-suara/33/3374/337410/3374101006/3374101006011,2024-02-17 18:30:00,PASLON 02
JAWA TENGAH,KOTA SEMARANG,TEMBALANG,TEMBALANG,3374101006012,65,87,88,240,3374101006012,KOTA SEMARANG,TEMBALANG,TPS 012,280,240,65,87,88,0.2708,0.3625,0.3667,0.8571,1,241,False,https://pemilu2024.kpu.go.id/pilpres/hitung-suara/33/3374/337410/3374101006/3374101006012,2024-02-16 16:25:10,PASLON 03
JAWA TENGAH,KOTA SEMARANG,TEMBALANG,TEMBALANG,3374101006013,72,86,64,222,3374101006013,KOTA SEMARANG,TEMBALANG,TPS 013,226,222,72,86,64,0.3243,0.3874,0.2883,0.9823,1,223,False,https://pemilu2024.kpu.go.id/pilpres/hitung-suara/33/3374/337410/3374101006/3374101006013,2024-02-17 18:30:00,PASLON 02
JAWA TENGAH,KOTA SEMARANG,TEMBALANG,TEMBALANG,3374101006014,102,84,69,255,3374101006014,KOTA SEMARANG,TEMBALANG,TPS 014,281,255,102,84,69,0.4,0.3294,0.2706,0.9075,14,269,False,https://pemilu2024.kpu.go.id/pilpres/hitung-suara/33/3374/337410/3374101006/3374101006014,2024-02-15 17:30:25,PASLON 01
JAWA TENGAH,KOTA SEMARANG,TEMBALANG,TEMBALANG,3374101006015,69,98,66,233,3374101006015,KOTA SEMARANG,TEMBALANG,TPS 015,268,233,69,98,66,0.2961,0.4206,0.2833,0.8694,8,241,False,https://pemilu2024.kpu.go.id/pilpres/hitung-suara/33/3374/337410/3374101006/3374101006015,2024-02-16 16:25:10,PASLON 02
JAWA TENGAH,KOTA SEMARANG,TEMBALANG,TEMBALANG,3374101006016,40,146,56,242,3374101006016,KOTA SEMARANG,TEMBALANG,TPS 016,280,242,40,146,56,0.1653,0.6033,0.2314,0.8643,0,242,True,https://pemilu2024.kpu.go.id/pilpres/hitung-suara/33/3374/337410/3374101006/3374101006016,2024-02-16 16:25:10,PASLON 02
JAWA TENGAH,KOTA SEMARANG,TUGU,JERAKAH,3374161001001,16,64,62,142,3374161001001,KOTA SEMARANG,JERAKAH,TPS 001,156,142,16,64,62,0.1127,0.4507,0.4366,0.9103,2,144,False,https://pemilu2024.kpu.go.id/pilpres/hitung-suara/33/3374/337416/3374161001/3374161001001,2024-02-16 08:30:27,PASLON 02
JAWA TENGAH,KOTA SEMARANG,TUGU,JERAKAH,3374161001002,26,77,69,172,3374161001002,KOTA SEMARANG,JERAKAH,TPS 002,251,172,26,77,69,0.1512,0.4477,0.4012,0.6853,0,172,True,https://pemilu2024.kpu.go.id/pilpres/hitung-suara/33/3374/337416/3374161001/3374161001002,2024-02-24 22:31:28,PASLON 02
JAWA TENGAH,KOTA SEMARANG,TUGU,JERAKAH,3374161001003,24,97,92,213,3374161001003,KOTA SEMARANG,JERAKAH,TPS 003,251,213,24,97,92,0.1127,0.4554,0.4319,0.8486,7,220,False,https://pemilu2024.kpu.go.id/pilpres/hitung-suara/33/3374/337416/3374161001/3374161001003,2024-02-16 08:30:27,PASLON 02
JAWA TENGAH,KOTA SEMARANG,TUGU,JERAKAH,3374161001004,58,102,75,235,3374161001004,KOTA SEMARANG,JERAKAH,TPS 004,253,235,58,102,75,0.2468,0.434,0.3191,0.9289,1,237,False,https://pemilu2024.kpu.go.id/pilpres/hitung-suara/33/3374/337416/3374161001/3374161001004,2024-03-11 13:00:00,PASLON 02
JAWA TENGAH,KOTA SEMARANG,TUGU,JERAKAH,3374161001007,44,80,75,199,3374161001007,KOTA SEMARANG,JERAKAH,TPS 007,251,199,44,80,75,0.2211,0.402,0.3769,0.7928,0,199,True,https://pemilu2024.kpu.go.id/pilpres/hitung-suara/33/3374/337416/3374161001/3374161001007,2024-02-16 08:30:27,PASLON 02
JAWA TENGAH,KOTA SEMARANG,TUGU,KARANGANYAR,3374161003003,31,147,79,257,3374161003003,KOTA SEMARANG,KARANGANYAR,TPS 003,265,257,31,147,79,0.1206,0.572,0.3074,0.9698,0,257,True,https://pemilu2024.kpu.go.id/pilpres/hitung-suara/33/3374/337416/3374161003/3374161003003,2024-02-17 17:30:00,PASLON 02
JAWA TENGAH,KOTA SEMARANG,TUGU,KARANGANYAR,3374161003005,42,126,67,235,3374161003005,KOTA SEMARANG,KARANGANYAR,TPS 005,265,235,42,126,67,0.1787,0.5362,0.2851,0.8868,0,235,True,https://pemilu2024.kpu.go.id/pilpres/hitung-suara/33/3374/337416/3374161003/3374161003005,2024-02-16 12:51:22,PASLON 02
JAWA TENGAH,KOTA SEMARANG,TUGU,MANGKANG KULON,3374161006001,6,124,86,216,3374161006001,KOTA SEMARANG,MANGKANG KULON,TPS 001,287,216,6,124,86,0.0278,0.5741,0.3981,0.7526,0,216,True,https://pemilu2024.kpu.go.id/pilpres/hitung-suara/33/3374/337416/3374161006/3374161006001,2024-02-22 16:00:00,PASLON 02
JAWA TENGAH,KOTA SEMARANG,TUGU,MANGKANG KULON,3374161006006,29,135,87,251,3374161006006,KOTA SEMARANG,MANGKANG KULON,TPS 006,287,251,29,135,87,0.1155,0.5378,0.3466,0.8746,5,256,False,https://pemilu2024.kpu.go.id/pilpres/hitung-suara/33/3374/337416/3374161006/3374161006006,2024-02-16 11:00:29,PASLON 02
JAWA TENGAH,KOTA SEMARANG,TUGU,MANGKANG KULON,3374161006008,144,3,147,294,3374161006008,KOTA SEMARANG,MANGKANG KULON,TPS 008,294,294,144,3,147,0.4898,0.0102,0.5,1.0,0,294,True,https://pemilu2024.kpu.go.id/pilpres/hitung-suara/33/3374/337416/3374161006/3374161006008,2024-02-24 22:31:28,PASLON 03
JAWA TENGAH,KOTA SEMARANG,TUGU,MANGKANG KULON,3374161006009,17,90,96,203,3374161006009,KOTA SEMARANG,MANGKANG KULON,TPS 009,287,203,17,90,96,0.0837,0.4433,0.4729,0.7073,0,203,True,https://pemilu2024.kpu.go.id/pilpres/hitung-suara/33/3374/337416/3374161006/3374161006009,2024-02-24 22:31:28,PASLON 03
JAWA TENGAH,KOTA SEMARANG,TUGU,MANGKANG WETAN,3374161005001,35,67,163,265,3374161005001,KOTA SEMARANG,MANGKANG WETAN,TPS 001,265,265,35,67,163,0.1321,0.2528,0.6151,1.0,0,265,True,https://pemilu2024.kpu.go.id/pilpres/hitung-suara/33/3374/337416/3374161005/3374161005001,2024-02-22 16:00:00,PASLON 03
JAWA TENGAH,KOTA SEMARANG,TUGU,MANGKANG WETAN,3374161005002,43,84,126,253,3374161005002,KOTA SEMARANG,MANGKANG WETAN,TPS 002,262,253,43,84,126,0.17,0.332,0.498,0.9656,0,253,True,https://pemilu2024.kpu.go.id/pilpres/hitung-suara/33/3374/337416/3374161005/3374161005002,2024-02-24 22:31:28,PASLON 03
JAWA TENGAH,KOTA SEMARANG,TUGU,MANGKANG WETAN,3374161005003,34,108,86,228,3374161005003,KOTA SEMARANG,MANGKANG WETAN,TPS 003,262,228,34,108,86,0.1491,0.4737,0.3772,0.8702,0,228,True,https://pemilu2024.kpu.go.id/pilpres/hitung-suara/33/3374/337416/3374161005/3374161005003,2024-02-16 14:30:33,PASLON 02
JAWA TENGAH,KOTA SEMARANG,TUGU,MANGKANG WETAN,3374161005004,20,128,82,230,3374161005004,KOTA SEMARANG,MANGKANG WETAN,TPS 004,262,230,20,128,82,0.087,0.5565,0.3565,0.8779,0,230,True,https://pemilu2024.kpu.go.id/pilpres/hitung-suara/33/3374/337416/3374161005/3374161005004,2024-02-15 20:00:44,PASLON 02
JAWA TENGAH,KOTA SEMARANG,TUGU,MANGKANG WETAN,3374161005009,25,85,82,192,3374161005009,KOTA SEMARANG,MANGKANG WETAN,TPS 009,262,192,25,85,82,0.1302,0.4427,0.4271,0.7328,0,192,True,https://pemilu2024.kpu.go.id/pilpres/hitung-suara/33/3374/337416/3374161005/3374161005009,2024-02-16 14:30:33,PASLON 02
JAWA TENGAH,KOTA SEMARANG,TUGU,MANGKANG WETAN,3374161005010,40,87,97,224,3374161005010,KOTA SEMARANG,MANGKANG WETAN,TPS 010,262,224,40,87,97,0.1786,0.3884,0.433,0.855,0,224,True,https://pemilu2024.kpu.go.id/pilpres/hitung-suara/33/3374/337416/3374161005/3374161005010,2024-02-16 08:30:27,PASLON 03
JAWA TENGAH,KOTA SEMARANG,TUGU,MANGKANG WETAN,3374161005011,18,95,103,216,3374161005011,KOTA SEMARANG,MANGKANG WETAN,TPS 011,266,216,18,95,103,0.0833,0.4398,0.4769,0.812,7,223,False,https://pemilu2024.kpu.go.id/pilpres/hitung-suara/33/3374/337416/3374161005/3374161005011,2024-02-16 02:30:27,PASLON 03
JAWA TENGAH,KOTA SEMARANG,TUGU,MANGKANG WETAN,3374161005012,28,104,84,216,3374161005012,KOTA SEMARANG,MANGKANG WETAN,TPS 012,259,216,28,104,84,0.1296,0.4815,0.3889,0.834,9,225,False,https://pemilu2024.kpu.go.id/pilpres/hitung-suara/33/3374/337416/3374161005/3374161005012,2024-02-16 14:30:33,PASLON 02
JAWA TENGAH,KOTA SEMARANG,TUGU,MANGKANG WETAN,3374161005013,24,125,70,219,3374161005013,KOTA SEMARANG,MANGKANG WETAN,TPS 013,262,219,24,125,70,0.1096,0.5708,0.3196,0.8359,0,219,True,https://pemilu2024.kpu.go.id/pilpres/hitung-suara/33/3374/337416/3374161005/3374161005013,2024-02-16 09:00:28,PASLON 02
JAWA TENGAH,KOTA SEMARANG,TUGU,MANGKANG WETAN,3374161005016,12,123,98,233,3374161005016,KOTA SEMARANG,MANGKANG WETAN,TPS 016,262,233,12,123,98,0.0515,0.5279,0.4206,0.8893,0,233,True,https://pemilu2024.kpu.go.id/pilpres/hitung-suara/33/3374/337416/3374161005/3374161005016,2024-02-16 14:30:33,PASLON 02
JAWA TENGAH,KOTA SEMARANG,TUGU,MANGUNHARJO,3374161007002,30,113,79,222,3374161007002,KOTA SEMARANG,MANGUNHARJO,TPS 002,265,222,30,113,79,0.1351,0.509,0.3559,0.8377,7,229,False,https://pemilu2024.kpu.go.id/pilpres/hitung-suara/33/3374/337416/3374161007/3374161007002,2024-02-15 04:00:24,PASLON 02
JAWA TENGAH,KOTA SEMARANG,TUGU,MANGUNHARJO,3374161007003,20,117,92,229,3374161007003,KOTA SEMARANG,MANGUNHARJO,TPS 003,291,229,20,117,92,0.0873,0.5109,0.4017,0.7869,0,229,True,https://pemilu2024.kpu.go.id/pilpres/hitung-suara/33/3374/337416/3374161007/3374161007003,2024-02-16 09:00:28,PASLON 02
JAWA TENGAH,KOTA SEMARANG,TUGU,MANGUNHARJO,3374161007011,16,111,93,220,3374161007011,KOTA SEMARANG,MANGUNHARJO,TPS 011,291,220,16,111,93,0.0727,0.5045,0.4227,0.756,0,220,True,https://pemilu2024.kpu.go.id/pilpres/hitung-suara/33/3374/337416/3374161007/3374161007011,2024-02-16 09:00:28,PASLON 02
JAWA TENGAH,KOTA SEMARANG,TUGU,MANGUNHARJO,3374161007013,12,79,131,222,3374161007013,KOTA SEMARANG,MANGUNHARJO,TPS 013,267,222,12,79,131,0.0541,0.3559,0.5901,0.8315,5,227,False,https://pemilu2024.kpu.go.id/pilpres/hitung-suara/33/3374/337416/3374161007/3374161007013,2024-02-15 00:41:44,PASLON 03
JAWA TENGAH,KOTA SEMARANG,TUGU,MANGUNHARJO,3374161007016,16,109,98,223,3374161007016,KOTA SEMARANG,MANGUNHARJO,TPS 016,291,223,16,109,98,0.0717,0.4888,0.4395,0.7663,0,223,True,https://pemilu2024.kpu.go.id/pilpres/hitung-suara/33/3374/337416/3374161007/3374161007016,2024-02-14 21:46:01,PASLON 02
JAWA TENGAH,KOTA SEMARANG,TUGU,MANGUNHARJO,3374161007018,6,53,113,172,3374161007018,KOTA SEMARANG,MANGUNHARJO,TPS 018,219,172,6,53,113,0.0349,0.3081,0.657,0.7854,3,175,False,https://pemilu2024.kpu.go.id/pilpres/hitung-suara/33/3374/337416/3374161007/3374161007018,2024-02-17 18:00:00,PASLON 03
JAWA TENGAH,KOTA SEMARANG,TUGU,RANDUGARUT,3374161004001,33,108,67,208,3374161004001,KOTA SEMARANG,RANDUGARUT,TPS 001,242,208,33,108,67,0.1587,0.5192,0.3221,0.8595,0,208,False,https://pemilu2024.kpu.go.id/pilpres/hitung-suara/33/3374/337416/3374161004/3374161004001,2024-02-17 17:30:00,PASLON 02
JAWA TENGAH,KOTA SEMARANG,TUGU,RANDUGARUT,3374161004003,41,110,32,183,3374161004003,KOTA SEMARANG,RANDUGARUT,TPS 003,225,183,41,110,32,0.224,0.6011,0.1749,0.8133,7,190,False,https://pemilu2024.kpu.go.id/pilpres/hitung-suara/33/3374/337416/3374161004/3374161004003,2024-02-16 00:00:26,PASLON 02
JAWA TENGAH,KOTA SEMARANG,TUGU,RANDUGARUT,3374161004004,28,122,75,225,3374161004004,KOTA SEMARANG,RANDUGARUT,TPS 004,293,225,28,122,75,0.1244,0.5422,0.3333,0.7679,7,232,False,https://pemilu2024.kpu.go.id/pilpres/hitung-suara/33/3374/337416/3374161004/3374161004004,2024-02-15 00:41:44,PASLON 02
JAWA TENGAH,KOTA SEMARANG,TUGU,RANDUGARUT,3374161004005,23,114,106,243,3374161004005,KOTA SEMARANG,RANDUGARUT,TPS 005,286,243,23,114,106,0.0947,0.4691,0.4362,0.8497,9,252,False,https://pemilu2024.kpu.go.id/pilpres/hitung-suara/33/3374/337416/3374161004/3374161004005,2024-02-16 21:01:00,PASLON 02
JAWA TENGAH,KOTA SEMARANG,TUGU,RANDUGARUT,3374161004006,19,109,74,202,3374161004006,KOTA SEMARANG,RANDUGARUT,TPS 006,265,202,19,109,74,0.0941,0.5396,0.3663,0.7623,5,207,False,https://pemilu2024.kpu.go.id/pilpres/hitung-suara/33/3374/337416/3374161004/3374161004006,2024-02-17 18:00:00,PASLON 02
JAWA TENGAH,KOTA SEMARANG,TUGU,TUGUREJO,3374161002002,47,129,86,262,3374161002002,KOTA SEMARANG,TUGUREJO,TPS 002,295,262,47,129,86,0.1794,0.4924,0.3282,0.8881,4,266,False,https://pemilu2024.kpu.go.id/pilpres/hitung-suara/33/3374/337416/3374161002/3374161002002,2024-02-14 21:46:01,PASLON 02
JAWA TENGAH,KOTA SEMARANG,TUGU,TUGUREJO,3374161002003,31,144,68,243,3374161002003,KOTA SEMARANG,TUGUREJO,TPS 003,283,243,31,144,68,0.1276,0.5926,0.2798,0.8587,10,253,False,https://pemilu2024.kpu.go.id/pilpres/hitung-suara/33/3374/337416/3374161002/3374161002003,2024-02-16 12:51:22,PASLON 02
JAWA TENGAH,KOTA SEMARANG,TUGU,TUGUREJO,3374161002004,47,126,58,231,3374161002004,KOTA SEMARANG,TUGUREJO,TPS 004,283,231,47,126,58,0.2035,0.5455,0.2511,0.8163,0,231,True,https://pemilu2024.kpu.go.id/pilpres/hitung-suara/33/3374/337416/3374161002/3374161002004,2024-02-16 08:30:27,PASLON 02
JAWA TENGAH,KOTA SEMARANG,TUGU,TUGUREJO,3374161002006,18,134,72,224,3374161002006,KOTA SEMARANG,TUGUREJO,TPS 006,283,224,18,134,72,0.0804,0.5982,0.3214,0.7915,0,224,True,https://pemilu2024.kpu.go.id/pilpres/hitung-suara/33/3374/337416/3374161002/3374161002006,2024-02-16 08:30:27,PASLON 02
JAWA TENGAH,KOTA SEMARANG,TUGU,TUGUREJO,3374161002008,27,109,81,217,3374161002008,KOTA SEMARANG,TUGUREJO,TPS 008,249,217,27,109,81,0.1244,0.5023,0.3733,0.8715,6,223,False,https://pemilu2024.kpu.go.id/pilpres/hitung-suara/33/3374/337416/3374161002/3374161002008,2024-02-14 21:46:01,PASLON 02
JAWA TENGAH,KOTA SEMARANG,TUGU,TUGUREJO,3374161002009,37,133,49,219,3374161002009,KOTA SEMARANG,TUGUREJO,TPS 009,283,219,37,133,49,0.1689,0.6073,0.2237,0.7739,0,219,True,https://pemilu2024.kpu.go.id/pilpres/hitung-suara/33/3374/337416/3374161002/3374161002009,2024-02-16 12:51:22,PASLON 02
JAWA TENGAH,KOTA SEMARANG,TUGU,TUGUREJO,3374161002010,28,133,68,229,3374161002010,KOTA SEMARANG,TUGUREJO,TPS 010,274,229,28,133,68,0.1223,0.5808,0.2969,0.8358,8,237,False,https://pemilu2024.kpu.go.id/pilpres/hitung-suara/33/3374/337416/3374161002/3374161002010,2024-02-14 21:46:01,PASLON 02
JAWA TENGAH,KOTA SEMARANG,TUGU,TUGUREJO,3374161002012,27,148,58,233,3374161002012,KOTA SEMARANG,TUGUREJO,TPS 012,293,233,27,148,58,0.1159,0.6352,0.2489,0.7952,5,238,False,https://pemilu2024.kpu.go.id/pilpres/hitung-suara/33/3374/337416/3374161002/3374161002012,2024-02-19 17:00:00,PASLON 02
JAWA TENGAH,KOTA SEMARANG,TUGU,TUGUREJO,3374161002013,14,123,61,198,3374161002013,KOTA SEMARANG,TUGUREJO,TPS 013,283,198,14,123,61,0.0707,0.6212,0.3081,0.6996,0,198,True,https://pemilu2024.kpu.go.id/pilpres/hitung-suara/33/3374/337416/3374161002/3374161002013,2024-02-14 21:46:01,PASLON 02
JAWA TENGAH,KOTA SEMARANG,TUGU,TUGUREJO,3374161002014,37,122,58,217,3374161002014,KOTA SEMARANG,TUGUREJO,TPS 014,254,217,37,122,58,0.1705,0.5622,0.2673,0.8543,7,214,False,https://pemilu2024.kpu.go.id/pilpres/hitung-suara/33/3374/337416/3374161002/3374161002014,2024-02-16 12:51:22,PASLON 02
JAWA TENGAH,KOTA SEMARANG,TUGU,TUGUREJO,3374161002015,19,159,55,233,3374161002015,KOTA SEMARANG,TUGUREJO,TPS 015,294,233,19,159,55,0.0815,0.6824,0.2361,0.7925,14,247,False,https://pemilu2024.kpu.go.id/pilpres/hitung-suara/33/3374/337416/3374161002/3374161002015,2024-02-15 00:41:44,PASLON 02
JAWA TENGAH,KOTA SEMARANG,TUGU,TUGUREJO,3374161002020,21,136,55,212,3374161002020,KOTA SEMARANG,TUGUREJO,TPS 020,283,212,21,136,55,0.0991,0.6415,0.2594,0.7491,0,212,True,https://pemilu2024.kpu.go.id/pilpres/hitung-suara/33/3374/337416/3374161002/3374161002020,2024-02-16 08:30:27,PASLON 02
